ARM GAS  C:\Users\10369\AppData\Local\Temp\ccOVVvo3.s 			page 1


   1              		.cpu cortex-m4
   2              		.arch armv7e-m
   3              		.fpu fpv4-sp-d16
   4              		.eabi_attribute 27, 1
   5              		.eabi_attribute 28, 1
   6              		.eabi_attribute 20, 1
   7              		.eabi_attribute 21, 1
   8              		.eabi_attribute 23, 3
   9              		.eabi_attribute 24, 1
  10              		.eabi_attribute 25, 1
  11              		.eabi_attribute 26, 1
  12              		.eabi_attribute 30, 1
  13              		.eabi_attribute 34, 1
  14              		.eabi_attribute 18, 4
  15              		.file	"oled.c"
  16              		.text
  17              	.Ltext0:
  18              		.cfi_sections	.debug_frame
  19              		.file 1 "Core/Src/oled.c"
  20              		.section	.text.oled_write_cmd,"ax",%progbits
  21              		.align	1
  22              		.global	oled_write_cmd
  23              		.syntax unified
  24              		.thumb
  25              		.thumb_func
  27              	oled_write_cmd:
  28              	.LVL0:
  29              	.LFB137:
   1:Core/Src/oled.c **** #include "oled.h"
   2:Core/Src/oled.c **** #include "font.h"
   3:Core/Src/oled.c **** #include "i2c.h"              /* hi2c2 句柄引用 */
   4:Core/Src/oled.c **** #include "stm32f4xx_it.h"
   5:Core/Src/oled.c **** #include <stdio.h>
   6:Core/Src/oled.c **** 
   7:Core/Src/oled.c **** /**
   8:Core/Src/oled.c ****  * @brief  OLED 写命令 (硬件I2C2)
   9:Core/Src/oled.c ****  */
  10:Core/Src/oled.c **** void oled_write_cmd(uint8_t cmd)
  11:Core/Src/oled.c **** {
  30              		.loc 1 11 1 view -0
  31              		.cfi_startproc
  32              		@ args = 0, pretend = 0, frame = 8
  33              		@ frame_needed = 0, uses_anonymous_args = 0
  34              		.loc 1 11 1 is_stmt 0 view .LVU1
  35 0000 00B5     		push	{lr}
  36              	.LCFI0:
  37              		.cfi_def_cfa_offset 4
  38              		.cfi_offset 14, -4
  39 0002 85B0     		sub	sp, sp, #20
  40              	.LCFI1:
  41              		.cfi_def_cfa_offset 24
  12:Core/Src/oled.c ****     uint8_t buf[2] = {0x00, cmd};
  42              		.loc 1 12 5 is_stmt 1 view .LVU2
  43              		.loc 1 12 13 is_stmt 0 view .LVU3
  44 0004 0023     		movs	r3, #0
  45 0006 8DF80C30 		strb	r3, [sp, #12]
  46 000a 8DF80D00 		strb	r0, [sp, #13]
ARM GAS  C:\Users\10369\AppData\Local\Temp\ccOVVvo3.s 			page 2


  13:Core/Src/oled.c ****     HAL_I2C_Master_Transmit(&hi2c2, 0x78, buf, 2, 100);
  47              		.loc 1 13 5 is_stmt 1 view .LVU4
  48 000e 6423     		movs	r3, #100
  49 0010 0093     		str	r3, [sp]
  50 0012 0223     		movs	r3, #2
  51 0014 03AA     		add	r2, sp, #12
  52 0016 7821     		movs	r1, #120
  53 0018 0248     		ldr	r0, .L3
  54              	.LVL1:
  55              		.loc 1 13 5 is_stmt 0 view .LVU5
  56 001a FFF7FEFF 		bl	HAL_I2C_Master_Transmit
  57              	.LVL2:
  14:Core/Src/oled.c **** }
  58              		.loc 1 14 1 view .LVU6
  59 001e 05B0     		add	sp, sp, #20
  60              	.LCFI2:
  61              		.cfi_def_cfa_offset 4
  62              		@ sp needed
  63 0020 5DF804FB 		ldr	pc, [sp], #4
  64              	.L4:
  65              		.align	2
  66              	.L3:
  67 0024 00000000 		.word	hi2c2
  68              		.cfi_endproc
  69              	.LFE137:
  71              		.section	.text.oled_write_data,"ax",%progbits
  72              		.align	1
  73              		.global	oled_write_data
  74              		.syntax unified
  75              		.thumb
  76              		.thumb_func
  78              	oled_write_data:
  79              	.LVL3:
  80              	.LFB138:
  15:Core/Src/oled.c **** 
  16:Core/Src/oled.c **** /**
  17:Core/Src/oled.c ****  * @brief  OLED 写数据 (硬件I2C2)
  18:Core/Src/oled.c ****  */
  19:Core/Src/oled.c **** void oled_write_data(uint8_t data)
  20:Core/Src/oled.c **** {
  81              		.loc 1 20 1 is_stmt 1 view -0
  82              		.cfi_startproc
  83              		@ args = 0, pretend = 0, frame = 8
  84              		@ frame_needed = 0, uses_anonymous_args = 0
  85              		.loc 1 20 1 is_stmt 0 view .LVU8
  86 0000 00B5     		push	{lr}
  87              	.LCFI3:
  88              		.cfi_def_cfa_offset 4
  89              		.cfi_offset 14, -4
  90 0002 85B0     		sub	sp, sp, #20
  91              	.LCFI4:
  92              		.cfi_def_cfa_offset 24
  21:Core/Src/oled.c ****     uint8_t buf[2] = {0x40, data};
  93              		.loc 1 21 5 is_stmt 1 view .LVU9
  94              		.loc 1 21 13 is_stmt 0 view .LVU10
  95 0004 4023     		movs	r3, #64
  96 0006 8DF80C30 		strb	r3, [sp, #12]
ARM GAS  C:\Users\10369\AppData\Local\Temp\ccOVVvo3.s 			page 3


  97 000a 8DF80D00 		strb	r0, [sp, #13]
  22:Core/Src/oled.c ****     HAL_I2C_Master_Transmit(&hi2c2, 0x78, buf, 2, 100);
  98              		.loc 1 22 5 is_stmt 1 view .LVU11
  99 000e 6423     		movs	r3, #100
 100 0010 0093     		str	r3, [sp]
 101 0012 0223     		movs	r3, #2
 102 0014 03AA     		add	r2, sp, #12
 103 0016 7821     		movs	r1, #120
 104 0018 0248     		ldr	r0, .L7
 105              	.LVL4:
 106              		.loc 1 22 5 is_stmt 0 view .LVU12
 107 001a FFF7FEFF 		bl	HAL_I2C_Master_Transmit
 108              	.LVL5:
  23:Core/Src/oled.c **** }
 109              		.loc 1 23 1 view .LVU13
 110 001e 05B0     		add	sp, sp, #20
 111              	.LCFI5:
 112              		.cfi_def_cfa_offset 4
 113              		@ sp needed
 114 0020 5DF804FB 		ldr	pc, [sp], #4
 115              	.L8:
 116              		.align	2
 117              	.L7:
 118 0024 00000000 		.word	hi2c2
 119              		.cfi_endproc
 120              	.LFE138:
 122              		.section	.text.oled_set_cursor,"ax",%progbits
 123              		.align	1
 124              		.global	oled_set_cursor
 125              		.syntax unified
 126              		.thumb
 127              		.thumb_func
 129              	oled_set_cursor:
 130              	.LVL6:
 131              	.LFB140:
  24:Core/Src/oled.c **** 
  25:Core/Src/oled.c **** /**
  26:Core/Src/oled.c ****  * @brief  OLED 初始化 (128x64, I2C2地址0x78)
  27:Core/Src/oled.c ****  */
  28:Core/Src/oled.c **** void oled_init(void)
  29:Core/Src/oled.c **** {
  30:Core/Src/oled.c ****     HAL_Delay(100);                 /* 等待OLED上电稳定 */
  31:Core/Src/oled.c **** 
  32:Core/Src/oled.c ****     oled_write_cmd(0xAE);           /* 关闭显示 */
  33:Core/Src/oled.c ****     oled_write_cmd(0xD5);           /* 设置时钟分频 */
  34:Core/Src/oled.c ****     oled_write_cmd(0x80);
  35:Core/Src/oled.c ****     oled_write_cmd(0xA8);           /* 设置多路复用率 */
  36:Core/Src/oled.c ****     oled_write_cmd(0x3F);
  37:Core/Src/oled.c ****     oled_write_cmd(0xD3);           /* 设置显示偏移 */
  38:Core/Src/oled.c ****     oled_write_cmd(0x00);
  39:Core/Src/oled.c ****     oled_write_cmd(0x40);           /* 设置显示起始行 */
  40:Core/Src/oled.c ****     oled_write_cmd(0xA1);           /* 段重映射 (左右翻转) */
  41:Core/Src/oled.c ****     oled_write_cmd(0xC8);           /* COM扫描方向 (上下翻转) */
  42:Core/Src/oled.c ****     oled_write_cmd(0xDA);           /* 设置COM硬件配置 */
  43:Core/Src/oled.c ****     oled_write_cmd(0x12);
  44:Core/Src/oled.c ****     oled_write_cmd(0x81);           /* 设置对比度 */
  45:Core/Src/oled.c ****     oled_write_cmd(0xCF);
ARM GAS  C:\Users\10369\AppData\Local\Temp\ccOVVvo3.s 			page 4


  46:Core/Src/oled.c ****     oled_write_cmd(0xD9);           /* 设置预充电周期 */
  47:Core/Src/oled.c ****     oled_write_cmd(0xF1);
  48:Core/Src/oled.c ****     oled_write_cmd(0xDB);           /* 设置VCOMH电压 */
  49:Core/Src/oled.c ****     oled_write_cmd(0x30);
  50:Core/Src/oled.c ****     oled_write_cmd(0xA4);           /* 全局显示开启 */
  51:Core/Src/oled.c ****     oled_write_cmd(0xA6);           /* 正常显示(非反色) */
  52:Core/Src/oled.c ****     oled_write_cmd(0x8D);           /* 电荷泵设置 */
  53:Core/Src/oled.c ****     oled_write_cmd(0x14);           /* 使能电荷泵 */
  54:Core/Src/oled.c ****     oled_write_cmd(0xAF);           /* 开启显示 */
  55:Core/Src/oled.c **** 
  56:Core/Src/oled.c ****     oled_fill(0x00);                /* 清屏 */
  57:Core/Src/oled.c **** }
  58:Core/Src/oled.c **** 
  59:Core/Src/oled.c **** void oled_set_cursor(uint8_t x, uint8_t y)
  60:Core/Src/oled.c **** {
 132              		.loc 1 60 1 is_stmt 1 view -0
 133              		.cfi_startproc
 134              		@ args = 0, pretend = 0, frame = 0
 135              		@ frame_needed = 0, uses_anonymous_args = 0
 136              		.loc 1 60 1 is_stmt 0 view .LVU15
 137 0000 10B5     		push	{r4, lr}
 138              	.LCFI6:
 139              		.cfi_def_cfa_offset 8
 140              		.cfi_offset 4, -8
 141              		.cfi_offset 14, -4
 142 0002 0446     		mov	r4, r0
  61:Core/Src/oled.c ****     oled_write_cmd(0xB0 + y);
 143              		.loc 1 61 5 is_stmt 1 view .LVU16
 144 0004 A1F15000 		sub	r0, r1, #80
 145              	.LVL7:
 146              		.loc 1 61 5 is_stmt 0 view .LVU17
 147 0008 C0B2     		uxtb	r0, r0
 148 000a FFF7FEFF 		bl	oled_write_cmd
 149              	.LVL8:
  62:Core/Src/oled.c ****     oled_write_cmd((x & 0x0F) | 0x00);
 150              		.loc 1 62 5 is_stmt 1 view .LVU18
 151 000e 04F00F00 		and	r0, r4, #15
 152 0012 FFF7FEFF 		bl	oled_write_cmd
 153              	.LVL9:
  63:Core/Src/oled.c ****     oled_write_cmd(((x & 0xF0) >> 4) | 0x10);
 154              		.loc 1 63 5 view .LVU19
 155              		.loc 1 63 32 is_stmt 0 view .LVU20
 156 0016 2009     		lsrs	r0, r4, #4
 157              		.loc 1 63 5 view .LVU21
 158 0018 40F01000 		orr	r0, r0, #16
 159 001c FFF7FEFF 		bl	oled_write_cmd
 160              	.LVL10:
  64:Core/Src/oled.c **** }
 161              		.loc 1 64 1 view .LVU22
 162 0020 10BD     		pop	{r4, pc}
 163              		.loc 1 64 1 view .LVU23
 164              		.cfi_endproc
 165              	.LFE140:
 167              		.section	.text.oled_fill,"ax",%progbits
 168              		.align	1
 169              		.global	oled_fill
 170              		.syntax unified
ARM GAS  C:\Users\10369\AppData\Local\Temp\ccOVVvo3.s 			page 5


 171              		.thumb
 172              		.thumb_func
 174              	oled_fill:
 175              	.LVL11:
 176              	.LFB141:
  65:Core/Src/oled.c **** 
  66:Core/Src/oled.c **** void oled_fill(uint8_t data)
  67:Core/Src/oled.c **** {
 177              		.loc 1 67 1 is_stmt 1 view -0
 178              		.cfi_startproc
 179              		@ args = 0, pretend = 0, frame = 0
 180              		@ frame_needed = 0, uses_anonymous_args = 0
 181              		.loc 1 67 1 is_stmt 0 view .LVU25
 182 0000 70B5     		push	{r4, r5, r6, lr}
 183              	.LCFI7:
 184              		.cfi_def_cfa_offset 16
 185              		.cfi_offset 4, -16
 186              		.cfi_offset 5, -12
 187              		.cfi_offset 6, -8
 188              		.cfi_offset 14, -4
 189 0002 0546     		mov	r5, r0
  68:Core/Src/oled.c ****     uint8_t i, j;
 190              		.loc 1 68 5 is_stmt 1 view .LVU26
  69:Core/Src/oled.c ****     for (i = 0; i < 8; i++) {
 191              		.loc 1 69 5 view .LVU27
 192              	.LVL12:
 193              		.loc 1 69 12 is_stmt 0 view .LVU28
 194 0004 0026     		movs	r6, #0
 195              		.loc 1 69 5 view .LVU29
 196 0006 01E0     		b	.L12
 197              	.LVL13:
 198              	.L18:
 199              		.loc 1 69 25 is_stmt 1 discriminator 2 view .LVU30
 200 0008 0136     		adds	r6, r6, #1
 201              	.LVL14:
 202              		.loc 1 69 25 is_stmt 0 discriminator 2 view .LVU31
 203 000a F6B2     		uxtb	r6, r6
 204              	.LVL15:
 205              	.L12:
 206              		.loc 1 69 19 is_stmt 1 discriminator 1 view .LVU32
 207 000c 072E     		cmp	r6, #7
 208 000e 0DD8     		bhi	.L17
  70:Core/Src/oled.c ****         oled_set_cursor(0, i);
 209              		.loc 1 70 9 view .LVU33
 210 0010 3146     		mov	r1, r6
 211 0012 0020     		movs	r0, #0
 212 0014 FFF7FEFF 		bl	oled_set_cursor
 213              	.LVL16:
  71:Core/Src/oled.c ****         for (j = 0; j < 128; j++) {
 214              		.loc 1 71 9 view .LVU34
 215              		.loc 1 71 16 is_stmt 0 view .LVU35
 216 0018 0024     		movs	r4, #0
 217              	.LVL17:
 218              	.L13:
 219              		.loc 1 71 23 is_stmt 1 discriminator 1 view .LVU36
 220 001a 14F0800F 		tst	r4, #128
 221 001e F3D1     		bne	.L18
ARM GAS  C:\Users\10369\AppData\Local\Temp\ccOVVvo3.s 			page 6


  72:Core/Src/oled.c ****             oled_write_data(data);
 222              		.loc 1 72 13 view .LVU37
 223 0020 2846     		mov	r0, r5
 224 0022 FFF7FEFF 		bl	oled_write_data
 225              	.LVL18:
  71:Core/Src/oled.c ****         for (j = 0; j < 128; j++) {
 226              		.loc 1 71 31 discriminator 3 view .LVU38
 227 0026 0134     		adds	r4, r4, #1
 228              	.LVL19:
  71:Core/Src/oled.c ****         for (j = 0; j < 128; j++) {
 229              		.loc 1 71 31 is_stmt 0 discriminator 3 view .LVU39
 230 0028 E4B2     		uxtb	r4, r4
 231              	.LVL20:
  71:Core/Src/oled.c ****         for (j = 0; j < 128; j++) {
 232              		.loc 1 71 31 discriminator 3 view .LVU40
 233 002a F6E7     		b	.L13
 234              	.LVL21:
 235              	.L17:
  73:Core/Src/oled.c ****         }
  74:Core/Src/oled.c ****     }
  75:Core/Src/oled.c **** }
 236              		.loc 1 75 1 view .LVU41
 237 002c 70BD     		pop	{r4, r5, r6, pc}
 238              		.loc 1 75 1 view .LVU42
 239              		.cfi_endproc
 240              	.LFE141:
 242              		.section	.text.oled_init,"ax",%progbits
 243              		.align	1
 244              		.global	oled_init
 245              		.syntax unified
 246              		.thumb
 247              		.thumb_func
 249              	oled_init:
 250              	.LFB139:
  29:Core/Src/oled.c ****     HAL_Delay(100);                 /* 等待OLED上电稳定 */
 251              		.loc 1 29 1 is_stmt 1 view -0
 252              		.cfi_startproc
 253              		@ args = 0, pretend = 0, frame = 0
 254              		@ frame_needed = 0, uses_anonymous_args = 0
 255 0000 08B5     		push	{r3, lr}
 256              	.LCFI8:
 257              		.cfi_def_cfa_offset 8
 258              		.cfi_offset 3, -8
 259              		.cfi_offset 14, -4
  30:Core/Src/oled.c **** 
 260              		.loc 1 30 5 view .LVU44
 261 0002 6420     		movs	r0, #100
 262 0004 FFF7FEFF 		bl	HAL_Delay
 263              	.LVL22:
  32:Core/Src/oled.c ****     oled_write_cmd(0xD5);           /* 设置时钟分频 */
 264              		.loc 1 32 5 view .LVU45
 265 0008 AE20     		movs	r0, #174
 266 000a FFF7FEFF 		bl	oled_write_cmd
 267              	.LVL23:
  33:Core/Src/oled.c ****     oled_write_cmd(0x80);
 268              		.loc 1 33 5 view .LVU46
 269 000e D520     		movs	r0, #213
ARM GAS  C:\Users\10369\AppData\Local\Temp\ccOVVvo3.s 			page 7


 270 0010 FFF7FEFF 		bl	oled_write_cmd
 271              	.LVL24:
  34:Core/Src/oled.c ****     oled_write_cmd(0xA8);           /* 设置多路复用率 */
 272              		.loc 1 34 5 view .LVU47
 273 0014 8020     		movs	r0, #128
 274 0016 FFF7FEFF 		bl	oled_write_cmd
 275              	.LVL25:
  35:Core/Src/oled.c ****     oled_write_cmd(0x3F);
 276              		.loc 1 35 5 view .LVU48
 277 001a A820     		movs	r0, #168
 278 001c FFF7FEFF 		bl	oled_write_cmd
 279              	.LVL26:
  36:Core/Src/oled.c ****     oled_write_cmd(0xD3);           /* 设置显示偏移 */
 280              		.loc 1 36 5 view .LVU49
 281 0020 3F20     		movs	r0, #63
 282 0022 FFF7FEFF 		bl	oled_write_cmd
 283              	.LVL27:
  37:Core/Src/oled.c ****     oled_write_cmd(0x00);
 284              		.loc 1 37 5 view .LVU50
 285 0026 D320     		movs	r0, #211
 286 0028 FFF7FEFF 		bl	oled_write_cmd
 287              	.LVL28:
  38:Core/Src/oled.c ****     oled_write_cmd(0x40);           /* 设置显示起始行 */
 288              		.loc 1 38 5 view .LVU51
 289 002c 0020     		movs	r0, #0
 290 002e FFF7FEFF 		bl	oled_write_cmd
 291              	.LVL29:
  39:Core/Src/oled.c ****     oled_write_cmd(0xA1);           /* 段重映射 (左右翻转) */
 292              		.loc 1 39 5 view .LVU52
 293 0032 4020     		movs	r0, #64
 294 0034 FFF7FEFF 		bl	oled_write_cmd
 295              	.LVL30:
  40:Core/Src/oled.c ****     oled_write_cmd(0xC8);           /* COM扫描方向 (上下翻转) */
 296              		.loc 1 40 5 view .LVU53
 297 0038 A120     		movs	r0, #161
 298 003a FFF7FEFF 		bl	oled_write_cmd
 299              	.LVL31:
  41:Core/Src/oled.c ****     oled_write_cmd(0xDA);           /* 设置COM硬件配置 */
 300              		.loc 1 41 5 view .LVU54
 301 003e C820     		movs	r0, #200
 302 0040 FFF7FEFF 		bl	oled_write_cmd
 303              	.LVL32:
  42:Core/Src/oled.c ****     oled_write_cmd(0x12);
 304              		.loc 1 42 5 view .LVU55
 305 0044 DA20     		movs	r0, #218
 306 0046 FFF7FEFF 		bl	oled_write_cmd
 307              	.LVL33:
  43:Core/Src/oled.c ****     oled_write_cmd(0x81);           /* 设置对比度 */
 308              		.loc 1 43 5 view .LVU56
 309 004a 1220     		movs	r0, #18
 310 004c FFF7FEFF 		bl	oled_write_cmd
 311              	.LVL34:
  44:Core/Src/oled.c ****     oled_write_cmd(0xCF);
 312              		.loc 1 44 5 view .LVU57
 313 0050 8120     		movs	r0, #129
 314 0052 FFF7FEFF 		bl	oled_write_cmd
 315              	.LVL35:
ARM GAS  C:\Users\10369\AppData\Local\Temp\ccOVVvo3.s 			page 8


  45:Core/Src/oled.c ****     oled_write_cmd(0xD9);           /* 设置预充电周期 */
 316              		.loc 1 45 5 view .LVU58
 317 0056 CF20     		movs	r0, #207
 318 0058 FFF7FEFF 		bl	oled_write_cmd
 319              	.LVL36:
  46:Core/Src/oled.c ****     oled_write_cmd(0xF1);
 320              		.loc 1 46 5 view .LVU59
 321 005c D920     		movs	r0, #217
 322 005e FFF7FEFF 		bl	oled_write_cmd
 323              	.LVL37:
  47:Core/Src/oled.c ****     oled_write_cmd(0xDB);           /* 设置VCOMH电压 */
 324              		.loc 1 47 5 view .LVU60
 325 0062 F120     		movs	r0, #241
 326 0064 FFF7FEFF 		bl	oled_write_cmd
 327              	.LVL38:
  48:Core/Src/oled.c ****     oled_write_cmd(0x30);
 328              		.loc 1 48 5 view .LVU61
 329 0068 DB20     		movs	r0, #219
 330 006a FFF7FEFF 		bl	oled_write_cmd
 331              	.LVL39:
  49:Core/Src/oled.c ****     oled_write_cmd(0xA4);           /* 全局显示开启 */
 332              		.loc 1 49 5 view .LVU62
 333 006e 3020     		movs	r0, #48
 334 0070 FFF7FEFF 		bl	oled_write_cmd
 335              	.LVL40:
  50:Core/Src/oled.c ****     oled_write_cmd(0xA6);           /* 正常显示(非反色) */
 336              		.loc 1 50 5 view .LVU63
 337 0074 A420     		movs	r0, #164
 338 0076 FFF7FEFF 		bl	oled_write_cmd
 339              	.LVL41:
  51:Core/Src/oled.c ****     oled_write_cmd(0x8D);           /* 电荷泵设置 */
 340              		.loc 1 51 5 view .LVU64
 341 007a A620     		movs	r0, #166
 342 007c FFF7FEFF 		bl	oled_write_cmd
 343              	.LVL42:
  52:Core/Src/oled.c ****     oled_write_cmd(0x14);           /* 使能电荷泵 */
 344              		.loc 1 52 5 view .LVU65
 345 0080 8D20     		movs	r0, #141
 346 0082 FFF7FEFF 		bl	oled_write_cmd
 347              	.LVL43:
  53:Core/Src/oled.c ****     oled_write_cmd(0xAF);           /* 开启显示 */
 348              		.loc 1 53 5 view .LVU66
 349 0086 1420     		movs	r0, #20
 350 0088 FFF7FEFF 		bl	oled_write_cmd
 351              	.LVL44:
  54:Core/Src/oled.c **** 
 352              		.loc 1 54 5 view .LVU67
 353 008c AF20     		movs	r0, #175
 354 008e FFF7FEFF 		bl	oled_write_cmd
 355              	.LVL45:
  56:Core/Src/oled.c **** }
 356              		.loc 1 56 5 view .LVU68
 357 0092 0020     		movs	r0, #0
 358 0094 FFF7FEFF 		bl	oled_fill
 359              	.LVL46:
  57:Core/Src/oled.c **** 
 360              		.loc 1 57 1 is_stmt 0 view .LVU69
ARM GAS  C:\Users\10369\AppData\Local\Temp\ccOVVvo3.s 			page 9


 361 0098 08BD     		pop	{r3, pc}
 362              		.cfi_endproc
 363              	.LFE139:
 365              		.section	.text.oled_show_char,"ax",%progbits
 366              		.align	1
 367              		.global	oled_show_char
 368              		.syntax unified
 369              		.thumb
 370              		.thumb_func
 372              	oled_show_char:
 373              	.LVL47:
 374              	.LFB142:
  76:Core/Src/oled.c **** 
  77:Core/Src/oled.c **** void oled_show_char(uint8_t x, uint8_t y, uint8_t num, uint8_t size)
  78:Core/Src/oled.c **** {
 375              		.loc 1 78 1 is_stmt 1 view -0
 376              		.cfi_startproc
 377              		@ args = 0, pretend = 0, frame = 0
 378              		@ frame_needed = 0, uses_anonymous_args = 0
 379              		.loc 1 78 1 is_stmt 0 view .LVU71
 380 0000 2DE9F84F 		push	{r3, r4, r5, r6, r7, r8, r9, r10, fp, lr}
 381              	.LCFI9:
 382              		.cfi_def_cfa_offset 40
 383              		.cfi_offset 3, -40
 384              		.cfi_offset 4, -36
 385              		.cfi_offset 5, -32
 386              		.cfi_offset 6, -28
 387              		.cfi_offset 7, -24
 388              		.cfi_offset 8, -20
 389              		.cfi_offset 9, -16
 390              		.cfi_offset 10, -12
 391              		.cfi_offset 11, -8
 392              		.cfi_offset 14, -4
 393 0004 8146     		mov	r9, r0
 394 0006 8A46     		mov	r10, r1
 395 0008 1D46     		mov	r5, r3
  79:Core/Src/oled.c ****     uint8_t i, j, page;
 396              		.loc 1 79 5 is_stmt 1 view .LVU72
  80:Core/Src/oled.c ****     num = num - ' ';
 397              		.loc 1 80 5 view .LVU73
 398              		.loc 1 80 9 is_stmt 0 view .LVU74
 399 000a 203A     		subs	r2, r2, #32
 400              	.LVL48:
 401              		.loc 1 80 9 view .LVU75
 402 000c 5FFA82F8 		uxtb	r8, r2
 403              	.LVL49:
  81:Core/Src/oled.c ****     page = size / 8;
 404              		.loc 1 81 5 is_stmt 1 view .LVU76
 405              		.loc 1 81 10 is_stmt 0 view .LVU77
 406 0010 4FEAD30B 		lsr	fp, r3, #3
 407              	.LVL50:
  82:Core/Src/oled.c ****     if (size % 8) page++;
 408              		.loc 1 82 5 is_stmt 1 view .LVU78
 409              		.loc 1 82 8 is_stmt 0 view .LVU79
 410 0014 13F0070F 		tst	r3, #7
 411 0018 01D0     		beq	.L22
 412              		.loc 1 82 19 is_stmt 1 discriminator 1 view .LVU80
ARM GAS  C:\Users\10369\AppData\Local\Temp\ccOVVvo3.s 			page 10


 413              		.loc 1 82 23 is_stmt 0 discriminator 1 view .LVU81
 414 001a 0BF1010B 		add	fp, fp, #1
 415              	.LVL51:
 416              	.L22:
  83:Core/Src/oled.c **** 
  84:Core/Src/oled.c ****     for (j = 0; j < page; j++) {
 417              		.loc 1 84 5 is_stmt 1 view .LVU82
 418              		.loc 1 84 12 is_stmt 0 view .LVU83
 419 001e 0027     		movs	r7, #0
 420              		.loc 1 84 5 view .LVU84
 421 0020 26E0     		b	.L23
 422              	.LVL52:
 423              	.L32:
  85:Core/Src/oled.c ****         oled_set_cursor(x, y + j);
  86:Core/Src/oled.c ****         for (i = size / 2 * j; i < size / 2 * (j + 1); i++) {
  87:Core/Src/oled.c ****             if (size == 12)
  88:Core/Src/oled.c ****                 oled_write_data(ascii_6X12[num][i]);
 424              		.loc 1 88 17 is_stmt 1 view .LVU85
 425              		.loc 1 88 48 is_stmt 0 view .LVU86
 426 0022 08EB4801 		add	r1, r8, r8, lsl #1
 427 0026 1A4B     		ldr	r3, .L35
 428 0028 03EB8103 		add	r3, r3, r1, lsl #2
 429              		.loc 1 88 17 view .LVU87
 430 002c 985C     		ldrb	r0, [r3, r2]	@ zero_extendqisi2
 431 002e FFF7FEFF 		bl	oled_write_data
 432              	.LVL53:
 433              	.L26:
  86:Core/Src/oled.c ****             if (size == 12)
 434              		.loc 1 86 57 is_stmt 1 discriminator 2 view .LVU88
 435 0032 0134     		adds	r4, r4, #1
 436              	.LVL54:
  86:Core/Src/oled.c ****             if (size == 12)
 437              		.loc 1 86 57 is_stmt 0 discriminator 2 view .LVU89
 438 0034 E4B2     		uxtb	r4, r4
 439              	.LVL55:
 440              	.L24:
  86:Core/Src/oled.c ****             if (size == 12)
 441              		.loc 1 86 34 is_stmt 1 discriminator 1 view .LVU90
 442 0036 2246     		mov	r2, r4
  86:Core/Src/oled.c ****             if (size == 12)
 443              		.loc 1 86 45 is_stmt 0 discriminator 1 view .LVU91
 444 0038 07FB0663 		mla	r3, r7, r6, r6
  86:Core/Src/oled.c ****             if (size == 12)
 445              		.loc 1 86 34 discriminator 1 view .LVU92
 446 003c 9C42     		cmp	r4, r3
 447 003e 15DA     		bge	.L31
  87:Core/Src/oled.c ****                 oled_write_data(ascii_6X12[num][i]);
 448              		.loc 1 87 13 is_stmt 1 view .LVU93
  87:Core/Src/oled.c ****                 oled_write_data(ascii_6X12[num][i]);
 449              		.loc 1 87 16 is_stmt 0 view .LVU94
 450 0040 0C2D     		cmp	r5, #12
 451 0042 EED0     		beq	.L32
  89:Core/Src/oled.c ****             else if (size == 16)
 452              		.loc 1 89 18 is_stmt 1 view .LVU95
 453              		.loc 1 89 21 is_stmt 0 view .LVU96
 454 0044 102D     		cmp	r5, #16
 455 0046 0AD0     		beq	.L33
ARM GAS  C:\Users\10369\AppData\Local\Temp\ccOVVvo3.s 			page 11


  90:Core/Src/oled.c ****                 oled_write_data(ascii_8X16[num][i]);
  91:Core/Src/oled.c ****             else if (size == 24)
 456              		.loc 1 91 18 is_stmt 1 view .LVU97
 457              		.loc 1 91 21 is_stmt 0 view .LVU98
 458 0048 182D     		cmp	r5, #24
 459 004a F2D1     		bne	.L26
  92:Core/Src/oled.c ****                 oled_write_data(ascii_12X24[num][i]);
 460              		.loc 1 92 17 is_stmt 1 view .LVU99
 461              		.loc 1 92 49 is_stmt 0 view .LVU100
 462 004c 08EBC802 		add	r2, r8, r8, lsl #3
 463 0050 104B     		ldr	r3, .L35+4
 464 0052 03EB8203 		add	r3, r3, r2, lsl #2
 465              		.loc 1 92 17 view .LVU101
 466 0056 185D     		ldrb	r0, [r3, r4]	@ zero_extendqisi2
 467 0058 FFF7FEFF 		bl	oled_write_data
 468              	.LVL56:
 469 005c E9E7     		b	.L26
 470              	.L33:
  90:Core/Src/oled.c ****                 oled_write_data(ascii_8X16[num][i]);
 471              		.loc 1 90 17 is_stmt 1 view .LVU102
  90:Core/Src/oled.c ****                 oled_write_data(ascii_8X16[num][i]);
 472              		.loc 1 90 48 is_stmt 0 view .LVU103
 473 005e 0E4B     		ldr	r3, .L35+8
 474 0060 03EB0813 		add	r3, r3, r8, lsl #4
  90:Core/Src/oled.c ****                 oled_write_data(ascii_8X16[num][i]);
 475              		.loc 1 90 17 view .LVU104
 476 0064 985C     		ldrb	r0, [r3, r2]	@ zero_extendqisi2
 477 0066 FFF7FEFF 		bl	oled_write_data
 478              	.LVL57:
 479 006a E2E7     		b	.L26
 480              	.L31:
  84:Core/Src/oled.c ****         oled_set_cursor(x, y + j);
 481              		.loc 1 84 28 is_stmt 1 discriminator 2 view .LVU105
 482 006c 0137     		adds	r7, r7, #1
 483              	.LVL58:
  84:Core/Src/oled.c ****         oled_set_cursor(x, y + j);
 484              		.loc 1 84 28 is_stmt 0 discriminator 2 view .LVU106
 485 006e FFB2     		uxtb	r7, r7
 486              	.LVL59:
 487              	.L23:
  84:Core/Src/oled.c ****         oled_set_cursor(x, y + j);
 488              		.loc 1 84 19 is_stmt 1 discriminator 1 view .LVU107
 489 0070 5F45     		cmp	r7, fp
 490 0072 0AD2     		bcs	.L34
  85:Core/Src/oled.c ****         for (i = size / 2 * j; i < size / 2 * (j + 1); i++) {
 491              		.loc 1 85 9 view .LVU108
 492 0074 07EB0A01 		add	r1, r7, r10
 493 0078 C9B2     		uxtb	r1, r1
 494 007a 4846     		mov	r0, r9
 495 007c FFF7FEFF 		bl	oled_set_cursor
 496              	.LVL60:
  86:Core/Src/oled.c ****             if (size == 12)
 497              		.loc 1 86 9 view .LVU109
  86:Core/Src/oled.c ****             if (size == 12)
 498              		.loc 1 86 27 is_stmt 0 view .LVU110
 499 0080 6E08     		lsrs	r6, r5, #1
  86:Core/Src/oled.c ****             if (size == 12)
ARM GAS  C:\Users\10369\AppData\Local\Temp\ccOVVvo3.s 			page 12


 500              		.loc 1 86 16 view .LVU111
 501 0082 16FB07F4 		smulbb	r4, r6, r7
 502 0086 E4B2     		uxtb	r4, r4
 503              	.LVL61:
  86:Core/Src/oled.c ****             if (size == 12)
 504              		.loc 1 86 9 view .LVU112
 505 0088 D5E7     		b	.L24
 506              	.LVL62:
 507              	.L34:
  93:Core/Src/oled.c ****         }
  94:Core/Src/oled.c ****     }
  95:Core/Src/oled.c **** }
 508              		.loc 1 95 1 view .LVU113
 509 008a BDE8F88F 		pop	{r3, r4, r5, r6, r7, r8, r9, r10, fp, pc}
 510              	.LVL63:
 511              	.L36:
 512              		.loc 1 95 1 view .LVU114
 513 008e 00BF     		.align	2
 514              	.L35:
 515 0090 00000000 		.word	ascii_6X12
 516 0094 00000000 		.word	ascii_12X24
 517 0098 00000000 		.word	ascii_8X16
 518              		.cfi_endproc
 519              	.LFE142:
 521              		.section	.text.oled_show_string,"ax",%progbits
 522              		.align	1
 523              		.global	oled_show_string
 524              		.syntax unified
 525              		.thumb
 526              		.thumb_func
 528              	oled_show_string:
 529              	.LVL64:
 530              	.LFB143:
  96:Core/Src/oled.c **** 
  97:Core/Src/oled.c **** void oled_show_string(uint8_t x, uint8_t y, char *p, uint8_t size)
  98:Core/Src/oled.c **** {
 531              		.loc 1 98 1 is_stmt 1 view -0
 532              		.cfi_startproc
 533              		@ args = 0, pretend = 0, frame = 0
 534              		@ frame_needed = 0, uses_anonymous_args = 0
 535              		.loc 1 98 1 is_stmt 0 view .LVU116
 536 0000 F8B5     		push	{r3, r4, r5, r6, r7, lr}
 537              	.LCFI10:
 538              		.cfi_def_cfa_offset 24
 539              		.cfi_offset 3, -24
 540              		.cfi_offset 4, -20
 541              		.cfi_offset 5, -16
 542              		.cfi_offset 6, -12
 543              		.cfi_offset 7, -8
 544              		.cfi_offset 14, -4
 545 0002 0446     		mov	r4, r0
 546 0004 0F46     		mov	r7, r1
 547 0006 1546     		mov	r5, r2
 548 0008 1E46     		mov	r6, r3
  99:Core/Src/oled.c ****     while (*p != '\0') {
 549              		.loc 1 99 5 is_stmt 1 view .LVU117
 550              		.loc 1 99 11 is_stmt 0 view .LVU118
ARM GAS  C:\Users\10369\AppData\Local\Temp\ccOVVvo3.s 			page 13


 551 000a 08E0     		b	.L38
 552              	.LVL65:
 553              	.L39:
 100:Core/Src/oled.c ****         oled_show_char(x, y, *p, size);
 554              		.loc 1 100 9 is_stmt 1 view .LVU119
 555 000c 3346     		mov	r3, r6
 556 000e 3946     		mov	r1, r7
 557 0010 2046     		mov	r0, r4
 558 0012 FFF7FEFF 		bl	oled_show_char
 559              	.LVL66:
 101:Core/Src/oled.c ****         x += size / 2;
 560              		.loc 1 101 9 view .LVU120
 561              		.loc 1 101 11 is_stmt 0 view .LVU121
 562 0016 04EB5604 		add	r4, r4, r6, lsr #1
 563              	.LVL67:
 564              		.loc 1 101 11 view .LVU122
 565 001a E4B2     		uxtb	r4, r4
 566              	.LVL68:
 102:Core/Src/oled.c ****         p++;
 567              		.loc 1 102 9 is_stmt 1 view .LVU123
 568              		.loc 1 102 10 is_stmt 0 view .LVU124
 569 001c 0135     		adds	r5, r5, #1
 570              	.LVL69:
 571              	.L38:
  99:Core/Src/oled.c ****         oled_show_char(x, y, *p, size);
 572              		.loc 1 99 15 is_stmt 1 view .LVU125
  99:Core/Src/oled.c ****         oled_show_char(x, y, *p, size);
 573              		.loc 1 99 12 is_stmt 0 view .LVU126
 574 001e 2A78     		ldrb	r2, [r5]	@ zero_extendqisi2
  99:Core/Src/oled.c ****         oled_show_char(x, y, *p, size);
 575              		.loc 1 99 15 view .LVU127
 576 0020 002A     		cmp	r2, #0
 577 0022 F3D1     		bne	.L39
 103:Core/Src/oled.c ****     }
 104:Core/Src/oled.c **** }
 578              		.loc 1 104 1 view .LVU128
 579 0024 F8BD     		pop	{r3, r4, r5, r6, r7, pc}
 580              		.loc 1 104 1 view .LVU129
 581              		.cfi_endproc
 582              	.LFE143:
 584              		.section	.text.oled_show_chinese,"ax",%progbits
 585              		.align	1
 586              		.global	oled_show_chinese
 587              		.syntax unified
 588              		.thumb
 589              		.thumb_func
 591              	oled_show_chinese:
 592              	.LVL70:
 593              	.LFB144:
 105:Core/Src/oled.c **** 
 106:Core/Src/oled.c **** void oled_show_chinese(uint8_t x, uint8_t y, uint8_t N, uint8_t size)
 107:Core/Src/oled.c **** {
 594              		.loc 1 107 1 is_stmt 1 view -0
 595              		.cfi_startproc
 596              		@ args = 0, pretend = 0, frame = 0
 597              		@ frame_needed = 0, uses_anonymous_args = 0
 598              		.loc 1 107 1 is_stmt 0 view .LVU131
ARM GAS  C:\Users\10369\AppData\Local\Temp\ccOVVvo3.s 			page 14


 599 0000 2DE9F843 		push	{r3, r4, r5, r6, r7, r8, r9, lr}
 600              	.LCFI11:
 601              		.cfi_def_cfa_offset 32
 602              		.cfi_offset 3, -32
 603              		.cfi_offset 4, -28
 604              		.cfi_offset 5, -24
 605              		.cfi_offset 6, -20
 606              		.cfi_offset 7, -16
 607              		.cfi_offset 8, -12
 608              		.cfi_offset 9, -8
 609              		.cfi_offset 14, -4
 610 0004 8146     		mov	r9, r0
 611 0006 8846     		mov	r8, r1
 612 0008 1746     		mov	r7, r2
 613 000a 1D46     		mov	r5, r3
 108:Core/Src/oled.c ****     uint16_t i, j;
 614              		.loc 1 108 5 is_stmt 1 view .LVU132
 109:Core/Src/oled.c ****     for (j = 0; j < size / 8; j++) {
 615              		.loc 1 109 5 view .LVU133
 616              	.LVL71:
 617              		.loc 1 109 12 is_stmt 0 view .LVU134
 618 000c 0026     		movs	r6, #0
 619              		.loc 1 109 5 view .LVU135
 620 000e 1BE0     		b	.L42
 621              	.LVL72:
 622              	.L50:
 110:Core/Src/oled.c ****         oled_set_cursor(x, y + j);
 111:Core/Src/oled.c ****         for (i = size * j; i < size * (j + 1); i++) {
 112:Core/Src/oled.c ****             if (size == 16)
 113:Core/Src/oled.c ****                 oled_write_data(chinese_16x16[N][i]);
 623              		.loc 1 113 17 is_stmt 1 view .LVU136
 624              		.loc 1 113 49 is_stmt 0 view .LVU137
 625 0010 154A     		ldr	r2, .L52
 626 0012 02EB4712 		add	r2, r2, r7, lsl #5
 627              		.loc 1 113 17 view .LVU138
 628 0016 D05C     		ldrb	r0, [r2, r3]	@ zero_extendqisi2
 629 0018 FFF7FEFF 		bl	oled_write_data
 630              	.LVL73:
 631              	.L45:
 111:Core/Src/oled.c ****             if (size == 16)
 632              		.loc 1 111 49 is_stmt 1 discriminator 2 view .LVU139
 633 001c 0134     		adds	r4, r4, #1
 634              	.LVL74:
 111:Core/Src/oled.c ****             if (size == 16)
 635              		.loc 1 111 49 is_stmt 0 discriminator 2 view .LVU140
 636 001e A4B2     		uxth	r4, r4
 637              	.LVL75:
 638              	.L43:
 111:Core/Src/oled.c ****             if (size == 16)
 639              		.loc 1 111 30 is_stmt 1 discriminator 1 view .LVU141
 640 0020 2346     		mov	r3, r4
 111:Core/Src/oled.c ****             if (size == 16)
 641              		.loc 1 111 37 is_stmt 0 discriminator 1 view .LVU142
 642 0022 06FB055C 		mla	ip, r6, r5, r5
 111:Core/Src/oled.c ****             if (size == 16)
 643              		.loc 1 111 30 discriminator 1 view .LVU143
 644 0026 6445     		cmp	r4, ip
ARM GAS  C:\Users\10369\AppData\Local\Temp\ccOVVvo3.s 			page 15


 645 0028 0CDA     		bge	.L49
 112:Core/Src/oled.c ****                 oled_write_data(chinese_16x16[N][i]);
 646              		.loc 1 112 13 is_stmt 1 view .LVU144
 112:Core/Src/oled.c ****                 oled_write_data(chinese_16x16[N][i]);
 647              		.loc 1 112 16 is_stmt 0 view .LVU145
 648 002a 102D     		cmp	r5, #16
 649 002c F0D0     		beq	.L50
 114:Core/Src/oled.c ****             else if (size == 24)
 650              		.loc 1 114 18 is_stmt 1 view .LVU146
 651              		.loc 1 114 21 is_stmt 0 view .LVU147
 652 002e 182D     		cmp	r5, #24
 653 0030 F4D1     		bne	.L45
 115:Core/Src/oled.c ****                 oled_write_data(chinese_24x24[N][i]);
 654              		.loc 1 115 17 is_stmt 1 view .LVU148
 655              		.loc 1 115 49 is_stmt 0 view .LVU149
 656 0032 07EBC702 		add	r2, r7, r7, lsl #3
 657 0036 0D4B     		ldr	r3, .L52+4
 658 0038 03EBC203 		add	r3, r3, r2, lsl #3
 659              		.loc 1 115 17 view .LVU150
 660 003c 185D     		ldrb	r0, [r3, r4]	@ zero_extendqisi2
 661 003e FFF7FEFF 		bl	oled_write_data
 662              	.LVL76:
 663 0042 EBE7     		b	.L45
 664              	.L49:
 109:Core/Src/oled.c ****         oled_set_cursor(x, y + j);
 665              		.loc 1 109 32 is_stmt 1 discriminator 2 view .LVU151
 666 0044 0136     		adds	r6, r6, #1
 667              	.LVL77:
 109:Core/Src/oled.c ****         oled_set_cursor(x, y + j);
 668              		.loc 1 109 32 is_stmt 0 discriminator 2 view .LVU152
 669 0046 B6B2     		uxth	r6, r6
 670              	.LVL78:
 671              	.L42:
 109:Core/Src/oled.c ****         oled_set_cursor(x, y + j);
 672              		.loc 1 109 19 is_stmt 1 discriminator 1 view .LVU153
 673 0048 B6EBD50F 		cmp	r6, r5, lsr #3
 674 004c 09D2     		bcs	.L51
 110:Core/Src/oled.c ****         for (i = size * j; i < size * (j + 1); i++) {
 675              		.loc 1 110 9 view .LVU154
 676 004e 08EB0601 		add	r1, r8, r6
 677 0052 C9B2     		uxtb	r1, r1
 678 0054 4846     		mov	r0, r9
 679 0056 FFF7FEFF 		bl	oled_set_cursor
 680              	.LVL79:
 111:Core/Src/oled.c ****             if (size == 16)
 681              		.loc 1 111 9 view .LVU155
 111:Core/Src/oled.c ****             if (size == 16)
 682              		.loc 1 111 16 is_stmt 0 view .LVU156
 683 005a 15FB06F4 		smulbb	r4, r5, r6
 684 005e A4B2     		uxth	r4, r4
 685              	.LVL80:
 111:Core/Src/oled.c ****             if (size == 16)
 686              		.loc 1 111 9 view .LVU157
 687 0060 DEE7     		b	.L43
 688              	.LVL81:
 689              	.L51:
 116:Core/Src/oled.c ****         }
ARM GAS  C:\Users\10369\AppData\Local\Temp\ccOVVvo3.s 			page 16


 117:Core/Src/oled.c ****     }
 118:Core/Src/oled.c **** }
 690              		.loc 1 118 1 view .LVU158
 691 0062 BDE8F883 		pop	{r3, r4, r5, r6, r7, r8, r9, pc}
 692              	.LVL82:
 693              	.L53:
 694              		.loc 1 118 1 view .LVU159
 695 0066 00BF     		.align	2
 696              	.L52:
 697 0068 00000000 		.word	chinese_16x16
 698 006c 00000000 		.word	chinese_24x24
 699              		.cfi_endproc
 700              	.LFE144:
 702              		.section	.text.oled_show_image,"ax",%progbits
 703              		.align	1
 704              		.global	oled_show_image
 705              		.syntax unified
 706              		.thumb
 707              		.thumb_func
 709              	oled_show_image:
 710              	.LVL83:
 711              	.LFB145:
 119:Core/Src/oled.c **** 
 120:Core/Src/oled.c **** void oled_show_image(uint8_t x, uint8_t y, uint8_t width, uint8_t height, uint8_t *bmp)
 121:Core/Src/oled.c **** {
 712              		.loc 1 121 1 is_stmt 1 view -0
 713              		.cfi_startproc
 714              		@ args = 4, pretend = 0, frame = 0
 715              		@ frame_needed = 0, uses_anonymous_args = 0
 716              		.loc 1 121 1 is_stmt 0 view .LVU161
 717 0000 2DE9F047 		push	{r4, r5, r6, r7, r8, r9, r10, lr}
 718              	.LCFI12:
 719              		.cfi_def_cfa_offset 32
 720              		.cfi_offset 4, -32
 721              		.cfi_offset 5, -28
 722              		.cfi_offset 6, -24
 723              		.cfi_offset 7, -20
 724              		.cfi_offset 8, -16
 725              		.cfi_offset 9, -12
 726              		.cfi_offset 10, -8
 727              		.cfi_offset 14, -4
 728 0004 8246     		mov	r10, r0
 729 0006 8946     		mov	r9, r1
 730 0008 1546     		mov	r5, r2
 731 000a 9846     		mov	r8, r3
 732 000c 089F     		ldr	r7, [sp, #32]
 122:Core/Src/oled.c ****     uint8_t i, j;
 733              		.loc 1 122 5 is_stmt 1 view .LVU162
 123:Core/Src/oled.c ****     for (j = 0; j < height; j++) {
 734              		.loc 1 123 5 view .LVU163
 735              	.LVL84:
 736              		.loc 1 123 12 is_stmt 0 view .LVU164
 737 000e 0026     		movs	r6, #0
 738              		.loc 1 123 5 view .LVU165
 739 0010 0AE0     		b	.L55
 740              	.LVL85:
 741              	.L57:
ARM GAS  C:\Users\10369\AppData\Local\Temp\ccOVVvo3.s 			page 17


 124:Core/Src/oled.c ****         oled_set_cursor(x, y + j);
 125:Core/Src/oled.c ****         for (i = 0; i < width; i++) {
 126:Core/Src/oled.c ****             oled_write_data(bmp[width * j + i]);
 742              		.loc 1 126 13 is_stmt 1 view .LVU166
 743              		.loc 1 126 43 is_stmt 0 view .LVU167
 744 0012 06FB0543 		mla	r3, r6, r5, r4
 745              		.loc 1 126 13 view .LVU168
 746 0016 F85C     		ldrb	r0, [r7, r3]	@ zero_extendqisi2
 747 0018 FFF7FEFF 		bl	oled_write_data
 748              	.LVL86:
 125:Core/Src/oled.c ****             oled_write_data(bmp[width * j + i]);
 749              		.loc 1 125 33 is_stmt 1 discriminator 3 view .LVU169
 750 001c 0134     		adds	r4, r4, #1
 751              	.LVL87:
 125:Core/Src/oled.c ****             oled_write_data(bmp[width * j + i]);
 752              		.loc 1 125 33 is_stmt 0 discriminator 3 view .LVU170
 753 001e E4B2     		uxtb	r4, r4
 754              	.LVL88:
 755              	.L56:
 125:Core/Src/oled.c ****             oled_write_data(bmp[width * j + i]);
 756              		.loc 1 125 23 is_stmt 1 discriminator 1 view .LVU171
 757 0020 AC42     		cmp	r4, r5
 758 0022 F6D3     		bcc	.L57
 123:Core/Src/oled.c ****     for (j = 0; j < height; j++) {
 759              		.loc 1 123 30 discriminator 2 view .LVU172
 760 0024 0136     		adds	r6, r6, #1
 761              	.LVL89:
 123:Core/Src/oled.c ****     for (j = 0; j < height; j++) {
 762              		.loc 1 123 30 is_stmt 0 discriminator 2 view .LVU173
 763 0026 F6B2     		uxtb	r6, r6
 764              	.LVL90:
 765              	.L55:
 123:Core/Src/oled.c ****     for (j = 0; j < height; j++) {
 766              		.loc 1 123 19 is_stmt 1 discriminator 1 view .LVU174
 767 0028 4645     		cmp	r6, r8
 768 002a 07D2     		bcs	.L60
 124:Core/Src/oled.c ****         oled_set_cursor(x, y + j);
 769              		.loc 1 124 9 view .LVU175
 770 002c 06EB0901 		add	r1, r6, r9
 771 0030 C9B2     		uxtb	r1, r1
 772 0032 5046     		mov	r0, r10
 773 0034 FFF7FEFF 		bl	oled_set_cursor
 774              	.LVL91:
 125:Core/Src/oled.c ****             oled_write_data(bmp[width * j + i]);
 775              		.loc 1 125 9 view .LVU176
 125:Core/Src/oled.c ****             oled_write_data(bmp[width * j + i]);
 776              		.loc 1 125 16 is_stmt 0 view .LVU177
 777 0038 0024     		movs	r4, #0
 125:Core/Src/oled.c ****             oled_write_data(bmp[width * j + i]);
 778              		.loc 1 125 9 view .LVU178
 779 003a F1E7     		b	.L56
 780              	.LVL92:
 781              	.L60:
 127:Core/Src/oled.c ****         }
 128:Core/Src/oled.c ****     }
 129:Core/Src/oled.c **** }
 782              		.loc 1 129 1 view .LVU179
ARM GAS  C:\Users\10369\AppData\Local\Temp\ccOVVvo3.s 			page 18


 783 003c BDE8F087 		pop	{r4, r5, r6, r7, r8, r9, r10, pc}
 784              		.loc 1 129 1 view .LVU180
 785              		.cfi_endproc
 786              	.LFE145:
 788              		.section	.rodata.oled_task.str1.4,"aMS",%progbits,1
 789              		.align	2
 790              	.LC0:
 791 0000 52656164 		.ascii	"Ready!\000"
 791      792100
 792 0007 00       		.align	2
 793              	.LC1:
 794 0008 636F756E 		.ascii	"counts:%d\000"
 794      74733A25 
 794      6400
 795 0012 0000     		.align	2
 796              	.LC2:
 797 0014 656C3A25 		.ascii	"el:%d  er:%d\000"
 797      64202065 
 797      723A2564 
 797      00
 798 0021 000000   		.align	2
 799              	.LC3:
 800 0024 6C793A25 		.ascii	"ly:%d  lx:%d\000"
 800      6420206C 
 800      783A2564 
 800      00
 801 0031 000000   		.align	2
 802              	.LC4:
 803 0034 72793A25 		.ascii	"ry:%d  rx:%d\000"
 803      64202072 
 803      783A2564 
 803      00
 804              		.section	.text.oled_task,"ax",%progbits
 805              		.align	1
 806              		.global	oled_task
 807              		.syntax unified
 808              		.thumb
 809              		.thumb_func
 811              	oled_task:
 812              	.LFB146:
 130:Core/Src/oled.c **** 
 131:Core/Src/oled.c **** char buf[50];
 132:Core/Src/oled.c **** void oled_task()
 133:Core/Src/oled.c **** {
 813              		.loc 1 133 1 is_stmt 1 view -0
 814              		.cfi_startproc
 815              		@ args = 0, pretend = 0, frame = 0
 816              		@ frame_needed = 0, uses_anonymous_args = 0
 817 0000 10B5     		push	{r4, lr}
 818              	.LCFI13:
 819              		.cfi_def_cfa_offset 8
 820              		.cfi_offset 4, -8
 821              		.cfi_offset 14, -4
 822 0002 82B0     		sub	sp, sp, #8
 823              	.LCFI14:
 824              		.cfi_def_cfa_offset 16
 134:Core/Src/oled.c ****     oled_show_string(0,0,"Ready!",12);
ARM GAS  C:\Users\10369\AppData\Local\Temp\ccOVVvo3.s 			page 19


 825              		.loc 1 134 5 view .LVU182
 826 0004 0C23     		movs	r3, #12
 827 0006 224A     		ldr	r2, .L63
 828 0008 0021     		movs	r1, #0
 829 000a 0846     		mov	r0, r1
 830 000c FFF7FEFF 		bl	oled_show_string
 831              	.LVL93:
 135:Core/Src/oled.c ****     snprintf(buf, sizeof(buf), "counts:%d",tim8_counter);
 832              		.loc 1 135 5 view .LVU183
 833 0010 204B     		ldr	r3, .L63+4
 834 0012 1B68     		ldr	r3, [r3]
 835 0014 204C     		ldr	r4, .L63+8
 836 0016 214A     		ldr	r2, .L63+12
 837 0018 3221     		movs	r1, #50
 838 001a 2046     		mov	r0, r4
 839 001c FFF7FEFF 		bl	snprintf
 840              	.LVL94:
 136:Core/Src/oled.c ****     oled_show_string(48,0,buf,12);
 841              		.loc 1 136 5 view .LVU184
 842 0020 0C23     		movs	r3, #12
 843 0022 2246     		mov	r2, r4
 844 0024 0021     		movs	r1, #0
 845 0026 3020     		movs	r0, #48
 846 0028 FFF7FEFF 		bl	oled_show_string
 847              	.LVL95:
 137:Core/Src/oled.c **** 
 138:Core/Src/oled.c ****     snprintf(buf, sizeof(buf), "el:%d  er:%d",encoderl_value,encoderr_value);
 848              		.loc 1 138 5 view .LVU185
 849 002c 1C4B     		ldr	r3, .L63+16
 850 002e 1B78     		ldrb	r3, [r3]	@ zero_extendqisi2
 851 0030 0093     		str	r3, [sp]
 852 0032 1C4B     		ldr	r3, .L63+20
 853 0034 1B78     		ldrb	r3, [r3]	@ zero_extendqisi2
 854 0036 1C4A     		ldr	r2, .L63+24
 855 0038 3221     		movs	r1, #50
 856 003a 2046     		mov	r0, r4
 857 003c FFF7FEFF 		bl	snprintf
 858              	.LVL96:
 139:Core/Src/oled.c ****     oled_show_string(0,2,buf,12);
 859              		.loc 1 139 5 view .LVU186
 860 0040 0C23     		movs	r3, #12
 861 0042 2246     		mov	r2, r4
 862 0044 0221     		movs	r1, #2
 863 0046 0020     		movs	r0, #0
 864 0048 FFF7FEFF 		bl	oled_show_string
 865              	.LVL97:
 140:Core/Src/oled.c ****     
 141:Core/Src/oled.c ****     snprintf(buf, sizeof(buf), "ly:%d  lx:%d",rocker_ly,rocker_lx);
 866              		.loc 1 141 5 view .LVU187
 867 004c 174B     		ldr	r3, .L63+28
 868 004e 1B88     		ldrh	r3, [r3]
 869 0050 0093     		str	r3, [sp]
 870 0052 174B     		ldr	r3, .L63+32
 871 0054 1B88     		ldrh	r3, [r3]
 872 0056 174A     		ldr	r2, .L63+36
 873 0058 3221     		movs	r1, #50
 874 005a 2046     		mov	r0, r4
ARM GAS  C:\Users\10369\AppData\Local\Temp\ccOVVvo3.s 			page 20


 875 005c FFF7FEFF 		bl	snprintf
 876              	.LVL98:
 142:Core/Src/oled.c ****     oled_show_string(0,4,buf,12);
 877              		.loc 1 142 5 view .LVU188
 878 0060 0C23     		movs	r3, #12
 879 0062 2246     		mov	r2, r4
 880 0064 0421     		movs	r1, #4
 881 0066 0020     		movs	r0, #0
 882 0068 FFF7FEFF 		bl	oled_show_string
 883              	.LVL99:
 143:Core/Src/oled.c **** 
 144:Core/Src/oled.c ****     snprintf(buf, sizeof(buf), "ry:%d  rx:%d",rocker_ry,rocker_rx);
 884              		.loc 1 144 5 view .LVU189
 885 006c 124B     		ldr	r3, .L63+40
 886 006e 1B88     		ldrh	r3, [r3]
 887 0070 0093     		str	r3, [sp]
 888 0072 124B     		ldr	r3, .L63+44
 889 0074 1B88     		ldrh	r3, [r3]
 890 0076 124A     		ldr	r2, .L63+48
 891 0078 3221     		movs	r1, #50
 892 007a 2046     		mov	r0, r4
 893 007c FFF7FEFF 		bl	snprintf
 894              	.LVL100:
 145:Core/Src/oled.c ****     oled_show_string(0,6,buf,12);
 895              		.loc 1 145 5 view .LVU190
 896 0080 0C23     		movs	r3, #12
 897 0082 2246     		mov	r2, r4
 898 0084 0621     		movs	r1, #6
 899 0086 0020     		movs	r0, #0
 900 0088 FFF7FEFF 		bl	oled_show_string
 901              	.LVL101:
 146:Core/Src/oled.c **** }...
 902              		.loc 1 146 1 is_stmt 0 view .LVU191
 903 008c 02B0     		add	sp, sp, #8
 904              	.LCFI15:
 905              		.cfi_def_cfa_offset 8
 906              		@ sp needed
 907 008e 10BD     		pop	{r4, pc}
 908              	.L64:
 909              		.align	2
 910              	.L63:
 911 0090 00000000 		.word	.LC0
 912 0094 00000000 		.word	tim8_counter
 913 0098 00000000 		.word	buf
 914 009c 08000000 		.word	.LC1
 915 00a0 00000000 		.word	encoderr_value
 916 00a4 00000000 		.word	encoderl_value
 917 00a8 14000000 		.word	.LC2
 918 00ac 00000000 		.word	rocker_lx
 919 00b0 00000000 		.word	rocker_ly
 920 00b4 24000000 		.word	.LC3
 921 00b8 00000000 		.word	rocker_rx
 922 00bc 00000000 		.word	rocker_ry
 923 00c0 34000000 		.word	.LC4
 924              		.cfi_endproc
 925              	.LFE146:
 927              		.global	buf
ARM GAS  C:\Users\10369\AppData\Local\Temp\ccOVVvo3.s 			page 21


 928              		.section	.bss.buf,"aw",%nobits
 929              		.align	2
 932              	buf:
 933 0000 00000000 		.space	50
 933      00000000 
 933      00000000 
 933      00000000 
 933      00000000 
 934              		.global	shuai_data
 935              		.section	.rodata.shuai_data,"a"
 936              		.align	2
 939              	shuai_data:
 940 0000 00000000 		.ascii	"\000\000\000\000\000\000\000\000\000\000\000\000\000"
 940      00000000 
 940      00000000 
 940      00
 941 000d 00000000 		.ascii	"\000\000\000\000\000\000\000\000\000\000\000\000\000"
 941      00000000 
 941      00000000 
 941      00
 942 001a 00000000 		.ascii	"\000\000\000\000\000\000\000\000\000\000\000\000\000"
 942      00000000 
 942      00000000 
 942      00
 943 0027 00000000 		.ascii	"\000\000\000\000\000\000\000\000\000\000\000\000\000"
 943      00000000 
 943      00000000 
 943      00
 944 0034 00000000 		.ascii	"\000\000\000\000\000\000\000\000\000\000\000\000\000"
 944      00000000 
 944      00000000 
 944      00
 945 0041 00000000 		.ascii	"\000\000\000\000\000\000\000\000\000\000\000\000\000"
 945      00000000 
 945      00000000 
 945      00
 946 004e 00000000 		.ascii	"\000\000\000\000\000\000\000\000\000\000\000\000\000"
 946      00000000 
 946      00000000 
 946      00
 947 005b 00000000 		.ascii	"\000\000\000\000\000\000\000\000\000\000\000\000\000"
 947      00000000 
 947      00000000 
 947      00
 948 0068 00000000 		.ascii	"\000\000\000\000\000\000\000\000\000\000\000\000\000"
 948      00000000 
 948      00000000 
 948      00
 949 0075 00000000 		.ascii	"\000\000\000\000\000\000\000\000\000\000\000\000\000"
 949      00000000 
 949      00000000 
 949      00
 950 0082 00000000 		.ascii	"\000\000\000\000\000\000\000\000\000\000\000\000\000"
 950      00000000 
 950      00000000 
 950      00
 951 008f 00000000 		.ascii	"\000\000\000\000\000\000\000\000\000\000\000\000\000"
ARM GAS  C:\Users\10369\AppData\Local\Temp\ccOVVvo3.s 			page 22


 951      00000000 
 951      00000000 
 951      00
 952 009c 00000000 		.ascii	"\000\000\000\000\000\000\000\000\000\000\000\000\000"
 952      00000000 
 952      00000000 
 952      00
 953 00a9 00000000 		.ascii	"\000\000\000\000\200\300\300\340\340\360\360\360\360"
 953      80C0C0E0 
 953      E0F0F0F0 
 953      F0
 954 00b6 F0F0E0E0 		.ascii	"\360\360\340\340\300\300\200\000\000\000\000\000\000"
 954      C0C08000 
 954      00000000 
 954      00
 955 00c3 0080C0C0 		.ascii	"\000\200\300\300\340\340\360\360\360\360\360\360\340"
 955      E0E0F0F0 
 955      F0F0F0F0 
 955      E0
 956 00d0 E0C0C080 		.ascii	"\340\300\300\200\000\000\000\000\000\000\000\000\000"
 956      00000000 
 956      00000000 
 956      00
 957 00dd 00000000 		.ascii	"\000\000\000\000\000\000\000\000\000\000\000\000\000"
 957      00000000 
 957      00000000 
 957      00
 958 00ea 00000000 		.ascii	"\000\000\000\000\000\000\000\000\000\000\000\000\000"
 958      00000000 
 958      00000000 
 958      00
 959 00f7 00000000 		.ascii	"\000\000\000\000\000\000\000\000\000\000\000\000\000"
 959      00000000 
 959      00000000 
 959      00
 960 0104 00000000 		.ascii	"\000\000\000\000\000\000\000\000\340\340\340\340\200"
 960      00000000 
 960      E0E0E0E0 
 960      80
 961 0111 00000080 		.ascii	"\000\000\000\200\300\340\340\340`\340\340\300\300\200"
 961      C0E0E0E0 
 961      60E0E0C0 
 961      C080
 962 011f 00000000 		.ascii	"\000\000\000\000\000\000\000\000\000\000\300\370\376"
 962      00000000 
 962      0000C0F8 
 962      FE
 963 012c FFFF7F0F 		.ascii	"\377\377\177\017\007\003\003\001\001\001\001\003\003"
 963      07030301 
 963      01010103 
 963      03
 964 0139 07070F3F 		.ascii	"\007\007\017?\377\377\376\370\374\377\377?\037\017\007"
 964      FFFFFEF8 
 964      FCFFFF3F 
 964      1F0F07
 965 0148 03030101 		.ascii	"\003\003\001\001\001\001\003\003\007\017?\377\377\376"
 965      01010303 
ARM GAS  C:\Users\10369\AppData\Local\Temp\ccOVVvo3.s 			page 23


 965      070F3FFF 
 965      FFFE
 966 0156 F8E00000 		.ascii	"\370\340\000\000\000\000\000\000\000\000\000\000\000"
 966      00000000 
 966      00000000 
 966      00
 967 0163 0000E0E0 		.ascii	"\000\000\340\340\340\340\000\000\000\000\300\300\340"
 967      E0E00000 
 967      0000C0C0 
 967      E0
 968 0170 E06060E0 		.ascii	"\340``\340\340\300\000\000\000\000\000\000\000\000\000"
 968      E0C00000 
 968      00000000 
 968      000000
 969 017f 00000000 		.ascii	"\000\000\000\000\000\000\000\000\000\000\360\370\377"
 969      00000000 
 969      0000F0F8 
 969      FF
 970 018c 7F7F7F7F 		.ascii	"\177\177\177\177\377\376\370\376\377\377\377\341\200"
 970      FFFEF8FE 
 970      FFFFFFE1 
 970      80
 971 0199 0080C1FF 		.ascii	"\000\200\301\377\377\377>\000\000\000\000\000\000\000"
 971      FFFF3E00 
 971      00000000 
 971      0000
 972 01a7 00000FFF 		.ascii	"\000\000\017\377\377\377\377\360\200\000\000\000\000"
 972      FFFFFFF0 
 972      80000000 
 972      00
 973 01b4 00000000 		.ascii	"\000\000\000\000\000\000\000\000\000\000\001\003\003"
 973      00000000 
 973      00000103 
 973      03
 974 01c1 03010000 		.ascii	"\003\001\000\000\000\000\000\000\000\000\000\000\000"
 974      00000000 
 974      00000000 
 974      00
 975 01ce 00000080 		.ascii	"\000\000\000\200\360\377\377\377\377\037\000\000\000"
 975      F0FFFFFF 
 975      FF1F0000 
 975      00
 976 01db 00000000 		.ascii	"\000\000\000\000\000\000\000\000\000\000\377\377\377"
 976      00000000 
 976      0000FFFF 
 976      FF
 977 01e8 FF00001C 		.ascii	"\377\000\000\034\177\377\377\343\200\000\200\200\200"
 977      7FFFFFE3 
 977      80008080 
 977      80
 978 01f5 80000000 		.ascii	"\200\000\000\000\000\000\000\000\000\000\000\000\000"
 978      00000000 
 978      00000000 
 978      00
 979 0202 00000000 		.ascii	"\000\000\000\000\000\000\000\003\003\003\000\000\000"
 979      00000003 
 979      03030000 
ARM GAS  C:\Users\10369\AppData\Local\Temp\ccOVVvo3.s 			page 24


 979      00
 980 020f 00030303 		.ascii	"\000\003\003\003\003\000\001\003\003\003\003\003\007"
 980      03000103 
 980      03030303 
 980      07
 981 021c 07070706 		.ascii	"\007\007\007\006\000\000\000\000\000\000\000\000\000"
 981      00000000 
 981      00000000 
 981      00
 982 0229 0000070F 		.ascii	"\000\000\007\017?\377\377\376\370\360\300\200\000\000"
 982      3FFFFFFE 
 982      F8F0C080 
 982      0000
 983 0237 00000000 		.ascii	"\000\000\000\000\000\000\000\000\000\000\000\000\000"
 983      00000000 
 983      00000000 
 983      00
 984 0244 00000000 		.ascii	"\000\000\000\000\000\000\000\000\200\300\340\370\376"
 984      00000000 
 984      80C0E0F8 
 984      FE
 985 0251 FFFF3F0F 		.ascii	"\377\377?\017\007\000\000\000\000\000\000\000\000\000"
 985      07000000 
 985      00000000 
 985      0000
 986 025f 00000000 		.ascii	"\000\000\000\000\000\000\003\003\003\003\003\003\003"
 986      00000303 
 986      03030303 
 986      03
 987 026c 03010303 		.ascii	"\003\001\003\003\003\003\003\003\003\001\000\000\000"
 987      03030303 
 987      03010000 
 987      00
 988 0279 00000000 		.ascii	"\000\000\000\000\000\000\000\000\000\000\000\000\000"
 988      00000000 
 988      00000000 
 988      00
 989 0286 00000000 		.ascii	"\000\000\000\000\000\000\000\000\000\000\000\000\000"
 989      00000000 
 989      00000000 
 989      00
 990 0293 00000000 		.ascii	"\000\000\000\000\000\000\000\000\000\000\000\000\000"
 990      00000000 
 990      00000000 
 990      00
 991 02a0 00000000 		.ascii	"\000\000\000\000\000\000\000\000\000\000\000\000\000"
 991      00000000 
 991      00000000 
 991      00
 992 02ad 00000103 		.ascii	"\000\000\001\003\007\017\037?\177~\374\370\370\360\340"
 992      070F1F3F 
 992      7F7EFCF8 
 992      F8F0E0
 993 02bc C0C08080 		.ascii	"\300\300\200\200\000\200\200\300\300\340\360\360\370"
 993      008080C0 
 993      C0E0F0F0 
 993      F8
ARM GAS  C:\Users\10369\AppData\Local\Temp\ccOVVvo3.s 			page 25


 994 02c9 FCFE7F3F 		.ascii	"\374\376\177?\037\017\007\003\001\000\000\000\000\000"
 994      1F0F0703 
 994      01000000 
 994      0000
 995 02d7 00000000 		.ascii	"\000\000\000\000\000\000\000\000\000\000\000\000\000"
 995      00000000 
 995      00000000 
 995      00
 996 02e4 00000000 		.ascii	"\000\000\000\000\000\000\000\000\000\000\000\000\000"
 996      00000000 
 996      00000000 
 996      00
 997 02f1 00000000 		.ascii	"\000\000\000\000\000\000\000\000\000\000\000\000\000"
 997      00000000 
 997      00000000 
 997      00
 998 02fe 00000000 		.ascii	"\000\000\000\000\000\000\000\000\000\000\000\000\000"
 998      00000000 
 998      00000000 
 998      00
 999 030b 00000000 		.ascii	"\000\000\000\000\000\000\000\000\000\000\000\000\000"
 999      00000000 
 999      00000000 
 999      00
 1000 0318 00000000 		.ascii	"\000\000\000\000\000\000\000\000\000\000\000\000\000"
 1000      00000000 
 1000      00000000 
 1000      00
 1001 0325 00000000 		.ascii	"\000\000\000\000\000\000\000\000\000\000\000\000\000"
 1001      00000000 
 1001      00000000 
 1001      00
 1002 0332 00000000 		.ascii	"\000\000\000\000\000\000\001\003\003\007\007\017\017"
 1002      00000103 
 1002      0307070F 
 1002      0F
 1003 033f 1F1F1F0F 		.ascii	"\037\037\037\017\017\007\007\003\003\001\000\000\000"
 1003      0F070703 
 1003      03010000 
 1003      00
 1004 034c 00000000 		.ascii	"\000\000\000\000\000\000\000\000\000\000\000\000\000"
 1004      00000000 
 1004      00000000 
 1004      00
 1005 0359 00000000 		.ascii	"\000\000\000\000\000\000\000\000\000\000\000\000\000"
 1005      00000000 
 1005      00000000 
 1005      00
 1006 0366 00000000 		.ascii	"\000\000\000\000\000\000\000\000\000\000\000\000\000"
 1006      00000000 
 1006      00000000 
 1006      00
 1007 0373 00000000 		.ascii	"\000\000\000\000\000\000\000\000\000\000\000\000\000"
 1007      00000000 
 1007      00000000 
 1007      00
 1008 0380 00000000 		.ascii	"\000\000\000\000\000\000\000\000\000\000\000\000\000"
ARM GAS  C:\Users\10369\AppData\Local\Temp\ccOVVvo3.s 			page 26


 1008      00000000 
 1008      00000000 
 1008      00
 1009 038d 00000000 		.ascii	"\000\000\000\000\000\000\000\000\000\000\000\000\000"
 1009      00000000 
 1009      00000000 
 1009      00
 1010 039a 00000000 		.ascii	"\000\000\000\000\000\000\000\000\000\000\000\000\000"
 1010      00000000 
 1010      00000000 
 1010      00
 1011 03a7 00000000 		.ascii	"\000\000\000\000\000\000\000\000\000\000\000\000\000"
 1011      00000000 
 1011      00000000 
 1011      00
 1012 03b4 00000000 		.ascii	"\000\000\000\000\000\000\000\000\000\000\000\000\000"
 1012      00000000 
 1012      00000000 
 1012      00
 1013 03c1 00000000 		.ascii	"\000\000\000\000\000\000\000\000\000\000\000\000\000"
 1013      00000000 
 1013      00000000 
 1013      00
 1014 03ce 00000000 		.ascii	"\000\000\000\000\000\000\000\000\000\000\000\000\000"
 1014      00000000 
 1014      00000000 
 1014      00
 1015 03db 00000000 		.ascii	"\000\000\000\000\000\000\000\000\000\000\000\000\000"
 1015      00000000 
 1015      00000000 
 1015      00
 1016 03e8 00000000 		.ascii	"\000\000\000\000\000\000\000\000\000\000\000\000\000"
 1016      00000000 
 1016      00000000 
 1016      00
 1017 03f5 00000000 		.ascii	"\000\000\000\000\000\000\000\000\000\000\000"
 1017      00000000 
 1017      000000
 1018              		.global	ascii_12X24
 1019              		.section	.rodata.ascii_12X24,"a"
 1020              		.align	2
 1023              	ascii_12X24:
 1024 0000 00000000 		.ascii	"\000\000\000\000\000\000\000\000\000\000\000\000\000"
 1024      00000000 
 1024      00000000 
 1024      00
 1025 000d 00000000 		.ascii	"\000\000\000\000\000\000\000\000\000\000\000\000\000"
 1025      00000000 
 1025      00000000 
 1025      00
 1026 001a 00000000 		.ascii	"\000\000\000\000\000\000\000\000\000\000"
 1026      00000000 
 1026      0000
 1027 0024 00000000 		.ascii	"\000\000\000\000\000\360\360\360\000\000\000\000\000"
 1027      00F0F0F0 
 1027      00000000 
 1027      00
ARM GAS  C:\Users\10369\AppData\Local\Temp\ccOVVvo3.s 			page 27


 1028 0031 00000000 		.ascii	"\000\000\000\000\001\177\001\000\000\000\000\000\000"
 1028      017F0100 
 1028      00000000 
 1028      00
 1029 003e 0000001C 		.ascii	"\000\000\000\034\034\034\000\000\000\000"
 1029      1C1C0000 
 1029      0000
 1030 0048 00008060 		.ascii	"\000\000\200`0\034\214`0\034\014\000\000\000\000\000"
 1030      301C8C60 
 1030      301C0C00 
 1030      00000000 
 1031 0058 00000000 		.ascii	"\000\000\000\000\000\000\000\000\000\000\000\000\000"
 1031      00000000 
 1031      00000000 
 1031      00
 1032 0065 00000000 		.ascii	"\000\000\000\000\000\000\000"
 1032      000000
 1033 006c 000000E0 		.ascii	"\000\000\000\340\000\000\000\000\000\340\000\000\000"
 1033      00000000 
 1033      00E00000 
 1033      00
 1034 0079 86E69F86 		.ascii	"\206\346\237\206\206\206\206\346\237\206\000\000\001"
 1034      868686E6 
 1034      9F860000 
 1034      01
 1035 0086 1F010101 		.ascii	"\037\001\001\001\001\001\037\001\001\000"
 1035      01011F01 
 1035      0100
 1036 0090 000080C0 		.ascii	"\000\000\200\300` \370 \340\300\000\000\000\000\003"
 1036      6020F820 
 1036      E0C00000 
 1036      000003
 1037 009f 070C18FF 		.ascii	"\007\014\030\377p\341\201\000\000\000\000\007\017\020"
 1037      70E18100 
 1037      00000007 
 1037      0F10
 1038 00ad 107F100F 		.ascii	"\020\177\020\017\007\000\000"
 1038      070000
 1039 00b4 80602060 		.ascii	"\200` `\200\000\000\000\340 \000\000\0170 0\237p\334"
 1039      80000000 
 1039      E0200000 
 1039      0F302030 
 1039      9F70DC
 1040 00c7 371030C0 		.ascii	"7\0200\300\000\000\000\020\016\003\000\007\030\020\030"
 1040      00000010 
 1040      0E030007 
 1040      181018
 1041 00d6 0700     		.ascii	"\007\000"
 1042 00d8 0000C020 		.ascii	"\000\000\300  \340\300\000\000\000\000\000\200\340\037"
 1042      20E0C000 
 1042      00000000 
 1042      80E01F
 1043 00e7 38E88703 		.ascii	"8\350\207\003\304<\004\000\000\007\017\030\020\020\013"
 1043      C43C0400 
 1043      00070F18 
 1043      10100B
 1044 00f6 070D1010 		.ascii	"\007\015\020\020\010\000"
ARM GAS  C:\Users\10369\AppData\Local\Temp\ccOVVvo3.s 			page 28


 1044      0800
 1045 00fc 00808C4C 		.ascii	"\000\200\214L8\000\000\000\000\000\000\000\000\000\000"
 1045      38000000 
 1045      00000000 
 1045      000000
 1046 010b 00000000 		.ascii	"\000\000\000\000\000\000\000\000\000\000\000\000\000"
 1046      00000000 
 1046      00000000 
 1046      00
 1047 0118 00000000 		.ascii	"\000\000\000\000\000\000\000\000"
 1047      00000000 
 1048 0120 00000000 		.ascii	"\000\000\000\000\000\000\200\3400\010\004\000\000\000"
 1048      000080E0 
 1048      30080400 
 1048      0000
 1049 012e 000000FE 		.ascii	"\000\000\000\376\377\001\000\000\000\000\000\000\000"
 1049      FF010000 
 1049      00000000 
 1049      00
 1050 013b 00000003 		.ascii	"\000\000\000\003\017\030 @\000"
 1050      0F182040 
 1050      00
 1051 0144 00040830 		.ascii	"\000\004\0100\340\200\000\000\000\000\000\000\000\000"
 1051      E0800000 
 1051      00000000 
 1051      0000
 1052 0152 000001FF 		.ascii	"\000\000\001\377\376\000\000\000\000\000\000@ \030\017"
 1052      FE000000 
 1052      00000040 
 1052      20180F
 1053 0161 03000000 		.ascii	"\003\000\000\000\000\000\000"
 1053      000000
 1054 0168 00000000 		.ascii	"\000\000\000\000\000\000\300\000\000\000\000\000\000"
 1054      0000C000 
 1054      00000000 
 1054      00
 1055 0175 4266663C 		.ascii	"Bff<\030\377\030<ffB\000\000\000\000\000\000\003\000"
 1055      18FF183C 
 1055      66664200 
 1055      00000000 
 1055      000300
 1056 0188 00000000 		.ascii	"\000\000\000\000"
 1057 018c 00000000 		.ascii	"\000\000\000\000\000\000\200\000\000\000\000\000\000"
 1057      00008000 
 1057      00000000 
 1057      00
 1058 0199 10101010 		.ascii	"\020\020\020\020\020\377\020\020\020\020\020\000\000"
 1058      10FF1010 
 1058      10101000 
 1058      00
 1059 01a6 00000000 		.ascii	"\000\000\000\000\003\000\000\000\000\000"
 1059      03000000 
 1059      0000
 1060 01b0 00000000 		.ascii	"\000\000\000\000\000\000\000\000\000\000\000\000\000"
 1060      00000000 
 1060      00000000 
 1060      00
ARM GAS  C:\Users\10369\AppData\Local\Temp\ccOVVvo3.s 			page 29


 1061 01bd 00000000 		.ascii	"\000\000\000\000\000\000\000\000\000\000\000\000\200"
 1061      00000000 
 1061      00000000 
 1061      80
 1062 01ca 8C4C3800 		.ascii	"\214L8\000\000\000\000\000\000\000"
 1062      00000000 
 1062      0000
 1063 01d4 00000000 		.ascii	"\000\000\000\000\000\000\000\000\000\000\000\000\000"
 1063      00000000 
 1063      00000000 
 1063      00
 1064 01e1 10101010 		.ascii	"\020\020\020\020\020\020\020\020\020\020\000\000\000"
 1064      10101010 
 1064      10100000 
 1064      00
 1065 01ee 00000000 		.ascii	"\000\000\000\000\000\000\000\000\000\000"
 1065      00000000 
 1065      0000
 1066 01f8 00000000 		.ascii	"\000\000\000\000\000\000\000\000\000\000\000\000\000"
 1066      00000000 
 1066      00000000 
 1066      00
 1067 0205 00000000 		.ascii	"\000\000\000\000\000\000\000\000\000\000\000\000\000"
 1067      00000000 
 1067      00000000 
 1067      00
 1068 0212 1C1C1C00 		.ascii	"\034\034\034\000\000\000\000\000\000\000"
 1068      00000000 
 1068      0000
 1069 021c 00000000 		.ascii	"\000\000\000\000\000\000\000\000\3408\014\000\000\000"
 1069      00000000 
 1069      E0380C00 
 1069      0000
 1070 022a 00008070 		.ascii	"\000\000\200p\034\003\000\000\000\000\000`8\016\001"
 1070      1C030000 
 1070      00000060 
 1070      380E01
 1071 0239 00000000 		.ascii	"\000\000\000\000\000\000\000"
 1071      000000
 1072 0240 000080C0 		.ascii	"\000\000\200\300`  `\300\200\000\000\000\376\377\001"
 1072      60202060 
 1072      C0800000 
 1072      00FEFF01 
 1073 0250 00000000 		.ascii	"\000\000\000\000\001\377\376\000\000\001\007\016\030"
 1073      01FFFE00 
 1073      0001070E 
 1073      18
 1074 025d 1010180E 		.ascii	"\020\020\030\016\007\001\000"
 1074      070100
 1075 0264 00008080 		.ascii	"\000\000\200\200\200\300\340\000\000\000\000\000\000"
 1075      80C0E000 
 1075      00000000 
 1075      00
 1076 0271 00000000 		.ascii	"\000\000\000\000\377\377\000\000\000\000\000\000\000"
 1076      FFFF0000 
 1076      00000000 
 1076      00
ARM GAS  C:\Users\10369\AppData\Local\Temp\ccOVVvo3.s 			page 30


 1077 027e 1010101F 		.ascii	"\020\020\020\037\037\020\020\020\000\000"
 1077      1F101010 
 1077      0000
 1078 0288 00804020 		.ascii	"\000\200@    `\300\200\000\000\000\003\003\000\200@"
 1078      20202060 
 1078      C0800000 
 1078      00030300 
 1078      8040
 1079 029a 20381F07 		.ascii	" 8\037\007\000\000\000\034\032\031\030\030\030\030\030"
 1079      0000001C 
 1079      1A191818 
 1079      181818
 1080 02a9 1F0000   		.ascii	"\037\000\000"
 1081 02ac 0080C020 		.ascii	"\000\200\300   `\300\200\000\000\000\000\003\003\000"
 1081      202060C0 
 1081      80000000 
 1081      00030300 
 1082 02bc 1010182F 		.ascii	"\020\020\030/\347\200\000\000\000\007\017\020\020\020"
 1082      E7800000 
 1082      00070F10 
 1082      1010
 1083 02ca 10180F07 		.ascii	"\020\030\017\007\000\000"
 1083      0000
 1084 02d0 00000000 		.ascii	"\000\000\000\000\000\000\300\340\360\000\000\000\000"
 1084      0000C0E0 
 1084      F0000000 
 1084      00
 1085 02dd C0B08886 		.ascii	"\300\260\210\206\201\200\377\377\200\200\000\000\000"
 1085      8180FFFF 
 1085      80800000 
 1085      00
 1086 02ea 00000010 		.ascii	"\000\000\000\020\020\037\037\020\020\000"
 1086      101F1F10 
 1086      1000
 1087 02f4 0000E060 		.ascii	"\000\000\340```````\000\000\000\000?\020\010\010\010"
 1087      60606060 
 1087      60600000 
 1087      00003F10 
 1087      080808
 1088 0307 18F0E000 		.ascii	"\030\360\340\000\000\000\007\013\020\020\020\020\034"
 1088      0000070B 
 1088      10101010 
 1088      1C
 1089 0314 0F030000 		.ascii	"\017\003\000\000"
 1090 0318 000080C0 		.ascii	"\000\000\200\300@   \340\300\000\000\000\374\377!\020"
 1090      40202020 
 1090      E0C00000 
 1090      00FCFF21 
 1090      10
 1091 0329 08080818 		.ascii	"\010\010\010\030\360\340\000\000\001\007\014\030\020"
 1091      F0E00000 
 1091      01070C18 
 1091      10
 1092 0336 1010080F 		.ascii	"\020\020\010\017\003\000"
 1092      0300
 1093 033c 0000C0E0 		.ascii	"\000\000\300\340`````\340`\000\000\000\003\000\000\000"
 1093      60606060 
ARM GAS  C:\Users\10369\AppData\Local\Temp\ccOVVvo3.s 			page 31


 1093      60E06000 
 1093      00000300 
 1093      0000
 1094 034e E0180700 		.ascii	"\340\030\007\000\000\000\000\000\000\000\000\037\037"
 1094      00000000 
 1094      0000001F 
 1094      1F
 1095 035b 00000000 		.ascii	"\000\000\000\000\000"
 1095      00
 1096 0360 0080C060 		.ascii	"\000\200\300`    `\300\200\000\000\207\357,\030\030"
 1096      20202020 
 1096      60C08000 
 1096      0087EF2C 
 1096      1818
 1097 0372 303068CF 		.ascii	"00h\317\203\000\000\007\017\010\020\020\020\020\030"
 1097      83000007 
 1097      0F081010 
 1097      101018
 1098 0381 0F0700   		.ascii	"\017\007\000"
 1099 0384 0000C0C0 		.ascii	"\000\000\300\300    \300\200\000\000\000\037?`@@@ \020"
 1099      20202020 
 1099      C0800000 
 1099      001F3F60 
 1099      40404020 
 1100 0399 FFFE0000 		.ascii	"\377\376\000\000\000\014\034\020\020\020\010\017\003"
 1100      000C1C10 
 1100      1010080F 
 1100      03
 1101 03a6 0000     		.ascii	"\000\000"
 1102 03a8 00000000 		.ascii	"\000\000\000\000\000\000\000\000\000\000\000\000\000"
 1102      00000000 
 1102      00000000 
 1102      00
 1103 03b5 00000000 		.ascii	"\000\000\000\000\016\016\016\000\000\000\000\000\000"
 1103      0E0E0E00 
 1103      00000000 
 1103      00
 1104 03c2 0000001C 		.ascii	"\000\000\000\034\034\034\000\000\000\000"
 1104      1C1C0000 
 1104      0000
 1105 03cc 00000000 		.ascii	"\000\000\000\000\000\000\000\000\000\000\000\000\000"
 1105      00000000 
 1105      00000000 
 1105      00
 1106 03d9 00000000 		.ascii	"\000\000\000\000\014\014\000\000\000\000\000\000\000"
 1106      0C0C0000 
 1106      00000000 
 1106      00
 1107 03e6 00000058 		.ascii	"\000\000\000X8\000\000\000\000\000"
 1107      38000000 
 1107      0000
 1108 03f0 00000000 		.ascii	"\000\000\000\000\000\000\000\200@ \020\000\000\000\020"
 1108      00000080 
 1108      40201000 
 1108      000010
 1109 03ff 28448201 		.ascii	"(D\202\001\000\000\000\000\000\000\000\000\000\000\000"
 1109      00000000 
ARM GAS  C:\Users\10369\AppData\Local\Temp\ccOVVvo3.s 			page 32


 1109      00000000 
 1109      000000
 1110 040e 01020408 		.ascii	"\001\002\004\010\020\000"
 1110      1000
 1111 0414 00000000 		.ascii	"\000\000\000\000\000\000\000\000\000\000\000\000\000"
 1111      00000000 
 1111      00000000 
 1111      00
 1112 0421 84848484 		.ascii	"\204\204\204\204\204\204\204\204\204\204\000\000\000"
 1112      84848484 
 1112      84840000 
 1112      00
 1113 042e 00000000 		.ascii	"\000\000\000\000\000\000\000\000\000\000"
 1113      00000000 
 1113      0000
 1114 0438 00001020 		.ascii	"\000\000\020 @\200\000\000\000\000\000\000\000\000\000"
 1114      40800000 
 1114      00000000 
 1114      000000
 1115 0447 00000001 		.ascii	"\000\000\000\001\202D(\020\000\000\000\020\010\004\002"
 1115      82442810 
 1115      00000010 
 1115      080402
 1116 0456 01000000 		.ascii	"\001\000\000\000\000\000"
 1116      0000
 1117 045c 00C02020 		.ascii	"\000\300  \020\020\020\0200\340\300\000\000\003\003"
 1117      10101010 
 1117      30E0C000 
 1117      000303
 1118 046b 0000F010 		.ascii	"\000\000\360\020\010\014\007\003\000\000\000\000\000"
 1118      080C0703 
 1118      00000000 
 1118      00
 1119 0478 1C1C1C00 		.ascii	"\034\034\034\000\000\000\000\000"
 1119      00000000 
 1120 0480 000000C0 		.ascii	"\000\000\000\300@`   @\300\000\000\374\377\001\360\016"
 1120      40602020 
 1120      2040C000 
 1120      00FCFF01 
 1120      F00E
 1121 0492 03C1FE03 		.ascii	"\003\301\376\003\200\177\000\001\007\016\010\021\021"
 1121      807F0001 
 1121      070E0811 
 1121      11
 1122 049f 10110904 		.ascii	"\020\021\011\004\002"
 1122      02
 1123 04a4 00000000 		.ascii	"\000\000\000\000\200\340\340\000\000\000\000\000\000"
 1123      80E0E000 
 1123      00000000 
 1123      00
 1124 04b1 00807C43 		.ascii	"\000\200|C@G\177\370\200\000\000\020\030\037\020\000"
 1124      40477FF8 
 1124      80000010 
 1124      181F1000 
 1125 04c1 00000013 		.ascii	"\000\000\000\023\037\034\020"
 1125      1F1C10
 1126 04c8 20E0E020 		.ascii	" \340\340    `\300\200\000\000\000\377\377\020\020\020"
ARM GAS  C:\Users\10369\AppData\Local\Temp\ccOVVvo3.s 			page 33


 1126      20202060 
 1126      C0800000 
 1126      00FFFF10 
 1126      1010
 1127 04da 10182FE7 		.ascii	"\020\030/\347\200\000\020\037\037\020\020\020\020\020"
 1127      8000101F 
 1127      1F101010 
 1127      1010
 1128 04e8 180F0700 		.ascii	"\030\017\007\000"
 1129 04ec 000080C0 		.ascii	"\000\000\200\300@    `\340\000\000\374\377\001\000\000"
 1129      40202020 
 1129      2060E000 
 1129      00FCFF01 
 1129      0000
 1130 04fe 00000000 		.ascii	"\000\000\000\000\001\000\000\001\007\016\030\020\020"
 1130      01000001 
 1130      070E1810 
 1130      10
 1131 050b 10080403 		.ascii	"\020\010\004\003\000"
 1131      00
 1132 0510 20E0E020 		.ascii	" \340\340    @\300\200\000\000\000\377\377\000\000\000"
 1132      20202040 
 1132      C0800000 
 1132      00FFFF00 
 1132      0000
 1133 0522 000001FF 		.ascii	"\000\000\001\377\376\000\020\037\037\020\020\020\030"
 1133      FE00101F 
 1133      1F101010 
 1133      18
 1134 052f 080E0701 		.ascii	"\010\016\007\001\000"
 1134      00
 1135 0534 20E0E020 		.ascii	" \340\340      `\200\000\000\377\377\020\020\020\020"
 1135      20202020 
 1135      20608000 
 1135      00FFFF10 
 1135      101010
 1136 0547 7C000000 		.ascii	"|\000\000\000\000\020\037\037\020\020\020\020\020\020"
 1136      00101F1F 
 1136      10101010 
 1136      1010
 1137 0555 180600   		.ascii	"\030\006\000"
 1138 0558 20E0E020 		.ascii	" \340\340     ``\200\000\000\377\377\020\020\020\020"
 1138      20202020 
 1138      60608000 
 1138      00FFFF10 
 1138      101010
 1139 056b 7C000001 		.ascii	"|\000\000\001\000\020\037\037\020\000\000\000\000\000"
 1139      00101F1F 
 1139      10000000 
 1139      0000
 1140 0579 000000   		.ascii	"\000\000\000"
 1141 057c 000080C0 		.ascii	"\000\000\200\300`   @\340\000\000\000\374\377\001\000"
 1141      60202020 
 1141      40E00000 
 1141      00FCFF01 
 1141      00
 1142 058d 004040C0 		.ascii	"\000@@\300\301@@\000\001\007\016\030\020\020\020\017"
ARM GAS  C:\Users\10369\AppData\Local\Temp\ccOVVvo3.s 			page 34


 1142      C1404000 
 1142      01070E18 
 1142      1010100F 
 1143 059d 0F0000   		.ascii	"\017\000\000"
 1144 05a0 20E0E020 		.ascii	" \340\340 \000\000\000\000 \340\340 \000\377\377\020"
 1144      00000000 
 1144      20E0E020 
 1144      00FFFF10 
 1145 05b0 10101010 		.ascii	"\020\020\020\020\020\377\377\000\020\037\037\020\000"
 1145      10FFFF00 
 1145      101F1F10 
 1145      00
 1146 05bd 00000010 		.ascii	"\000\000\000\020\037\037\020"
 1146      1F1F10
 1147 05c4 00002020 		.ascii	"\000\000   \340\340   \000\000\000\000\000\000\000\377"
 1147      20E0E020 
 1147      20200000 
 1147      00000000 
 1147      00FF
 1148 05d6 FF000000 		.ascii	"\377\000\000\000\000\000\000\000\020\020\020\037\037"
 1148      00000000 
 1148      1010101F 
 1148      1F
 1149 05e3 10101000 		.ascii	"\020\020\020\000\000"
 1149      00
 1150 05e8 00000000 		.ascii	"\000\000\000\000   \340\340   \000\000\000\000\000\000"
 1150      202020E0 
 1150      E0202020 
 1150      00000000 
 1150      0000
 1151 05fa 00FFFF00 		.ascii	"\000\377\377\000\000\000\000`\340\200\200\200\300\177"
 1151      00000060 
 1151      E0808080 
 1151      C07F
 1152 0608 3F000000 		.ascii	"?\000\000\000"
 1153 060c 20E0E020 		.ascii	" \340\340 \000\000 \240`  \000\000\377\3770\030|\343"
 1153      000020A0 
 1153      60202000 
 1153      00FFFF30 
 1153      187CE3
 1154 061f C0000000 		.ascii	"\300\000\000\000\000\020\037\037\020\000\000\001\023"
 1154      00101F1F 
 1154      10000001 
 1154      13
 1155 062c 1F1C1810 		.ascii	"\037\034\030\020"
 1156 0630 20E0E020 		.ascii	" \340\340 \000\000\000\000\000\000\000\000\000\377\377"
 1156      00000000 
 1156      00000000 
 1156      00FFFF
 1157 063f 00000000 		.ascii	"\000\000\000\000\000\000\000\000\000\020\037\037\020"
 1157      00000000 
 1157      00101F1F 
 1157      10
 1158 064c 10101010 		.ascii	"\020\020\020\020\020\030\006\000"
 1158      10180600 
 1159 0654 20E0E0E0 		.ascii	" \340\340\340\000\000\000\000\340\340\340 \000\377\001"
 1159      00000000 
ARM GAS  C:\Users\10369\AppData\Local\Temp\ccOVVvo3.s 			page 35


 1159      E0E0E020 
 1159      00FF01
 1160 0663 3FFEC0E0 		.ascii	"?\376\300\340\036\001\377\377\000\020\037\020\000\003"
 1160      1E01FFFF 
 1160      00101F10 
 1160      0003
 1161 0671 1F030010 		.ascii	"\037\003\000\020\037\037\020"
 1161      1F1F10
 1162 0678 20E0E0C0 		.ascii	" \340\340\300\000\000\000\000\000 \340 \000\377\000"
 1162      00000000 
 1162      0020E020 
 1162      00FF00
 1163 0687 03071C78 		.ascii	"\003\007\034x\340\200\000\377\000\020\037\020\000\000"
 1163      E08000FF 
 1163      00101F10 
 1163      0000
 1164 0695 00000003 		.ascii	"\000\000\000\003\017\037\000"
 1164      0F1F00
 1165 069c 000080C0 		.ascii	"\000\000\200\300`  `\300\200\000\000\000\376\377\001"
 1165      60202060 
 1165      C0800000 
 1165      00FEFF01 
 1166 06ac 00000000 		.ascii	"\000\000\000\000\000\377\376\000\000\001\007\016\030"
 1166      00FFFE00 
 1166      0001070E 
 1166      18
 1167 06b9 1010180C 		.ascii	"\020\020\030\014\007\001\000"
 1167      070100
 1168 06c0 20E0E020 		.ascii	" \340\340     `\300\200\000\000\377\377     0\037\017"
 1168      20202020 
 1168      60C08000 
 1168      00FFFF20 
 1168      20202020 
 1169 06d7 00101F1F 		.ascii	"\000\020\037\037\020\000\000\000\000\000\000\000\000"
 1169      10000000 
 1169      00000000 
 1169      00
 1170 06e4 000080C0 		.ascii	"\000\000\200\300`  `\300\200\000\000\000\376\377\001"
 1170      60202060 
 1170      C0800000 
 1170      00FEFF01 
 1171 06f4 00000000 		.ascii	"\000\000\000\000\000\377\376\000\000\001\007\016\021"
 1171      00FFFE00 
 1171      0001070E 
 1171      11
 1172 0701 11133C7C 		.ascii	"\021\023<|g!\000"
 1172      672100
 1173 0708 20E0E020 		.ascii	" \340\340     `\300\200\000\000\377\377\020\0200\360"
 1173      20202020 
 1173      60C08000 
 1173      00FFFF10 
 1173      1030F0
 1174 071b D0080F07 		.ascii	"\320\010\017\007\000\020\037\037\020\000\000\000\003"
 1174      00101F1F 
 1174      10000000 
 1174      03
 1175 0728 0F1C1010 		.ascii	"\017\034\020\020"
ARM GAS  C:\Users\10369\AppData\Local\Temp\ccOVVvo3.s 			page 36


 1176 072c 0080C060 		.ascii	"\000\200\300`    @@\340\000\000\007\017\014\030\030"
 1176      20202020 
 1176      4040E000 
 1176      00070F0C 
 1176      1818
 1177 073e 303060E0 		.ascii	"00`\340\201\000\000\037\014\010\020\020\020\020\030"
 1177      8100001F 
 1177      0C081010 
 1177      101018
 1178 074d 0F0700   		.ascii	"\017\007\000"
 1179 0750 80602020 		.ascii	"\200`   \340\340   `\200\001\000\000\000\000\377\377"
 1179      20E0E020 
 1179      20206080 
 1179      01000000 
 1179      00FFFF
 1180 0763 00000000 		.ascii	"\000\000\000\000\001\000\000\000\000\020\037\037\020"
 1180      01000000 
 1180      00101F1F 
 1180      10
 1181 0770 00000000 		.ascii	"\000\000\000\000"
 1182 0774 20E0E020 		.ascii	" \340\340 \000\000\000\000\000 \340 \000\377\377\000"
 1182      00000000 
 1182      0020E020 
 1182      00FFFF00 
 1183 0784 00000000 		.ascii	"\000\000\000\000\000\000\377\000\000\007\017\030\020"
 1183      0000FF00 
 1183      00070F18 
 1183      10
 1184 0791 10101010 		.ascii	"\020\020\020\020\010\007\000"
 1184      080700
 1185 0798 2060E0E0 		.ascii	" `\340\340 \000\000\000 \340` \000\000\007\177\370\200"
 1185      20000000 
 1185      20E06020 
 1185      0000077F 
 1185      F880
 1186 07aa 00807C03 		.ascii	"\000\200|\003\000\000\000\000\000\000\007\037\034\007"
 1186      00000000 
 1186      0000071F 
 1186      1C07
 1187 07b8 00000000 		.ascii	"\000\000\000\000"
 1188 07bc 20E0E020 		.ascii	" \340\340 \000\340\340 \000 \340 \000\007\377\370\340"
 1188      00E0E020 
 1188      0020E020 
 1188      0007FFF8 
 1188      E0
 1189 07cd 1FFFFCE0 		.ascii	"\037\377\374\340\037\000\000\000\000\003\037\003\000"
 1189      1F000000 
 1189      00031F03 
 1189      00
 1190 07da 011F0300 		.ascii	"\001\037\003\000\000\000"
 1190      0000
 1191 07e0 002060E0 		.ascii	"\000 `\340\240\000\000 \340` \000\000\000\000\003\217"
 1191      A0000020 
 1191      E0602000 
 1191      00000003 
 1191      8F
 1192 07f1 7CF8C601 		.ascii	"|\370\306\001\000\000\000\000\020\030\036\023\000\001"
ARM GAS  C:\Users\10369\AppData\Local\Temp\ccOVVvo3.s 			page 37


 1192      00000000 
 1192      10181E13 
 1192      0001
 1193 07ff 171F1810 		.ascii	"\027\037\030\020\000"
 1193      00
 1194 0804 2060E0E0 		.ascii	" `\340\340 \000\000\000 \340` \000\000\001\007>\370"
 1194      20000000 
 1194      20E06020 
 1194      00000107 
 1194      3EF8
 1195 0816 E0180700 		.ascii	"\340\030\007\000\000\000\000\000\000\020\020\037\037"
 1195      00000000 
 1195      0010101F 
 1195      1F
 1196 0823 10100000 		.ascii	"\020\020\000\000\000"
 1196      00
 1197 0828 00806020 		.ascii	"\000\200`    \240\340\340 \000\000\000\000\000\300\360"
 1197      202020A0 
 1197      E0E02000 
 1197      00000000 
 1197      C0F0
 1198 083a 3E0F0300 		.ascii	">\017\003\000\000\000\000\020\034\037\027\020\020\020"
 1198      00000010 
 1198      1C1F1710 
 1198      1010
 1199 0848 10180600 		.ascii	"\020\030\006\000"
 1200 084c 00000000 		.ascii	"\000\000\000\000\000\374\004\004\004\004\004\000\000"
 1200      00FC0404 
 1200      04040400 
 1200      00
 1201 0859 00000000 		.ascii	"\000\000\000\000\377\000\000\000\000\000\000\000\000"
 1201      FF000000 
 1201      00000000 
 1201      00
 1202 0866 0000007F 		.ascii	"\000\000\000\177@@@@@\000"
 1202      40404040 
 1202      4000
 1203 0870 000010E0 		.ascii	"\000\000\020\340\000\000\000\000\000\000\000\000\000"
 1203      00000000 
 1203      00000000 
 1203      00
 1204 087d 00000003 		.ascii	"\000\000\000\003\034`\200\000\000\000\000\000\000\000"
 1204      1C608000 
 1204      00000000 
 1204      0000
 1205 088b 00000000 		.ascii	"\000\000\000\000\003\014p\200\000"
 1205      030C7080 
 1205      00
 1206 0894 00000404 		.ascii	"\000\000\004\004\004\004\004\374\000\000\000\000\000"
 1206      040404FC 
 1206      00000000 
 1206      00
 1207 08a1 00000000 		.ascii	"\000\000\000\000\000\000\377\000\000\000\000\000\000"
 1207      0000FF00 
 1207      00000000 
 1207      00
 1208 08ae 40404040 		.ascii	"@@@@@\177\000\000\000\000"
ARM GAS  C:\Users\10369\AppData\Local\Temp\ccOVVvo3.s 			page 38


 1208      407F0000 
 1208      0000
 1209 08b8 00000010 		.ascii	"\000\000\000\020\010\014\004\014\010\020\000\000\000"
 1209      080C040C 
 1209      08100000 
 1209      00
 1210 08c5 00000000 		.ascii	"\000\000\000\000\000\000\000\000\000\000\000\000\000"
 1210      00000000 
 1210      00000000 
 1210      00
 1211 08d2 00000000 		.ascii	"\000\000\000\000\000\000\000\000\000\000"
 1211      00000000 
 1211      0000
 1212 08dc 00000000 		.ascii	"\000\000\000\000\000\000\000\000\000\000\000\000\000"
 1212      00000000 
 1212      00000000 
 1212      00
 1213 08e9 00000000 		.ascii	"\000\000\000\000\000\000\000\000\000\000\000\200\200"
 1213      00000000 
 1213      00000080 
 1213      80
 1214 08f6 80808080 		.ascii	"\200\200\200\200\200\200\200\200\200\200"
 1214      80808080 
 1214      8080
 1215 0900 00000004 		.ascii	"\000\000\000\004\004\010\010\000\000\000\000\000\000"
 1215      04080800 
 1215      00000000 
 1215      00
 1216 090d 00000000 		.ascii	"\000\000\000\000\000\000\000\000\000\000\000\000\000"
 1216      00000000 
 1216      00000000 
 1216      00
 1217 091a 00000000 		.ascii	"\000\000\000\000\000\000\000\000\000\000"
 1217      00000000 
 1217      0000
 1218 0924 00000000 		.ascii	"\000\000\000\000\000\000\000\000\000\000\000\000\000"
 1218      00000000 
 1218      00000000 
 1218      00
 1219 0931 0098D844 		.ascii	"\000\230\330Dd$$\374\370\000\000\000\017\037\030\020"
 1219      642424FC 
 1219      F8000000 
 1219      0F1F1810 
 1220 0941 1010081F 		.ascii	"\020\020\010\037\037\020\030"
 1220      1F1018
 1221 0948 0020E0F0 		.ascii	"\000 \340\360\000\000\000\000\000\000\000\000\000\000"
 1221      00000000 
 1221      00000000 
 1221      0000
 1222 0956 FFFF1808 		.ascii	"\377\377\030\010\004\004\014\370\360\000\000\000\037"
 1222      04040CF8 
 1222      F0000000 
 1222      1F
 1223 0963 0F181010 		.ascii	"\017\030\020\020\020\030\017\003\000"
 1223      10180F03 
 1223      00
 1224 096c 00000000 		.ascii	"\000\000\000\000\000\000\000\000\000\000\000\000\000"
ARM GAS  C:\Users\10369\AppData\Local\Temp\ccOVVvo3.s 			page 39


 1224      00000000 
 1224      00000000 
 1224      00
 1225 0979 E0F81804 		.ascii	"\340\370\030\004\004\004<8\000\000\000\000\003\017\014"
 1225      04043C38 
 1225      00000000 
 1225      030F0C
 1226 0988 10101010 		.ascii	"\020\020\020\020\010\006\000\000"
 1226      08060000 
 1227 0990 00000000 		.ascii	"\000\000\000\000\000\000\000 \340\360\000\000\000\340"
 1227      00000020 
 1227      E0F00000 
 1227      00E0
 1228 099e F81C0404 		.ascii	"\370\034\004\004\004\010\377\377\000\000\000\003\017"
 1228      0408FFFF 
 1228      00000003 
 1228      0F
 1229 09ab 18101010 		.ascii	"\030\020\020\020\010\037\017\010\000"
 1229      081F0F08 
 1229      00
 1230 09b4 00000000 		.ascii	"\000\000\000\000\000\000\000\000\000\000\000\000\000"
 1230      00000000 
 1230      00000000 
 1230      00
 1231 09c1 00E0F848 		.ascii	"\000\340\370HDDDLxp\000\000\000\003\017\014\030\020"
 1231      4444444C 
 1231      78700000 
 1231      00030F0C 
 1231      1810
 1232 09d3 10100804 		.ascii	"\020\020\010\004\000"
 1232      00
 1233 09d8 00000000 		.ascii	"\000\000\000\000\200\300`  \340\300\000\000\004\004"
 1233      80C06020 
 1233      20E0C000 
 1233      000404
 1234 09e7 04FFFF04 		.ascii	"\004\377\377\004\004\004\004\000\000\000\000\020\020"
 1234      04040400 
 1234      00000010 
 1234      10
 1235 09f4 1F1F1010 		.ascii	"\037\037\020\020\020\000\000\000"
 1235      10000000 
 1236 09fc 00000000 		.ascii	"\000\000\000\000\000\000\000\000\000\000\000\000\000"
 1236      00000000 
 1236      00000000 
 1236      00
 1237 0a09 0070F88C 		.ascii	"\000p\370\214\004\004\214\370t\004\014\000pv\317\215"
 1237      04048CF8 
 1237      74040C00 
 1237      7076CF8D 
 1238 0a19 8D8D89C8 		.ascii	"\215\215\211\310xp\000"
 1238      787000
 1239 0a20 0020E0F0 		.ascii	"\000 \340\360\000\000\000\000\000\000\000\000\000\000"
 1239      00000000 
 1239      00000000 
 1239      0000
 1240 0a2e FFFF0804 		.ascii	"\377\377\010\004\004\004\374\370\000\000\000\020\037"
 1240      0404FCF8 
ARM GAS  C:\Users\10369\AppData\Local\Temp\ccOVVvo3.s 			page 40


 1240      00000010 
 1240      1F
 1241 0a3b 1F100000 		.ascii	"\037\020\000\000\020\037\037\020\000"
 1241      101F1F10 
 1241      00
 1242 0a44 00000000 		.ascii	"\000\000\000\000\000``\000\000\000\000\000\000\000\004"
 1242      00606000 
 1242      00000000 
 1242      000004
 1243 0a53 0404FCFC 		.ascii	"\004\004\374\374\000\000\000\000\000\000\000\020\020"
 1243      00000000 
 1243      00000010 
 1243      10
 1244 0a60 101F1F10 		.ascii	"\020\037\037\020\020\020\000\000"
 1244      10100000 
 1245 0a68 00000000 		.ascii	"\000\000\000\000\000\000\000``\000\000\000\000\000\000"
 1245      00000060 
 1245      60000000 
 1245      000000
 1246 0a77 00040404 		.ascii	"\000\004\004\004\374\374\000\000\000\000\000\300\300"
 1246      FCFC0000 
 1246      000000C0 
 1246      C0
 1247 0a84 8080C07F 		.ascii	"\200\200\300\177?\000\000\000"
 1247      3F000000 
 1248 0a8c 0020E0F0 		.ascii	"\000 \340\360\000\000\000\000\000\000\000\000\000\000"
 1248      00000000 
 1248      00000000 
 1248      0000
 1249 0a9a FFFF80C0 		.ascii	"\377\377\200\300\364\034\004\004\000\000\000\020\037"
 1249      F41C0404 
 1249      00000010 
 1249      1F
 1250 0aa7 1F110003 		.ascii	"\037\021\000\003\037\034\020\020\000"
 1250      1F1C1010 
 1250      00
 1251 0ab0 00002020 		.ascii	"\000\000   \340\360\000\000\000\000\000\000\000\000"
 1251      20E0F000 
 1251      00000000 
 1251      000000
 1252 0abf 0000FFFF 		.ascii	"\000\000\377\377\000\000\000\000\000\000\000\020\020"
 1252      00000000 
 1252      00000010 
 1252      10
 1253 0acc 101F1F10 		.ascii	"\020\037\037\020\020\020\000\000"
 1253      10100000 
 1254 0ad4 00000000 		.ascii	"\000\000\000\000\000\000\000\000\000\000\000\000\004"
 1254      00000000 
 1254      00000000 
 1254      04
 1255 0ae1 FCFC0804 		.ascii	"\374\374\010\004\374\374\010\004\374\374\000\020\037"
 1255      FCFC0804 
 1255      FCFC0010 
 1255      1F
 1256 0aee 1F10001F 		.ascii	"\037\020\000\037\037\020\000\037\037\020"
 1256      1F10001F 
 1256      1F10
ARM GAS  C:\Users\10369\AppData\Local\Temp\ccOVVvo3.s 			page 41


 1257 0af8 00000000 		.ascii	"\000\000\000\000\000\000\000\000\000\000\000\000\000"
 1257      00000000 
 1257      00000000 
 1257      00
 1258 0b05 04FCFC08 		.ascii	"\004\374\374\010\010\004\004\374\370\000\000\000\020"
 1258      080404FC 
 1258      F8000000 
 1258      10
 1259 0b12 1F1F1000 		.ascii	"\037\037\020\000\000\020\037\037\020\000"
 1259      00101F1F 
 1259      1000
 1260 0b1c 00000000 		.ascii	"\000\000\000\000\000\000\000\000\000\000\000\000\000"
 1260      00000000 
 1260      00000000 
 1260      00
 1261 0b29 E0F0180C 		.ascii	"\340\360\030\014\004\004\014\030\360\340\000\000\003"
 1261      04040C18 
 1261      F0E00000 
 1261      03
 1262 0b36 0F0C1010 		.ascii	"\017\014\020\020\020\020\014\017\003\000"
 1262      10100C0F 
 1262      0300
 1263 0b40 00000000 		.ascii	"\000\000\000\000\000\000\000\000\000\000\000\000\000"
 1263      00000000 
 1263      00000000 
 1263      00
 1264 0b4d 04FCFC08 		.ascii	"\004\374\374\010\004\004\004\014\370\360\000\000\200"
 1264      0404040C 
 1264      F8F00000 
 1264      80
 1265 0b5a FFFF8890 		.ascii	"\377\377\210\220\020\020\034\017\003\000"
 1265      10101C0F 
 1265      0300
 1266 0b64 00000000 		.ascii	"\000\000\000\000\000\000\000\000\000\000\000\000\000"
 1266      00000000 
 1266      00000000 
 1266      00
 1267 0b71 E0F81C04 		.ascii	"\340\370\034\004\004\004\010\370\374\000\000\000\003"
 1267      040408F8 
 1267      FC000000 
 1267      03
 1268 0b7e 0F181010 		.ascii	"\017\030\020\020\220\210\377\377\200\000"
 1268      9088FFFF 
 1268      8000
 1269 0b88 00000000 		.ascii	"\000\000\000\000\000\000\000\000\000\000\000\000\004"
 1269      00000000 
 1269      00000000 
 1269      04
 1270 0b95 0404FCFC 		.ascii	"\004\004\374\374\020\010\004\004\014\014\000\020\020"
 1270      10080404 
 1270      0C0C0010 
 1270      10
 1271 0ba2 101F1F10 		.ascii	"\020\037\037\020\020\020\000\000\000\000"
 1271      10100000 
 1271      0000
 1272 0bac 00000000 		.ascii	"\000\000\000\000\000\000\000\000\000\000\000\000\000"
 1272      00000000 
ARM GAS  C:\Users\10369\AppData\Local\Temp\ccOVVvo3.s 			page 42


 1272      00000000 
 1272      00
 1273 0bb9 003078CC 		.ascii	"\0000x\314\304\204\204\204\014\034\000\000\000\036\030"
 1273      C4848484 
 1273      0C1C0000 
 1273      001E18
 1274 0bc8 10101011 		.ascii	"\020\020\020\021\031\017\006\000"
 1274      190F0600 
 1275 0bd0 00000000 		.ascii	"\000\000\000\000\000\300\000\000\000\000\000\000\000"
 1275      00C00000 
 1275      00000000 
 1275      00
 1276 0bdd 040404FF 		.ascii	"\004\004\004\377\377\004\004\004\000\000\000\000\000"
 1276      FF040404 
 1276      00000000 
 1276      00
 1277 0bea 00000F1F 		.ascii	"\000\000\017\037\020\020\020\014\000\000"
 1277      1010100C 
 1277      0000
 1278 0bf4 00000000 		.ascii	"\000\000\000\000\000\000\000\000\000\000\000\000\000"
 1278      00000000 
 1278      00000000 
 1278      00
 1279 0c01 04FCFE00 		.ascii	"\004\374\376\000\000\000\004\374\376\000\000\000\000"
 1279      000004FC 
 1279      FE000000 
 1279      00
 1280 0c0e 0F1F1810 		.ascii	"\017\037\030\020\020\010\037\017\010\000"
 1280      10081F0F 
 1280      0800
 1281 0c18 00000000 		.ascii	"\000\000\000\000\000\000\000\000\000\000\000\000\000"
 1281      00000000 
 1281      00000000 
 1281      00
 1282 0c25 040C3CFC 		.ascii	"\004\014<\374\304\000\000\304<\014\004\000\000\000\000"
 1282      C40000C4 
 1282      3C0C0400 
 1282      000000
 1283 0c34 010F1E0E 		.ascii	"\001\017\036\016\001\000\000\000"
 1283      01000000 
 1284 0c3c 00000000 		.ascii	"\000\000\000\000\000\000\000\000\000\000\000\000\004"
 1284      00000000 
 1284      00000000 
 1284      04
 1285 0c49 3CFCC400 		.ascii	"<\374\304\000\344|\374\204\200|\004\000\000\007\037"
 1285      E47CFC84 
 1285      807C0400 
 1285      00071F
 1286 0c58 07000007 		.ascii	"\007\000\000\007\037\007\000\000"
 1286      1F070000 
 1287 0c60 00000000 		.ascii	"\000\000\000\000\000\000\000\000\000\000\000\000\000"
 1287      00000000 
 1287      00000000 
 1287      00
 1288 0c6d 04041C7C 		.ascii	"\004\004\034|\344\3004\034\004\004\000\000\020\020\034"
 1288      E4C0341C 
 1288      04040000 
ARM GAS  C:\Users\10369\AppData\Local\Temp\ccOVVvo3.s 			page 43


 1288      10101C
 1289 0c7c 1601131F 		.ascii	"\026\001\023\037\034\030\020\000"
 1289      1C181000 
 1290 0c84 00000000 		.ascii	"\000\000\000\000\000\000\000\000\000\000\000\000\000"
 1290      00000000 
 1290      00000000 
 1290      00
 1291 0c91 040C3CFC 		.ascii	"\004\014<\374\304\000\304<\004\004\000\000\000\300\200"
 1291      C400C43C 
 1291      04040000 
 1291      00C080
 1292 0ca0 C1370E01 		.ascii	"\3017\016\001\000\000\000\000"
 1292      00000000 
 1293 0ca8 00000000 		.ascii	"\000\000\000\000\000\000\000\000\000\000\000\000\000"
 1293      00000000 
 1293      00000000 
 1293      00
 1294 0cb5 001C0404 		.ascii	"\000\034\004\004\304\364|\034\004\000\000\000\000\020"
 1294      C4F47C1C 
 1294      04000000 
 1294      0010
 1295 0cc3 1C1F1711 		.ascii	"\034\037\027\021\020\020\030\016\000"
 1295      1010180E 
 1295      00
 1296 0ccc 00000000 		.ascii	"\000\000\000\000\000\000\000\370\014\004\000\000\000"
 1296      000000F8 
 1296      0C040000 
 1296      00
 1297 0cd9 00000000 		.ascii	"\000\000\000\000\020(\357\000\000\000\000\000\000\000"
 1297      1028EF00 
 1297      00000000 
 1297      0000
 1298 0ce7 00000000 		.ascii	"\000\000\000\000?`@\000\000"
 1298      3F604000 
 1298      00
 1299 0cf0 00000000 		.ascii	"\000\000\000\000\000\000\377\000\000\000\000\000\000"
 1299      0000FF00 
 1299      00000000 
 1299      00
 1300 0cfd 00000000 		.ascii	"\000\000\000\000\000\377\000\000\000\000\000\000\000"
 1300      00FF0000 
 1300      00000000 
 1300      00
 1301 0d0a 00000000 		.ascii	"\000\000\000\000\377\000\000\000\000\000"
 1301      FF000000 
 1301      0000
 1302 0d14 0000040C 		.ascii	"\000\000\004\014\370\000\000\000\000\000\000\000\000"
 1302      F8000000 
 1302      00000000 
 1302      00
 1303 0d21 000000EF 		.ascii	"\000\000\000\357(\020\000\000\000\000\000\000\000@`"
 1303      28100000 
 1303      00000000 
 1303      004060
 1304 0d30 3F000000 		.ascii	"?\000\000\000\000\000\000\000"
 1304      00000000 
 1305 0d38 00180602 		.ascii	"\000\030\006\002\002\004\010\020  0\010\000\000\000"
ARM GAS  C:\Users\10369\AppData\Local\Temp\ccOVVvo3.s 			page 44


 1305      02040810 
 1305      20203008 
 1305      000000
 1306 0d47 00000000 		.ascii	"\000\000\000\000\000\000\000\000\000\000\000\000\000"
 1306      00000000 
 1306      00000000 
 1306      00
 1307 0d54 00000000 		.ascii	"\000\000\000\000\000\000\000\000"
 1307      00000000 
 1308              		.global	ascii_8X16
 1309              		.section	.rodata.ascii_8X16,"a"
 1310              		.align	2
 1313              	ascii_8X16:
 1314 0000 00000000 		.ascii	"\000\000\000\000\000\000\000\000\000\000\000\000\000"
 1314      00000000 
 1314      00000000 
 1314      00
 1315 000d 000000   		.ascii	"\000\000\000"
 1316 0010 000000F8 		.ascii	"\000\000\000\370\000\000\000\000\000\000\00030\000\000"
 1316      00000000 
 1316      00000033 
 1316      300000
 1317 001f 00       		.ascii	"\000"
 1318 0020 00100C06 		.ascii	"\000\020\014\006\020\014\006\000\000\000\000\000\000"
 1318      100C0600 
 1318      00000000 
 1318      00
 1319 002d 000000   		.ascii	"\000\000\000"
 1320 0030 40C07840 		.ascii	"@\300x@\300x@\000\004?\004\004?\004\004\000"
 1320      C0784000 
 1320      043F0404 
 1320      3F040400 
 1321 0040 007088FC 		.ascii	"\000p\210\374\0100\000\000\000\030 \377!\036\000\000"
 1321      08300000 
 1321      001820FF 
 1321      211E0000 
 1322 0050 F008F000 		.ascii	"\360\010\360\000\340\030\000\000\000!\034\003\036!\036"
 1322      E0180000 
 1322      00211C03 
 1322      1E211E
 1323 005f 00       		.ascii	"\000"
 1324 0060 00F00888 		.ascii	"\000\360\010\210p\000\000\000\036!#$\031'!\020"
 1324      70000000 
 1324      1E212324 
 1324      19272110 
 1325 0070 10160E00 		.ascii	"\020\026\016\000\000\000\000\000\000\000\000\000\000"
 1325      00000000 
 1325      00000000 
 1325      00
 1326 007d 000000   		.ascii	"\000\000\000"
 1327 0080 000000E0 		.ascii	"\000\000\000\340\030\004\002\000\000\000\000\007\030"
 1327      18040200 
 1327      00000007 
 1327      18
 1328 008d 204000   		.ascii	" @\000"
 1329 0090 00020418 		.ascii	"\000\002\004\030\340\000\000\000\000@ \030\007\000\000"
 1329      E0000000 
ARM GAS  C:\Users\10369\AppData\Local\Temp\ccOVVvo3.s 			page 45


 1329      00402018 
 1329      070000
 1330 009f 00       		.ascii	"\000"
 1331 00a0 404080F0 		.ascii	"@@\200\360\200@@\000\002\002\001\017\001\002\002\000"
 1331      80404000 
 1331      0202010F 
 1331      01020200 
 1332 00b0 000000F0 		.ascii	"\000\000\000\360\000\000\000\000\001\001\001\037\001"
 1332      00000000 
 1332      0101011F 
 1332      01
 1333 00bd 010100   		.ascii	"\001\001\000"
 1334 00c0 00000000 		.ascii	"\000\000\000\000\000\000\000\000\200\260p\000\000\000"
 1334      00000000 
 1334      80B07000 
 1334      0000
 1335 00ce 0000     		.ascii	"\000\000"
 1336 00d0 00000000 		.ascii	"\000\000\000\000\000\000\000\000\000\001\001\001\001"
 1336      00000000 
 1336      00010101 
 1336      01
 1337 00dd 010101   		.ascii	"\001\001\001"
 1338 00e0 00000000 		.ascii	"\000\000\000\000\000\000\000\000\00000\000\000\000\000"
 1338      00000000 
 1338      00303000 
 1338      000000
 1339 00ef 00       		.ascii	"\000"
 1340 00f0 00000000 		.ascii	"\000\000\000\000\200`\030\004\000`\030\006\001\000\000"
 1340      80601804 
 1340      00601806 
 1340      010000
 1341 00ff 00       		.ascii	"\000"
 1342 0100 00E01008 		.ascii	"\000\340\020\010\010\020\340\000\000\017\020  \020\017"
 1342      0810E000 
 1342      000F1020 
 1342      20100F
 1343 010f 00       		.ascii	"\000"
 1344 0110 001010F8 		.ascii	"\000\020\020\370\000\000\000\000\000  ?  \000\000"
 1344      00000000 
 1344      0020203F 
 1344      20200000 
 1345 0120 00700808 		.ascii	"\000p\010\010\010\210p\000\0000($\"!0\000"
 1345      08887000 
 1345      00302824 
 1345      22213000 
 1346 0130 00300888 		.ascii	"\0000\010\210\210H0\000\000\030   \021\016\000"
 1346      88483000 
 1346      00182020 
 1346      20110E00 
 1347 0140 0000C020 		.ascii	"\000\000\300 \020\370\000\000\000\007\004$$?$\000"
 1347      10F80000 
 1347      00070424 
 1347      243F2400 
 1348 0150 00F80888 		.ascii	"\000\370\010\210\210\010\010\000\000\031!  \021\016"
 1348      88080800 
 1348      00192120 
 1348      20110E
ARM GAS  C:\Users\10369\AppData\Local\Temp\ccOVVvo3.s 			page 46


 1349 015f 00       		.ascii	"\000"
 1350 0160 00E01088 		.ascii	"\000\340\020\210\210\030\000\000\000\017\021  \021\016"
 1350      88180000 
 1350      000F1120 
 1350      20110E
 1351 016f 00       		.ascii	"\000"
 1352 0170 00380808 		.ascii	"\0008\010\010\3108\010\000\000\000\000?\000\000\000"
 1352      C8380800 
 1352      0000003F 
 1352      000000
 1353 017f 00       		.ascii	"\000"
 1354 0180 00708808 		.ascii	"\000p\210\010\010\210p\000\000\034\"!!\"\034\000"
 1354      08887000 
 1354      001C2221 
 1354      21221C00 
 1355 0190 00E01008 		.ascii	"\000\340\020\010\010\020\340\000\000\0001\"\"\021\017"
 1355      0810E000 
 1355      00003122 
 1355      22110F
 1356 019f 00       		.ascii	"\000"
 1357 01a0 000000C0 		.ascii	"\000\000\000\300\300\000\000\000\000\000\00000\000\000"
 1357      C0000000 
 1357      00000030 
 1357      300000
 1358 01af 00       		.ascii	"\000"
 1359 01b0 00000080 		.ascii	"\000\000\000\200\000\000\000\000\000\000\200`\000\000"
 1359      00000000 
 1359      00008060 
 1359      0000
 1360 01be 0000     		.ascii	"\000\000"
 1361 01c0 00008040 		.ascii	"\000\000\200@ \020\010\000\000\001\002\004\010\020 "
 1361      20100800 
 1361      00010204 
 1361      081020
 1362 01cf 00       		.ascii	"\000"
 1363 01d0 40404040 		.ascii	"@@@@@@@\000\004\004\004\004\004\004\004\000"
 1363      40404000 
 1363      04040404 
 1363      04040400 
 1364 01e0 00081020 		.ascii	"\000\010\020 @\200\000\000\000 \020\010\004\002\001"
 1364      40800000 
 1364      00201008 
 1364      040201
 1365 01ef 00       		.ascii	"\000"
 1366 01f0 00704808 		.ascii	"\000pH\010\010\010\360\000\000\000\00006\001\000\000"
 1366      0808F000 
 1366      00000030 
 1366      36010000 
 1367 0200 C030C828 		.ascii	"\3000\310(\350\020\340\000\007\030'$#\024\013\000"
 1367      E810E000 
 1367      07182724 
 1367      23140B00 
 1368 0210 0000C038 		.ascii	"\000\000\3008\340\000\000\000 <#\002\002'8 "
 1368      E0000000 
 1368      203C2302 
 1368      02273820 
 1369 0220 08F88888 		.ascii	"\010\370\210\210\210p\000\000 ?   \021\016\000"
ARM GAS  C:\Users\10369\AppData\Local\Temp\ccOVVvo3.s 			page 47


 1369      88700000 
 1369      203F2020 
 1369      20110E00 
 1370 0230 C0300808 		.ascii	"\3000\010\010\010\0108\000\007\030   \020\010\000"
 1370      08083800 
 1370      07182020 
 1370      20100800 
 1371 0240 08F80808 		.ascii	"\010\370\010\010\010\020\340\000 ?   \020\017\000"
 1371      0810E000 
 1371      203F2020 
 1371      20100F00 
 1372 0250 08F88888 		.ascii	"\010\370\210\210\350\010\020\000 ?  # \030\000"
 1372      E8081000 
 1372      203F2020 
 1372      23201800 
 1373 0260 08F88888 		.ascii	"\010\370\210\210\350\010\020\000 ? \000\003\000\000"
 1373      E8081000 
 1373      203F2000 
 1373      030000
 1374 026f 00       		.ascii	"\000"
 1375 0270 C0300808 		.ascii	"\3000\010\010\0108\000\000\007\030  \"\036\002\000"
 1375      08380000 
 1375      07182020 
 1375      221E0200 
 1376 0280 08F80800 		.ascii	"\010\370\010\000\000\010\370\010 ?!\001\001!? "
 1376      0008F808 
 1376      203F2101 
 1376      01213F20 
 1377 0290 000808F8 		.ascii	"\000\010\010\370\010\010\000\000\000  ?  \000\000"
 1377      08080000 
 1377      0020203F 
 1377      20200000 
 1378 02a0 00000808 		.ascii	"\000\000\010\010\370\010\010\000\300\200\200\200\177"
 1378      F8080800 
 1378      C0808080 
 1378      7F
 1379 02ad 000000   		.ascii	"\000\000\000"
 1380 02b0 08F888C0 		.ascii	"\010\370\210\300(\030\010\000 ? \001&8 \000"
 1380      28180800 
 1380      203F2001 
 1380      26382000 
 1381 02c0 08F80800 		.ascii	"\010\370\010\000\000\000\000\000 ?    0\000"
 1381      00000000 
 1381      203F2020 
 1381      20203000 
 1382 02d0 08F8F800 		.ascii	"\010\370\370\000\370\370\010\000 ?\000?\000? \000"
 1382      F8F80800 
 1382      203F003F 
 1382      003F2000 
 1383 02e0 08F830C0 		.ascii	"\010\3700\300\000\010\370\010 ? \000\007\030?\000"
 1383      0008F808 
 1383      203F2000 
 1383      07183F00 
 1384 02f0 E0100808 		.ascii	"\340\020\010\010\010\020\340\000\017\020   \020\017"
 1384      0810E000 
 1384      0F102020 
 1384      20100F
ARM GAS  C:\Users\10369\AppData\Local\Temp\ccOVVvo3.s 			page 48


 1385 02ff 00       		.ascii	"\000"
 1386 0300 08F80808 		.ascii	"\010\370\010\010\010\010\360\000 ?!\001\001\001\000"
 1386      0808F000 
 1386      203F2101 
 1386      010100
 1387 030f 00       		.ascii	"\000"
 1388 0310 E0100808 		.ascii	"\340\020\010\010\010\020\340\000\017\030$$8PO\000"
 1388      0810E000 
 1388      0F182424 
 1388      38504F00 
 1389 0320 08F88888 		.ascii	"\010\370\210\210\210\210p\000 ? \000\003\0140 "
 1389      88887000 
 1389      203F2000 
 1389      030C3020 
 1390 0330 00708808 		.ascii	"\000p\210\010\010\0108\000\0008 !!\"\034\000"
 1390      08083800 
 1390      00382021 
 1390      21221C00 
 1391 0340 180808F8 		.ascii	"\030\010\010\370\010\010\030\000\000\000 ? \000\000"
 1391      08081800 
 1391      0000203F 
 1391      200000
 1392 034f 00       		.ascii	"\000"
 1393 0350 08F80800 		.ascii	"\010\370\010\000\000\010\370\010\000\037    \037\000"
 1393      0008F808 
 1393      001F2020 
 1393      20201F00 
 1394 0360 08788800 		.ascii	"\010x\210\000\000\3108\010\000\000\0078\016\001\000"
 1394      00C83808 
 1394      00000738 
 1394      0E0100
 1395 036f 00       		.ascii	"\000"
 1396 0370 F80800F8 		.ascii	"\370\010\000\370\000\010\370\000\003<\007\000\007<\003"
 1396      0008F800 
 1396      033C0700 
 1396      073C03
 1397 037f 00       		.ascii	"\000"
 1398 0380 08186880 		.ascii	"\010\030h\200\200h\030\010 0,\003\003,0 "
 1398      80681808 
 1398      20302C03 
 1398      032C3020 
 1399 0390 0838C800 		.ascii	"\0108\310\000\3108\010\000\000\000 ? \000\000\000"
 1399      C8380800 
 1399      0000203F 
 1399      20000000 
 1400 03a0 10080808 		.ascii	"\020\010\010\010\3108\010\000 8&!  \030\000"
 1400      C8380800 
 1400      20382621 
 1400      20201800 
 1401 03b0 000000FE 		.ascii	"\000\000\000\376\002\002\002\000\000\000\000\177@@@"
 1401      02020200 
 1401      0000007F 
 1401      404040
 1402 03bf 00       		.ascii	"\000"
 1403 03c0 000C30C0 		.ascii	"\000\0140\300\000\000\000\000\000\000\000\001\0068\300"
 1403      00000000 
 1403      00000001 
ARM GAS  C:\Users\10369\AppData\Local\Temp\ccOVVvo3.s 			page 49


 1403      0638C0
 1404 03cf 00       		.ascii	"\000"
 1405 03d0 00020202 		.ascii	"\000\002\002\002\376\000\000\000\000@@@\177\000\000"
 1405      FE000000 
 1405      00404040 
 1405      7F0000
 1406 03df 00       		.ascii	"\000"
 1407 03e0 00000402 		.ascii	"\000\000\004\002\002\002\004\000\000\000\000\000\000"
 1407      02020400 
 1407      00000000 
 1407      00
 1408 03ed 000000   		.ascii	"\000\000\000"
 1409 03f0 00000000 		.ascii	"\000\000\000\000\000\000\000\000\200\200\200\200\200"
 1409      00000000 
 1409      80808080 
 1409      80
 1410 03fd 808080   		.ascii	"\200\200\200"
 1411 0400 00020204 		.ascii	"\000\002\002\004\000\000\000\000\000\000\000\000\000"
 1411      00000000 
 1411      00000000 
 1411      00
 1412 040d 000000   		.ascii	"\000\000\000"
 1413 0410 00008080 		.ascii	"\000\000\200\200\200\200\000\000\000\031$\"\"\"? "
 1413      80800000 
 1413      00192422 
 1413      22223F20 
 1414 0420 08F80080 		.ascii	"\010\370\000\200\200\000\000\000\000?\021  \021\016"
 1414      80000000 
 1414      003F1120 
 1414      20110E
 1415 042f 00       		.ascii	"\000"
 1416 0430 00000080 		.ascii	"\000\000\000\200\200\200\000\000\000\016\021   \021"
 1416      80800000 
 1416      000E1120 
 1416      202011
 1417 043f 00       		.ascii	"\000"
 1418 0440 00000080 		.ascii	"\000\000\000\200\200\210\370\000\000\016\021  \020?"
 1418      8088F800 
 1418      000E1120 
 1418      20103F
 1419 044f 20       		.ascii	" "
 1420 0450 00008080 		.ascii	"\000\000\200\200\200\200\000\000\000\037\"\"\"\"\023"
 1420      80800000 
 1420      001F2222 
 1420      222213
 1421 045f 00       		.ascii	"\000"
 1422 0460 008080F0 		.ascii	"\000\200\200\360\210\210\210\030\000  ?  \000\000"
 1422      88888818 
 1422      0020203F 
 1422      20200000 
 1423 0470 00008080 		.ascii	"\000\000\200\200\200\200\200\000\000k\224\224\224\223"
 1423      80808000 
 1423      006B9494 
 1423      9493
 1424 047e 6000     		.ascii	"`\000"
 1425 0480 08F80080 		.ascii	"\010\370\000\200\200\200\000\000 ?!\000\000 ? "
 1425      80800000 
ARM GAS  C:\Users\10369\AppData\Local\Temp\ccOVVvo3.s 			page 50


 1425      203F2100 
 1425      00203F20 
 1426 0490 00809898 		.ascii	"\000\200\230\230\000\000\000\000\000  ?  \000\000"
 1426      00000000 
 1426      0020203F 
 1426      20200000 
 1427 04a0 00000080 		.ascii	"\000\000\000\200\230\230\000\000\000\300\200\200\200"
 1427      98980000 
 1427      00C08080 
 1427      80
 1428 04ad 7F0000   		.ascii	"\177\000\000"
 1429 04b0 08F80000 		.ascii	"\010\370\000\000\200\200\200\000 ?$\002-0 \000"
 1429      80808000 
 1429      203F2402 
 1429      2D302000 
 1430 04c0 000808F8 		.ascii	"\000\010\010\370\000\000\000\000\000  ?  \000\000"
 1430      00000000 
 1430      0020203F 
 1430      20200000 
 1431 04d0 80808080 		.ascii	"\200\200\200\200\200\200\200\000 ? \000? \000?"
 1431      80808000 
 1431      203F2000 
 1431      3F20003F 
 1432 04e0 80800080 		.ascii	"\200\200\000\200\200\200\000\000 ?!\000\000 ? "
 1432      80800000 
 1432      203F2100 
 1432      00203F20 
 1433 04f0 00008080 		.ascii	"\000\000\200\200\200\200\000\000\000\037    \037\000"
 1433      80800000 
 1433      001F2020 
 1433      20201F00 
 1434 0500 80800080 		.ascii	"\200\200\000\200\200\000\000\000\200\377\241  \021\016"
 1434      80000000 
 1434      80FFA120 
 1434      20110E
 1435 050f 00       		.ascii	"\000"
 1436 0510 00000080 		.ascii	"\000\000\000\200\200\200\200\000\000\016\021  \240\377"
 1436      80808000 
 1436      000E1120 
 1436      20A0FF
 1437 051f 80       		.ascii	"\200"
 1438 0520 80808000 		.ascii	"\200\200\200\000\200\200\200\000  ?! \000\001\000"
 1438      80808000 
 1438      20203F21 
 1438      20000100 
 1439 0530 00008080 		.ascii	"\000\000\200\200\200\200\200\000\0003$$$$\031\000"
 1439      80808000 
 1439      00332424 
 1439      24241900 
 1440 0540 008080E0 		.ascii	"\000\200\200\340\200\200\000\000\000\000\000\037  \000"
 1440      80800000 
 1440      0000001F 
 1440      202000
 1441 054f 00       		.ascii	"\000"
 1442 0550 80800000 		.ascii	"\200\200\000\000\000\200\200\000\000\037   \020? "
 1442      00808000 
 1442      001F2020 
ARM GAS  C:\Users\10369\AppData\Local\Temp\ccOVVvo3.s 			page 51


 1442      20103F20 
 1443 0560 80808000 		.ascii	"\200\200\200\000\000\200\200\200\000\001\0160\010\006"
 1443      00808080 
 1443      00010E30 
 1443      0806
 1444 056e 0100     		.ascii	"\001\000"
 1445 0570 80800080 		.ascii	"\200\200\000\200\000\200\200\200\0170\014\003\0140\017"
 1445      00808080 
 1445      0F300C03 
 1445      0C300F
 1446 057f 00       		.ascii	"\000"
 1447 0580 00808000 		.ascii	"\000\200\200\000\200\200\200\000\000 1.\0161 \000"
 1447      80808000 
 1447      0020312E 
 1447      0E312000 
 1448 0590 80808000 		.ascii	"\200\200\200\000\000\200\200\200\200\201\216p\030\006"
 1448      00808080 
 1448      80818E70 
 1448      1806
 1449 059e 0100     		.ascii	"\001\000"
 1450 05a0 00808080 		.ascii	"\000\200\200\200\200\200\200\000\000!0,\"!0\000"
 1450      80808000 
 1450      0021302C 
 1450      22213000 
 1451 05b0 00000000 		.ascii	"\000\000\000\000\200|\002\002\000\000\000\000\000?@"
 1451      807C0202 
 1451      00000000 
 1451      003F40
 1452 05bf 40       		.ascii	"@"
 1453 05c0 00000000 		.ascii	"\000\000\000\000\377\000\000\000\000\000\000\000\377"
 1453      FF000000 
 1453      00000000 
 1453      FF
 1454 05cd 000000   		.ascii	"\000\000\000"
 1455 05d0 0002027C 		.ascii	"\000\002\002|\200\000\000\000\000@@?\000\000\000\000"
 1455      80000000 
 1455      0040403F 
 1455      00000000 
 1456 05e0 00060101 		.ascii	"\000\006\001\001\002\002\004\004\000\000\000\000\000"
 1456      02020404 
 1456      00000000 
 1456      00
 1457 05ed 000000   		.ascii	"\000\000\000"
 1458              		.global	ascii_6X12
 1459              		.section	.rodata.ascii_6X12,"a"
 1460              		.align	2
 1463              	ascii_6X12:
 1464 0000 00000000 		.ascii	"\000\000\000\000\000\000\000\000\000\000\000\000"
 1464      00000000 
 1464      00000000 
 1465 000c 0000FC00 		.ascii	"\000\000\374\000\000\000\000\000\002\000\000\000"
 1465      00000000 
 1465      02000000 
 1466 0018 000C020C 		.ascii	"\000\014\002\014\002\000\000\000\000\000\000\000"
 1466      02000000 
 1466      00000000 
 1467 0024 90D0BCD0 		.ascii	"\220\320\274\320\274\220\000\003\000\003\000\000"
ARM GAS  C:\Users\10369\AppData\Local\Temp\ccOVVvo3.s 			page 52


 1467      BC900003 
 1467      00030000 
 1468 0030 1824FE44 		.ascii	"\030$\376D\214\000\003\002\007\002\001\000"
 1468      8C000302 
 1468      07020100 
 1469 003c 1824D8B0 		.ascii	"\030$\330\260L\200\000\003\000\001\002\001"
 1469      4C800003 
 1469      00010201 
 1470 0048 C038E438 		.ascii	"\3008\3448\340\000\001\002\002\001\002\002"
 1470      E0000102 
 1470      02010202 
 1471 0054 08060000 		.ascii	"\010\006\000\000\000\000\000\000\000\000\000\000"
 1471      00000000 
 1471      00000000 
 1472 0060 000000F8 		.ascii	"\000\000\000\370\004\002\000\000\000\001\002\004"
 1472      04020000 
 1472      00010204 
 1473 006c 000204F8 		.ascii	"\000\002\004\370\000\000\000\004\002\001\000\000"
 1473      00000004 
 1473      02010000 
 1474 0078 9060F860 		.ascii	"\220`\370`\220\000\000\000\001\000\000\000"
 1474      90000000 
 1474      01000000 
 1475 0084 2020FC20 		.ascii	"  \374  \000\000\000\001\000\000\000"
 1475      20000000 
 1475      01000000 
 1476 0090 00000000 		.ascii	"\000\000\000\000\000\000\010\006\000\000\000\000"
 1476      00000806 
 1476      00000000 
 1477 009c 20202020 		.ascii	"     \000\000\000\000\000\000\000"
 1477      20000000 
 1477      00000000 
 1478 00a8 00000000 		.ascii	"\000\000\000\000\000\000\000\002\000\000\000\000"
 1478      00000002 
 1478      00000000 
 1479 00b4 0080601C 		.ascii	"\000\200`\034\002\000\004\003\000\000\000\000"
 1479      02000403 
 1479      00000000 
 1480 00c0 F8040404 		.ascii	"\370\004\004\004\370\000\001\002\002\002\001\000"
 1480      F8000102 
 1480      02020100 
 1481 00cc 0008FC00 		.ascii	"\000\010\374\000\000\000\000\002\003\002\000\000"
 1481      00000002 
 1481      03020000 
 1482 00d8 18844424 		.ascii	"\030\204D$\030\000\003\002\002\002\002\000"
 1482      18000302 
 1482      02020200 
 1483 00e4 08042424 		.ascii	"\010\004$$\330\000\001\002\002\002\001\000"
 1483      D8000102 
 1483      02020100 
 1484 00f0 40B088FC 		.ascii	"@\260\210\374\200\000\000\000\000\003\002\000"
 1484      80000000 
 1484      00030200 
 1485 00fc 3C242424 		.ascii	"<$$$\304\000\001\002\002\002\001\000"
 1485      C4000102 
 1485      02020100 
 1486 0108 F824242C 		.ascii	"\370$$,\300\000\001\002\002\002\001\000"
ARM GAS  C:\Users\10369\AppData\Local\Temp\ccOVVvo3.s 			page 53


 1486      C0000102 
 1486      02020100 
 1487 0114 0C04E41C 		.ascii	"\014\004\344\034\004\000\000\000\003\000\000\000"
 1487      04000000 
 1487      03000000 
 1488 0120 D8242424 		.ascii	"\330$$$\330\000\001\002\002\002\001\000"
 1488      D8000102 
 1488      02020100 
 1489 012c 38444444 		.ascii	"8DDD\370\000\000\003\002\002\001\000"
 1489      F8000003 
 1489      02020100 
 1490 0138 00001000 		.ascii	"\000\000\020\000\000\000\000\000\002\000\000\000"
 1490      00000000 
 1490      02000000 
 1491 0144 00002000 		.ascii	"\000\000 \000\000\000\000\000\006\000\000\000"
 1491      00000000 
 1491      06000000 
 1492 0150 00205088 		.ascii	"\000 P\210\004\002\000\000\000\000\001\002"
 1492      04020000 
 1492      00000102 
 1493 015c 90909090 		.ascii	"\220\220\220\220\220\000\000\000\000\000\000\000"
 1493      90000000 
 1493      00000000 
 1494 0168 00020488 		.ascii	"\000\002\004\210P \000\002\001\000\000\000"
 1494      50200002 
 1494      01000000 
 1495 0174 1804C424 		.ascii	"\030\004\304$\030\000\000\000\002\000\000\000"
 1495      18000000 
 1495      02000000 
 1496 0180 F804E494 		.ascii	"\370\004\344\224\370\000\001\002\002\002\002\000"
 1496      F8000102 
 1496      02020200 
 1497 018c 00E09CF0 		.ascii	"\000\340\234\360\200\000\002\003\000\000\003\002"
 1497      80000203 
 1497      00000302 
 1498 0198 04FC2424 		.ascii	"\004\374$$\330\000\002\003\002\002\001\000"
 1498      D8000203 
 1498      02020100 
 1499 01a4 F8040404 		.ascii	"\370\004\004\004\014\000\001\002\002\002\001\000"
 1499      0C000102 
 1499      02020100 
 1500 01b0 04FC0404 		.ascii	"\004\374\004\004\370\000\002\003\002\002\001\000"
 1500      F8000203 
 1500      02020100 
 1501 01bc 04FC2474 		.ascii	"\004\374$t\014\000\002\003\002\002\003\000"
 1501      0C000203 
 1501      02020300 
 1502 01c8 04FC2474 		.ascii	"\004\374$t\014\000\002\003\002\000\000\000"
 1502      0C000203 
 1502      02000000 
 1503 01d4 F0080444 		.ascii	"\360\010\004D\314@\000\001\002\002\001\000"
 1503      CC400001 
 1503      02020100 
 1504 01e0 04FC2020 		.ascii	"\004\374  \374\004\002\003\000\000\003\002"
 1504      FC040203 
 1504      00000302 
 1505 01ec 0404FC04 		.ascii	"\004\004\374\004\004\000\002\002\003\002\002\000"
ARM GAS  C:\Users\10369\AppData\Local\Temp\ccOVVvo3.s 			page 54


 1505      04000202 
 1505      03020200 
 1506 01f8 000404FC 		.ascii	"\000\004\004\374\004\004\006\004\004\003\000\000"
 1506      04040604 
 1506      04030000 
 1507 0204 04FC24D0 		.ascii	"\004\374$\320\014\004\002\003\002\000\003\002"
 1507      0C040203 
 1507      02000302 
 1508 0210 04FC0400 		.ascii	"\004\374\004\000\000\000\002\003\002\002\002\003"
 1508      00000203 
 1508      02020203 
 1509 021c FC3CC03C 		.ascii	"\374<\300<\374\000\003\000\003\000\003\000"
 1509      FC000300 
 1509      03000300 
 1510 0228 04FC30C4 		.ascii	"\004\3740\304\374\004\002\003\002\000\003\000"
 1510      FC040203 
 1510      02000300 
 1511 0234 F8040404 		.ascii	"\370\004\004\004\370\000\001\002\002\002\001\000"
 1511      F8000102 
 1511      02020100 
 1512 0240 04FC2424 		.ascii	"\004\374$$\030\000\002\003\002\000\000\000"
 1512      18000203 
 1512      02000000 
 1513 024c F8848404 		.ascii	"\370\204\204\004\370\000\001\002\002\007\005\000"
 1513      F8000102 
 1513      02070500 
 1514 0258 04FC2464 		.ascii	"\004\374$d\230\000\002\003\002\000\003\002"
 1514      98000203 
 1514      02000302 
 1515 0264 18242444 		.ascii	"\030$$D\214\000\003\002\002\002\001\000"
 1515      8C000302 
 1515      02020100 
 1516 0270 0C04FC04 		.ascii	"\014\004\374\004\014\000\000\002\003\002\000\000"
 1516      0C000002 
 1516      03020000 
 1517 027c 04FC0000 		.ascii	"\004\374\000\000\374\004\000\001\002\002\001\000"
 1517      FC040001 
 1517      02020100 
 1518 0288 047C80E0 		.ascii	"\004|\200\340\034\004\000\000\003\000\000\000"
 1518      1C040000 
 1518      03000000 
 1519 0294 1CE03CE0 		.ascii	"\034\340<\340\034\000\000\003\000\003\000\000"
 1519      1C000003 
 1519      00030000 
 1520 02a0 049C609C 		.ascii	"\004\234`\234\004\000\002\003\000\003\002\000"
 1520      04000203 
 1520      00030200 
 1521 02ac 041CE01C 		.ascii	"\004\034\340\034\004\000\000\002\003\002\000\000"
 1521      04000002 
 1521      03020000 
 1522 02b8 0C84641C 		.ascii	"\014\204d\034\004\000\002\003\002\002\003\000"
 1522      04000203 
 1522      02020300 
 1523 02c4 0000FE02 		.ascii	"\000\000\376\002\002\000\000\000\007\004\004\000"
 1523      02000000 
 1523      07040400 
 1524 02d0 000E30C0 		.ascii	"\000\0160\300\000\000\000\000\000\001\002\000"
ARM GAS  C:\Users\10369\AppData\Local\Temp\ccOVVvo3.s 			page 55


 1524      00000000 
 1524      00010200 
 1525 02dc 000202FE 		.ascii	"\000\002\002\376\000\000\000\004\004\007\000\000"
 1525      00000004 
 1525      04070000 
 1526 02e8 00040204 		.ascii	"\000\004\002\004\000\000\000\000\000\000\000\000"
 1526      00000000 
 1526      00000000 
 1527 02f4 00000000 		.ascii	"\000\000\000\000\000\000\010\010\010\010\010\010"
 1527      00000808 
 1527      08080808 
 1528 0300 00000200 		.ascii	"\000\000\002\000\000\000\000\000\000\000\000\000"
 1528      00000000 
 1528      00000000 
 1529 030c 0040A0A0 		.ascii	"\000@\240\240\300\000\000\001\002\002\003\002"
 1529      C0000001 
 1529      02020302 
 1530 0318 04FC2020 		.ascii	"\004\374  \300\000\000\003\002\002\001\000"
 1530      C0000003 
 1530      02020100 
 1531 0324 00C02020 		.ascii	"\000\300  `\000\000\001\002\002\002\000"
 1531      60000001 
 1531      02020200 
 1532 0330 00C02024 		.ascii	"\000\300 $\374\000\000\001\002\002\003\002"
 1532      FC000001 
 1532      02020302 
 1533 033c 00C0A0A0 		.ascii	"\000\300\240\240\300\000\000\001\002\002\002\000"
 1533      C0000001 
 1533      02020200 
 1534 0348 0020F824 		.ascii	"\000 \370$$\004\000\002\003\002\002\000"
 1534      24040002 
 1534      03020200 
 1535 0354 0040A0A0 		.ascii	"\000@\240\240` \000\007\012\012\012\004"
 1535      60200007 
 1535      0A0A0A04 
 1536 0360 04FC2020 		.ascii	"\004\374  \300\000\002\003\002\000\003\002"
 1536      C0000203 
 1536      02000302 
 1537 036c 0020E400 		.ascii	"\000 \344\000\000\000\000\002\003\002\000\000"
 1537      00000002 
 1537      03020000 
 1538 0378 000020E4 		.ascii	"\000\000 \344\000\000\010\010\010\007\000\000"
 1538      00000808 
 1538      08070000 
 1539 0384 04FC80E0 		.ascii	"\004\374\200\340  \002\003\002\000\003\002"
 1539      20200203 
 1539      02000302 
 1540 0390 0404FC00 		.ascii	"\004\004\374\000\000\000\002\002\003\002\002\000"
 1540      00000202 
 1540      03020200 
 1541 039c E020E020 		.ascii	"\340 \340 \300\000\003\000\003\000\003\000"
 1541      C0000300 
 1541      03000300 
 1542 03a8 20E02020 		.ascii	" \340  \300\000\002\003\002\000\003\002"
 1542      C0000203 
 1542      02000302 
 1543 03b4 00C02020 		.ascii	"\000\300  \300\000\000\001\002\002\001\000"
ARM GAS  C:\Users\10369\AppData\Local\Temp\ccOVVvo3.s 			page 56


 1543      C0000001 
 1543      02020100 
 1544 03c0 20E02020 		.ascii	" \340  \300\000\010\017\012\002\001\000"
 1544      C000080F 
 1544      0A020100 
 1545 03cc 00C02020 		.ascii	"\000\300  \340\000\000\001\002\012\017\010"
 1545      E0000001 
 1545      020A0F08 
 1546 03d8 20E04020 		.ascii	" \340@  \000\002\003\002\000\000\000"
 1546      20000203 
 1546      02000000 
 1547 03e4 0060A0A0 		.ascii	"\000`\240\240 \000\000\002\002\002\003\000"
 1547      20000002 
 1547      02020300 
 1548 03f0 0020F820 		.ascii	"\000 \370 \000\000\000\000\001\002\002\000"
 1548      00000000 
 1548      01020200 
 1549 03fc 20E00020 		.ascii	" \340\000 \340\000\000\001\002\002\003\002"
 1549      E0000001 
 1549      02020302 
 1550 0408 20E02080 		.ascii	" \340 \200` \000\000\003\001\000\000"
 1550      60200000 
 1550      03010000 
 1551 0414 6080E080 		.ascii	"`\200\340\200`\000\000\003\000\003\000\000"
 1551      60000003 
 1551      00030000 
 1552 0420 20608060 		.ascii	" `\200` \000\002\003\000\003\002\000"
 1552      20000203 
 1552      00030200 
 1553 042c 20E02080 		.ascii	" \340 \200` \010\010\007\001\000\000"
 1553      60200808 
 1553      07010000 
 1554 0438 0020A060 		.ascii	"\000 \240` \000\000\002\003\002\002\000"
 1554      20000002 
 1554      03020200 
 1555 0444 000020DE 		.ascii	"\000\000 \336\002\000\000\000\000\007\004\000"
 1555      02000000 
 1555      00070400 
 1556 0450 000000FF 		.ascii	"\000\000\000\377\000\000\000\000\000\017\000\000"
 1556      00000000 
 1556      000F0000 
 1557 045c 0002DE20 		.ascii	"\000\002\336 \000\000\000\004\007\000\000\000"
 1557      00000004 
 1557      07000000 
 1558 0468 02010204 		.ascii	"\002\001\002\004\004\002\000\000\000\000\000\000"
 1558      04020000 
 1558      00000000 
 1559              		.global	chinese_24x24
 1560              		.section	.rodata.chinese_24x24,"a"
 1561              		.align	2
 1564              	chinese_24x24:
 1565 0000 00000000 		.ascii	"\000\000\000\000\000\360\360\020\020\020\022\034\030"
 1565      00F0F010 
 1565      1010121C 
 1565      18
 1566 000d 101010F0 		.ascii	"\020\020\020\360\360\000\000\000\000\000\000\000\000"
 1566      F0000000 
ARM GAS  C:\Users\10369\AppData\Local\Temp\ccOVVvo3.s 			page 57


 1566      00000000 
 1566      00
 1567 001a 000000FF 		.ascii	"\000\000\000\377\377\021\0211\321\021\021\021\021\021"
 1567      FF111131 
 1567      D1111111 
 1567      1111
 1568 0028 BFDF6000 		.ascii	"\277\337`\000\000\000\000\000\000\000\000\000\000?\177"
 1568      00000000 
 1568      00000000 
 1568      003F7F
 1569 0037 30100808 		.ascii	"0\020\010\010\005\006\016\011\031\02000` \000\000\000"
 1569      05060E09 
 1569      19103030 
 1569      60200000 
 1569      00
 1570 0048 00000000 		.ascii	"\000\000\000\000\0148\020\000\000\000\300x>$ \340  "
 1570      0C381000 
 1570      0000C078 
 1570      3E2420E0 
 1570      2020
 1571 005a 20203000 		.ascii	"  0\000\000\000\000\002\002\002\002\376\002\000\024"
 1571      00000002 
 1571      020202FE 
 1571      020014
 1572 0069 13101010 		.ascii	"\023\020\020\020\020\020\377\020\020\020\020\020\030"
 1572      1010FF10 
 1572      10101010 
 1572      18
 1573 0076 10000000 		.ascii	"\020\000\000\000\000\000\000\037\014\004\002\001\000"
 1573      0000001F 
 1573      0C040201 
 1573      00
 1574 0083 00000000 		.ascii	"\000\000\000\000\177\000\000\000\000\000\000\000\000"
 1574      7F000000 
 1574      00000000 
 1574      00
 1575 0090 00000000 		.ascii	"\000\000\000\000\370H@@\300@@~D@@\300@@\374x\000\000"
 1575      F8484040 
 1575      C040407E 
 1575      444040C0 
 1575      4040FC78 
 1576 00a6 00000000 		.ascii	"\000\000\000\000\010\010\377\211\210\210\210\377\011"
 1576      0808FF89 
 1576      888888FF 
 1576      09
 1577 00b3 0444300E 		.ascii	"\004D0\016\353\351(\010(\034\014\000\000\000\000\000"
 1577      EBE92808 
 1577      281C0C00 
 1577      00000000 
 1578 00c3 003F1010 		.ascii	"\000?\020\020\020\020?@@ \020\014\007\000\003\014\030"
 1578      10103F40 
 1578      4020100C 
 1578      0700030C 
 1578      18
 1579 00d4 30602000 		.ascii	"0` \000"
 1580 00d8 00000000 		.ascii	"\000\000\000\000\000\000\000\004\010\010\020\360\300"
 1580      00000004 
ARM GAS  C:\Users\10369\AppData\Local\Temp\ccOVVvo3.s 			page 58


 1580      080810F0 
 1580      C0
 1581 00e5 00000000 		.ascii	"\000\000\000\000\000\000\000\000\000\000\000\000\000"
 1581      00000000 
 1581      00000000 
 1581      00
 1582 00f2 00000000 		.ascii	"\000\000\000\000\000\200\3008\036\003\001\016p\340\200"
 1582      0080C038 
 1582      1E03010E 
 1582      70E080
 1583 0101 00000000 		.ascii	"\000\000\000\000\000\000\000\000@ \020\010\004\002\001"
 1583      00000000 
 1583      40201008 
 1583      040201
 1584 0110 00000000 		.ascii	"\000\000\000\000\000\000\000\000\003\007\016\0348\020"
 1584      00000000 
 1584      03070E1C 
 1584      3810
 1585 011e 1000     		.ascii	"\020\000"
 1586 0120 00000080 		.ascii	"\000\000\000\200\200\200\200\200\200\200\200\200\200"
 1586      80808080 
 1586      80808080 
 1586      80
 1587 012d FCFC8084 		.ascii	"\374\374\200\204\210\230p`@\000\000\000\000\010\010"
 1587      88987060 
 1587      40000000 
 1587      000808
 1588 013c 080808F8 		.ascii	"\010\010\010\370\010\010\010\010\000\003\177\340\000"
 1588      08080808 
 1588      00037FE0 
 1588      00
 1589 0149 00000000 		.ascii	"\000\000\000\000\000\000\000\000\00000\020\020\010\017"
 1589      00000000 
 1589      00303010 
 1589      10080F
 1590 0158 08080404 		.ascii	"\010\010\004\004\004\000\000\003\007\034\0300`~@\000"
 1590      04000003 
 1590      071C1830 
 1590      607E4000 
 1591              		.global	chinese_16x16
 1592              		.section	.rodata.chinese_16x16,"a"
 1593              		.align	2
 1596              	chinese_16x16:
 1597 0000 807000FF 		.ascii	"\200p\000\377 \020\000\360\000\000\377\000\000\360\000"
 1597      201000F0 
 1597      0000FF00 
 1597      00F000
 1598 000f 00806018 		.ascii	"\000\200`\030\007\0100\000?  ?  \177\000\000"
 1598      07083000 
 1598      3F20203F 
 1598      20207F00 
 1598      00
 1599 0020 807000FF 		.ascii	"\200p\000\377 \020\000\360\000\000\377\000\000\360\000"
 1599      201000F0 
 1599      0000FF00 
 1599      00F000
 1600 002f 00806018 		.ascii	"\000\200`\030\007\0100\000?  ?  \177\000\000"
ARM GAS  C:\Users\10369\AppData\Local\Temp\ccOVVvo3.s 			page 59


 1600      07083000 
 1600      3F20203F 
 1600      20207F00 
 1600      00
 1601 0040 00804020 		.ascii	"\000\200@ \030\006\200\000\007\030 @\200\000\000\000"
 1601      18068000 
 1601      07182040 
 1601      80000000 
 1602 0050 01002070 		.ascii	"\001\000 p(&!  $8`\000\001\001\000"
 1602      28262120 
 1602      20243860 
 1602      00010100 
 1603 0060 00080808 		.ascii	"\000\010\010\010\010\010\011\372\010\010\010\010\010"
 1603      080809FA 
 1603      08080808 
 1603      08
 1604 006d 08000040 		.ascii	"\010\000\000@@AAAAA\177AAAAA@@\000"
 1604      40414141 
 1604      41417F41 
 1604      41414141 
 1604      404000
 1605 0080 80804020 		.ascii	"\200\200@ PHD\303DHP @\200\200\000\000@@DDDD\177DDD"
 1605      504844C3 
 1605      44485020 
 1605      40808000 
 1605      00404044 
 1606 009b 44404000 		.ascii	"D@@\000\000"
 1606      00
 1607 00a0 202020FE 		.ascii	"   \376  \377   \377    \000\000\000\000\177@@GDDDG"
 1607      2020FF20 
 1607      2020FF20 
 1607      20202000 
 1607      0000007F 
 1608 00bb 40404000 		.ascii	"@@@\000\000"
 1608      00
 1609 00c0 000000FE 		.ascii	"\000\000\000\376\222\222\222\376\222\222\222\376\000"
 1609      929292FE 
 1609      929292FE 
 1609      00
 1610 00cd 00000008 		.ascii	"\000\000\000\010\010\004\204b\036\001\000\001\376\002"
 1610      08048462 
 1610      1E010001 
 1610      FE02
 1611 00db 04040808 		.ascii	"\004\004\010\010\000"
 1611      00
 1612 00e0 4040C05F 		.ascii	"@@\300_UU\325UUUU_@@@\000 `?%\025\025\377\220G)\021"
 1612      5555D555 
 1612      5555555F 
 1612      40404000 
 1612      20603F25 
 1613 00fb 2D438080 		.ascii	"-C\200\200\000"
 1613      00
 1614 0100 20C20C80 		.ascii	" \302\014\200\002zJJ~J~JJz\002\000\004\004~\001D%\025"
 1614      027A4A4A 
 1614      7E4A7E4A 
 1614      4A7A0200 
 1614      04047E01 
ARM GAS  C:\Users\10369\AppData\Local\Temp\ccOVVvo3.s 			page 60


 1615 0117 45857D05 		.ascii	"E\205}\005\005\025%D\000"
 1615      05152544 
 1615      00
 1616 0120 00040474 		.ascii	"\000\004\004tTTUVTTTt\004\004\000\000\204\203A!\035"
 1616      54545556 
 1616      54545474 
 1616      04040000 
 1616      84834121 
 1617 0135 05050505 		.ascii	"\005\005\005\005\005}\201\201\205\343\000"
 1617      057D8181 
 1617      85E300
 1618              		.text
 1619              	.Letext0:
 1620              		.file 2 "C:/Program Files (x86)/Arm GNU Toolchain arm-none-eabi/14.2 rel1/arm-none-eabi/include/ma
 1621              		.file 3 "C:/Program Files (x86)/Arm GNU Toolchain arm-none-eabi/14.2 rel1/arm-none-eabi/include/sy
 1622              		.file 4 "Drivers/CMSIS/Device/ST/STM32F4xx/Include/stm32f407xx.h"
 1623              		.file 5 "Drivers/STM32F4xx_HAL_Driver/Inc/stm32f4xx_hal_def.h"
 1624              		.file 6 "Drivers/STM32F4xx_HAL_Driver/Inc/stm32f4xx_hal_dma.h"
 1625              		.file 7 "Drivers/STM32F4xx_HAL_Driver/Inc/stm32f4xx_hal_i2c.h"
 1626              		.file 8 "Core/Inc/i2c.h"
 1627              		.file 9 "Core/Inc/stm32f4xx_it.h"
 1628              		.file 10 "Core/Inc/nrf24l01.h"
 1629              		.file 11 "Core/Inc/font.h"
 1630              		.file 12 "C:/Program Files (x86)/Arm GNU Toolchain arm-none-eabi/14.2 rel1/arm-none-eabi/include/s
 1631              		.file 13 "Drivers/STM32F4xx_HAL_Driver/Inc/stm32f4xx_hal.h"
ARM GAS  C:\Users\10369\AppData\Local\Temp\ccOVVvo3.s 			page 61


DEFINED SYMBOLS
                            *ABS*:00000000 oled.c
C:\Users\10369\AppData\Local\Temp\ccOVVvo3.s:21     .text.oled_write_cmd:00000000 $t
C:\Users\10369\AppData\Local\Temp\ccOVVvo3.s:27     .text.oled_write_cmd:00000000 oled_write_cmd
C:\Users\10369\AppData\Local\Temp\ccOVVvo3.s:67     .text.oled_write_cmd:00000024 $d
C:\Users\10369\AppData\Local\Temp\ccOVVvo3.s:72     .text.oled_write_data:00000000 $t
C:\Users\10369\AppData\Local\Temp\ccOVVvo3.s:78     .text.oled_write_data:00000000 oled_write_data
C:\Users\10369\AppData\Local\Temp\ccOVVvo3.s:118    .text.oled_write_data:00000024 $d
C:\Users\10369\AppData\Local\Temp\ccOVVvo3.s:123    .text.oled_set_cursor:00000000 $t
C:\Users\10369\AppData\Local\Temp\ccOVVvo3.s:129    .text.oled_set_cursor:00000000 oled_set_cursor
C:\Users\10369\AppData\Local\Temp\ccOVVvo3.s:168    .text.oled_fill:00000000 $t
C:\Users\10369\AppData\Local\Temp\ccOVVvo3.s:174    .text.oled_fill:00000000 oled_fill
C:\Users\10369\AppData\Local\Temp\ccOVVvo3.s:243    .text.oled_init:00000000 $t
C:\Users\10369\AppData\Local\Temp\ccOVVvo3.s:249    .text.oled_init:00000000 oled_init
C:\Users\10369\AppData\Local\Temp\ccOVVvo3.s:366    .text.oled_show_char:00000000 $t
C:\Users\10369\AppData\Local\Temp\ccOVVvo3.s:372    .text.oled_show_char:00000000 oled_show_char
C:\Users\10369\AppData\Local\Temp\ccOVVvo3.s:515    .text.oled_show_char:00000090 $d
C:\Users\10369\AppData\Local\Temp\ccOVVvo3.s:1463   .rodata.ascii_6X12:00000000 ascii_6X12
C:\Users\10369\AppData\Local\Temp\ccOVVvo3.s:1023   .rodata.ascii_12X24:00000000 ascii_12X24
C:\Users\10369\AppData\Local\Temp\ccOVVvo3.s:1313   .rodata.ascii_8X16:00000000 ascii_8X16
C:\Users\10369\AppData\Local\Temp\ccOVVvo3.s:522    .text.oled_show_string:00000000 $t
C:\Users\10369\AppData\Local\Temp\ccOVVvo3.s:528    .text.oled_show_string:00000000 oled_show_string
C:\Users\10369\AppData\Local\Temp\ccOVVvo3.s:585    .text.oled_show_chinese:00000000 $t
C:\Users\10369\AppData\Local\Temp\ccOVVvo3.s:591    .text.oled_show_chinese:00000000 oled_show_chinese
C:\Users\10369\AppData\Local\Temp\ccOVVvo3.s:697    .text.oled_show_chinese:00000068 $d
C:\Users\10369\AppData\Local\Temp\ccOVVvo3.s:1596   .rodata.chinese_16x16:00000000 chinese_16x16
C:\Users\10369\AppData\Local\Temp\ccOVVvo3.s:1564   .rodata.chinese_24x24:00000000 chinese_24x24
C:\Users\10369\AppData\Local\Temp\ccOVVvo3.s:703    .text.oled_show_image:00000000 $t
C:\Users\10369\AppData\Local\Temp\ccOVVvo3.s:709    .text.oled_show_image:00000000 oled_show_image
C:\Users\10369\AppData\Local\Temp\ccOVVvo3.s:789    .rodata.oled_task.str1.4:00000000 $d
C:\Users\10369\AppData\Local\Temp\ccOVVvo3.s:805    .text.oled_task:00000000 $t
C:\Users\10369\AppData\Local\Temp\ccOVVvo3.s:811    .text.oled_task:00000000 oled_task
C:\Users\10369\AppData\Local\Temp\ccOVVvo3.s:911    .text.oled_task:00000090 $d
C:\Users\10369\AppData\Local\Temp\ccOVVvo3.s:932    .bss.buf:00000000 buf
C:\Users\10369\AppData\Local\Temp\ccOVVvo3.s:929    .bss.buf:00000000 $d
C:\Users\10369\AppData\Local\Temp\ccOVVvo3.s:939    .rodata.shuai_data:00000000 shuai_data
C:\Users\10369\AppData\Local\Temp\ccOVVvo3.s:936    .rodata.shuai_data:00000000 $d
C:\Users\10369\AppData\Local\Temp\ccOVVvo3.s:1020   .rodata.ascii_12X24:00000000 $d
C:\Users\10369\AppData\Local\Temp\ccOVVvo3.s:1310   .rodata.ascii_8X16:00000000 $d
C:\Users\10369\AppData\Local\Temp\ccOVVvo3.s:1460   .rodata.ascii_6X12:00000000 $d
C:\Users\10369\AppData\Local\Temp\ccOVVvo3.s:1561   .rodata.chinese_24x24:00000000 $d
C:\Users\10369\AppData\Local\Temp\ccOVVvo3.s:1593   .rodata.chinese_16x16:00000000 $d

UNDEFINED SYMBOLS
HAL_I2C_Master_Transmit
hi2c2
HAL_Delay
snprintf
tim8_counter
encoderr_value
encoderl_value
rocker_lx
rocker_ly
rocker_rx
rocker_ry
