ARM GAS  C:\Users\10369\AppData\Local\Temp\ccy9FUfH.s 			page 1


   1              		.cpu cortex-m4
   2              		.arch armv7e-m
   3              		.fpu fpv4-sp-d16
   4              		.eabi_attribute 27, 1
   5              		.eabi_attribute 28, 1
   6              		.eabi_attribute 20, 1
   7              		.eabi_attribute 21, 1
   8              		.eabi_attribute 23, 3
   9              		.eabi_attribute 24, 1
  10              		.eabi_attribute 25, 1
  11              		.eabi_attribute 26, 1
  12              		.eabi_attribute 30, 1
  13              		.eabi_attribute 34, 1
  14              		.eabi_attribute 18, 4
  15              		.file	"stm32f4xx_hal_spi.c"
  16              		.text
  17              	.Ltext0:
  18              		.cfi_sections	.debug_frame
  19              		.file 1 "Drivers/STM32F4xx_HAL_Driver/Src/stm32f4xx_hal_spi.c"
  20              		.section	.text.SPI_AbortRx_ISR,"ax",%progbits
  21              		.align	1
  22              		.syntax unified
  23              		.thumb
  24              		.thumb_func
  26              	SPI_AbortRx_ISR:
  27              	.LVL0:
  28              	.LFB187:
   1:Drivers/STM32F4xx_HAL_Driver/Src/stm32f4xx_hal_spi.c **** /**
   2:Drivers/STM32F4xx_HAL_Driver/Src/stm32f4xx_hal_spi.c ****   ******************************************************************************
   3:Drivers/STM32F4xx_HAL_Driver/Src/stm32f4xx_hal_spi.c ****   * @file    stm32f4xx_hal_spi.c
   4:Drivers/STM32F4xx_HAL_Driver/Src/stm32f4xx_hal_spi.c ****   * @author  MCD Application Team
   5:Drivers/STM32F4xx_HAL_Driver/Src/stm32f4xx_hal_spi.c ****   * @brief   SPI HAL module driver.
   6:Drivers/STM32F4xx_HAL_Driver/Src/stm32f4xx_hal_spi.c ****   *          This file provides firmware functions to manage the following
   7:Drivers/STM32F4xx_HAL_Driver/Src/stm32f4xx_hal_spi.c ****   *          functionalities of the Serial Peripheral Interface (SPI) peripheral:
   8:Drivers/STM32F4xx_HAL_Driver/Src/stm32f4xx_hal_spi.c ****   *           + Initialization and de-initialization functions
   9:Drivers/STM32F4xx_HAL_Driver/Src/stm32f4xx_hal_spi.c ****   *           + IO operation functions
  10:Drivers/STM32F4xx_HAL_Driver/Src/stm32f4xx_hal_spi.c ****   *           + Peripheral Control functions
  11:Drivers/STM32F4xx_HAL_Driver/Src/stm32f4xx_hal_spi.c ****   *           + Peripheral State functions
  12:Drivers/STM32F4xx_HAL_Driver/Src/stm32f4xx_hal_spi.c ****   ******************************************************************************
  13:Drivers/STM32F4xx_HAL_Driver/Src/stm32f4xx_hal_spi.c ****   * @attention
  14:Drivers/STM32F4xx_HAL_Driver/Src/stm32f4xx_hal_spi.c ****   *
  15:Drivers/STM32F4xx_HAL_Driver/Src/stm32f4xx_hal_spi.c ****   * Copyright (c) 2016 STMicroelectronics.
  16:Drivers/STM32F4xx_HAL_Driver/Src/stm32f4xx_hal_spi.c ****   * All rights reserved.
  17:Drivers/STM32F4xx_HAL_Driver/Src/stm32f4xx_hal_spi.c ****   *
  18:Drivers/STM32F4xx_HAL_Driver/Src/stm32f4xx_hal_spi.c ****   * This software is licensed under terms that can be found in the LICENSE file
  19:Drivers/STM32F4xx_HAL_Driver/Src/stm32f4xx_hal_spi.c ****   * in the root directory of this software component.
  20:Drivers/STM32F4xx_HAL_Driver/Src/stm32f4xx_hal_spi.c ****   * If no LICENSE file comes with this software, it is provided AS-IS.
  21:Drivers/STM32F4xx_HAL_Driver/Src/stm32f4xx_hal_spi.c ****   *
  22:Drivers/STM32F4xx_HAL_Driver/Src/stm32f4xx_hal_spi.c ****   ******************************************************************************
  23:Drivers/STM32F4xx_HAL_Driver/Src/stm32f4xx_hal_spi.c ****   @verbatim
  24:Drivers/STM32F4xx_HAL_Driver/Src/stm32f4xx_hal_spi.c ****   ==============================================================================
  25:Drivers/STM32F4xx_HAL_Driver/Src/stm32f4xx_hal_spi.c ****                         ##### How to use this driver #####
  26:Drivers/STM32F4xx_HAL_Driver/Src/stm32f4xx_hal_spi.c ****   ==============================================================================
  27:Drivers/STM32F4xx_HAL_Driver/Src/stm32f4xx_hal_spi.c ****     [..]
  28:Drivers/STM32F4xx_HAL_Driver/Src/stm32f4xx_hal_spi.c ****       The SPI HAL driver can be used as follows:
  29:Drivers/STM32F4xx_HAL_Driver/Src/stm32f4xx_hal_spi.c **** 
  30:Drivers/STM32F4xx_HAL_Driver/Src/stm32f4xx_hal_spi.c ****       (#) Declare a SPI_HandleTypeDef handle structure, for example:
ARM GAS  C:\Users\10369\AppData\Local\Temp\ccy9FUfH.s 			page 2


  31:Drivers/STM32F4xx_HAL_Driver/Src/stm32f4xx_hal_spi.c ****           SPI_HandleTypeDef  hspi;
  32:Drivers/STM32F4xx_HAL_Driver/Src/stm32f4xx_hal_spi.c **** 
  33:Drivers/STM32F4xx_HAL_Driver/Src/stm32f4xx_hal_spi.c ****       (#)Initialize the SPI low level resources by implementing the HAL_SPI_MspInit() API:
  34:Drivers/STM32F4xx_HAL_Driver/Src/stm32f4xx_hal_spi.c ****           (##) Enable the SPIx interface clock
  35:Drivers/STM32F4xx_HAL_Driver/Src/stm32f4xx_hal_spi.c ****           (##) SPI pins configuration
  36:Drivers/STM32F4xx_HAL_Driver/Src/stm32f4xx_hal_spi.c ****               (+++) Enable the clock for the SPI GPIOs
  37:Drivers/STM32F4xx_HAL_Driver/Src/stm32f4xx_hal_spi.c ****               (+++) Configure these SPI pins as alternate function push-pull
  38:Drivers/STM32F4xx_HAL_Driver/Src/stm32f4xx_hal_spi.c ****           (##) NVIC configuration if you need to use interrupt process
  39:Drivers/STM32F4xx_HAL_Driver/Src/stm32f4xx_hal_spi.c ****               (+++) Configure the SPIx interrupt priority
  40:Drivers/STM32F4xx_HAL_Driver/Src/stm32f4xx_hal_spi.c ****               (+++) Enable the NVIC SPI IRQ handle
  41:Drivers/STM32F4xx_HAL_Driver/Src/stm32f4xx_hal_spi.c ****           (##) DMA Configuration if you need to use DMA process
  42:Drivers/STM32F4xx_HAL_Driver/Src/stm32f4xx_hal_spi.c ****               (+++) Declare a DMA_HandleTypeDef handle structure for the transmit or receive Stream
  43:Drivers/STM32F4xx_HAL_Driver/Src/stm32f4xx_hal_spi.c ****               (+++) Enable the DMAx clock
  44:Drivers/STM32F4xx_HAL_Driver/Src/stm32f4xx_hal_spi.c ****               (+++) Configure the DMA handle parameters
  45:Drivers/STM32F4xx_HAL_Driver/Src/stm32f4xx_hal_spi.c ****               (+++) Configure the DMA Tx or Rx Stream/Channel
  46:Drivers/STM32F4xx_HAL_Driver/Src/stm32f4xx_hal_spi.c ****               (+++) Associate the initialized hdma_tx(or _rx)  handle to the hspi DMA Tx or Rx hand
  47:Drivers/STM32F4xx_HAL_Driver/Src/stm32f4xx_hal_spi.c ****               (+++) Configure the priority and enable the NVIC for the transfer complete interrupt 
  48:Drivers/STM32F4xx_HAL_Driver/Src/stm32f4xx_hal_spi.c ****                     or Rx Stream/Channel
  49:Drivers/STM32F4xx_HAL_Driver/Src/stm32f4xx_hal_spi.c **** 
  50:Drivers/STM32F4xx_HAL_Driver/Src/stm32f4xx_hal_spi.c ****       (#) Program the Mode, BidirectionalMode , Data size, Baudrate Prescaler, NSS
  51:Drivers/STM32F4xx_HAL_Driver/Src/stm32f4xx_hal_spi.c ****           management, Clock polarity and phase, FirstBit and CRC configuration in the hspi Init str
  52:Drivers/STM32F4xx_HAL_Driver/Src/stm32f4xx_hal_spi.c **** 
  53:Drivers/STM32F4xx_HAL_Driver/Src/stm32f4xx_hal_spi.c ****       (#) Initialize the SPI registers by calling the HAL_SPI_Init() API:
  54:Drivers/STM32F4xx_HAL_Driver/Src/stm32f4xx_hal_spi.c ****           (++) This API configures also the low level Hardware GPIO, CLOCK, CORTEX...etc)
  55:Drivers/STM32F4xx_HAL_Driver/Src/stm32f4xx_hal_spi.c ****               by calling the customized HAL_SPI_MspInit() API.
  56:Drivers/STM32F4xx_HAL_Driver/Src/stm32f4xx_hal_spi.c ****      [..]
  57:Drivers/STM32F4xx_HAL_Driver/Src/stm32f4xx_hal_spi.c ****        Circular mode restriction:
  58:Drivers/STM32F4xx_HAL_Driver/Src/stm32f4xx_hal_spi.c ****       (#) The DMA circular mode cannot be used when the SPI is configured in these modes:
  59:Drivers/STM32F4xx_HAL_Driver/Src/stm32f4xx_hal_spi.c ****           (##) Master 2Lines RxOnly
  60:Drivers/STM32F4xx_HAL_Driver/Src/stm32f4xx_hal_spi.c ****           (##) Master 1Line Rx
  61:Drivers/STM32F4xx_HAL_Driver/Src/stm32f4xx_hal_spi.c ****       (#) The CRC feature is not managed when the DMA circular mode is enabled
  62:Drivers/STM32F4xx_HAL_Driver/Src/stm32f4xx_hal_spi.c ****       (#) When the SPI DMA Pause/Stop features are used, we must use the following APIs
  63:Drivers/STM32F4xx_HAL_Driver/Src/stm32f4xx_hal_spi.c ****           the HAL_SPI_DMAPause()/ HAL_SPI_DMAStop() only under the SPI callbacks
  64:Drivers/STM32F4xx_HAL_Driver/Src/stm32f4xx_hal_spi.c ****      [..]
  65:Drivers/STM32F4xx_HAL_Driver/Src/stm32f4xx_hal_spi.c ****        Master Receive mode restriction:
  66:Drivers/STM32F4xx_HAL_Driver/Src/stm32f4xx_hal_spi.c ****       (#) In Master unidirectional receive-only mode (MSTR =1, BIDIMODE=0, RXONLY=1) or
  67:Drivers/STM32F4xx_HAL_Driver/Src/stm32f4xx_hal_spi.c ****           bidirectional receive mode (MSTR=1, BIDIMODE=1, BIDIOE=0), to ensure that the SPI
  68:Drivers/STM32F4xx_HAL_Driver/Src/stm32f4xx_hal_spi.c ****           does not initiate a new transfer the following procedure has to be respected:
  69:Drivers/STM32F4xx_HAL_Driver/Src/stm32f4xx_hal_spi.c ****           (##) HAL_SPI_DeInit()
  70:Drivers/STM32F4xx_HAL_Driver/Src/stm32f4xx_hal_spi.c ****           (##) HAL_SPI_Init()
  71:Drivers/STM32F4xx_HAL_Driver/Src/stm32f4xx_hal_spi.c ****      [..]
  72:Drivers/STM32F4xx_HAL_Driver/Src/stm32f4xx_hal_spi.c ****        Callback registration:
  73:Drivers/STM32F4xx_HAL_Driver/Src/stm32f4xx_hal_spi.c **** 
  74:Drivers/STM32F4xx_HAL_Driver/Src/stm32f4xx_hal_spi.c ****       (#) The compilation flag USE_HAL_SPI_REGISTER_CALLBACKS when set to 1U
  75:Drivers/STM32F4xx_HAL_Driver/Src/stm32f4xx_hal_spi.c ****           allows the user to configure dynamically the driver callbacks.
  76:Drivers/STM32F4xx_HAL_Driver/Src/stm32f4xx_hal_spi.c ****           Use Functions HAL_SPI_RegisterCallback() to register an interrupt callback.
  77:Drivers/STM32F4xx_HAL_Driver/Src/stm32f4xx_hal_spi.c **** 
  78:Drivers/STM32F4xx_HAL_Driver/Src/stm32f4xx_hal_spi.c ****           Function HAL_SPI_RegisterCallback() allows to register following callbacks:
  79:Drivers/STM32F4xx_HAL_Driver/Src/stm32f4xx_hal_spi.c ****             (++) TxCpltCallback        : SPI Tx Completed callback
  80:Drivers/STM32F4xx_HAL_Driver/Src/stm32f4xx_hal_spi.c ****             (++) RxCpltCallback        : SPI Rx Completed callback
  81:Drivers/STM32F4xx_HAL_Driver/Src/stm32f4xx_hal_spi.c ****             (++) TxRxCpltCallback      : SPI TxRx Completed callback
  82:Drivers/STM32F4xx_HAL_Driver/Src/stm32f4xx_hal_spi.c ****             (++) TxHalfCpltCallback    : SPI Tx Half Completed callback
  83:Drivers/STM32F4xx_HAL_Driver/Src/stm32f4xx_hal_spi.c ****             (++) RxHalfCpltCallback    : SPI Rx Half Completed callback
  84:Drivers/STM32F4xx_HAL_Driver/Src/stm32f4xx_hal_spi.c ****             (++) TxRxHalfCpltCallback  : SPI TxRx Half Completed callback
  85:Drivers/STM32F4xx_HAL_Driver/Src/stm32f4xx_hal_spi.c ****             (++) ErrorCallback         : SPI Error callback
  86:Drivers/STM32F4xx_HAL_Driver/Src/stm32f4xx_hal_spi.c ****             (++) AbortCpltCallback     : SPI Abort callback
  87:Drivers/STM32F4xx_HAL_Driver/Src/stm32f4xx_hal_spi.c ****             (++) MspInitCallback       : SPI Msp Init callback
ARM GAS  C:\Users\10369\AppData\Local\Temp\ccy9FUfH.s 			page 3


  88:Drivers/STM32F4xx_HAL_Driver/Src/stm32f4xx_hal_spi.c ****             (++) MspDeInitCallback     : SPI Msp DeInit callback
  89:Drivers/STM32F4xx_HAL_Driver/Src/stm32f4xx_hal_spi.c ****           This function takes as parameters the HAL peripheral handle, the Callback ID
  90:Drivers/STM32F4xx_HAL_Driver/Src/stm32f4xx_hal_spi.c ****           and a pointer to the user callback function.
  91:Drivers/STM32F4xx_HAL_Driver/Src/stm32f4xx_hal_spi.c **** 
  92:Drivers/STM32F4xx_HAL_Driver/Src/stm32f4xx_hal_spi.c **** 
  93:Drivers/STM32F4xx_HAL_Driver/Src/stm32f4xx_hal_spi.c ****       (#) Use function HAL_SPI_UnRegisterCallback to reset a callback to the default
  94:Drivers/STM32F4xx_HAL_Driver/Src/stm32f4xx_hal_spi.c ****           weak function.
  95:Drivers/STM32F4xx_HAL_Driver/Src/stm32f4xx_hal_spi.c ****           HAL_SPI_UnRegisterCallback takes as parameters the HAL peripheral handle,
  96:Drivers/STM32F4xx_HAL_Driver/Src/stm32f4xx_hal_spi.c ****           and the Callback ID.
  97:Drivers/STM32F4xx_HAL_Driver/Src/stm32f4xx_hal_spi.c ****           This function allows to reset following callbacks:
  98:Drivers/STM32F4xx_HAL_Driver/Src/stm32f4xx_hal_spi.c ****             (++) TxCpltCallback        : SPI Tx Completed callback
  99:Drivers/STM32F4xx_HAL_Driver/Src/stm32f4xx_hal_spi.c ****             (++) RxCpltCallback        : SPI Rx Completed callback
 100:Drivers/STM32F4xx_HAL_Driver/Src/stm32f4xx_hal_spi.c ****             (++) TxRxCpltCallback      : SPI TxRx Completed callback
 101:Drivers/STM32F4xx_HAL_Driver/Src/stm32f4xx_hal_spi.c ****             (++) TxHalfCpltCallback    : SPI Tx Half Completed callback
 102:Drivers/STM32F4xx_HAL_Driver/Src/stm32f4xx_hal_spi.c ****             (++) RxHalfCpltCallback    : SPI Rx Half Completed callback
 103:Drivers/STM32F4xx_HAL_Driver/Src/stm32f4xx_hal_spi.c ****             (++) TxRxHalfCpltCallback  : SPI TxRx Half Completed callback
 104:Drivers/STM32F4xx_HAL_Driver/Src/stm32f4xx_hal_spi.c ****             (++) ErrorCallback         : SPI Error callback
 105:Drivers/STM32F4xx_HAL_Driver/Src/stm32f4xx_hal_spi.c ****             (++) AbortCpltCallback     : SPI Abort callback
 106:Drivers/STM32F4xx_HAL_Driver/Src/stm32f4xx_hal_spi.c ****             (++) MspInitCallback       : SPI Msp Init callback
 107:Drivers/STM32F4xx_HAL_Driver/Src/stm32f4xx_hal_spi.c ****             (++) MspDeInitCallback     : SPI Msp DeInit callback
 108:Drivers/STM32F4xx_HAL_Driver/Src/stm32f4xx_hal_spi.c **** 
 109:Drivers/STM32F4xx_HAL_Driver/Src/stm32f4xx_hal_spi.c ****        [..]
 110:Drivers/STM32F4xx_HAL_Driver/Src/stm32f4xx_hal_spi.c ****        By default, after the HAL_SPI_Init() and when the state is HAL_SPI_STATE_RESET
 111:Drivers/STM32F4xx_HAL_Driver/Src/stm32f4xx_hal_spi.c ****        all callbacks are set to the corresponding weak functions:
 112:Drivers/STM32F4xx_HAL_Driver/Src/stm32f4xx_hal_spi.c ****        examples HAL_SPI_MasterTxCpltCallback(), HAL_SPI_MasterRxCpltCallback().
 113:Drivers/STM32F4xx_HAL_Driver/Src/stm32f4xx_hal_spi.c ****        Exception done for MspInit and MspDeInit functions that are
 114:Drivers/STM32F4xx_HAL_Driver/Src/stm32f4xx_hal_spi.c ****        reset to the legacy weak functions in the HAL_SPI_Init()/ HAL_SPI_DeInit() only when
 115:Drivers/STM32F4xx_HAL_Driver/Src/stm32f4xx_hal_spi.c ****        these callbacks are null (not registered beforehand).
 116:Drivers/STM32F4xx_HAL_Driver/Src/stm32f4xx_hal_spi.c ****        If MspInit or MspDeInit are not null, the HAL_SPI_Init()/ HAL_SPI_DeInit()
 117:Drivers/STM32F4xx_HAL_Driver/Src/stm32f4xx_hal_spi.c ****        keep and use the user MspInit/MspDeInit callbacks (registered beforehand) whatever the state
 118:Drivers/STM32F4xx_HAL_Driver/Src/stm32f4xx_hal_spi.c **** 
 119:Drivers/STM32F4xx_HAL_Driver/Src/stm32f4xx_hal_spi.c ****        [..]
 120:Drivers/STM32F4xx_HAL_Driver/Src/stm32f4xx_hal_spi.c ****        Callbacks can be registered/unregistered in HAL_SPI_STATE_READY state only.
 121:Drivers/STM32F4xx_HAL_Driver/Src/stm32f4xx_hal_spi.c ****        Exception done MspInit/MspDeInit functions that can be registered/unregistered
 122:Drivers/STM32F4xx_HAL_Driver/Src/stm32f4xx_hal_spi.c ****        in HAL_SPI_STATE_READY or HAL_SPI_STATE_RESET state,
 123:Drivers/STM32F4xx_HAL_Driver/Src/stm32f4xx_hal_spi.c ****        thus registered (user) MspInit/DeInit callbacks can be used during the Init/DeInit.
 124:Drivers/STM32F4xx_HAL_Driver/Src/stm32f4xx_hal_spi.c ****        Then, the user first registers the MspInit/MspDeInit user callbacks
 125:Drivers/STM32F4xx_HAL_Driver/Src/stm32f4xx_hal_spi.c ****        using HAL_SPI_RegisterCallback() before calling HAL_SPI_DeInit()
 126:Drivers/STM32F4xx_HAL_Driver/Src/stm32f4xx_hal_spi.c ****        or HAL_SPI_Init() function.
 127:Drivers/STM32F4xx_HAL_Driver/Src/stm32f4xx_hal_spi.c **** 
 128:Drivers/STM32F4xx_HAL_Driver/Src/stm32f4xx_hal_spi.c ****        [..]
 129:Drivers/STM32F4xx_HAL_Driver/Src/stm32f4xx_hal_spi.c ****        When the compilation define USE_HAL_PPP_REGISTER_CALLBACKS is set to 0 or
 130:Drivers/STM32F4xx_HAL_Driver/Src/stm32f4xx_hal_spi.c ****        not defined, the callback registering feature is not available
 131:Drivers/STM32F4xx_HAL_Driver/Src/stm32f4xx_hal_spi.c ****        and weak (surcharged) callbacks are used.
 132:Drivers/STM32F4xx_HAL_Driver/Src/stm32f4xx_hal_spi.c **** 
 133:Drivers/STM32F4xx_HAL_Driver/Src/stm32f4xx_hal_spi.c ****      [..]
 134:Drivers/STM32F4xx_HAL_Driver/Src/stm32f4xx_hal_spi.c ****        Using the HAL it is not possible to reach all supported SPI frequency with the different SPI
 135:Drivers/STM32F4xx_HAL_Driver/Src/stm32f4xx_hal_spi.c ****        the following table resume the max SPI frequency reached with data size 8bits/16bits,
 136:Drivers/STM32F4xx_HAL_Driver/Src/stm32f4xx_hal_spi.c ****          according to frequency of the APBx Peripheral Clock (fPCLK) used by the SPI instance.
 137:Drivers/STM32F4xx_HAL_Driver/Src/stm32f4xx_hal_spi.c **** 
 138:Drivers/STM32F4xx_HAL_Driver/Src/stm32f4xx_hal_spi.c ****   @endverbatim
 139:Drivers/STM32F4xx_HAL_Driver/Src/stm32f4xx_hal_spi.c **** 
 140:Drivers/STM32F4xx_HAL_Driver/Src/stm32f4xx_hal_spi.c ****   Additional table :
 141:Drivers/STM32F4xx_HAL_Driver/Src/stm32f4xx_hal_spi.c **** 
 142:Drivers/STM32F4xx_HAL_Driver/Src/stm32f4xx_hal_spi.c ****        DataSize = SPI_DATASIZE_8BIT:
 143:Drivers/STM32F4xx_HAL_Driver/Src/stm32f4xx_hal_spi.c ****        +-------------------------------------------------------------------------------------------
 144:Drivers/STM32F4xx_HAL_Driver/Src/stm32f4xx_hal_spi.c ****        |         |                | 2Lines Fullduplex   |     2Lines RxOnly    |         1Line     
ARM GAS  C:\Users\10369\AppData\Local\Temp\ccy9FUfH.s 			page 4


 145:Drivers/STM32F4xx_HAL_Driver/Src/stm32f4xx_hal_spi.c ****        | Process | Transfer mode  |---------------------|----------------------|-------------------
 146:Drivers/STM32F4xx_HAL_Driver/Src/stm32f4xx_hal_spi.c ****        |         |                |  Master  |  Slave   |  Master   |  Slave   |  Master   |  Slave
 147:Drivers/STM32F4xx_HAL_Driver/Src/stm32f4xx_hal_spi.c ****        |===========================================================================================
 148:Drivers/STM32F4xx_HAL_Driver/Src/stm32f4xx_hal_spi.c ****        |    T    |     Polling    | Fpclk/2  | Fpclk/2  |    NA     |    NA    |    NA     |   NA  
 149:Drivers/STM32F4xx_HAL_Driver/Src/stm32f4xx_hal_spi.c ****        |    X    |----------------|----------|----------|-----------|----------|-----------|-------
 150:Drivers/STM32F4xx_HAL_Driver/Src/stm32f4xx_hal_spi.c ****        |    /    |     Interrupt  | Fpclk/4  | Fpclk/8  |    NA     |    NA    |    NA     |   NA  
 151:Drivers/STM32F4xx_HAL_Driver/Src/stm32f4xx_hal_spi.c ****        |    R    |----------------|----------|----------|-----------|----------|-----------|-------
 152:Drivers/STM32F4xx_HAL_Driver/Src/stm32f4xx_hal_spi.c ****        |    X    |       DMA      | Fpclk/2  | Fpclk/2  |    NA     |    NA    |    NA     |   NA  
 153:Drivers/STM32F4xx_HAL_Driver/Src/stm32f4xx_hal_spi.c ****        |=========|================|==========|==========|===========|==========|===========|=======
 154:Drivers/STM32F4xx_HAL_Driver/Src/stm32f4xx_hal_spi.c ****        |         |     Polling    | Fpclk/2  | Fpclk/2  | Fpclk/64  | Fpclk/2  | Fpclk/64  | Fpclk/
 155:Drivers/STM32F4xx_HAL_Driver/Src/stm32f4xx_hal_spi.c ****        |         |----------------|----------|----------|-----------|----------|-----------|-------
 156:Drivers/STM32F4xx_HAL_Driver/Src/stm32f4xx_hal_spi.c ****        |    R    |     Interrupt  | Fpclk/8  | Fpclk/8  | Fpclk/64  | Fpclk/2  | Fpclk/64  | Fpclk/
 157:Drivers/STM32F4xx_HAL_Driver/Src/stm32f4xx_hal_spi.c ****        |    X    |----------------|----------|----------|-----------|----------|-----------|-------
 158:Drivers/STM32F4xx_HAL_Driver/Src/stm32f4xx_hal_spi.c ****        |         |       DMA      | Fpclk/2  | Fpclk/2  | Fpclk/64  | Fpclk/2  | Fpclk/128 | Fpclk/
 159:Drivers/STM32F4xx_HAL_Driver/Src/stm32f4xx_hal_spi.c ****        |=========|================|==========|==========|===========|==========|===========|=======
 160:Drivers/STM32F4xx_HAL_Driver/Src/stm32f4xx_hal_spi.c ****        |         |     Polling    | Fpclk/2  | Fpclk/4  |     NA    |    NA    | Fpclk/2   | Fpclk/
 161:Drivers/STM32F4xx_HAL_Driver/Src/stm32f4xx_hal_spi.c ****        |         |----------------|----------|----------|-----------|----------|-----------|-------
 162:Drivers/STM32F4xx_HAL_Driver/Src/stm32f4xx_hal_spi.c ****        |    T    |     Interrupt  | Fpclk/2  | Fpclk/4  |     NA    |    NA    | Fpclk/2   | Fpclk/
 163:Drivers/STM32F4xx_HAL_Driver/Src/stm32f4xx_hal_spi.c ****        |    X    |----------------|----------|----------|-----------|----------|-----------|-------
 164:Drivers/STM32F4xx_HAL_Driver/Src/stm32f4xx_hal_spi.c ****        |         |       DMA      | Fpclk/2  | Fpclk/2  |     NA    |    NA    | Fpclk/2   | Fpclk/
 165:Drivers/STM32F4xx_HAL_Driver/Src/stm32f4xx_hal_spi.c ****        +-------------------------------------------------------------------------------------------
 166:Drivers/STM32F4xx_HAL_Driver/Src/stm32f4xx_hal_spi.c **** 
 167:Drivers/STM32F4xx_HAL_Driver/Src/stm32f4xx_hal_spi.c ****        DataSize = SPI_DATASIZE_16BIT:
 168:Drivers/STM32F4xx_HAL_Driver/Src/stm32f4xx_hal_spi.c ****        +-------------------------------------------------------------------------------------------
 169:Drivers/STM32F4xx_HAL_Driver/Src/stm32f4xx_hal_spi.c ****        |         |                | 2Lines Fullduplex   |     2Lines RxOnly    |         1Line     
 170:Drivers/STM32F4xx_HAL_Driver/Src/stm32f4xx_hal_spi.c ****        | Process | Transfer mode  |---------------------|----------------------|-------------------
 171:Drivers/STM32F4xx_HAL_Driver/Src/stm32f4xx_hal_spi.c ****        |         |                |  Master  |  Slave   |  Master   |  Slave   |  Master   |  Slave
 172:Drivers/STM32F4xx_HAL_Driver/Src/stm32f4xx_hal_spi.c ****        |===========================================================================================
 173:Drivers/STM32F4xx_HAL_Driver/Src/stm32f4xx_hal_spi.c ****        |    T    |     Polling    | Fpclk/2  | Fpclk/2  |    NA     |    NA    |    NA     |   NA  
 174:Drivers/STM32F4xx_HAL_Driver/Src/stm32f4xx_hal_spi.c ****        |    X    |----------------|----------|----------|-----------|----------|-----------|-------
 175:Drivers/STM32F4xx_HAL_Driver/Src/stm32f4xx_hal_spi.c ****        |    /    |     Interrupt  | Fpclk/4  | Fpclk/4  |    NA     |    NA    |    NA     |   NA  
 176:Drivers/STM32F4xx_HAL_Driver/Src/stm32f4xx_hal_spi.c ****        |    R    |----------------|----------|----------|-----------|----------|-----------|-------
 177:Drivers/STM32F4xx_HAL_Driver/Src/stm32f4xx_hal_spi.c ****        |    X    |       DMA      | Fpclk/2  | Fpclk/2  |    NA     |    NA    |    NA     |   NA  
 178:Drivers/STM32F4xx_HAL_Driver/Src/stm32f4xx_hal_spi.c ****        |=========|================|==========|==========|===========|==========|===========|=======
 179:Drivers/STM32F4xx_HAL_Driver/Src/stm32f4xx_hal_spi.c ****        |         |     Polling    | Fpclk/2  | Fpclk/2  | Fpclk/64  | Fpclk/2  | Fpclk/32  | Fpclk/
 180:Drivers/STM32F4xx_HAL_Driver/Src/stm32f4xx_hal_spi.c ****        |         |----------------|----------|----------|-----------|----------|-----------|-------
 181:Drivers/STM32F4xx_HAL_Driver/Src/stm32f4xx_hal_spi.c ****        |    R    |     Interrupt  | Fpclk/4  | Fpclk/4  | Fpclk/64  | Fpclk/2  | Fpclk/64  | Fpclk/
 182:Drivers/STM32F4xx_HAL_Driver/Src/stm32f4xx_hal_spi.c ****        |    X    |----------------|----------|----------|-----------|----------|-----------|-------
 183:Drivers/STM32F4xx_HAL_Driver/Src/stm32f4xx_hal_spi.c ****        |         |       DMA      | Fpclk/2  | Fpclk/2  | Fpclk/64  | Fpclk/2  | Fpclk/128 | Fpclk/
 184:Drivers/STM32F4xx_HAL_Driver/Src/stm32f4xx_hal_spi.c ****        |=========|================|==========|==========|===========|==========|===========|=======
 185:Drivers/STM32F4xx_HAL_Driver/Src/stm32f4xx_hal_spi.c ****        |         |     Polling    | Fpclk/2  | Fpclk/2  |     NA    |    NA    | Fpclk/2   | Fpclk/
 186:Drivers/STM32F4xx_HAL_Driver/Src/stm32f4xx_hal_spi.c ****        |         |----------------|----------|----------|-----------|----------|-----------|-------
 187:Drivers/STM32F4xx_HAL_Driver/Src/stm32f4xx_hal_spi.c ****        |    T    |     Interrupt  | Fpclk/2  | Fpclk/2  |     NA    |    NA    | Fpclk/2   | Fpclk/
 188:Drivers/STM32F4xx_HAL_Driver/Src/stm32f4xx_hal_spi.c ****        |    X    |----------------|----------|----------|-----------|----------|-----------|-------
 189:Drivers/STM32F4xx_HAL_Driver/Src/stm32f4xx_hal_spi.c ****        |         |       DMA      | Fpclk/2  | Fpclk/2  |     NA    |    NA    | Fpclk/2   | Fpclk/
 190:Drivers/STM32F4xx_HAL_Driver/Src/stm32f4xx_hal_spi.c ****        +-------------------------------------------------------------------------------------------
 191:Drivers/STM32F4xx_HAL_Driver/Src/stm32f4xx_hal_spi.c ****        @note The max SPI frequency depend on SPI data size (8bits, 16bits),
 192:Drivers/STM32F4xx_HAL_Driver/Src/stm32f4xx_hal_spi.c ****              SPI mode(2 Lines fullduplex, 2 lines RxOnly, 1 line TX/RX) and Process mode (Polling, 
 193:Drivers/STM32F4xx_HAL_Driver/Src/stm32f4xx_hal_spi.c ****        @note
 194:Drivers/STM32F4xx_HAL_Driver/Src/stm32f4xx_hal_spi.c ****             (#) TX/RX processes are HAL_SPI_TransmitReceive(), HAL_SPI_TransmitReceive_IT() and
 195:Drivers/STM32F4xx_HAL_Driver/Src/stm32f4xx_hal_spi.c ****                 HAL_SPI_TransmitReceive_DMA()
 196:Drivers/STM32F4xx_HAL_Driver/Src/stm32f4xx_hal_spi.c ****             (#) RX processes are HAL_SPI_Receive(), HAL_SPI_Receive_IT() and HAL_SPI_Receive_DMA()
 197:Drivers/STM32F4xx_HAL_Driver/Src/stm32f4xx_hal_spi.c ****             (#) TX processes are HAL_SPI_Transmit(), HAL_SPI_Transmit_IT() and HAL_SPI_Transmit_DMA
 198:Drivers/STM32F4xx_HAL_Driver/Src/stm32f4xx_hal_spi.c **** 
 199:Drivers/STM32F4xx_HAL_Driver/Src/stm32f4xx_hal_spi.c ****   */
 200:Drivers/STM32F4xx_HAL_Driver/Src/stm32f4xx_hal_spi.c **** 
 201:Drivers/STM32F4xx_HAL_Driver/Src/stm32f4xx_hal_spi.c **** /* Includes ------------------------------------------------------------------*/
ARM GAS  C:\Users\10369\AppData\Local\Temp\ccy9FUfH.s 			page 5


 202:Drivers/STM32F4xx_HAL_Driver/Src/stm32f4xx_hal_spi.c **** #include "stm32f4xx_hal.h"
 203:Drivers/STM32F4xx_HAL_Driver/Src/stm32f4xx_hal_spi.c **** 
 204:Drivers/STM32F4xx_HAL_Driver/Src/stm32f4xx_hal_spi.c **** /** @addtogroup STM32F4xx_HAL_Driver
 205:Drivers/STM32F4xx_HAL_Driver/Src/stm32f4xx_hal_spi.c ****   * @{
 206:Drivers/STM32F4xx_HAL_Driver/Src/stm32f4xx_hal_spi.c ****   */
 207:Drivers/STM32F4xx_HAL_Driver/Src/stm32f4xx_hal_spi.c **** 
 208:Drivers/STM32F4xx_HAL_Driver/Src/stm32f4xx_hal_spi.c **** /** @defgroup SPI SPI
 209:Drivers/STM32F4xx_HAL_Driver/Src/stm32f4xx_hal_spi.c ****   * @brief SPI HAL module driver
 210:Drivers/STM32F4xx_HAL_Driver/Src/stm32f4xx_hal_spi.c ****   * @{
 211:Drivers/STM32F4xx_HAL_Driver/Src/stm32f4xx_hal_spi.c ****   */
 212:Drivers/STM32F4xx_HAL_Driver/Src/stm32f4xx_hal_spi.c **** #ifdef HAL_SPI_MODULE_ENABLED
 213:Drivers/STM32F4xx_HAL_Driver/Src/stm32f4xx_hal_spi.c **** 
 214:Drivers/STM32F4xx_HAL_Driver/Src/stm32f4xx_hal_spi.c **** /* Private typedef -----------------------------------------------------------*/
 215:Drivers/STM32F4xx_HAL_Driver/Src/stm32f4xx_hal_spi.c **** /* Private defines -----------------------------------------------------------*/
 216:Drivers/STM32F4xx_HAL_Driver/Src/stm32f4xx_hal_spi.c **** /** @defgroup SPI_Private_Constants SPI Private Constants
 217:Drivers/STM32F4xx_HAL_Driver/Src/stm32f4xx_hal_spi.c ****   * @{
 218:Drivers/STM32F4xx_HAL_Driver/Src/stm32f4xx_hal_spi.c ****   */
 219:Drivers/STM32F4xx_HAL_Driver/Src/stm32f4xx_hal_spi.c **** #define SPI_DEFAULT_TIMEOUT 100U
 220:Drivers/STM32F4xx_HAL_Driver/Src/stm32f4xx_hal_spi.c **** #define SPI_BSY_FLAG_WORKAROUND_TIMEOUT 1000U /*!< Timeout 1000 us             */
 221:Drivers/STM32F4xx_HAL_Driver/Src/stm32f4xx_hal_spi.c **** /**
 222:Drivers/STM32F4xx_HAL_Driver/Src/stm32f4xx_hal_spi.c ****   * @}
 223:Drivers/STM32F4xx_HAL_Driver/Src/stm32f4xx_hal_spi.c ****   */
 224:Drivers/STM32F4xx_HAL_Driver/Src/stm32f4xx_hal_spi.c **** 
 225:Drivers/STM32F4xx_HAL_Driver/Src/stm32f4xx_hal_spi.c **** /* Private macros ------------------------------------------------------------*/
 226:Drivers/STM32F4xx_HAL_Driver/Src/stm32f4xx_hal_spi.c **** /* Private variables ---------------------------------------------------------*/
 227:Drivers/STM32F4xx_HAL_Driver/Src/stm32f4xx_hal_spi.c **** /* Private function prototypes -----------------------------------------------*/
 228:Drivers/STM32F4xx_HAL_Driver/Src/stm32f4xx_hal_spi.c **** /** @defgroup SPI_Private_Functions SPI Private Functions
 229:Drivers/STM32F4xx_HAL_Driver/Src/stm32f4xx_hal_spi.c ****   * @{
 230:Drivers/STM32F4xx_HAL_Driver/Src/stm32f4xx_hal_spi.c ****   */
 231:Drivers/STM32F4xx_HAL_Driver/Src/stm32f4xx_hal_spi.c **** static void SPI_DMATransmitCplt(DMA_HandleTypeDef *hdma);
 232:Drivers/STM32F4xx_HAL_Driver/Src/stm32f4xx_hal_spi.c **** static void SPI_DMAReceiveCplt(DMA_HandleTypeDef *hdma);
 233:Drivers/STM32F4xx_HAL_Driver/Src/stm32f4xx_hal_spi.c **** static void SPI_DMATransmitReceiveCplt(DMA_HandleTypeDef *hdma);
 234:Drivers/STM32F4xx_HAL_Driver/Src/stm32f4xx_hal_spi.c **** static void SPI_DMAHalfTransmitCplt(DMA_HandleTypeDef *hdma);
 235:Drivers/STM32F4xx_HAL_Driver/Src/stm32f4xx_hal_spi.c **** static void SPI_DMAHalfReceiveCplt(DMA_HandleTypeDef *hdma);
 236:Drivers/STM32F4xx_HAL_Driver/Src/stm32f4xx_hal_spi.c **** static void SPI_DMAHalfTransmitReceiveCplt(DMA_HandleTypeDef *hdma);
 237:Drivers/STM32F4xx_HAL_Driver/Src/stm32f4xx_hal_spi.c **** static void SPI_DMAError(DMA_HandleTypeDef *hdma);
 238:Drivers/STM32F4xx_HAL_Driver/Src/stm32f4xx_hal_spi.c **** static void SPI_DMAAbortOnError(DMA_HandleTypeDef *hdma);
 239:Drivers/STM32F4xx_HAL_Driver/Src/stm32f4xx_hal_spi.c **** static void SPI_DMATxAbortCallback(DMA_HandleTypeDef *hdma);
 240:Drivers/STM32F4xx_HAL_Driver/Src/stm32f4xx_hal_spi.c **** static void SPI_DMARxAbortCallback(DMA_HandleTypeDef *hdma);
 241:Drivers/STM32F4xx_HAL_Driver/Src/stm32f4xx_hal_spi.c **** static HAL_StatusTypeDef SPI_WaitFlagStateUntilTimeout(SPI_HandleTypeDef *hspi, uint32_t Flag, Flag
 242:Drivers/STM32F4xx_HAL_Driver/Src/stm32f4xx_hal_spi.c ****                                                        uint32_t Timeout, uint32_t Tickstart);
 243:Drivers/STM32F4xx_HAL_Driver/Src/stm32f4xx_hal_spi.c **** static void SPI_TxISR_8BIT(struct __SPI_HandleTypeDef *hspi);
 244:Drivers/STM32F4xx_HAL_Driver/Src/stm32f4xx_hal_spi.c **** static void SPI_TxISR_16BIT(struct __SPI_HandleTypeDef *hspi);
 245:Drivers/STM32F4xx_HAL_Driver/Src/stm32f4xx_hal_spi.c **** static void SPI_RxISR_8BIT(struct __SPI_HandleTypeDef *hspi);
 246:Drivers/STM32F4xx_HAL_Driver/Src/stm32f4xx_hal_spi.c **** static void SPI_RxISR_16BIT(struct __SPI_HandleTypeDef *hspi);
 247:Drivers/STM32F4xx_HAL_Driver/Src/stm32f4xx_hal_spi.c **** static void SPI_2linesRxISR_8BIT(struct __SPI_HandleTypeDef *hspi);
 248:Drivers/STM32F4xx_HAL_Driver/Src/stm32f4xx_hal_spi.c **** static void SPI_2linesTxISR_8BIT(struct __SPI_HandleTypeDef *hspi);
 249:Drivers/STM32F4xx_HAL_Driver/Src/stm32f4xx_hal_spi.c **** static void SPI_2linesTxISR_16BIT(struct __SPI_HandleTypeDef *hspi);
 250:Drivers/STM32F4xx_HAL_Driver/Src/stm32f4xx_hal_spi.c **** static void SPI_2linesRxISR_16BIT(struct __SPI_HandleTypeDef *hspi);
 251:Drivers/STM32F4xx_HAL_Driver/Src/stm32f4xx_hal_spi.c **** #if (USE_SPI_CRC != 0U)
 252:Drivers/STM32F4xx_HAL_Driver/Src/stm32f4xx_hal_spi.c **** static void SPI_RxISR_8BITCRC(struct __SPI_HandleTypeDef *hspi);
 253:Drivers/STM32F4xx_HAL_Driver/Src/stm32f4xx_hal_spi.c **** static void SPI_RxISR_16BITCRC(struct __SPI_HandleTypeDef *hspi);
 254:Drivers/STM32F4xx_HAL_Driver/Src/stm32f4xx_hal_spi.c **** static void SPI_2linesRxISR_8BITCRC(struct __SPI_HandleTypeDef *hspi);
 255:Drivers/STM32F4xx_HAL_Driver/Src/stm32f4xx_hal_spi.c **** static void SPI_2linesRxISR_16BITCRC(struct __SPI_HandleTypeDef *hspi);
 256:Drivers/STM32F4xx_HAL_Driver/Src/stm32f4xx_hal_spi.c **** #endif /* USE_SPI_CRC */
 257:Drivers/STM32F4xx_HAL_Driver/Src/stm32f4xx_hal_spi.c **** static void SPI_AbortRx_ISR(SPI_HandleTypeDef *hspi);
 258:Drivers/STM32F4xx_HAL_Driver/Src/stm32f4xx_hal_spi.c **** static void SPI_AbortTx_ISR(SPI_HandleTypeDef *hspi);
ARM GAS  C:\Users\10369\AppData\Local\Temp\ccy9FUfH.s 			page 6


 259:Drivers/STM32F4xx_HAL_Driver/Src/stm32f4xx_hal_spi.c **** static void SPI_CloseRxTx_ISR(SPI_HandleTypeDef *hspi);
 260:Drivers/STM32F4xx_HAL_Driver/Src/stm32f4xx_hal_spi.c **** static void SPI_CloseRx_ISR(SPI_HandleTypeDef *hspi);
 261:Drivers/STM32F4xx_HAL_Driver/Src/stm32f4xx_hal_spi.c **** static void SPI_CloseTx_ISR(SPI_HandleTypeDef *hspi);
 262:Drivers/STM32F4xx_HAL_Driver/Src/stm32f4xx_hal_spi.c **** static HAL_StatusTypeDef SPI_EndRxTransaction(SPI_HandleTypeDef *hspi, uint32_t Timeout, uint32_t T
 263:Drivers/STM32F4xx_HAL_Driver/Src/stm32f4xx_hal_spi.c **** static HAL_StatusTypeDef SPI_EndRxTxTransaction(SPI_HandleTypeDef *hspi, uint32_t Timeout, uint32_t
 264:Drivers/STM32F4xx_HAL_Driver/Src/stm32f4xx_hal_spi.c **** /**
 265:Drivers/STM32F4xx_HAL_Driver/Src/stm32f4xx_hal_spi.c ****   * @}
 266:Drivers/STM32F4xx_HAL_Driver/Src/stm32f4xx_hal_spi.c ****   */
 267:Drivers/STM32F4xx_HAL_Driver/Src/stm32f4xx_hal_spi.c **** 
 268:Drivers/STM32F4xx_HAL_Driver/Src/stm32f4xx_hal_spi.c **** /* Exported functions --------------------------------------------------------*/
 269:Drivers/STM32F4xx_HAL_Driver/Src/stm32f4xx_hal_spi.c **** /** @defgroup SPI_Exported_Functions SPI Exported Functions
 270:Drivers/STM32F4xx_HAL_Driver/Src/stm32f4xx_hal_spi.c ****   * @{
 271:Drivers/STM32F4xx_HAL_Driver/Src/stm32f4xx_hal_spi.c ****   */
 272:Drivers/STM32F4xx_HAL_Driver/Src/stm32f4xx_hal_spi.c **** 
 273:Drivers/STM32F4xx_HAL_Driver/Src/stm32f4xx_hal_spi.c **** /** @defgroup SPI_Exported_Functions_Group1 Initialization and de-initialization functions
 274:Drivers/STM32F4xx_HAL_Driver/Src/stm32f4xx_hal_spi.c ****   *  @brief    Initialization and Configuration functions
 275:Drivers/STM32F4xx_HAL_Driver/Src/stm32f4xx_hal_spi.c ****   *
 276:Drivers/STM32F4xx_HAL_Driver/Src/stm32f4xx_hal_spi.c **** @verbatim
 277:Drivers/STM32F4xx_HAL_Driver/Src/stm32f4xx_hal_spi.c ****  ===============================================================================
 278:Drivers/STM32F4xx_HAL_Driver/Src/stm32f4xx_hal_spi.c ****               ##### Initialization and de-initialization functions #####
 279:Drivers/STM32F4xx_HAL_Driver/Src/stm32f4xx_hal_spi.c ****  ===============================================================================
 280:Drivers/STM32F4xx_HAL_Driver/Src/stm32f4xx_hal_spi.c ****     [..]  This subsection provides a set of functions allowing to initialize and
 281:Drivers/STM32F4xx_HAL_Driver/Src/stm32f4xx_hal_spi.c ****           de-initialize the SPIx peripheral:
 282:Drivers/STM32F4xx_HAL_Driver/Src/stm32f4xx_hal_spi.c **** 
 283:Drivers/STM32F4xx_HAL_Driver/Src/stm32f4xx_hal_spi.c ****       (+) User must implement HAL_SPI_MspInit() function in which he configures
 284:Drivers/STM32F4xx_HAL_Driver/Src/stm32f4xx_hal_spi.c ****           all related peripherals resources (CLOCK, GPIO, DMA, IT and NVIC ).
 285:Drivers/STM32F4xx_HAL_Driver/Src/stm32f4xx_hal_spi.c **** 
 286:Drivers/STM32F4xx_HAL_Driver/Src/stm32f4xx_hal_spi.c ****       (+) Call the function HAL_SPI_Init() to configure the selected device with
 287:Drivers/STM32F4xx_HAL_Driver/Src/stm32f4xx_hal_spi.c ****           the selected configuration:
 288:Drivers/STM32F4xx_HAL_Driver/Src/stm32f4xx_hal_spi.c ****         (++) Mode
 289:Drivers/STM32F4xx_HAL_Driver/Src/stm32f4xx_hal_spi.c ****         (++) Direction
 290:Drivers/STM32F4xx_HAL_Driver/Src/stm32f4xx_hal_spi.c ****         (++) Data Size
 291:Drivers/STM32F4xx_HAL_Driver/Src/stm32f4xx_hal_spi.c ****         (++) Clock Polarity and Phase
 292:Drivers/STM32F4xx_HAL_Driver/Src/stm32f4xx_hal_spi.c ****         (++) NSS Management
 293:Drivers/STM32F4xx_HAL_Driver/Src/stm32f4xx_hal_spi.c ****         (++) BaudRate Prescaler
 294:Drivers/STM32F4xx_HAL_Driver/Src/stm32f4xx_hal_spi.c ****         (++) FirstBit
 295:Drivers/STM32F4xx_HAL_Driver/Src/stm32f4xx_hal_spi.c ****         (++) TIMode
 296:Drivers/STM32F4xx_HAL_Driver/Src/stm32f4xx_hal_spi.c ****         (++) CRC Calculation
 297:Drivers/STM32F4xx_HAL_Driver/Src/stm32f4xx_hal_spi.c ****         (++) CRC Polynomial if CRC enabled
 298:Drivers/STM32F4xx_HAL_Driver/Src/stm32f4xx_hal_spi.c **** 
 299:Drivers/STM32F4xx_HAL_Driver/Src/stm32f4xx_hal_spi.c ****       (+) Call the function HAL_SPI_DeInit() to restore the default configuration
 300:Drivers/STM32F4xx_HAL_Driver/Src/stm32f4xx_hal_spi.c ****           of the selected SPIx peripheral.
 301:Drivers/STM32F4xx_HAL_Driver/Src/stm32f4xx_hal_spi.c **** 
 302:Drivers/STM32F4xx_HAL_Driver/Src/stm32f4xx_hal_spi.c **** @endverbatim
 303:Drivers/STM32F4xx_HAL_Driver/Src/stm32f4xx_hal_spi.c ****   * @{
 304:Drivers/STM32F4xx_HAL_Driver/Src/stm32f4xx_hal_spi.c ****   */
 305:Drivers/STM32F4xx_HAL_Driver/Src/stm32f4xx_hal_spi.c **** 
 306:Drivers/STM32F4xx_HAL_Driver/Src/stm32f4xx_hal_spi.c **** /**
 307:Drivers/STM32F4xx_HAL_Driver/Src/stm32f4xx_hal_spi.c ****   * @brief  Initialize the SPI according to the specified parameters
 308:Drivers/STM32F4xx_HAL_Driver/Src/stm32f4xx_hal_spi.c ****   *         in the SPI_InitTypeDef and initialize the associated handle.
 309:Drivers/STM32F4xx_HAL_Driver/Src/stm32f4xx_hal_spi.c ****   * @param  hspi pointer to a SPI_HandleTypeDef structure that contains
 310:Drivers/STM32F4xx_HAL_Driver/Src/stm32f4xx_hal_spi.c ****   *               the configuration information for SPI module.
 311:Drivers/STM32F4xx_HAL_Driver/Src/stm32f4xx_hal_spi.c ****   * @retval HAL status
 312:Drivers/STM32F4xx_HAL_Driver/Src/stm32f4xx_hal_spi.c ****   */
 313:Drivers/STM32F4xx_HAL_Driver/Src/stm32f4xx_hal_spi.c **** HAL_StatusTypeDef HAL_SPI_Init(SPI_HandleTypeDef *hspi)
 314:Drivers/STM32F4xx_HAL_Driver/Src/stm32f4xx_hal_spi.c **** {
 315:Drivers/STM32F4xx_HAL_Driver/Src/stm32f4xx_hal_spi.c ****   /* Check the SPI handle allocation */
ARM GAS  C:\Users\10369\AppData\Local\Temp\ccy9FUfH.s 			page 7


 316:Drivers/STM32F4xx_HAL_Driver/Src/stm32f4xx_hal_spi.c ****   if (hspi == NULL)
 317:Drivers/STM32F4xx_HAL_Driver/Src/stm32f4xx_hal_spi.c ****   {
 318:Drivers/STM32F4xx_HAL_Driver/Src/stm32f4xx_hal_spi.c ****     return HAL_ERROR;
 319:Drivers/STM32F4xx_HAL_Driver/Src/stm32f4xx_hal_spi.c ****   }
 320:Drivers/STM32F4xx_HAL_Driver/Src/stm32f4xx_hal_spi.c **** 
 321:Drivers/STM32F4xx_HAL_Driver/Src/stm32f4xx_hal_spi.c ****   /* Check the parameters */
 322:Drivers/STM32F4xx_HAL_Driver/Src/stm32f4xx_hal_spi.c ****   assert_param(IS_SPI_ALL_INSTANCE(hspi->Instance));
 323:Drivers/STM32F4xx_HAL_Driver/Src/stm32f4xx_hal_spi.c ****   assert_param(IS_SPI_MODE(hspi->Init.Mode));
 324:Drivers/STM32F4xx_HAL_Driver/Src/stm32f4xx_hal_spi.c ****   assert_param(IS_SPI_DIRECTION(hspi->Init.Direction));
 325:Drivers/STM32F4xx_HAL_Driver/Src/stm32f4xx_hal_spi.c ****   assert_param(IS_SPI_DATASIZE(hspi->Init.DataSize));
 326:Drivers/STM32F4xx_HAL_Driver/Src/stm32f4xx_hal_spi.c ****   assert_param(IS_SPI_NSS(hspi->Init.NSS));
 327:Drivers/STM32F4xx_HAL_Driver/Src/stm32f4xx_hal_spi.c ****   assert_param(IS_SPI_BAUDRATE_PRESCALER(hspi->Init.BaudRatePrescaler));
 328:Drivers/STM32F4xx_HAL_Driver/Src/stm32f4xx_hal_spi.c ****   assert_param(IS_SPI_FIRST_BIT(hspi->Init.FirstBit));
 329:Drivers/STM32F4xx_HAL_Driver/Src/stm32f4xx_hal_spi.c ****   assert_param(IS_SPI_TIMODE(hspi->Init.TIMode));
 330:Drivers/STM32F4xx_HAL_Driver/Src/stm32f4xx_hal_spi.c ****   if (hspi->Init.TIMode == SPI_TIMODE_DISABLE)
 331:Drivers/STM32F4xx_HAL_Driver/Src/stm32f4xx_hal_spi.c ****   {
 332:Drivers/STM32F4xx_HAL_Driver/Src/stm32f4xx_hal_spi.c ****     assert_param(IS_SPI_CPOL(hspi->Init.CLKPolarity));
 333:Drivers/STM32F4xx_HAL_Driver/Src/stm32f4xx_hal_spi.c ****     assert_param(IS_SPI_CPHA(hspi->Init.CLKPhase));
 334:Drivers/STM32F4xx_HAL_Driver/Src/stm32f4xx_hal_spi.c **** 
 335:Drivers/STM32F4xx_HAL_Driver/Src/stm32f4xx_hal_spi.c ****     if (hspi->Init.Mode == SPI_MODE_MASTER)
 336:Drivers/STM32F4xx_HAL_Driver/Src/stm32f4xx_hal_spi.c ****     {
 337:Drivers/STM32F4xx_HAL_Driver/Src/stm32f4xx_hal_spi.c ****       assert_param(IS_SPI_BAUDRATE_PRESCALER(hspi->Init.BaudRatePrescaler));
 338:Drivers/STM32F4xx_HAL_Driver/Src/stm32f4xx_hal_spi.c ****     }
 339:Drivers/STM32F4xx_HAL_Driver/Src/stm32f4xx_hal_spi.c ****     else
 340:Drivers/STM32F4xx_HAL_Driver/Src/stm32f4xx_hal_spi.c ****     {
 341:Drivers/STM32F4xx_HAL_Driver/Src/stm32f4xx_hal_spi.c ****       /* Baudrate prescaler not use in Motoraola Slave mode. force to default value */
 342:Drivers/STM32F4xx_HAL_Driver/Src/stm32f4xx_hal_spi.c ****       hspi->Init.BaudRatePrescaler = SPI_BAUDRATEPRESCALER_2;
 343:Drivers/STM32F4xx_HAL_Driver/Src/stm32f4xx_hal_spi.c ****     }
 344:Drivers/STM32F4xx_HAL_Driver/Src/stm32f4xx_hal_spi.c ****   }
 345:Drivers/STM32F4xx_HAL_Driver/Src/stm32f4xx_hal_spi.c ****   else
 346:Drivers/STM32F4xx_HAL_Driver/Src/stm32f4xx_hal_spi.c ****   {
 347:Drivers/STM32F4xx_HAL_Driver/Src/stm32f4xx_hal_spi.c ****     assert_param(IS_SPI_BAUDRATE_PRESCALER(hspi->Init.BaudRatePrescaler));
 348:Drivers/STM32F4xx_HAL_Driver/Src/stm32f4xx_hal_spi.c **** 
 349:Drivers/STM32F4xx_HAL_Driver/Src/stm32f4xx_hal_spi.c ****     /* Force polarity and phase to TI protocaol requirements */
 350:Drivers/STM32F4xx_HAL_Driver/Src/stm32f4xx_hal_spi.c ****     hspi->Init.CLKPolarity = SPI_POLARITY_LOW;
 351:Drivers/STM32F4xx_HAL_Driver/Src/stm32f4xx_hal_spi.c ****     hspi->Init.CLKPhase    = SPI_PHASE_1EDGE;
 352:Drivers/STM32F4xx_HAL_Driver/Src/stm32f4xx_hal_spi.c ****   }
 353:Drivers/STM32F4xx_HAL_Driver/Src/stm32f4xx_hal_spi.c **** #if (USE_SPI_CRC != 0U)
 354:Drivers/STM32F4xx_HAL_Driver/Src/stm32f4xx_hal_spi.c ****   assert_param(IS_SPI_CRC_CALCULATION(hspi->Init.CRCCalculation));
 355:Drivers/STM32F4xx_HAL_Driver/Src/stm32f4xx_hal_spi.c ****   if (hspi->Init.CRCCalculation == SPI_CRCCALCULATION_ENABLE)
 356:Drivers/STM32F4xx_HAL_Driver/Src/stm32f4xx_hal_spi.c ****   {
 357:Drivers/STM32F4xx_HAL_Driver/Src/stm32f4xx_hal_spi.c ****     assert_param(IS_SPI_CRC_POLYNOMIAL(hspi->Init.CRCPolynomial));
 358:Drivers/STM32F4xx_HAL_Driver/Src/stm32f4xx_hal_spi.c ****   }
 359:Drivers/STM32F4xx_HAL_Driver/Src/stm32f4xx_hal_spi.c **** #else
 360:Drivers/STM32F4xx_HAL_Driver/Src/stm32f4xx_hal_spi.c ****   hspi->Init.CRCCalculation = SPI_CRCCALCULATION_DISABLE;
 361:Drivers/STM32F4xx_HAL_Driver/Src/stm32f4xx_hal_spi.c **** #endif /* USE_SPI_CRC */
 362:Drivers/STM32F4xx_HAL_Driver/Src/stm32f4xx_hal_spi.c **** 
 363:Drivers/STM32F4xx_HAL_Driver/Src/stm32f4xx_hal_spi.c ****   if (hspi->State == HAL_SPI_STATE_RESET)
 364:Drivers/STM32F4xx_HAL_Driver/Src/stm32f4xx_hal_spi.c ****   {
 365:Drivers/STM32F4xx_HAL_Driver/Src/stm32f4xx_hal_spi.c ****     /* Allocate lock resource and initialize it */
 366:Drivers/STM32F4xx_HAL_Driver/Src/stm32f4xx_hal_spi.c ****     hspi->Lock = HAL_UNLOCKED;
 367:Drivers/STM32F4xx_HAL_Driver/Src/stm32f4xx_hal_spi.c **** 
 368:Drivers/STM32F4xx_HAL_Driver/Src/stm32f4xx_hal_spi.c **** #if (USE_HAL_SPI_REGISTER_CALLBACKS == 1U)
 369:Drivers/STM32F4xx_HAL_Driver/Src/stm32f4xx_hal_spi.c ****     /* Init the SPI Callback settings */
 370:Drivers/STM32F4xx_HAL_Driver/Src/stm32f4xx_hal_spi.c ****     hspi->TxCpltCallback       = HAL_SPI_TxCpltCallback;       /* Legacy weak TxCpltCallback       
 371:Drivers/STM32F4xx_HAL_Driver/Src/stm32f4xx_hal_spi.c ****     hspi->RxCpltCallback       = HAL_SPI_RxCpltCallback;       /* Legacy weak RxCpltCallback       
 372:Drivers/STM32F4xx_HAL_Driver/Src/stm32f4xx_hal_spi.c ****     hspi->TxRxCpltCallback     = HAL_SPI_TxRxCpltCallback;     /* Legacy weak TxRxCpltCallback     
ARM GAS  C:\Users\10369\AppData\Local\Temp\ccy9FUfH.s 			page 8


 373:Drivers/STM32F4xx_HAL_Driver/Src/stm32f4xx_hal_spi.c ****     hspi->TxHalfCpltCallback   = HAL_SPI_TxHalfCpltCallback;   /* Legacy weak TxHalfCpltCallback   
 374:Drivers/STM32F4xx_HAL_Driver/Src/stm32f4xx_hal_spi.c ****     hspi->RxHalfCpltCallback   = HAL_SPI_RxHalfCpltCallback;   /* Legacy weak RxHalfCpltCallback   
 375:Drivers/STM32F4xx_HAL_Driver/Src/stm32f4xx_hal_spi.c ****     hspi->TxRxHalfCpltCallback = HAL_SPI_TxRxHalfCpltCallback; /* Legacy weak TxRxHalfCpltCallback 
 376:Drivers/STM32F4xx_HAL_Driver/Src/stm32f4xx_hal_spi.c ****     hspi->ErrorCallback        = HAL_SPI_ErrorCallback;        /* Legacy weak ErrorCallback        
 377:Drivers/STM32F4xx_HAL_Driver/Src/stm32f4xx_hal_spi.c ****     hspi->AbortCpltCallback    = HAL_SPI_AbortCpltCallback;    /* Legacy weak AbortCpltCallback    
 378:Drivers/STM32F4xx_HAL_Driver/Src/stm32f4xx_hal_spi.c **** 
 379:Drivers/STM32F4xx_HAL_Driver/Src/stm32f4xx_hal_spi.c ****     if (hspi->MspInitCallback == NULL)
 380:Drivers/STM32F4xx_HAL_Driver/Src/stm32f4xx_hal_spi.c ****     {
 381:Drivers/STM32F4xx_HAL_Driver/Src/stm32f4xx_hal_spi.c ****       hspi->MspInitCallback = HAL_SPI_MspInit; /* Legacy weak MspInit  */
 382:Drivers/STM32F4xx_HAL_Driver/Src/stm32f4xx_hal_spi.c ****     }
 383:Drivers/STM32F4xx_HAL_Driver/Src/stm32f4xx_hal_spi.c **** 
 384:Drivers/STM32F4xx_HAL_Driver/Src/stm32f4xx_hal_spi.c ****     /* Init the low level hardware : GPIO, CLOCK, NVIC... */
 385:Drivers/STM32F4xx_HAL_Driver/Src/stm32f4xx_hal_spi.c ****     hspi->MspInitCallback(hspi);
 386:Drivers/STM32F4xx_HAL_Driver/Src/stm32f4xx_hal_spi.c **** #else
 387:Drivers/STM32F4xx_HAL_Driver/Src/stm32f4xx_hal_spi.c ****     /* Init the low level hardware : GPIO, CLOCK, NVIC... */
 388:Drivers/STM32F4xx_HAL_Driver/Src/stm32f4xx_hal_spi.c ****     HAL_SPI_MspInit(hspi);
 389:Drivers/STM32F4xx_HAL_Driver/Src/stm32f4xx_hal_spi.c **** #endif /* USE_HAL_SPI_REGISTER_CALLBACKS */
 390:Drivers/STM32F4xx_HAL_Driver/Src/stm32f4xx_hal_spi.c ****   }
 391:Drivers/STM32F4xx_HAL_Driver/Src/stm32f4xx_hal_spi.c **** 
 392:Drivers/STM32F4xx_HAL_Driver/Src/stm32f4xx_hal_spi.c ****   hspi->State = HAL_SPI_STATE_BUSY;
 393:Drivers/STM32F4xx_HAL_Driver/Src/stm32f4xx_hal_spi.c **** 
 394:Drivers/STM32F4xx_HAL_Driver/Src/stm32f4xx_hal_spi.c ****   /* Disable the selected SPI peripheral */
 395:Drivers/STM32F4xx_HAL_Driver/Src/stm32f4xx_hal_spi.c ****   __HAL_SPI_DISABLE(hspi);
 396:Drivers/STM32F4xx_HAL_Driver/Src/stm32f4xx_hal_spi.c **** 
 397:Drivers/STM32F4xx_HAL_Driver/Src/stm32f4xx_hal_spi.c ****   /*----------------------- SPIx CR1 & CR2 Configuration ---------------------*/
 398:Drivers/STM32F4xx_HAL_Driver/Src/stm32f4xx_hal_spi.c ****   /* Configure : SPI Mode, Communication Mode, Data size, Clock polarity and phase, NSS management,
 399:Drivers/STM32F4xx_HAL_Driver/Src/stm32f4xx_hal_spi.c ****   Communication speed, First bit and CRC calculation state */
 400:Drivers/STM32F4xx_HAL_Driver/Src/stm32f4xx_hal_spi.c ****   WRITE_REG(hspi->Instance->CR1, ((hspi->Init.Mode & (SPI_CR1_MSTR | SPI_CR1_SSI)) |
 401:Drivers/STM32F4xx_HAL_Driver/Src/stm32f4xx_hal_spi.c ****                                   (hspi->Init.Direction & (SPI_CR1_RXONLY | SPI_CR1_BIDIMODE)) |
 402:Drivers/STM32F4xx_HAL_Driver/Src/stm32f4xx_hal_spi.c ****                                   (hspi->Init.DataSize & SPI_CR1_DFF) |
 403:Drivers/STM32F4xx_HAL_Driver/Src/stm32f4xx_hal_spi.c ****                                   (hspi->Init.CLKPolarity & SPI_CR1_CPOL) |
 404:Drivers/STM32F4xx_HAL_Driver/Src/stm32f4xx_hal_spi.c ****                                   (hspi->Init.CLKPhase & SPI_CR1_CPHA) |
 405:Drivers/STM32F4xx_HAL_Driver/Src/stm32f4xx_hal_spi.c ****                                   (hspi->Init.NSS & SPI_CR1_SSM) |
 406:Drivers/STM32F4xx_HAL_Driver/Src/stm32f4xx_hal_spi.c ****                                   (hspi->Init.BaudRatePrescaler & SPI_CR1_BR_Msk) |
 407:Drivers/STM32F4xx_HAL_Driver/Src/stm32f4xx_hal_spi.c ****                                   (hspi->Init.FirstBit  & SPI_CR1_LSBFIRST) |
 408:Drivers/STM32F4xx_HAL_Driver/Src/stm32f4xx_hal_spi.c ****                                   (hspi->Init.CRCCalculation & SPI_CR1_CRCEN)));
 409:Drivers/STM32F4xx_HAL_Driver/Src/stm32f4xx_hal_spi.c **** 
 410:Drivers/STM32F4xx_HAL_Driver/Src/stm32f4xx_hal_spi.c ****   /* Configure : NSS management, TI Mode */
 411:Drivers/STM32F4xx_HAL_Driver/Src/stm32f4xx_hal_spi.c ****   WRITE_REG(hspi->Instance->CR2, (((hspi->Init.NSS >> 16U) & SPI_CR2_SSOE) | (hspi->Init.TIMode & S
 412:Drivers/STM32F4xx_HAL_Driver/Src/stm32f4xx_hal_spi.c **** 
 413:Drivers/STM32F4xx_HAL_Driver/Src/stm32f4xx_hal_spi.c **** #if (USE_SPI_CRC != 0U)
 414:Drivers/STM32F4xx_HAL_Driver/Src/stm32f4xx_hal_spi.c ****   /*---------------------------- SPIx CRCPOLY Configuration ------------------*/
 415:Drivers/STM32F4xx_HAL_Driver/Src/stm32f4xx_hal_spi.c ****   /* Configure : CRC Polynomial */
 416:Drivers/STM32F4xx_HAL_Driver/Src/stm32f4xx_hal_spi.c ****   if (hspi->Init.CRCCalculation == SPI_CRCCALCULATION_ENABLE)
 417:Drivers/STM32F4xx_HAL_Driver/Src/stm32f4xx_hal_spi.c ****   {
 418:Drivers/STM32F4xx_HAL_Driver/Src/stm32f4xx_hal_spi.c ****     WRITE_REG(hspi->Instance->CRCPR, (hspi->Init.CRCPolynomial & SPI_CRCPR_CRCPOLY_Msk));
 419:Drivers/STM32F4xx_HAL_Driver/Src/stm32f4xx_hal_spi.c ****   }
 420:Drivers/STM32F4xx_HAL_Driver/Src/stm32f4xx_hal_spi.c **** #endif /* USE_SPI_CRC */
 421:Drivers/STM32F4xx_HAL_Driver/Src/stm32f4xx_hal_spi.c **** 
 422:Drivers/STM32F4xx_HAL_Driver/Src/stm32f4xx_hal_spi.c **** #if defined(SPI_I2SCFGR_I2SMOD)
 423:Drivers/STM32F4xx_HAL_Driver/Src/stm32f4xx_hal_spi.c ****   /* Activate the SPI mode (Make sure that I2SMOD bit in I2SCFGR register is reset) */
 424:Drivers/STM32F4xx_HAL_Driver/Src/stm32f4xx_hal_spi.c ****   CLEAR_BIT(hspi->Instance->I2SCFGR, SPI_I2SCFGR_I2SMOD);
 425:Drivers/STM32F4xx_HAL_Driver/Src/stm32f4xx_hal_spi.c **** #endif /* SPI_I2SCFGR_I2SMOD */
 426:Drivers/STM32F4xx_HAL_Driver/Src/stm32f4xx_hal_spi.c **** 
 427:Drivers/STM32F4xx_HAL_Driver/Src/stm32f4xx_hal_spi.c ****   hspi->ErrorCode = HAL_SPI_ERROR_NONE;
 428:Drivers/STM32F4xx_HAL_Driver/Src/stm32f4xx_hal_spi.c ****   hspi->State     = HAL_SPI_STATE_READY;
 429:Drivers/STM32F4xx_HAL_Driver/Src/stm32f4xx_hal_spi.c **** 
ARM GAS  C:\Users\10369\AppData\Local\Temp\ccy9FUfH.s 			page 9


 430:Drivers/STM32F4xx_HAL_Driver/Src/stm32f4xx_hal_spi.c ****   return HAL_OK;
 431:Drivers/STM32F4xx_HAL_Driver/Src/stm32f4xx_hal_spi.c **** }
 432:Drivers/STM32F4xx_HAL_Driver/Src/stm32f4xx_hal_spi.c **** 
 433:Drivers/STM32F4xx_HAL_Driver/Src/stm32f4xx_hal_spi.c **** /**
 434:Drivers/STM32F4xx_HAL_Driver/Src/stm32f4xx_hal_spi.c ****   * @brief  De-Initialize the SPI peripheral.
 435:Drivers/STM32F4xx_HAL_Driver/Src/stm32f4xx_hal_spi.c ****   * @param  hspi pointer to a SPI_HandleTypeDef structure that contains
 436:Drivers/STM32F4xx_HAL_Driver/Src/stm32f4xx_hal_spi.c ****   *               the configuration information for SPI module.
 437:Drivers/STM32F4xx_HAL_Driver/Src/stm32f4xx_hal_spi.c ****   * @retval HAL status
 438:Drivers/STM32F4xx_HAL_Driver/Src/stm32f4xx_hal_spi.c ****   */
 439:Drivers/STM32F4xx_HAL_Driver/Src/stm32f4xx_hal_spi.c **** HAL_StatusTypeDef HAL_SPI_DeInit(SPI_HandleTypeDef *hspi)
 440:Drivers/STM32F4xx_HAL_Driver/Src/stm32f4xx_hal_spi.c **** {
 441:Drivers/STM32F4xx_HAL_Driver/Src/stm32f4xx_hal_spi.c ****   /* Check the SPI handle allocation */
 442:Drivers/STM32F4xx_HAL_Driver/Src/stm32f4xx_hal_spi.c ****   if (hspi == NULL)
 443:Drivers/STM32F4xx_HAL_Driver/Src/stm32f4xx_hal_spi.c ****   {
 444:Drivers/STM32F4xx_HAL_Driver/Src/stm32f4xx_hal_spi.c ****     return HAL_ERROR;
 445:Drivers/STM32F4xx_HAL_Driver/Src/stm32f4xx_hal_spi.c ****   }
 446:Drivers/STM32F4xx_HAL_Driver/Src/stm32f4xx_hal_spi.c **** 
 447:Drivers/STM32F4xx_HAL_Driver/Src/stm32f4xx_hal_spi.c ****   /* Check SPI Instance parameter */
 448:Drivers/STM32F4xx_HAL_Driver/Src/stm32f4xx_hal_spi.c ****   assert_param(IS_SPI_ALL_INSTANCE(hspi->Instance));
 449:Drivers/STM32F4xx_HAL_Driver/Src/stm32f4xx_hal_spi.c **** 
 450:Drivers/STM32F4xx_HAL_Driver/Src/stm32f4xx_hal_spi.c ****   hspi->State = HAL_SPI_STATE_BUSY;
 451:Drivers/STM32F4xx_HAL_Driver/Src/stm32f4xx_hal_spi.c **** 
 452:Drivers/STM32F4xx_HAL_Driver/Src/stm32f4xx_hal_spi.c ****   /* Disable the SPI Peripheral Clock */
 453:Drivers/STM32F4xx_HAL_Driver/Src/stm32f4xx_hal_spi.c ****   __HAL_SPI_DISABLE(hspi);
 454:Drivers/STM32F4xx_HAL_Driver/Src/stm32f4xx_hal_spi.c **** 
 455:Drivers/STM32F4xx_HAL_Driver/Src/stm32f4xx_hal_spi.c **** #if (USE_HAL_SPI_REGISTER_CALLBACKS == 1U)
 456:Drivers/STM32F4xx_HAL_Driver/Src/stm32f4xx_hal_spi.c ****   if (hspi->MspDeInitCallback == NULL)
 457:Drivers/STM32F4xx_HAL_Driver/Src/stm32f4xx_hal_spi.c ****   {
 458:Drivers/STM32F4xx_HAL_Driver/Src/stm32f4xx_hal_spi.c ****     hspi->MspDeInitCallback = HAL_SPI_MspDeInit; /* Legacy weak MspDeInit  */
 459:Drivers/STM32F4xx_HAL_Driver/Src/stm32f4xx_hal_spi.c ****   }
 460:Drivers/STM32F4xx_HAL_Driver/Src/stm32f4xx_hal_spi.c **** 
 461:Drivers/STM32F4xx_HAL_Driver/Src/stm32f4xx_hal_spi.c ****   /* DeInit the low level hardware: GPIO, CLOCK, NVIC... */
 462:Drivers/STM32F4xx_HAL_Driver/Src/stm32f4xx_hal_spi.c ****   hspi->MspDeInitCallback(hspi);
 463:Drivers/STM32F4xx_HAL_Driver/Src/stm32f4xx_hal_spi.c **** #else
 464:Drivers/STM32F4xx_HAL_Driver/Src/stm32f4xx_hal_spi.c ****   /* DeInit the low level hardware: GPIO, CLOCK, NVIC... */
 465:Drivers/STM32F4xx_HAL_Driver/Src/stm32f4xx_hal_spi.c ****   HAL_SPI_MspDeInit(hspi);
 466:Drivers/STM32F4xx_HAL_Driver/Src/stm32f4xx_hal_spi.c **** #endif /* USE_HAL_SPI_REGISTER_CALLBACKS */
 467:Drivers/STM32F4xx_HAL_Driver/Src/stm32f4xx_hal_spi.c **** 
 468:Drivers/STM32F4xx_HAL_Driver/Src/stm32f4xx_hal_spi.c ****   hspi->ErrorCode = HAL_SPI_ERROR_NONE;
 469:Drivers/STM32F4xx_HAL_Driver/Src/stm32f4xx_hal_spi.c ****   hspi->State = HAL_SPI_STATE_RESET;
 470:Drivers/STM32F4xx_HAL_Driver/Src/stm32f4xx_hal_spi.c **** 
 471:Drivers/STM32F4xx_HAL_Driver/Src/stm32f4xx_hal_spi.c ****   /* Release Lock */
 472:Drivers/STM32F4xx_HAL_Driver/Src/stm32f4xx_hal_spi.c ****   __HAL_UNLOCK(hspi);
 473:Drivers/STM32F4xx_HAL_Driver/Src/stm32f4xx_hal_spi.c **** 
 474:Drivers/STM32F4xx_HAL_Driver/Src/stm32f4xx_hal_spi.c ****   return HAL_OK;
 475:Drivers/STM32F4xx_HAL_Driver/Src/stm32f4xx_hal_spi.c **** }
 476:Drivers/STM32F4xx_HAL_Driver/Src/stm32f4xx_hal_spi.c **** 
 477:Drivers/STM32F4xx_HAL_Driver/Src/stm32f4xx_hal_spi.c **** /**
 478:Drivers/STM32F4xx_HAL_Driver/Src/stm32f4xx_hal_spi.c ****   * @brief  Initialize the SPI MSP.
 479:Drivers/STM32F4xx_HAL_Driver/Src/stm32f4xx_hal_spi.c ****   * @param  hspi pointer to a SPI_HandleTypeDef structure that contains
 480:Drivers/STM32F4xx_HAL_Driver/Src/stm32f4xx_hal_spi.c ****   *               the configuration information for SPI module.
 481:Drivers/STM32F4xx_HAL_Driver/Src/stm32f4xx_hal_spi.c ****   * @retval None
 482:Drivers/STM32F4xx_HAL_Driver/Src/stm32f4xx_hal_spi.c ****   */
 483:Drivers/STM32F4xx_HAL_Driver/Src/stm32f4xx_hal_spi.c **** __weak void HAL_SPI_MspInit(SPI_HandleTypeDef *hspi)
 484:Drivers/STM32F4xx_HAL_Driver/Src/stm32f4xx_hal_spi.c **** {
 485:Drivers/STM32F4xx_HAL_Driver/Src/stm32f4xx_hal_spi.c ****   /* Prevent unused argument(s) compilation warning */
 486:Drivers/STM32F4xx_HAL_Driver/Src/stm32f4xx_hal_spi.c ****   UNUSED(hspi);
ARM GAS  C:\Users\10369\AppData\Local\Temp\ccy9FUfH.s 			page 10


 487:Drivers/STM32F4xx_HAL_Driver/Src/stm32f4xx_hal_spi.c **** 
 488:Drivers/STM32F4xx_HAL_Driver/Src/stm32f4xx_hal_spi.c ****   /* NOTE : This function should not be modified, when the callback is needed,
 489:Drivers/STM32F4xx_HAL_Driver/Src/stm32f4xx_hal_spi.c ****             the HAL_SPI_MspInit should be implemented in the user file
 490:Drivers/STM32F4xx_HAL_Driver/Src/stm32f4xx_hal_spi.c ****    */
 491:Drivers/STM32F4xx_HAL_Driver/Src/stm32f4xx_hal_spi.c **** }
 492:Drivers/STM32F4xx_HAL_Driver/Src/stm32f4xx_hal_spi.c **** 
 493:Drivers/STM32F4xx_HAL_Driver/Src/stm32f4xx_hal_spi.c **** /**
 494:Drivers/STM32F4xx_HAL_Driver/Src/stm32f4xx_hal_spi.c ****   * @brief  De-Initialize the SPI MSP.
 495:Drivers/STM32F4xx_HAL_Driver/Src/stm32f4xx_hal_spi.c ****   * @param  hspi pointer to a SPI_HandleTypeDef structure that contains
 496:Drivers/STM32F4xx_HAL_Driver/Src/stm32f4xx_hal_spi.c ****   *               the configuration information for SPI module.
 497:Drivers/STM32F4xx_HAL_Driver/Src/stm32f4xx_hal_spi.c ****   * @retval None
 498:Drivers/STM32F4xx_HAL_Driver/Src/stm32f4xx_hal_spi.c ****   */
 499:Drivers/STM32F4xx_HAL_Driver/Src/stm32f4xx_hal_spi.c **** __weak void HAL_SPI_MspDeInit(SPI_HandleTypeDef *hspi)
 500:Drivers/STM32F4xx_HAL_Driver/Src/stm32f4xx_hal_spi.c **** {
 501:Drivers/STM32F4xx_HAL_Driver/Src/stm32f4xx_hal_spi.c ****   /* Prevent unused argument(s) compilation warning */
 502:Drivers/STM32F4xx_HAL_Driver/Src/stm32f4xx_hal_spi.c ****   UNUSED(hspi);
 503:Drivers/STM32F4xx_HAL_Driver/Src/stm32f4xx_hal_spi.c **** 
 504:Drivers/STM32F4xx_HAL_Driver/Src/stm32f4xx_hal_spi.c ****   /* NOTE : This function should not be modified, when the callback is needed,
 505:Drivers/STM32F4xx_HAL_Driver/Src/stm32f4xx_hal_spi.c ****             the HAL_SPI_MspDeInit should be implemented in the user file
 506:Drivers/STM32F4xx_HAL_Driver/Src/stm32f4xx_hal_spi.c ****    */
 507:Drivers/STM32F4xx_HAL_Driver/Src/stm32f4xx_hal_spi.c **** }
 508:Drivers/STM32F4xx_HAL_Driver/Src/stm32f4xx_hal_spi.c **** 
 509:Drivers/STM32F4xx_HAL_Driver/Src/stm32f4xx_hal_spi.c **** #if (USE_HAL_SPI_REGISTER_CALLBACKS == 1U)
 510:Drivers/STM32F4xx_HAL_Driver/Src/stm32f4xx_hal_spi.c **** /**
 511:Drivers/STM32F4xx_HAL_Driver/Src/stm32f4xx_hal_spi.c ****   * @brief  Register a User SPI Callback
 512:Drivers/STM32F4xx_HAL_Driver/Src/stm32f4xx_hal_spi.c ****   *         To be used instead of the weak predefined callback
 513:Drivers/STM32F4xx_HAL_Driver/Src/stm32f4xx_hal_spi.c ****   * @param  hspi Pointer to a SPI_HandleTypeDef structure that contains
 514:Drivers/STM32F4xx_HAL_Driver/Src/stm32f4xx_hal_spi.c ****   *                the configuration information for the specified SPI.
 515:Drivers/STM32F4xx_HAL_Driver/Src/stm32f4xx_hal_spi.c ****   * @param  CallbackID ID of the callback to be registered
 516:Drivers/STM32F4xx_HAL_Driver/Src/stm32f4xx_hal_spi.c ****   * @param  pCallback pointer to the Callback function
 517:Drivers/STM32F4xx_HAL_Driver/Src/stm32f4xx_hal_spi.c ****   * @retval HAL status
 518:Drivers/STM32F4xx_HAL_Driver/Src/stm32f4xx_hal_spi.c ****   */
 519:Drivers/STM32F4xx_HAL_Driver/Src/stm32f4xx_hal_spi.c **** HAL_StatusTypeDef HAL_SPI_RegisterCallback(SPI_HandleTypeDef *hspi, HAL_SPI_CallbackIDTypeDef Callb
 520:Drivers/STM32F4xx_HAL_Driver/Src/stm32f4xx_hal_spi.c ****                                            pSPI_CallbackTypeDef pCallback)
 521:Drivers/STM32F4xx_HAL_Driver/Src/stm32f4xx_hal_spi.c **** {
 522:Drivers/STM32F4xx_HAL_Driver/Src/stm32f4xx_hal_spi.c ****   HAL_StatusTypeDef status = HAL_OK;
 523:Drivers/STM32F4xx_HAL_Driver/Src/stm32f4xx_hal_spi.c **** 
 524:Drivers/STM32F4xx_HAL_Driver/Src/stm32f4xx_hal_spi.c ****   if (pCallback == NULL)
 525:Drivers/STM32F4xx_HAL_Driver/Src/stm32f4xx_hal_spi.c ****   {
 526:Drivers/STM32F4xx_HAL_Driver/Src/stm32f4xx_hal_spi.c ****     /* Update the error code */
 527:Drivers/STM32F4xx_HAL_Driver/Src/stm32f4xx_hal_spi.c ****     hspi->ErrorCode |= HAL_SPI_ERROR_INVALID_CALLBACK;
 528:Drivers/STM32F4xx_HAL_Driver/Src/stm32f4xx_hal_spi.c **** 
 529:Drivers/STM32F4xx_HAL_Driver/Src/stm32f4xx_hal_spi.c ****     return HAL_ERROR;
 530:Drivers/STM32F4xx_HAL_Driver/Src/stm32f4xx_hal_spi.c ****   }
 531:Drivers/STM32F4xx_HAL_Driver/Src/stm32f4xx_hal_spi.c ****   /* Process locked */
 532:Drivers/STM32F4xx_HAL_Driver/Src/stm32f4xx_hal_spi.c ****   __HAL_LOCK(hspi);
 533:Drivers/STM32F4xx_HAL_Driver/Src/stm32f4xx_hal_spi.c **** 
 534:Drivers/STM32F4xx_HAL_Driver/Src/stm32f4xx_hal_spi.c ****   if (HAL_SPI_STATE_READY == hspi->State)
 535:Drivers/STM32F4xx_HAL_Driver/Src/stm32f4xx_hal_spi.c ****   {
 536:Drivers/STM32F4xx_HAL_Driver/Src/stm32f4xx_hal_spi.c ****     switch (CallbackID)
 537:Drivers/STM32F4xx_HAL_Driver/Src/stm32f4xx_hal_spi.c ****     {
 538:Drivers/STM32F4xx_HAL_Driver/Src/stm32f4xx_hal_spi.c ****       case HAL_SPI_TX_COMPLETE_CB_ID :
 539:Drivers/STM32F4xx_HAL_Driver/Src/stm32f4xx_hal_spi.c ****         hspi->TxCpltCallback = pCallback;
 540:Drivers/STM32F4xx_HAL_Driver/Src/stm32f4xx_hal_spi.c ****         break;
 541:Drivers/STM32F4xx_HAL_Driver/Src/stm32f4xx_hal_spi.c **** 
 542:Drivers/STM32F4xx_HAL_Driver/Src/stm32f4xx_hal_spi.c ****       case HAL_SPI_RX_COMPLETE_CB_ID :
 543:Drivers/STM32F4xx_HAL_Driver/Src/stm32f4xx_hal_spi.c ****         hspi->RxCpltCallback = pCallback;
ARM GAS  C:\Users\10369\AppData\Local\Temp\ccy9FUfH.s 			page 11


 544:Drivers/STM32F4xx_HAL_Driver/Src/stm32f4xx_hal_spi.c ****         break;
 545:Drivers/STM32F4xx_HAL_Driver/Src/stm32f4xx_hal_spi.c **** 
 546:Drivers/STM32F4xx_HAL_Driver/Src/stm32f4xx_hal_spi.c ****       case HAL_SPI_TX_RX_COMPLETE_CB_ID :
 547:Drivers/STM32F4xx_HAL_Driver/Src/stm32f4xx_hal_spi.c ****         hspi->TxRxCpltCallback = pCallback;
 548:Drivers/STM32F4xx_HAL_Driver/Src/stm32f4xx_hal_spi.c ****         break;
 549:Drivers/STM32F4xx_HAL_Driver/Src/stm32f4xx_hal_spi.c **** 
 550:Drivers/STM32F4xx_HAL_Driver/Src/stm32f4xx_hal_spi.c ****       case HAL_SPI_TX_HALF_COMPLETE_CB_ID :
 551:Drivers/STM32F4xx_HAL_Driver/Src/stm32f4xx_hal_spi.c ****         hspi->TxHalfCpltCallback = pCallback;
 552:Drivers/STM32F4xx_HAL_Driver/Src/stm32f4xx_hal_spi.c ****         break;
 553:Drivers/STM32F4xx_HAL_Driver/Src/stm32f4xx_hal_spi.c **** 
 554:Drivers/STM32F4xx_HAL_Driver/Src/stm32f4xx_hal_spi.c ****       case HAL_SPI_RX_HALF_COMPLETE_CB_ID :
 555:Drivers/STM32F4xx_HAL_Driver/Src/stm32f4xx_hal_spi.c ****         hspi->RxHalfCpltCallback = pCallback;
 556:Drivers/STM32F4xx_HAL_Driver/Src/stm32f4xx_hal_spi.c ****         break;
 557:Drivers/STM32F4xx_HAL_Driver/Src/stm32f4xx_hal_spi.c **** 
 558:Drivers/STM32F4xx_HAL_Driver/Src/stm32f4xx_hal_spi.c ****       case HAL_SPI_TX_RX_HALF_COMPLETE_CB_ID :
 559:Drivers/STM32F4xx_HAL_Driver/Src/stm32f4xx_hal_spi.c ****         hspi->TxRxHalfCpltCallback = pCallback;
 560:Drivers/STM32F4xx_HAL_Driver/Src/stm32f4xx_hal_spi.c ****         break;
 561:Drivers/STM32F4xx_HAL_Driver/Src/stm32f4xx_hal_spi.c **** 
 562:Drivers/STM32F4xx_HAL_Driver/Src/stm32f4xx_hal_spi.c ****       case HAL_SPI_ERROR_CB_ID :
 563:Drivers/STM32F4xx_HAL_Driver/Src/stm32f4xx_hal_spi.c ****         hspi->ErrorCallback = pCallback;
 564:Drivers/STM32F4xx_HAL_Driver/Src/stm32f4xx_hal_spi.c ****         break;
 565:Drivers/STM32F4xx_HAL_Driver/Src/stm32f4xx_hal_spi.c **** 
 566:Drivers/STM32F4xx_HAL_Driver/Src/stm32f4xx_hal_spi.c ****       case HAL_SPI_ABORT_CB_ID :
 567:Drivers/STM32F4xx_HAL_Driver/Src/stm32f4xx_hal_spi.c ****         hspi->AbortCpltCallback = pCallback;
 568:Drivers/STM32F4xx_HAL_Driver/Src/stm32f4xx_hal_spi.c ****         break;
 569:Drivers/STM32F4xx_HAL_Driver/Src/stm32f4xx_hal_spi.c **** 
 570:Drivers/STM32F4xx_HAL_Driver/Src/stm32f4xx_hal_spi.c ****       case HAL_SPI_MSPINIT_CB_ID :
 571:Drivers/STM32F4xx_HAL_Driver/Src/stm32f4xx_hal_spi.c ****         hspi->MspInitCallback = pCallback;
 572:Drivers/STM32F4xx_HAL_Driver/Src/stm32f4xx_hal_spi.c ****         break;
 573:Drivers/STM32F4xx_HAL_Driver/Src/stm32f4xx_hal_spi.c **** 
 574:Drivers/STM32F4xx_HAL_Driver/Src/stm32f4xx_hal_spi.c ****       case HAL_SPI_MSPDEINIT_CB_ID :
 575:Drivers/STM32F4xx_HAL_Driver/Src/stm32f4xx_hal_spi.c ****         hspi->MspDeInitCallback = pCallback;
 576:Drivers/STM32F4xx_HAL_Driver/Src/stm32f4xx_hal_spi.c ****         break;
 577:Drivers/STM32F4xx_HAL_Driver/Src/stm32f4xx_hal_spi.c **** 
 578:Drivers/STM32F4xx_HAL_Driver/Src/stm32f4xx_hal_spi.c ****       default :
 579:Drivers/STM32F4xx_HAL_Driver/Src/stm32f4xx_hal_spi.c ****         /* Update the error code */
 580:Drivers/STM32F4xx_HAL_Driver/Src/stm32f4xx_hal_spi.c ****         SET_BIT(hspi->ErrorCode, HAL_SPI_ERROR_INVALID_CALLBACK);
 581:Drivers/STM32F4xx_HAL_Driver/Src/stm32f4xx_hal_spi.c **** 
 582:Drivers/STM32F4xx_HAL_Driver/Src/stm32f4xx_hal_spi.c ****         /* Return error status */
 583:Drivers/STM32F4xx_HAL_Driver/Src/stm32f4xx_hal_spi.c ****         status =  HAL_ERROR;
 584:Drivers/STM32F4xx_HAL_Driver/Src/stm32f4xx_hal_spi.c ****         break;
 585:Drivers/STM32F4xx_HAL_Driver/Src/stm32f4xx_hal_spi.c ****     }
 586:Drivers/STM32F4xx_HAL_Driver/Src/stm32f4xx_hal_spi.c ****   }
 587:Drivers/STM32F4xx_HAL_Driver/Src/stm32f4xx_hal_spi.c ****   else if (HAL_SPI_STATE_RESET == hspi->State)
 588:Drivers/STM32F4xx_HAL_Driver/Src/stm32f4xx_hal_spi.c ****   {
 589:Drivers/STM32F4xx_HAL_Driver/Src/stm32f4xx_hal_spi.c ****     switch (CallbackID)
 590:Drivers/STM32F4xx_HAL_Driver/Src/stm32f4xx_hal_spi.c ****     {
 591:Drivers/STM32F4xx_HAL_Driver/Src/stm32f4xx_hal_spi.c ****       case HAL_SPI_MSPINIT_CB_ID :
 592:Drivers/STM32F4xx_HAL_Driver/Src/stm32f4xx_hal_spi.c ****         hspi->MspInitCallback = pCallback;
 593:Drivers/STM32F4xx_HAL_Driver/Src/stm32f4xx_hal_spi.c ****         break;
 594:Drivers/STM32F4xx_HAL_Driver/Src/stm32f4xx_hal_spi.c **** 
 595:Drivers/STM32F4xx_HAL_Driver/Src/stm32f4xx_hal_spi.c ****       case HAL_SPI_MSPDEINIT_CB_ID :
 596:Drivers/STM32F4xx_HAL_Driver/Src/stm32f4xx_hal_spi.c ****         hspi->MspDeInitCallback = pCallback;
 597:Drivers/STM32F4xx_HAL_Driver/Src/stm32f4xx_hal_spi.c ****         break;
 598:Drivers/STM32F4xx_HAL_Driver/Src/stm32f4xx_hal_spi.c **** 
 599:Drivers/STM32F4xx_HAL_Driver/Src/stm32f4xx_hal_spi.c ****       default :
 600:Drivers/STM32F4xx_HAL_Driver/Src/stm32f4xx_hal_spi.c ****         /* Update the error code */
ARM GAS  C:\Users\10369\AppData\Local\Temp\ccy9FUfH.s 			page 12


 601:Drivers/STM32F4xx_HAL_Driver/Src/stm32f4xx_hal_spi.c ****         SET_BIT(hspi->ErrorCode, HAL_SPI_ERROR_INVALID_CALLBACK);
 602:Drivers/STM32F4xx_HAL_Driver/Src/stm32f4xx_hal_spi.c **** 
 603:Drivers/STM32F4xx_HAL_Driver/Src/stm32f4xx_hal_spi.c ****         /* Return error status */
 604:Drivers/STM32F4xx_HAL_Driver/Src/stm32f4xx_hal_spi.c ****         status =  HAL_ERROR;
 605:Drivers/STM32F4xx_HAL_Driver/Src/stm32f4xx_hal_spi.c ****         break;
 606:Drivers/STM32F4xx_HAL_Driver/Src/stm32f4xx_hal_spi.c ****     }
 607:Drivers/STM32F4xx_HAL_Driver/Src/stm32f4xx_hal_spi.c ****   }
 608:Drivers/STM32F4xx_HAL_Driver/Src/stm32f4xx_hal_spi.c ****   else
 609:Drivers/STM32F4xx_HAL_Driver/Src/stm32f4xx_hal_spi.c ****   {
 610:Drivers/STM32F4xx_HAL_Driver/Src/stm32f4xx_hal_spi.c ****     /* Update the error code */
 611:Drivers/STM32F4xx_HAL_Driver/Src/stm32f4xx_hal_spi.c ****     SET_BIT(hspi->ErrorCode, HAL_SPI_ERROR_INVALID_CALLBACK);
 612:Drivers/STM32F4xx_HAL_Driver/Src/stm32f4xx_hal_spi.c **** 
 613:Drivers/STM32F4xx_HAL_Driver/Src/stm32f4xx_hal_spi.c ****     /* Return error status */
 614:Drivers/STM32F4xx_HAL_Driver/Src/stm32f4xx_hal_spi.c ****     status =  HAL_ERROR;
 615:Drivers/STM32F4xx_HAL_Driver/Src/stm32f4xx_hal_spi.c ****   }
 616:Drivers/STM32F4xx_HAL_Driver/Src/stm32f4xx_hal_spi.c **** 
 617:Drivers/STM32F4xx_HAL_Driver/Src/stm32f4xx_hal_spi.c ****   /* Release Lock */
 618:Drivers/STM32F4xx_HAL_Driver/Src/stm32f4xx_hal_spi.c ****   __HAL_UNLOCK(hspi);
 619:Drivers/STM32F4xx_HAL_Driver/Src/stm32f4xx_hal_spi.c ****   return status;
 620:Drivers/STM32F4xx_HAL_Driver/Src/stm32f4xx_hal_spi.c **** }
 621:Drivers/STM32F4xx_HAL_Driver/Src/stm32f4xx_hal_spi.c **** 
 622:Drivers/STM32F4xx_HAL_Driver/Src/stm32f4xx_hal_spi.c **** /**
 623:Drivers/STM32F4xx_HAL_Driver/Src/stm32f4xx_hal_spi.c ****   * @brief  Unregister an SPI Callback
 624:Drivers/STM32F4xx_HAL_Driver/Src/stm32f4xx_hal_spi.c ****   *         SPI callback is redirected to the weak predefined callback
 625:Drivers/STM32F4xx_HAL_Driver/Src/stm32f4xx_hal_spi.c ****   * @param  hspi Pointer to a SPI_HandleTypeDef structure that contains
 626:Drivers/STM32F4xx_HAL_Driver/Src/stm32f4xx_hal_spi.c ****   *                the configuration information for the specified SPI.
 627:Drivers/STM32F4xx_HAL_Driver/Src/stm32f4xx_hal_spi.c ****   * @param  CallbackID ID of the callback to be unregistered
 628:Drivers/STM32F4xx_HAL_Driver/Src/stm32f4xx_hal_spi.c ****   * @retval HAL status
 629:Drivers/STM32F4xx_HAL_Driver/Src/stm32f4xx_hal_spi.c ****   */
 630:Drivers/STM32F4xx_HAL_Driver/Src/stm32f4xx_hal_spi.c **** HAL_StatusTypeDef HAL_SPI_UnRegisterCallback(SPI_HandleTypeDef *hspi, HAL_SPI_CallbackIDTypeDef Cal
 631:Drivers/STM32F4xx_HAL_Driver/Src/stm32f4xx_hal_spi.c **** {
 632:Drivers/STM32F4xx_HAL_Driver/Src/stm32f4xx_hal_spi.c ****   HAL_StatusTypeDef status = HAL_OK;
 633:Drivers/STM32F4xx_HAL_Driver/Src/stm32f4xx_hal_spi.c **** 
 634:Drivers/STM32F4xx_HAL_Driver/Src/stm32f4xx_hal_spi.c ****   /* Process locked */
 635:Drivers/STM32F4xx_HAL_Driver/Src/stm32f4xx_hal_spi.c ****   __HAL_LOCK(hspi);
 636:Drivers/STM32F4xx_HAL_Driver/Src/stm32f4xx_hal_spi.c **** 
 637:Drivers/STM32F4xx_HAL_Driver/Src/stm32f4xx_hal_spi.c ****   if (HAL_SPI_STATE_READY == hspi->State)
 638:Drivers/STM32F4xx_HAL_Driver/Src/stm32f4xx_hal_spi.c ****   {
 639:Drivers/STM32F4xx_HAL_Driver/Src/stm32f4xx_hal_spi.c ****     switch (CallbackID)
 640:Drivers/STM32F4xx_HAL_Driver/Src/stm32f4xx_hal_spi.c ****     {
 641:Drivers/STM32F4xx_HAL_Driver/Src/stm32f4xx_hal_spi.c ****       case HAL_SPI_TX_COMPLETE_CB_ID :
 642:Drivers/STM32F4xx_HAL_Driver/Src/stm32f4xx_hal_spi.c ****         hspi->TxCpltCallback = HAL_SPI_TxCpltCallback;             /* Legacy weak TxCpltCallback   
 643:Drivers/STM32F4xx_HAL_Driver/Src/stm32f4xx_hal_spi.c ****         break;
 644:Drivers/STM32F4xx_HAL_Driver/Src/stm32f4xx_hal_spi.c **** 
 645:Drivers/STM32F4xx_HAL_Driver/Src/stm32f4xx_hal_spi.c ****       case HAL_SPI_RX_COMPLETE_CB_ID :
 646:Drivers/STM32F4xx_HAL_Driver/Src/stm32f4xx_hal_spi.c ****         hspi->RxCpltCallback = HAL_SPI_RxCpltCallback;             /* Legacy weak RxCpltCallback   
 647:Drivers/STM32F4xx_HAL_Driver/Src/stm32f4xx_hal_spi.c ****         break;
 648:Drivers/STM32F4xx_HAL_Driver/Src/stm32f4xx_hal_spi.c **** 
 649:Drivers/STM32F4xx_HAL_Driver/Src/stm32f4xx_hal_spi.c ****       case HAL_SPI_TX_RX_COMPLETE_CB_ID :
 650:Drivers/STM32F4xx_HAL_Driver/Src/stm32f4xx_hal_spi.c ****         hspi->TxRxCpltCallback = HAL_SPI_TxRxCpltCallback;         /* Legacy weak TxRxCpltCallback 
 651:Drivers/STM32F4xx_HAL_Driver/Src/stm32f4xx_hal_spi.c ****         break;
 652:Drivers/STM32F4xx_HAL_Driver/Src/stm32f4xx_hal_spi.c **** 
 653:Drivers/STM32F4xx_HAL_Driver/Src/stm32f4xx_hal_spi.c ****       case HAL_SPI_TX_HALF_COMPLETE_CB_ID :
 654:Drivers/STM32F4xx_HAL_Driver/Src/stm32f4xx_hal_spi.c ****         hspi->TxHalfCpltCallback = HAL_SPI_TxHalfCpltCallback;     /* Legacy weak TxHalfCpltCallbac
 655:Drivers/STM32F4xx_HAL_Driver/Src/stm32f4xx_hal_spi.c ****         break;
 656:Drivers/STM32F4xx_HAL_Driver/Src/stm32f4xx_hal_spi.c **** 
 657:Drivers/STM32F4xx_HAL_Driver/Src/stm32f4xx_hal_spi.c ****       case HAL_SPI_RX_HALF_COMPLETE_CB_ID :
ARM GAS  C:\Users\10369\AppData\Local\Temp\ccy9FUfH.s 			page 13


 658:Drivers/STM32F4xx_HAL_Driver/Src/stm32f4xx_hal_spi.c ****         hspi->RxHalfCpltCallback = HAL_SPI_RxHalfCpltCallback;     /* Legacy weak RxHalfCpltCallbac
 659:Drivers/STM32F4xx_HAL_Driver/Src/stm32f4xx_hal_spi.c ****         break;
 660:Drivers/STM32F4xx_HAL_Driver/Src/stm32f4xx_hal_spi.c **** 
 661:Drivers/STM32F4xx_HAL_Driver/Src/stm32f4xx_hal_spi.c ****       case HAL_SPI_TX_RX_HALF_COMPLETE_CB_ID :
 662:Drivers/STM32F4xx_HAL_Driver/Src/stm32f4xx_hal_spi.c ****         hspi->TxRxHalfCpltCallback = HAL_SPI_TxRxHalfCpltCallback; /* Legacy weak TxRxHalfCpltCallb
 663:Drivers/STM32F4xx_HAL_Driver/Src/stm32f4xx_hal_spi.c ****         break;
 664:Drivers/STM32F4xx_HAL_Driver/Src/stm32f4xx_hal_spi.c **** 
 665:Drivers/STM32F4xx_HAL_Driver/Src/stm32f4xx_hal_spi.c ****       case HAL_SPI_ERROR_CB_ID :
 666:Drivers/STM32F4xx_HAL_Driver/Src/stm32f4xx_hal_spi.c ****         hspi->ErrorCallback = HAL_SPI_ErrorCallback;               /* Legacy weak ErrorCallback    
 667:Drivers/STM32F4xx_HAL_Driver/Src/stm32f4xx_hal_spi.c ****         break;
 668:Drivers/STM32F4xx_HAL_Driver/Src/stm32f4xx_hal_spi.c **** 
 669:Drivers/STM32F4xx_HAL_Driver/Src/stm32f4xx_hal_spi.c ****       case HAL_SPI_ABORT_CB_ID :
 670:Drivers/STM32F4xx_HAL_Driver/Src/stm32f4xx_hal_spi.c ****         hspi->AbortCpltCallback = HAL_SPI_AbortCpltCallback;       /* Legacy weak AbortCpltCallback
 671:Drivers/STM32F4xx_HAL_Driver/Src/stm32f4xx_hal_spi.c ****         break;
 672:Drivers/STM32F4xx_HAL_Driver/Src/stm32f4xx_hal_spi.c **** 
 673:Drivers/STM32F4xx_HAL_Driver/Src/stm32f4xx_hal_spi.c ****       case HAL_SPI_MSPINIT_CB_ID :
 674:Drivers/STM32F4xx_HAL_Driver/Src/stm32f4xx_hal_spi.c ****         hspi->MspInitCallback = HAL_SPI_MspInit;                   /* Legacy weak MspInit          
 675:Drivers/STM32F4xx_HAL_Driver/Src/stm32f4xx_hal_spi.c ****         break;
 676:Drivers/STM32F4xx_HAL_Driver/Src/stm32f4xx_hal_spi.c **** 
 677:Drivers/STM32F4xx_HAL_Driver/Src/stm32f4xx_hal_spi.c ****       case HAL_SPI_MSPDEINIT_CB_ID :
 678:Drivers/STM32F4xx_HAL_Driver/Src/stm32f4xx_hal_spi.c ****         hspi->MspDeInitCallback = HAL_SPI_MspDeInit;               /* Legacy weak MspDeInit        
 679:Drivers/STM32F4xx_HAL_Driver/Src/stm32f4xx_hal_spi.c ****         break;
 680:Drivers/STM32F4xx_HAL_Driver/Src/stm32f4xx_hal_spi.c **** 
 681:Drivers/STM32F4xx_HAL_Driver/Src/stm32f4xx_hal_spi.c ****       default :
 682:Drivers/STM32F4xx_HAL_Driver/Src/stm32f4xx_hal_spi.c ****         /* Update the error code */
 683:Drivers/STM32F4xx_HAL_Driver/Src/stm32f4xx_hal_spi.c ****         SET_BIT(hspi->ErrorCode, HAL_SPI_ERROR_INVALID_CALLBACK);
 684:Drivers/STM32F4xx_HAL_Driver/Src/stm32f4xx_hal_spi.c **** 
 685:Drivers/STM32F4xx_HAL_Driver/Src/stm32f4xx_hal_spi.c ****         /* Return error status */
 686:Drivers/STM32F4xx_HAL_Driver/Src/stm32f4xx_hal_spi.c ****         status =  HAL_ERROR;
 687:Drivers/STM32F4xx_HAL_Driver/Src/stm32f4xx_hal_spi.c ****         break;
 688:Drivers/STM32F4xx_HAL_Driver/Src/stm32f4xx_hal_spi.c ****     }
 689:Drivers/STM32F4xx_HAL_Driver/Src/stm32f4xx_hal_spi.c ****   }
 690:Drivers/STM32F4xx_HAL_Driver/Src/stm32f4xx_hal_spi.c ****   else if (HAL_SPI_STATE_RESET == hspi->State)
 691:Drivers/STM32F4xx_HAL_Driver/Src/stm32f4xx_hal_spi.c ****   {
 692:Drivers/STM32F4xx_HAL_Driver/Src/stm32f4xx_hal_spi.c ****     switch (CallbackID)
 693:Drivers/STM32F4xx_HAL_Driver/Src/stm32f4xx_hal_spi.c ****     {
 694:Drivers/STM32F4xx_HAL_Driver/Src/stm32f4xx_hal_spi.c ****       case HAL_SPI_MSPINIT_CB_ID :
 695:Drivers/STM32F4xx_HAL_Driver/Src/stm32f4xx_hal_spi.c ****         hspi->MspInitCallback = HAL_SPI_MspInit;                   /* Legacy weak MspInit          
 696:Drivers/STM32F4xx_HAL_Driver/Src/stm32f4xx_hal_spi.c ****         break;
 697:Drivers/STM32F4xx_HAL_Driver/Src/stm32f4xx_hal_spi.c **** 
 698:Drivers/STM32F4xx_HAL_Driver/Src/stm32f4xx_hal_spi.c ****       case HAL_SPI_MSPDEINIT_CB_ID :
 699:Drivers/STM32F4xx_HAL_Driver/Src/stm32f4xx_hal_spi.c ****         hspi->MspDeInitCallback = HAL_SPI_MspDeInit;               /* Legacy weak MspDeInit        
 700:Drivers/STM32F4xx_HAL_Driver/Src/stm32f4xx_hal_spi.c ****         break;
 701:Drivers/STM32F4xx_HAL_Driver/Src/stm32f4xx_hal_spi.c **** 
 702:Drivers/STM32F4xx_HAL_Driver/Src/stm32f4xx_hal_spi.c ****       default :
 703:Drivers/STM32F4xx_HAL_Driver/Src/stm32f4xx_hal_spi.c ****         /* Update the error code */
 704:Drivers/STM32F4xx_HAL_Driver/Src/stm32f4xx_hal_spi.c ****         SET_BIT(hspi->ErrorCode, HAL_SPI_ERROR_INVALID_CALLBACK);
 705:Drivers/STM32F4xx_HAL_Driver/Src/stm32f4xx_hal_spi.c **** 
 706:Drivers/STM32F4xx_HAL_Driver/Src/stm32f4xx_hal_spi.c ****         /* Return error status */
 707:Drivers/STM32F4xx_HAL_Driver/Src/stm32f4xx_hal_spi.c ****         status =  HAL_ERROR;
 708:Drivers/STM32F4xx_HAL_Driver/Src/stm32f4xx_hal_spi.c ****         break;
 709:Drivers/STM32F4xx_HAL_Driver/Src/stm32f4xx_hal_spi.c ****     }
 710:Drivers/STM32F4xx_HAL_Driver/Src/stm32f4xx_hal_spi.c ****   }
 711:Drivers/STM32F4xx_HAL_Driver/Src/stm32f4xx_hal_spi.c ****   else
 712:Drivers/STM32F4xx_HAL_Driver/Src/stm32f4xx_hal_spi.c ****   {
 713:Drivers/STM32F4xx_HAL_Driver/Src/stm32f4xx_hal_spi.c ****     /* Update the error code */
 714:Drivers/STM32F4xx_HAL_Driver/Src/stm32f4xx_hal_spi.c ****     SET_BIT(hspi->ErrorCode, HAL_SPI_ERROR_INVALID_CALLBACK);
ARM GAS  C:\Users\10369\AppData\Local\Temp\ccy9FUfH.s 			page 14


 715:Drivers/STM32F4xx_HAL_Driver/Src/stm32f4xx_hal_spi.c **** 
 716:Drivers/STM32F4xx_HAL_Driver/Src/stm32f4xx_hal_spi.c ****     /* Return error status */
 717:Drivers/STM32F4xx_HAL_Driver/Src/stm32f4xx_hal_spi.c ****     status =  HAL_ERROR;
 718:Drivers/STM32F4xx_HAL_Driver/Src/stm32f4xx_hal_spi.c ****   }
 719:Drivers/STM32F4xx_HAL_Driver/Src/stm32f4xx_hal_spi.c **** 
 720:Drivers/STM32F4xx_HAL_Driver/Src/stm32f4xx_hal_spi.c ****   /* Release Lock */
 721:Drivers/STM32F4xx_HAL_Driver/Src/stm32f4xx_hal_spi.c ****   __HAL_UNLOCK(hspi);
 722:Drivers/STM32F4xx_HAL_Driver/Src/stm32f4xx_hal_spi.c ****   return status;
 723:Drivers/STM32F4xx_HAL_Driver/Src/stm32f4xx_hal_spi.c **** }
 724:Drivers/STM32F4xx_HAL_Driver/Src/stm32f4xx_hal_spi.c **** #endif /* USE_HAL_SPI_REGISTER_CALLBACKS */
 725:Drivers/STM32F4xx_HAL_Driver/Src/stm32f4xx_hal_spi.c **** /**
 726:Drivers/STM32F4xx_HAL_Driver/Src/stm32f4xx_hal_spi.c ****   * @}
 727:Drivers/STM32F4xx_HAL_Driver/Src/stm32f4xx_hal_spi.c ****   */
 728:Drivers/STM32F4xx_HAL_Driver/Src/stm32f4xx_hal_spi.c **** 
 729:Drivers/STM32F4xx_HAL_Driver/Src/stm32f4xx_hal_spi.c **** /** @defgroup SPI_Exported_Functions_Group2 IO operation functions
 730:Drivers/STM32F4xx_HAL_Driver/Src/stm32f4xx_hal_spi.c ****   *  @brief   Data transfers functions
 731:Drivers/STM32F4xx_HAL_Driver/Src/stm32f4xx_hal_spi.c ****   *
 732:Drivers/STM32F4xx_HAL_Driver/Src/stm32f4xx_hal_spi.c **** @verbatim
 733:Drivers/STM32F4xx_HAL_Driver/Src/stm32f4xx_hal_spi.c ****   ==============================================================================
 734:Drivers/STM32F4xx_HAL_Driver/Src/stm32f4xx_hal_spi.c ****                       ##### IO operation functions #####
 735:Drivers/STM32F4xx_HAL_Driver/Src/stm32f4xx_hal_spi.c ****  ===============================================================================
 736:Drivers/STM32F4xx_HAL_Driver/Src/stm32f4xx_hal_spi.c ****  [..]
 737:Drivers/STM32F4xx_HAL_Driver/Src/stm32f4xx_hal_spi.c ****     This subsection provides a set of functions allowing to manage the SPI
 738:Drivers/STM32F4xx_HAL_Driver/Src/stm32f4xx_hal_spi.c ****     data transfers.
 739:Drivers/STM32F4xx_HAL_Driver/Src/stm32f4xx_hal_spi.c **** 
 740:Drivers/STM32F4xx_HAL_Driver/Src/stm32f4xx_hal_spi.c ****     [..] The SPI supports master and slave mode :
 741:Drivers/STM32F4xx_HAL_Driver/Src/stm32f4xx_hal_spi.c **** 
 742:Drivers/STM32F4xx_HAL_Driver/Src/stm32f4xx_hal_spi.c ****     (#) There are two modes of transfer:
 743:Drivers/STM32F4xx_HAL_Driver/Src/stm32f4xx_hal_spi.c ****        (++) Blocking mode: The communication is performed in polling mode.
 744:Drivers/STM32F4xx_HAL_Driver/Src/stm32f4xx_hal_spi.c ****             The HAL status of all data processing is returned by the same function
 745:Drivers/STM32F4xx_HAL_Driver/Src/stm32f4xx_hal_spi.c ****             after finishing transfer.
 746:Drivers/STM32F4xx_HAL_Driver/Src/stm32f4xx_hal_spi.c ****        (++) No-Blocking mode: The communication is performed using Interrupts
 747:Drivers/STM32F4xx_HAL_Driver/Src/stm32f4xx_hal_spi.c ****             or DMA, These APIs return the HAL status.
 748:Drivers/STM32F4xx_HAL_Driver/Src/stm32f4xx_hal_spi.c ****             The end of the data processing will be indicated through the
 749:Drivers/STM32F4xx_HAL_Driver/Src/stm32f4xx_hal_spi.c ****             dedicated SPI IRQ when using Interrupt mode or the DMA IRQ when
 750:Drivers/STM32F4xx_HAL_Driver/Src/stm32f4xx_hal_spi.c ****             using DMA mode.
 751:Drivers/STM32F4xx_HAL_Driver/Src/stm32f4xx_hal_spi.c ****             The HAL_SPI_TxCpltCallback(), HAL_SPI_RxCpltCallback() and HAL_SPI_TxRxCpltCallback() u
 752:Drivers/STM32F4xx_HAL_Driver/Src/stm32f4xx_hal_spi.c ****             will be executed respectively at the end of the transmit or Receive process
 753:Drivers/STM32F4xx_HAL_Driver/Src/stm32f4xx_hal_spi.c ****             The HAL_SPI_ErrorCallback()user callback will be executed when a communication error is
 754:Drivers/STM32F4xx_HAL_Driver/Src/stm32f4xx_hal_spi.c **** 
 755:Drivers/STM32F4xx_HAL_Driver/Src/stm32f4xx_hal_spi.c ****     (#) APIs provided for these 2 transfer modes (Blocking mode or Non blocking mode using either I
 756:Drivers/STM32F4xx_HAL_Driver/Src/stm32f4xx_hal_spi.c ****         exist for 1Line (simplex) and 2Lines (full duplex) modes.
 757:Drivers/STM32F4xx_HAL_Driver/Src/stm32f4xx_hal_spi.c **** 
 758:Drivers/STM32F4xx_HAL_Driver/Src/stm32f4xx_hal_spi.c **** @endverbatim
 759:Drivers/STM32F4xx_HAL_Driver/Src/stm32f4xx_hal_spi.c ****   * @{
 760:Drivers/STM32F4xx_HAL_Driver/Src/stm32f4xx_hal_spi.c ****   */
 761:Drivers/STM32F4xx_HAL_Driver/Src/stm32f4xx_hal_spi.c **** 
 762:Drivers/STM32F4xx_HAL_Driver/Src/stm32f4xx_hal_spi.c **** /**
 763:Drivers/STM32F4xx_HAL_Driver/Src/stm32f4xx_hal_spi.c ****   * @brief  Transmit an amount of data in blocking mode.
 764:Drivers/STM32F4xx_HAL_Driver/Src/stm32f4xx_hal_spi.c ****   * @param  hspi pointer to a SPI_HandleTypeDef structure that contains
 765:Drivers/STM32F4xx_HAL_Driver/Src/stm32f4xx_hal_spi.c ****   *               the configuration information for SPI module.
 766:Drivers/STM32F4xx_HAL_Driver/Src/stm32f4xx_hal_spi.c ****   * @param  pData pointer to data buffer (u8 or u16 data elements)
 767:Drivers/STM32F4xx_HAL_Driver/Src/stm32f4xx_hal_spi.c ****   * @param  Size amount of data elements (u8 or u16) to be sent
 768:Drivers/STM32F4xx_HAL_Driver/Src/stm32f4xx_hal_spi.c ****   * @param  Timeout Timeout duration in ms
 769:Drivers/STM32F4xx_HAL_Driver/Src/stm32f4xx_hal_spi.c ****   * @retval HAL status
 770:Drivers/STM32F4xx_HAL_Driver/Src/stm32f4xx_hal_spi.c ****   */
 771:Drivers/STM32F4xx_HAL_Driver/Src/stm32f4xx_hal_spi.c **** HAL_StatusTypeDef HAL_SPI_Transmit(SPI_HandleTypeDef *hspi, const uint8_t *pData, uint16_t Size, ui
ARM GAS  C:\Users\10369\AppData\Local\Temp\ccy9FUfH.s 			page 15


 772:Drivers/STM32F4xx_HAL_Driver/Src/stm32f4xx_hal_spi.c **** {
 773:Drivers/STM32F4xx_HAL_Driver/Src/stm32f4xx_hal_spi.c ****   uint32_t tickstart;
 774:Drivers/STM32F4xx_HAL_Driver/Src/stm32f4xx_hal_spi.c ****   uint16_t initial_TxXferCount;
 775:Drivers/STM32F4xx_HAL_Driver/Src/stm32f4xx_hal_spi.c **** 
 776:Drivers/STM32F4xx_HAL_Driver/Src/stm32f4xx_hal_spi.c ****   /* Check Direction parameter */
 777:Drivers/STM32F4xx_HAL_Driver/Src/stm32f4xx_hal_spi.c ****   assert_param(IS_SPI_DIRECTION_2LINES_OR_1LINE(hspi->Init.Direction));
 778:Drivers/STM32F4xx_HAL_Driver/Src/stm32f4xx_hal_spi.c **** 
 779:Drivers/STM32F4xx_HAL_Driver/Src/stm32f4xx_hal_spi.c ****   /* Init tickstart for timeout management*/
 780:Drivers/STM32F4xx_HAL_Driver/Src/stm32f4xx_hal_spi.c ****   tickstart = HAL_GetTick();
 781:Drivers/STM32F4xx_HAL_Driver/Src/stm32f4xx_hal_spi.c ****   initial_TxXferCount = Size;
 782:Drivers/STM32F4xx_HAL_Driver/Src/stm32f4xx_hal_spi.c **** 
 783:Drivers/STM32F4xx_HAL_Driver/Src/stm32f4xx_hal_spi.c ****   if (hspi->State != HAL_SPI_STATE_READY)
 784:Drivers/STM32F4xx_HAL_Driver/Src/stm32f4xx_hal_spi.c ****   {
 785:Drivers/STM32F4xx_HAL_Driver/Src/stm32f4xx_hal_spi.c ****     return HAL_BUSY;
 786:Drivers/STM32F4xx_HAL_Driver/Src/stm32f4xx_hal_spi.c ****   }
 787:Drivers/STM32F4xx_HAL_Driver/Src/stm32f4xx_hal_spi.c **** 
 788:Drivers/STM32F4xx_HAL_Driver/Src/stm32f4xx_hal_spi.c ****   if ((pData == NULL) || (Size == 0U))
 789:Drivers/STM32F4xx_HAL_Driver/Src/stm32f4xx_hal_spi.c ****   {
 790:Drivers/STM32F4xx_HAL_Driver/Src/stm32f4xx_hal_spi.c ****     return HAL_ERROR;
 791:Drivers/STM32F4xx_HAL_Driver/Src/stm32f4xx_hal_spi.c ****   }
 792:Drivers/STM32F4xx_HAL_Driver/Src/stm32f4xx_hal_spi.c **** 
 793:Drivers/STM32F4xx_HAL_Driver/Src/stm32f4xx_hal_spi.c ****   /* Process Locked */
 794:Drivers/STM32F4xx_HAL_Driver/Src/stm32f4xx_hal_spi.c ****   __HAL_LOCK(hspi);
 795:Drivers/STM32F4xx_HAL_Driver/Src/stm32f4xx_hal_spi.c **** 
 796:Drivers/STM32F4xx_HAL_Driver/Src/stm32f4xx_hal_spi.c ****   /* Set the transaction information */
 797:Drivers/STM32F4xx_HAL_Driver/Src/stm32f4xx_hal_spi.c ****   hspi->State       = HAL_SPI_STATE_BUSY_TX;
 798:Drivers/STM32F4xx_HAL_Driver/Src/stm32f4xx_hal_spi.c ****   hspi->ErrorCode   = HAL_SPI_ERROR_NONE;
 799:Drivers/STM32F4xx_HAL_Driver/Src/stm32f4xx_hal_spi.c ****   hspi->pTxBuffPtr  = (const uint8_t *)pData;
 800:Drivers/STM32F4xx_HAL_Driver/Src/stm32f4xx_hal_spi.c ****   hspi->TxXferSize  = Size;
 801:Drivers/STM32F4xx_HAL_Driver/Src/stm32f4xx_hal_spi.c ****   hspi->TxXferCount = Size;
 802:Drivers/STM32F4xx_HAL_Driver/Src/stm32f4xx_hal_spi.c **** 
 803:Drivers/STM32F4xx_HAL_Driver/Src/stm32f4xx_hal_spi.c ****   /*Init field not used in handle to zero */
 804:Drivers/STM32F4xx_HAL_Driver/Src/stm32f4xx_hal_spi.c ****   hspi->pRxBuffPtr  = (uint8_t *)NULL;
 805:Drivers/STM32F4xx_HAL_Driver/Src/stm32f4xx_hal_spi.c ****   hspi->RxXferSize  = 0U;
 806:Drivers/STM32F4xx_HAL_Driver/Src/stm32f4xx_hal_spi.c ****   hspi->RxXferCount = 0U;
 807:Drivers/STM32F4xx_HAL_Driver/Src/stm32f4xx_hal_spi.c ****   hspi->TxISR       = NULL;
 808:Drivers/STM32F4xx_HAL_Driver/Src/stm32f4xx_hal_spi.c ****   hspi->RxISR       = NULL;
 809:Drivers/STM32F4xx_HAL_Driver/Src/stm32f4xx_hal_spi.c **** 
 810:Drivers/STM32F4xx_HAL_Driver/Src/stm32f4xx_hal_spi.c ****   /* Configure communication direction : 1Line */
 811:Drivers/STM32F4xx_HAL_Driver/Src/stm32f4xx_hal_spi.c ****   if (hspi->Init.Direction == SPI_DIRECTION_1LINE)
 812:Drivers/STM32F4xx_HAL_Driver/Src/stm32f4xx_hal_spi.c ****   {
 813:Drivers/STM32F4xx_HAL_Driver/Src/stm32f4xx_hal_spi.c ****     /* Disable SPI Peripheral before set 1Line direction (BIDIOE bit) */
 814:Drivers/STM32F4xx_HAL_Driver/Src/stm32f4xx_hal_spi.c ****     __HAL_SPI_DISABLE(hspi);
 815:Drivers/STM32F4xx_HAL_Driver/Src/stm32f4xx_hal_spi.c ****     SPI_1LINE_TX(hspi);
 816:Drivers/STM32F4xx_HAL_Driver/Src/stm32f4xx_hal_spi.c ****   }
 817:Drivers/STM32F4xx_HAL_Driver/Src/stm32f4xx_hal_spi.c **** 
 818:Drivers/STM32F4xx_HAL_Driver/Src/stm32f4xx_hal_spi.c **** #if (USE_SPI_CRC != 0U)
 819:Drivers/STM32F4xx_HAL_Driver/Src/stm32f4xx_hal_spi.c ****   /* Reset CRC Calculation */
 820:Drivers/STM32F4xx_HAL_Driver/Src/stm32f4xx_hal_spi.c ****   if (hspi->Init.CRCCalculation == SPI_CRCCALCULATION_ENABLE)
 821:Drivers/STM32F4xx_HAL_Driver/Src/stm32f4xx_hal_spi.c ****   {
 822:Drivers/STM32F4xx_HAL_Driver/Src/stm32f4xx_hal_spi.c ****     SPI_RESET_CRC(hspi);
 823:Drivers/STM32F4xx_HAL_Driver/Src/stm32f4xx_hal_spi.c ****   }
 824:Drivers/STM32F4xx_HAL_Driver/Src/stm32f4xx_hal_spi.c **** #endif /* USE_SPI_CRC */
 825:Drivers/STM32F4xx_HAL_Driver/Src/stm32f4xx_hal_spi.c **** 
 826:Drivers/STM32F4xx_HAL_Driver/Src/stm32f4xx_hal_spi.c ****   /* Check if the SPI is already enabled */
 827:Drivers/STM32F4xx_HAL_Driver/Src/stm32f4xx_hal_spi.c ****   if ((hspi->Instance->CR1 & SPI_CR1_SPE) != SPI_CR1_SPE)
 828:Drivers/STM32F4xx_HAL_Driver/Src/stm32f4xx_hal_spi.c ****   {
ARM GAS  C:\Users\10369\AppData\Local\Temp\ccy9FUfH.s 			page 16


 829:Drivers/STM32F4xx_HAL_Driver/Src/stm32f4xx_hal_spi.c ****     /* Enable SPI peripheral */
 830:Drivers/STM32F4xx_HAL_Driver/Src/stm32f4xx_hal_spi.c ****     __HAL_SPI_ENABLE(hspi);
 831:Drivers/STM32F4xx_HAL_Driver/Src/stm32f4xx_hal_spi.c ****   }
 832:Drivers/STM32F4xx_HAL_Driver/Src/stm32f4xx_hal_spi.c **** 
 833:Drivers/STM32F4xx_HAL_Driver/Src/stm32f4xx_hal_spi.c ****   /* Transmit data in 16 Bit mode */
 834:Drivers/STM32F4xx_HAL_Driver/Src/stm32f4xx_hal_spi.c ****   if (hspi->Init.DataSize == SPI_DATASIZE_16BIT)
 835:Drivers/STM32F4xx_HAL_Driver/Src/stm32f4xx_hal_spi.c ****   {
 836:Drivers/STM32F4xx_HAL_Driver/Src/stm32f4xx_hal_spi.c ****     if ((hspi->Init.Mode == SPI_MODE_SLAVE) || (initial_TxXferCount == 0x01U))
 837:Drivers/STM32F4xx_HAL_Driver/Src/stm32f4xx_hal_spi.c ****     {
 838:Drivers/STM32F4xx_HAL_Driver/Src/stm32f4xx_hal_spi.c ****       hspi->Instance->DR = *((const uint16_t *)hspi->pTxBuffPtr);
 839:Drivers/STM32F4xx_HAL_Driver/Src/stm32f4xx_hal_spi.c ****       hspi->pTxBuffPtr += sizeof(uint16_t);
 840:Drivers/STM32F4xx_HAL_Driver/Src/stm32f4xx_hal_spi.c ****       hspi->TxXferCount--;
 841:Drivers/STM32F4xx_HAL_Driver/Src/stm32f4xx_hal_spi.c ****     }
 842:Drivers/STM32F4xx_HAL_Driver/Src/stm32f4xx_hal_spi.c ****     /* Transmit data in 16 Bit mode */
 843:Drivers/STM32F4xx_HAL_Driver/Src/stm32f4xx_hal_spi.c ****     while (hspi->TxXferCount > 0U)
 844:Drivers/STM32F4xx_HAL_Driver/Src/stm32f4xx_hal_spi.c ****     {
 845:Drivers/STM32F4xx_HAL_Driver/Src/stm32f4xx_hal_spi.c ****       /* Wait until TXE flag is set to send data */
 846:Drivers/STM32F4xx_HAL_Driver/Src/stm32f4xx_hal_spi.c ****       if (__HAL_SPI_GET_FLAG(hspi, SPI_FLAG_TXE))
 847:Drivers/STM32F4xx_HAL_Driver/Src/stm32f4xx_hal_spi.c ****       {
 848:Drivers/STM32F4xx_HAL_Driver/Src/stm32f4xx_hal_spi.c ****         hspi->Instance->DR = *((const uint16_t *)hspi->pTxBuffPtr);
 849:Drivers/STM32F4xx_HAL_Driver/Src/stm32f4xx_hal_spi.c ****         hspi->pTxBuffPtr += sizeof(uint16_t);
 850:Drivers/STM32F4xx_HAL_Driver/Src/stm32f4xx_hal_spi.c ****         hspi->TxXferCount--;
 851:Drivers/STM32F4xx_HAL_Driver/Src/stm32f4xx_hal_spi.c ****       }
 852:Drivers/STM32F4xx_HAL_Driver/Src/stm32f4xx_hal_spi.c ****       else
 853:Drivers/STM32F4xx_HAL_Driver/Src/stm32f4xx_hal_spi.c ****       {
 854:Drivers/STM32F4xx_HAL_Driver/Src/stm32f4xx_hal_spi.c ****         /* Timeout management */
 855:Drivers/STM32F4xx_HAL_Driver/Src/stm32f4xx_hal_spi.c ****         if ((((HAL_GetTick() - tickstart) >=  Timeout) && (Timeout != HAL_MAX_DELAY)) || (Timeout =
 856:Drivers/STM32F4xx_HAL_Driver/Src/stm32f4xx_hal_spi.c ****         {
 857:Drivers/STM32F4xx_HAL_Driver/Src/stm32f4xx_hal_spi.c ****           hspi->State = HAL_SPI_STATE_READY;
 858:Drivers/STM32F4xx_HAL_Driver/Src/stm32f4xx_hal_spi.c ****           __HAL_UNLOCK(hspi);
 859:Drivers/STM32F4xx_HAL_Driver/Src/stm32f4xx_hal_spi.c ****           return HAL_TIMEOUT;
 860:Drivers/STM32F4xx_HAL_Driver/Src/stm32f4xx_hal_spi.c ****         }
 861:Drivers/STM32F4xx_HAL_Driver/Src/stm32f4xx_hal_spi.c ****       }
 862:Drivers/STM32F4xx_HAL_Driver/Src/stm32f4xx_hal_spi.c ****     }
 863:Drivers/STM32F4xx_HAL_Driver/Src/stm32f4xx_hal_spi.c ****   }
 864:Drivers/STM32F4xx_HAL_Driver/Src/stm32f4xx_hal_spi.c ****   /* Transmit data in 8 Bit mode */
 865:Drivers/STM32F4xx_HAL_Driver/Src/stm32f4xx_hal_spi.c ****   else
 866:Drivers/STM32F4xx_HAL_Driver/Src/stm32f4xx_hal_spi.c ****   {
 867:Drivers/STM32F4xx_HAL_Driver/Src/stm32f4xx_hal_spi.c ****     if ((hspi->Init.Mode == SPI_MODE_SLAVE) || (initial_TxXferCount == 0x01U))
 868:Drivers/STM32F4xx_HAL_Driver/Src/stm32f4xx_hal_spi.c ****     {
 869:Drivers/STM32F4xx_HAL_Driver/Src/stm32f4xx_hal_spi.c ****       *((__IO uint8_t *)&hspi->Instance->DR) = *((const uint8_t *)hspi->pTxBuffPtr);
 870:Drivers/STM32F4xx_HAL_Driver/Src/stm32f4xx_hal_spi.c ****       hspi->pTxBuffPtr += sizeof(uint8_t);
 871:Drivers/STM32F4xx_HAL_Driver/Src/stm32f4xx_hal_spi.c ****       hspi->TxXferCount--;
 872:Drivers/STM32F4xx_HAL_Driver/Src/stm32f4xx_hal_spi.c ****     }
 873:Drivers/STM32F4xx_HAL_Driver/Src/stm32f4xx_hal_spi.c ****     while (hspi->TxXferCount > 0U)
 874:Drivers/STM32F4xx_HAL_Driver/Src/stm32f4xx_hal_spi.c ****     {
 875:Drivers/STM32F4xx_HAL_Driver/Src/stm32f4xx_hal_spi.c ****       /* Wait until TXE flag is set to send data */
 876:Drivers/STM32F4xx_HAL_Driver/Src/stm32f4xx_hal_spi.c ****       if (__HAL_SPI_GET_FLAG(hspi, SPI_FLAG_TXE))
 877:Drivers/STM32F4xx_HAL_Driver/Src/stm32f4xx_hal_spi.c ****       {
 878:Drivers/STM32F4xx_HAL_Driver/Src/stm32f4xx_hal_spi.c ****         *((__IO uint8_t *)&hspi->Instance->DR) = *((const uint8_t *)hspi->pTxBuffPtr);
 879:Drivers/STM32F4xx_HAL_Driver/Src/stm32f4xx_hal_spi.c ****         hspi->pTxBuffPtr += sizeof(uint8_t);
 880:Drivers/STM32F4xx_HAL_Driver/Src/stm32f4xx_hal_spi.c ****         hspi->TxXferCount--;
 881:Drivers/STM32F4xx_HAL_Driver/Src/stm32f4xx_hal_spi.c ****       }
 882:Drivers/STM32F4xx_HAL_Driver/Src/stm32f4xx_hal_spi.c ****       else
 883:Drivers/STM32F4xx_HAL_Driver/Src/stm32f4xx_hal_spi.c ****       {
 884:Drivers/STM32F4xx_HAL_Driver/Src/stm32f4xx_hal_spi.c ****         /* Timeout management */
 885:Drivers/STM32F4xx_HAL_Driver/Src/stm32f4xx_hal_spi.c ****         if ((((HAL_GetTick() - tickstart) >=  Timeout) && (Timeout != HAL_MAX_DELAY)) || (Timeout =
ARM GAS  C:\Users\10369\AppData\Local\Temp\ccy9FUfH.s 			page 17


 886:Drivers/STM32F4xx_HAL_Driver/Src/stm32f4xx_hal_spi.c ****         {
 887:Drivers/STM32F4xx_HAL_Driver/Src/stm32f4xx_hal_spi.c ****           hspi->State = HAL_SPI_STATE_READY;
 888:Drivers/STM32F4xx_HAL_Driver/Src/stm32f4xx_hal_spi.c ****           __HAL_UNLOCK(hspi);
 889:Drivers/STM32F4xx_HAL_Driver/Src/stm32f4xx_hal_spi.c ****           return HAL_TIMEOUT;
 890:Drivers/STM32F4xx_HAL_Driver/Src/stm32f4xx_hal_spi.c ****         }
 891:Drivers/STM32F4xx_HAL_Driver/Src/stm32f4xx_hal_spi.c ****       }
 892:Drivers/STM32F4xx_HAL_Driver/Src/stm32f4xx_hal_spi.c ****     }
 893:Drivers/STM32F4xx_HAL_Driver/Src/stm32f4xx_hal_spi.c ****   }
 894:Drivers/STM32F4xx_HAL_Driver/Src/stm32f4xx_hal_spi.c **** #if (USE_SPI_CRC != 0U)
 895:Drivers/STM32F4xx_HAL_Driver/Src/stm32f4xx_hal_spi.c ****   /* Enable CRC Transmission */
 896:Drivers/STM32F4xx_HAL_Driver/Src/stm32f4xx_hal_spi.c ****   if (hspi->Init.CRCCalculation == SPI_CRCCALCULATION_ENABLE)
 897:Drivers/STM32F4xx_HAL_Driver/Src/stm32f4xx_hal_spi.c ****   {
 898:Drivers/STM32F4xx_HAL_Driver/Src/stm32f4xx_hal_spi.c ****     SET_BIT(hspi->Instance->CR1, SPI_CR1_CRCNEXT);
 899:Drivers/STM32F4xx_HAL_Driver/Src/stm32f4xx_hal_spi.c ****   }
 900:Drivers/STM32F4xx_HAL_Driver/Src/stm32f4xx_hal_spi.c **** #endif /* USE_SPI_CRC */
 901:Drivers/STM32F4xx_HAL_Driver/Src/stm32f4xx_hal_spi.c **** 
 902:Drivers/STM32F4xx_HAL_Driver/Src/stm32f4xx_hal_spi.c ****   /* Check the end of the transaction */
 903:Drivers/STM32F4xx_HAL_Driver/Src/stm32f4xx_hal_spi.c ****   if (SPI_EndRxTxTransaction(hspi, Timeout, tickstart) != HAL_OK)
 904:Drivers/STM32F4xx_HAL_Driver/Src/stm32f4xx_hal_spi.c ****   {
 905:Drivers/STM32F4xx_HAL_Driver/Src/stm32f4xx_hal_spi.c ****     hspi->ErrorCode = HAL_SPI_ERROR_FLAG;
 906:Drivers/STM32F4xx_HAL_Driver/Src/stm32f4xx_hal_spi.c ****   }
 907:Drivers/STM32F4xx_HAL_Driver/Src/stm32f4xx_hal_spi.c **** 
 908:Drivers/STM32F4xx_HAL_Driver/Src/stm32f4xx_hal_spi.c ****   /* Clear overrun flag in 2 Lines communication mode because received is not read */
 909:Drivers/STM32F4xx_HAL_Driver/Src/stm32f4xx_hal_spi.c ****   if (hspi->Init.Direction == SPI_DIRECTION_2LINES)
 910:Drivers/STM32F4xx_HAL_Driver/Src/stm32f4xx_hal_spi.c ****   {
 911:Drivers/STM32F4xx_HAL_Driver/Src/stm32f4xx_hal_spi.c ****     __HAL_SPI_CLEAR_OVRFLAG(hspi);
 912:Drivers/STM32F4xx_HAL_Driver/Src/stm32f4xx_hal_spi.c ****   }
 913:Drivers/STM32F4xx_HAL_Driver/Src/stm32f4xx_hal_spi.c **** 
 914:Drivers/STM32F4xx_HAL_Driver/Src/stm32f4xx_hal_spi.c ****   hspi->State = HAL_SPI_STATE_READY;
 915:Drivers/STM32F4xx_HAL_Driver/Src/stm32f4xx_hal_spi.c ****   /* Process Unlocked */
 916:Drivers/STM32F4xx_HAL_Driver/Src/stm32f4xx_hal_spi.c ****   __HAL_UNLOCK(hspi);
 917:Drivers/STM32F4xx_HAL_Driver/Src/stm32f4xx_hal_spi.c **** 
 918:Drivers/STM32F4xx_HAL_Driver/Src/stm32f4xx_hal_spi.c ****   if (hspi->ErrorCode != HAL_SPI_ERROR_NONE)
 919:Drivers/STM32F4xx_HAL_Driver/Src/stm32f4xx_hal_spi.c ****   {
 920:Drivers/STM32F4xx_HAL_Driver/Src/stm32f4xx_hal_spi.c ****     return HAL_ERROR;
 921:Drivers/STM32F4xx_HAL_Driver/Src/stm32f4xx_hal_spi.c ****   }
 922:Drivers/STM32F4xx_HAL_Driver/Src/stm32f4xx_hal_spi.c ****   else
 923:Drivers/STM32F4xx_HAL_Driver/Src/stm32f4xx_hal_spi.c ****   {
 924:Drivers/STM32F4xx_HAL_Driver/Src/stm32f4xx_hal_spi.c ****     return HAL_OK;
 925:Drivers/STM32F4xx_HAL_Driver/Src/stm32f4xx_hal_spi.c ****   }
 926:Drivers/STM32F4xx_HAL_Driver/Src/stm32f4xx_hal_spi.c **** }
 927:Drivers/STM32F4xx_HAL_Driver/Src/stm32f4xx_hal_spi.c **** 
 928:Drivers/STM32F4xx_HAL_Driver/Src/stm32f4xx_hal_spi.c **** /**
 929:Drivers/STM32F4xx_HAL_Driver/Src/stm32f4xx_hal_spi.c ****   * @brief  Receive an amount of data in blocking mode.
 930:Drivers/STM32F4xx_HAL_Driver/Src/stm32f4xx_hal_spi.c ****   * @param  hspi pointer to a SPI_HandleTypeDef structure that contains
 931:Drivers/STM32F4xx_HAL_Driver/Src/stm32f4xx_hal_spi.c ****   *               the configuration information for SPI module.
 932:Drivers/STM32F4xx_HAL_Driver/Src/stm32f4xx_hal_spi.c ****   * @param  pData pointer to data buffer (u8 or u16 data elements)
 933:Drivers/STM32F4xx_HAL_Driver/Src/stm32f4xx_hal_spi.c ****   * @param  Size amount of data elements (u8 or u16) to be received
 934:Drivers/STM32F4xx_HAL_Driver/Src/stm32f4xx_hal_spi.c ****   * @param  Timeout Timeout duration in ms
 935:Drivers/STM32F4xx_HAL_Driver/Src/stm32f4xx_hal_spi.c ****   * @retval HAL status
 936:Drivers/STM32F4xx_HAL_Driver/Src/stm32f4xx_hal_spi.c ****   * @note   In master mode, if the direction is set to SPI_DIRECTION_2LINES
 937:Drivers/STM32F4xx_HAL_Driver/Src/stm32f4xx_hal_spi.c ****   *         the receive buffer is written to data register (DR) to generate
 938:Drivers/STM32F4xx_HAL_Driver/Src/stm32f4xx_hal_spi.c ****   *         clock pulses and receive data
 939:Drivers/STM32F4xx_HAL_Driver/Src/stm32f4xx_hal_spi.c ****   */
 940:Drivers/STM32F4xx_HAL_Driver/Src/stm32f4xx_hal_spi.c **** HAL_StatusTypeDef HAL_SPI_Receive(SPI_HandleTypeDef *hspi, uint8_t *pData, uint16_t Size, uint32_t 
 941:Drivers/STM32F4xx_HAL_Driver/Src/stm32f4xx_hal_spi.c **** {
 942:Drivers/STM32F4xx_HAL_Driver/Src/stm32f4xx_hal_spi.c **** #if (USE_SPI_CRC != 0U)
ARM GAS  C:\Users\10369\AppData\Local\Temp\ccy9FUfH.s 			page 18


 943:Drivers/STM32F4xx_HAL_Driver/Src/stm32f4xx_hal_spi.c ****   __IO uint32_t tmpreg = 0U;
 944:Drivers/STM32F4xx_HAL_Driver/Src/stm32f4xx_hal_spi.c **** #endif /* USE_SPI_CRC */
 945:Drivers/STM32F4xx_HAL_Driver/Src/stm32f4xx_hal_spi.c ****   uint32_t tickstart;
 946:Drivers/STM32F4xx_HAL_Driver/Src/stm32f4xx_hal_spi.c **** 
 947:Drivers/STM32F4xx_HAL_Driver/Src/stm32f4xx_hal_spi.c ****   if (hspi->State != HAL_SPI_STATE_READY)
 948:Drivers/STM32F4xx_HAL_Driver/Src/stm32f4xx_hal_spi.c ****   {
 949:Drivers/STM32F4xx_HAL_Driver/Src/stm32f4xx_hal_spi.c ****     return HAL_BUSY;
 950:Drivers/STM32F4xx_HAL_Driver/Src/stm32f4xx_hal_spi.c ****   }
 951:Drivers/STM32F4xx_HAL_Driver/Src/stm32f4xx_hal_spi.c **** 
 952:Drivers/STM32F4xx_HAL_Driver/Src/stm32f4xx_hal_spi.c ****   if ((pData == NULL) || (Size == 0U))
 953:Drivers/STM32F4xx_HAL_Driver/Src/stm32f4xx_hal_spi.c ****   {
 954:Drivers/STM32F4xx_HAL_Driver/Src/stm32f4xx_hal_spi.c ****     return HAL_ERROR;
 955:Drivers/STM32F4xx_HAL_Driver/Src/stm32f4xx_hal_spi.c ****   }
 956:Drivers/STM32F4xx_HAL_Driver/Src/stm32f4xx_hal_spi.c **** 
 957:Drivers/STM32F4xx_HAL_Driver/Src/stm32f4xx_hal_spi.c ****   if ((hspi->Init.Mode == SPI_MODE_MASTER) && (hspi->Init.Direction == SPI_DIRECTION_2LINES))
 958:Drivers/STM32F4xx_HAL_Driver/Src/stm32f4xx_hal_spi.c ****   {
 959:Drivers/STM32F4xx_HAL_Driver/Src/stm32f4xx_hal_spi.c ****     hspi->State = HAL_SPI_STATE_BUSY_RX;
 960:Drivers/STM32F4xx_HAL_Driver/Src/stm32f4xx_hal_spi.c ****     /* Call transmit-receive function to send Dummy data on Tx line and generate clock on CLK line 
 961:Drivers/STM32F4xx_HAL_Driver/Src/stm32f4xx_hal_spi.c ****     return HAL_SPI_TransmitReceive(hspi, pData, pData, Size, Timeout);
 962:Drivers/STM32F4xx_HAL_Driver/Src/stm32f4xx_hal_spi.c ****   }
 963:Drivers/STM32F4xx_HAL_Driver/Src/stm32f4xx_hal_spi.c **** 
 964:Drivers/STM32F4xx_HAL_Driver/Src/stm32f4xx_hal_spi.c ****   /* Init tickstart for timeout management*/
 965:Drivers/STM32F4xx_HAL_Driver/Src/stm32f4xx_hal_spi.c ****   tickstart = HAL_GetTick();
 966:Drivers/STM32F4xx_HAL_Driver/Src/stm32f4xx_hal_spi.c **** 
 967:Drivers/STM32F4xx_HAL_Driver/Src/stm32f4xx_hal_spi.c ****   /* Process Locked */
 968:Drivers/STM32F4xx_HAL_Driver/Src/stm32f4xx_hal_spi.c ****   __HAL_LOCK(hspi);
 969:Drivers/STM32F4xx_HAL_Driver/Src/stm32f4xx_hal_spi.c **** 
 970:Drivers/STM32F4xx_HAL_Driver/Src/stm32f4xx_hal_spi.c ****   /* Set the transaction information */
 971:Drivers/STM32F4xx_HAL_Driver/Src/stm32f4xx_hal_spi.c ****   hspi->State       = HAL_SPI_STATE_BUSY_RX;
 972:Drivers/STM32F4xx_HAL_Driver/Src/stm32f4xx_hal_spi.c ****   hspi->ErrorCode   = HAL_SPI_ERROR_NONE;
 973:Drivers/STM32F4xx_HAL_Driver/Src/stm32f4xx_hal_spi.c ****   hspi->pRxBuffPtr  = (uint8_t *)pData;
 974:Drivers/STM32F4xx_HAL_Driver/Src/stm32f4xx_hal_spi.c ****   hspi->RxXferSize  = Size;
 975:Drivers/STM32F4xx_HAL_Driver/Src/stm32f4xx_hal_spi.c ****   hspi->RxXferCount = Size;
 976:Drivers/STM32F4xx_HAL_Driver/Src/stm32f4xx_hal_spi.c **** 
 977:Drivers/STM32F4xx_HAL_Driver/Src/stm32f4xx_hal_spi.c ****   /*Init field not used in handle to zero */
 978:Drivers/STM32F4xx_HAL_Driver/Src/stm32f4xx_hal_spi.c ****   hspi->pTxBuffPtr  = (uint8_t *)NULL;
 979:Drivers/STM32F4xx_HAL_Driver/Src/stm32f4xx_hal_spi.c ****   hspi->TxXferSize  = 0U;
 980:Drivers/STM32F4xx_HAL_Driver/Src/stm32f4xx_hal_spi.c ****   hspi->TxXferCount = 0U;
 981:Drivers/STM32F4xx_HAL_Driver/Src/stm32f4xx_hal_spi.c ****   hspi->RxISR       = NULL;
 982:Drivers/STM32F4xx_HAL_Driver/Src/stm32f4xx_hal_spi.c ****   hspi->TxISR       = NULL;
 983:Drivers/STM32F4xx_HAL_Driver/Src/stm32f4xx_hal_spi.c **** 
 984:Drivers/STM32F4xx_HAL_Driver/Src/stm32f4xx_hal_spi.c **** #if (USE_SPI_CRC != 0U)
 985:Drivers/STM32F4xx_HAL_Driver/Src/stm32f4xx_hal_spi.c ****   /* Reset CRC Calculation */
 986:Drivers/STM32F4xx_HAL_Driver/Src/stm32f4xx_hal_spi.c ****   if (hspi->Init.CRCCalculation == SPI_CRCCALCULATION_ENABLE)
 987:Drivers/STM32F4xx_HAL_Driver/Src/stm32f4xx_hal_spi.c ****   {
 988:Drivers/STM32F4xx_HAL_Driver/Src/stm32f4xx_hal_spi.c ****     SPI_RESET_CRC(hspi);
 989:Drivers/STM32F4xx_HAL_Driver/Src/stm32f4xx_hal_spi.c ****     /* this is done to handle the CRCNEXT before the latest data */
 990:Drivers/STM32F4xx_HAL_Driver/Src/stm32f4xx_hal_spi.c ****     hspi->RxXferCount--;
 991:Drivers/STM32F4xx_HAL_Driver/Src/stm32f4xx_hal_spi.c ****   }
 992:Drivers/STM32F4xx_HAL_Driver/Src/stm32f4xx_hal_spi.c **** #endif /* USE_SPI_CRC */
 993:Drivers/STM32F4xx_HAL_Driver/Src/stm32f4xx_hal_spi.c **** 
 994:Drivers/STM32F4xx_HAL_Driver/Src/stm32f4xx_hal_spi.c ****   /* Configure communication direction: 1Line */
 995:Drivers/STM32F4xx_HAL_Driver/Src/stm32f4xx_hal_spi.c ****   if (hspi->Init.Direction == SPI_DIRECTION_1LINE)
 996:Drivers/STM32F4xx_HAL_Driver/Src/stm32f4xx_hal_spi.c ****   {
 997:Drivers/STM32F4xx_HAL_Driver/Src/stm32f4xx_hal_spi.c ****     /* Disable SPI Peripheral before set 1Line direction (BIDIOE bit) */
 998:Drivers/STM32F4xx_HAL_Driver/Src/stm32f4xx_hal_spi.c ****     __HAL_SPI_DISABLE(hspi);
 999:Drivers/STM32F4xx_HAL_Driver/Src/stm32f4xx_hal_spi.c ****     SPI_1LINE_RX(hspi);
ARM GAS  C:\Users\10369\AppData\Local\Temp\ccy9FUfH.s 			page 19


1000:Drivers/STM32F4xx_HAL_Driver/Src/stm32f4xx_hal_spi.c ****   }
1001:Drivers/STM32F4xx_HAL_Driver/Src/stm32f4xx_hal_spi.c **** 
1002:Drivers/STM32F4xx_HAL_Driver/Src/stm32f4xx_hal_spi.c ****   /* Check if the SPI is already enabled */
1003:Drivers/STM32F4xx_HAL_Driver/Src/stm32f4xx_hal_spi.c ****   if ((hspi->Instance->CR1 & SPI_CR1_SPE) != SPI_CR1_SPE)
1004:Drivers/STM32F4xx_HAL_Driver/Src/stm32f4xx_hal_spi.c ****   {
1005:Drivers/STM32F4xx_HAL_Driver/Src/stm32f4xx_hal_spi.c ****     /* Enable SPI peripheral */
1006:Drivers/STM32F4xx_HAL_Driver/Src/stm32f4xx_hal_spi.c ****     __HAL_SPI_ENABLE(hspi);
1007:Drivers/STM32F4xx_HAL_Driver/Src/stm32f4xx_hal_spi.c ****   }
1008:Drivers/STM32F4xx_HAL_Driver/Src/stm32f4xx_hal_spi.c **** 
1009:Drivers/STM32F4xx_HAL_Driver/Src/stm32f4xx_hal_spi.c ****   /* Receive data in 8 Bit mode */
1010:Drivers/STM32F4xx_HAL_Driver/Src/stm32f4xx_hal_spi.c ****   if (hspi->Init.DataSize == SPI_DATASIZE_8BIT)
1011:Drivers/STM32F4xx_HAL_Driver/Src/stm32f4xx_hal_spi.c ****   {
1012:Drivers/STM32F4xx_HAL_Driver/Src/stm32f4xx_hal_spi.c ****     /* Transfer loop */
1013:Drivers/STM32F4xx_HAL_Driver/Src/stm32f4xx_hal_spi.c ****     while (hspi->RxXferCount > 0U)
1014:Drivers/STM32F4xx_HAL_Driver/Src/stm32f4xx_hal_spi.c ****     {
1015:Drivers/STM32F4xx_HAL_Driver/Src/stm32f4xx_hal_spi.c ****       /* Check the RXNE flag */
1016:Drivers/STM32F4xx_HAL_Driver/Src/stm32f4xx_hal_spi.c ****       if (__HAL_SPI_GET_FLAG(hspi, SPI_FLAG_RXNE))
1017:Drivers/STM32F4xx_HAL_Driver/Src/stm32f4xx_hal_spi.c ****       {
1018:Drivers/STM32F4xx_HAL_Driver/Src/stm32f4xx_hal_spi.c ****         /* read the received data */
1019:Drivers/STM32F4xx_HAL_Driver/Src/stm32f4xx_hal_spi.c ****         (* (uint8_t *)hspi->pRxBuffPtr) = *(__IO uint8_t *)&hspi->Instance->DR;
1020:Drivers/STM32F4xx_HAL_Driver/Src/stm32f4xx_hal_spi.c ****         hspi->pRxBuffPtr += sizeof(uint8_t);
1021:Drivers/STM32F4xx_HAL_Driver/Src/stm32f4xx_hal_spi.c ****         hspi->RxXferCount--;
1022:Drivers/STM32F4xx_HAL_Driver/Src/stm32f4xx_hal_spi.c ****       }
1023:Drivers/STM32F4xx_HAL_Driver/Src/stm32f4xx_hal_spi.c ****       else
1024:Drivers/STM32F4xx_HAL_Driver/Src/stm32f4xx_hal_spi.c ****       {
1025:Drivers/STM32F4xx_HAL_Driver/Src/stm32f4xx_hal_spi.c ****         /* Timeout management */
1026:Drivers/STM32F4xx_HAL_Driver/Src/stm32f4xx_hal_spi.c ****         if ((((HAL_GetTick() - tickstart) >=  Timeout) && (Timeout != HAL_MAX_DELAY)) || (Timeout =
1027:Drivers/STM32F4xx_HAL_Driver/Src/stm32f4xx_hal_spi.c ****         {
1028:Drivers/STM32F4xx_HAL_Driver/Src/stm32f4xx_hal_spi.c ****           hspi->State = HAL_SPI_STATE_READY;
1029:Drivers/STM32F4xx_HAL_Driver/Src/stm32f4xx_hal_spi.c ****           __HAL_UNLOCK(hspi);
1030:Drivers/STM32F4xx_HAL_Driver/Src/stm32f4xx_hal_spi.c ****           return HAL_TIMEOUT;
1031:Drivers/STM32F4xx_HAL_Driver/Src/stm32f4xx_hal_spi.c ****         }
1032:Drivers/STM32F4xx_HAL_Driver/Src/stm32f4xx_hal_spi.c ****       }
1033:Drivers/STM32F4xx_HAL_Driver/Src/stm32f4xx_hal_spi.c ****     }
1034:Drivers/STM32F4xx_HAL_Driver/Src/stm32f4xx_hal_spi.c ****   }
1035:Drivers/STM32F4xx_HAL_Driver/Src/stm32f4xx_hal_spi.c ****   else
1036:Drivers/STM32F4xx_HAL_Driver/Src/stm32f4xx_hal_spi.c ****   {
1037:Drivers/STM32F4xx_HAL_Driver/Src/stm32f4xx_hal_spi.c ****     /* Transfer loop */
1038:Drivers/STM32F4xx_HAL_Driver/Src/stm32f4xx_hal_spi.c ****     while (hspi->RxXferCount > 0U)
1039:Drivers/STM32F4xx_HAL_Driver/Src/stm32f4xx_hal_spi.c ****     {
1040:Drivers/STM32F4xx_HAL_Driver/Src/stm32f4xx_hal_spi.c ****       /* Check the RXNE flag */
1041:Drivers/STM32F4xx_HAL_Driver/Src/stm32f4xx_hal_spi.c ****       if (__HAL_SPI_GET_FLAG(hspi, SPI_FLAG_RXNE))
1042:Drivers/STM32F4xx_HAL_Driver/Src/stm32f4xx_hal_spi.c ****       {
1043:Drivers/STM32F4xx_HAL_Driver/Src/stm32f4xx_hal_spi.c ****         *((uint16_t *)hspi->pRxBuffPtr) = (uint16_t)hspi->Instance->DR;
1044:Drivers/STM32F4xx_HAL_Driver/Src/stm32f4xx_hal_spi.c ****         hspi->pRxBuffPtr += sizeof(uint16_t);
1045:Drivers/STM32F4xx_HAL_Driver/Src/stm32f4xx_hal_spi.c ****         hspi->RxXferCount--;
1046:Drivers/STM32F4xx_HAL_Driver/Src/stm32f4xx_hal_spi.c ****       }
1047:Drivers/STM32F4xx_HAL_Driver/Src/stm32f4xx_hal_spi.c ****       else
1048:Drivers/STM32F4xx_HAL_Driver/Src/stm32f4xx_hal_spi.c ****       {
1049:Drivers/STM32F4xx_HAL_Driver/Src/stm32f4xx_hal_spi.c ****         /* Timeout management */
1050:Drivers/STM32F4xx_HAL_Driver/Src/stm32f4xx_hal_spi.c ****         if ((((HAL_GetTick() - tickstart) >=  Timeout) && (Timeout != HAL_MAX_DELAY)) || (Timeout =
1051:Drivers/STM32F4xx_HAL_Driver/Src/stm32f4xx_hal_spi.c ****         {
1052:Drivers/STM32F4xx_HAL_Driver/Src/stm32f4xx_hal_spi.c ****           hspi->State = HAL_SPI_STATE_READY;
1053:Drivers/STM32F4xx_HAL_Driver/Src/stm32f4xx_hal_spi.c ****           __HAL_UNLOCK(hspi);
1054:Drivers/STM32F4xx_HAL_Driver/Src/stm32f4xx_hal_spi.c ****           return HAL_TIMEOUT;
1055:Drivers/STM32F4xx_HAL_Driver/Src/stm32f4xx_hal_spi.c ****         }
1056:Drivers/STM32F4xx_HAL_Driver/Src/stm32f4xx_hal_spi.c ****       }
ARM GAS  C:\Users\10369\AppData\Local\Temp\ccy9FUfH.s 			page 20


1057:Drivers/STM32F4xx_HAL_Driver/Src/stm32f4xx_hal_spi.c ****     }
1058:Drivers/STM32F4xx_HAL_Driver/Src/stm32f4xx_hal_spi.c ****   }
1059:Drivers/STM32F4xx_HAL_Driver/Src/stm32f4xx_hal_spi.c **** 
1060:Drivers/STM32F4xx_HAL_Driver/Src/stm32f4xx_hal_spi.c **** #if (USE_SPI_CRC != 0U)
1061:Drivers/STM32F4xx_HAL_Driver/Src/stm32f4xx_hal_spi.c ****   /* Handle the CRC Transmission */
1062:Drivers/STM32F4xx_HAL_Driver/Src/stm32f4xx_hal_spi.c ****   if (hspi->Init.CRCCalculation == SPI_CRCCALCULATION_ENABLE)
1063:Drivers/STM32F4xx_HAL_Driver/Src/stm32f4xx_hal_spi.c ****   {
1064:Drivers/STM32F4xx_HAL_Driver/Src/stm32f4xx_hal_spi.c ****     /* freeze the CRC before the latest data */
1065:Drivers/STM32F4xx_HAL_Driver/Src/stm32f4xx_hal_spi.c ****     SET_BIT(hspi->Instance->CR1, SPI_CR1_CRCNEXT);
1066:Drivers/STM32F4xx_HAL_Driver/Src/stm32f4xx_hal_spi.c **** 
1067:Drivers/STM32F4xx_HAL_Driver/Src/stm32f4xx_hal_spi.c ****     /* Read the latest data */
1068:Drivers/STM32F4xx_HAL_Driver/Src/stm32f4xx_hal_spi.c ****     if (SPI_WaitFlagStateUntilTimeout(hspi, SPI_FLAG_RXNE, SET, Timeout, tickstart) != HAL_OK)
1069:Drivers/STM32F4xx_HAL_Driver/Src/stm32f4xx_hal_spi.c ****     {
1070:Drivers/STM32F4xx_HAL_Driver/Src/stm32f4xx_hal_spi.c ****       /* the latest data has not been received */
1071:Drivers/STM32F4xx_HAL_Driver/Src/stm32f4xx_hal_spi.c ****       __HAL_UNLOCK(hspi);
1072:Drivers/STM32F4xx_HAL_Driver/Src/stm32f4xx_hal_spi.c ****       return HAL_TIMEOUT;
1073:Drivers/STM32F4xx_HAL_Driver/Src/stm32f4xx_hal_spi.c ****     }
1074:Drivers/STM32F4xx_HAL_Driver/Src/stm32f4xx_hal_spi.c **** 
1075:Drivers/STM32F4xx_HAL_Driver/Src/stm32f4xx_hal_spi.c ****     /* Receive last data in 16 Bit mode */
1076:Drivers/STM32F4xx_HAL_Driver/Src/stm32f4xx_hal_spi.c ****     if (hspi->Init.DataSize == SPI_DATASIZE_16BIT)
1077:Drivers/STM32F4xx_HAL_Driver/Src/stm32f4xx_hal_spi.c ****     {
1078:Drivers/STM32F4xx_HAL_Driver/Src/stm32f4xx_hal_spi.c ****       *((uint16_t *)hspi->pRxBuffPtr) = (uint16_t)hspi->Instance->DR;
1079:Drivers/STM32F4xx_HAL_Driver/Src/stm32f4xx_hal_spi.c ****     }
1080:Drivers/STM32F4xx_HAL_Driver/Src/stm32f4xx_hal_spi.c ****     /* Receive last data in 8 Bit mode */
1081:Drivers/STM32F4xx_HAL_Driver/Src/stm32f4xx_hal_spi.c ****     else
1082:Drivers/STM32F4xx_HAL_Driver/Src/stm32f4xx_hal_spi.c ****     {
1083:Drivers/STM32F4xx_HAL_Driver/Src/stm32f4xx_hal_spi.c ****       (*(uint8_t *)hspi->pRxBuffPtr) = *(__IO uint8_t *)&hspi->Instance->DR;
1084:Drivers/STM32F4xx_HAL_Driver/Src/stm32f4xx_hal_spi.c ****     }
1085:Drivers/STM32F4xx_HAL_Driver/Src/stm32f4xx_hal_spi.c **** 
1086:Drivers/STM32F4xx_HAL_Driver/Src/stm32f4xx_hal_spi.c ****     /* Wait the CRC data */
1087:Drivers/STM32F4xx_HAL_Driver/Src/stm32f4xx_hal_spi.c ****     if (SPI_WaitFlagStateUntilTimeout(hspi, SPI_FLAG_RXNE, SET, Timeout, tickstart) != HAL_OK)
1088:Drivers/STM32F4xx_HAL_Driver/Src/stm32f4xx_hal_spi.c ****     {
1089:Drivers/STM32F4xx_HAL_Driver/Src/stm32f4xx_hal_spi.c ****       SET_BIT(hspi->ErrorCode, HAL_SPI_ERROR_CRC);
1090:Drivers/STM32F4xx_HAL_Driver/Src/stm32f4xx_hal_spi.c ****       hspi->State = HAL_SPI_STATE_READY;
1091:Drivers/STM32F4xx_HAL_Driver/Src/stm32f4xx_hal_spi.c ****       __HAL_UNLOCK(hspi);
1092:Drivers/STM32F4xx_HAL_Driver/Src/stm32f4xx_hal_spi.c ****       return HAL_TIMEOUT;
1093:Drivers/STM32F4xx_HAL_Driver/Src/stm32f4xx_hal_spi.c ****     }
1094:Drivers/STM32F4xx_HAL_Driver/Src/stm32f4xx_hal_spi.c **** 
1095:Drivers/STM32F4xx_HAL_Driver/Src/stm32f4xx_hal_spi.c ****     /* Read CRC to Flush DR and RXNE flag */
1096:Drivers/STM32F4xx_HAL_Driver/Src/stm32f4xx_hal_spi.c ****     tmpreg = READ_REG(hspi->Instance->DR);
1097:Drivers/STM32F4xx_HAL_Driver/Src/stm32f4xx_hal_spi.c ****     /* To avoid GCC warning */
1098:Drivers/STM32F4xx_HAL_Driver/Src/stm32f4xx_hal_spi.c ****     UNUSED(tmpreg);
1099:Drivers/STM32F4xx_HAL_Driver/Src/stm32f4xx_hal_spi.c ****   }
1100:Drivers/STM32F4xx_HAL_Driver/Src/stm32f4xx_hal_spi.c **** #endif /* USE_SPI_CRC */
1101:Drivers/STM32F4xx_HAL_Driver/Src/stm32f4xx_hal_spi.c **** 
1102:Drivers/STM32F4xx_HAL_Driver/Src/stm32f4xx_hal_spi.c ****   /* Check the end of the transaction */
1103:Drivers/STM32F4xx_HAL_Driver/Src/stm32f4xx_hal_spi.c ****   if (SPI_EndRxTransaction(hspi, Timeout, tickstart) != HAL_OK)
1104:Drivers/STM32F4xx_HAL_Driver/Src/stm32f4xx_hal_spi.c ****   {
1105:Drivers/STM32F4xx_HAL_Driver/Src/stm32f4xx_hal_spi.c ****     hspi->ErrorCode = HAL_SPI_ERROR_FLAG;
1106:Drivers/STM32F4xx_HAL_Driver/Src/stm32f4xx_hal_spi.c ****   }
1107:Drivers/STM32F4xx_HAL_Driver/Src/stm32f4xx_hal_spi.c **** 
1108:Drivers/STM32F4xx_HAL_Driver/Src/stm32f4xx_hal_spi.c **** #if (USE_SPI_CRC != 0U)
1109:Drivers/STM32F4xx_HAL_Driver/Src/stm32f4xx_hal_spi.c ****   /* Check if CRC error occurred */
1110:Drivers/STM32F4xx_HAL_Driver/Src/stm32f4xx_hal_spi.c ****   if (__HAL_SPI_GET_FLAG(hspi, SPI_FLAG_CRCERR))
1111:Drivers/STM32F4xx_HAL_Driver/Src/stm32f4xx_hal_spi.c ****   {
1112:Drivers/STM32F4xx_HAL_Driver/Src/stm32f4xx_hal_spi.c ****     SET_BIT(hspi->ErrorCode, HAL_SPI_ERROR_CRC);
1113:Drivers/STM32F4xx_HAL_Driver/Src/stm32f4xx_hal_spi.c ****     __HAL_SPI_CLEAR_CRCERRFLAG(hspi);
ARM GAS  C:\Users\10369\AppData\Local\Temp\ccy9FUfH.s 			page 21


1114:Drivers/STM32F4xx_HAL_Driver/Src/stm32f4xx_hal_spi.c ****   }
1115:Drivers/STM32F4xx_HAL_Driver/Src/stm32f4xx_hal_spi.c **** #endif /* USE_SPI_CRC */
1116:Drivers/STM32F4xx_HAL_Driver/Src/stm32f4xx_hal_spi.c **** 
1117:Drivers/STM32F4xx_HAL_Driver/Src/stm32f4xx_hal_spi.c ****   hspi->State = HAL_SPI_STATE_READY;
1118:Drivers/STM32F4xx_HAL_Driver/Src/stm32f4xx_hal_spi.c ****   /* Unlock the process */
1119:Drivers/STM32F4xx_HAL_Driver/Src/stm32f4xx_hal_spi.c ****   __HAL_UNLOCK(hspi);
1120:Drivers/STM32F4xx_HAL_Driver/Src/stm32f4xx_hal_spi.c ****   if (hspi->ErrorCode != HAL_SPI_ERROR_NONE)
1121:Drivers/STM32F4xx_HAL_Driver/Src/stm32f4xx_hal_spi.c ****   {
1122:Drivers/STM32F4xx_HAL_Driver/Src/stm32f4xx_hal_spi.c ****     return HAL_ERROR;
1123:Drivers/STM32F4xx_HAL_Driver/Src/stm32f4xx_hal_spi.c ****   }
1124:Drivers/STM32F4xx_HAL_Driver/Src/stm32f4xx_hal_spi.c ****   else
1125:Drivers/STM32F4xx_HAL_Driver/Src/stm32f4xx_hal_spi.c ****   {
1126:Drivers/STM32F4xx_HAL_Driver/Src/stm32f4xx_hal_spi.c ****     return HAL_OK;
1127:Drivers/STM32F4xx_HAL_Driver/Src/stm32f4xx_hal_spi.c ****   }
1128:Drivers/STM32F4xx_HAL_Driver/Src/stm32f4xx_hal_spi.c **** }
1129:Drivers/STM32F4xx_HAL_Driver/Src/stm32f4xx_hal_spi.c **** 
1130:Drivers/STM32F4xx_HAL_Driver/Src/stm32f4xx_hal_spi.c **** /**
1131:Drivers/STM32F4xx_HAL_Driver/Src/stm32f4xx_hal_spi.c ****   * @brief  Transmit and Receive an amount of data in blocking mode.
1132:Drivers/STM32F4xx_HAL_Driver/Src/stm32f4xx_hal_spi.c ****   * @param  hspi pointer to a SPI_HandleTypeDef structure that contains
1133:Drivers/STM32F4xx_HAL_Driver/Src/stm32f4xx_hal_spi.c ****   *               the configuration information for SPI module.
1134:Drivers/STM32F4xx_HAL_Driver/Src/stm32f4xx_hal_spi.c ****   * @param  pTxData pointer to transmission data buffer (u8 or u16 data elements)
1135:Drivers/STM32F4xx_HAL_Driver/Src/stm32f4xx_hal_spi.c ****   * @param  pRxData pointer to reception data buffer (u8 or u16 data elements)
1136:Drivers/STM32F4xx_HAL_Driver/Src/stm32f4xx_hal_spi.c ****   * @param  Size amount of data elements (u8 or u16) to be sent and received
1137:Drivers/STM32F4xx_HAL_Driver/Src/stm32f4xx_hal_spi.c ****   * @param  Timeout Timeout duration in ms
1138:Drivers/STM32F4xx_HAL_Driver/Src/stm32f4xx_hal_spi.c ****   * @retval HAL status
1139:Drivers/STM32F4xx_HAL_Driver/Src/stm32f4xx_hal_spi.c ****   */
1140:Drivers/STM32F4xx_HAL_Driver/Src/stm32f4xx_hal_spi.c **** HAL_StatusTypeDef HAL_SPI_TransmitReceive(SPI_HandleTypeDef *hspi, const uint8_t *pTxData, uint8_t 
1141:Drivers/STM32F4xx_HAL_Driver/Src/stm32f4xx_hal_spi.c ****                                           uint16_t Size, uint32_t Timeout)
1142:Drivers/STM32F4xx_HAL_Driver/Src/stm32f4xx_hal_spi.c **** {
1143:Drivers/STM32F4xx_HAL_Driver/Src/stm32f4xx_hal_spi.c ****   uint16_t             initial_TxXferCount;
1144:Drivers/STM32F4xx_HAL_Driver/Src/stm32f4xx_hal_spi.c ****   uint32_t             tmp_mode;
1145:Drivers/STM32F4xx_HAL_Driver/Src/stm32f4xx_hal_spi.c ****   HAL_SPI_StateTypeDef tmp_state;
1146:Drivers/STM32F4xx_HAL_Driver/Src/stm32f4xx_hal_spi.c ****   uint32_t             tickstart;
1147:Drivers/STM32F4xx_HAL_Driver/Src/stm32f4xx_hal_spi.c **** #if (USE_SPI_CRC != 0U)
1148:Drivers/STM32F4xx_HAL_Driver/Src/stm32f4xx_hal_spi.c ****   __IO uint32_t tmpreg = 0U;
1149:Drivers/STM32F4xx_HAL_Driver/Src/stm32f4xx_hal_spi.c **** #endif /* USE_SPI_CRC */
1150:Drivers/STM32F4xx_HAL_Driver/Src/stm32f4xx_hal_spi.c **** 
1151:Drivers/STM32F4xx_HAL_Driver/Src/stm32f4xx_hal_spi.c ****   /* Variable used to alternate Rx and Tx during transfer */
1152:Drivers/STM32F4xx_HAL_Driver/Src/stm32f4xx_hal_spi.c ****   uint32_t             txallowed = 1U;
1153:Drivers/STM32F4xx_HAL_Driver/Src/stm32f4xx_hal_spi.c **** 
1154:Drivers/STM32F4xx_HAL_Driver/Src/stm32f4xx_hal_spi.c ****   /* Check Direction parameter */
1155:Drivers/STM32F4xx_HAL_Driver/Src/stm32f4xx_hal_spi.c ****   assert_param(IS_SPI_DIRECTION_2LINES(hspi->Init.Direction));
1156:Drivers/STM32F4xx_HAL_Driver/Src/stm32f4xx_hal_spi.c **** 
1157:Drivers/STM32F4xx_HAL_Driver/Src/stm32f4xx_hal_spi.c ****   /* Init tickstart for timeout management*/
1158:Drivers/STM32F4xx_HAL_Driver/Src/stm32f4xx_hal_spi.c ****   tickstart = HAL_GetTick();
1159:Drivers/STM32F4xx_HAL_Driver/Src/stm32f4xx_hal_spi.c **** 
1160:Drivers/STM32F4xx_HAL_Driver/Src/stm32f4xx_hal_spi.c ****   /* Init temporary variables */
1161:Drivers/STM32F4xx_HAL_Driver/Src/stm32f4xx_hal_spi.c ****   tmp_state           = hspi->State;
1162:Drivers/STM32F4xx_HAL_Driver/Src/stm32f4xx_hal_spi.c ****   tmp_mode            = hspi->Init.Mode;
1163:Drivers/STM32F4xx_HAL_Driver/Src/stm32f4xx_hal_spi.c ****   initial_TxXferCount = Size;
1164:Drivers/STM32F4xx_HAL_Driver/Src/stm32f4xx_hal_spi.c **** 
1165:Drivers/STM32F4xx_HAL_Driver/Src/stm32f4xx_hal_spi.c ****   if (!((tmp_state == HAL_SPI_STATE_READY) || \
1166:Drivers/STM32F4xx_HAL_Driver/Src/stm32f4xx_hal_spi.c ****         ((tmp_mode == SPI_MODE_MASTER) && (hspi->Init.Direction == SPI_DIRECTION_2LINES) &&
1167:Drivers/STM32F4xx_HAL_Driver/Src/stm32f4xx_hal_spi.c ****          (tmp_state == HAL_SPI_STATE_BUSY_RX))))
1168:Drivers/STM32F4xx_HAL_Driver/Src/stm32f4xx_hal_spi.c ****   {
1169:Drivers/STM32F4xx_HAL_Driver/Src/stm32f4xx_hal_spi.c ****     return HAL_BUSY;
1170:Drivers/STM32F4xx_HAL_Driver/Src/stm32f4xx_hal_spi.c ****   }
ARM GAS  C:\Users\10369\AppData\Local\Temp\ccy9FUfH.s 			page 22


1171:Drivers/STM32F4xx_HAL_Driver/Src/stm32f4xx_hal_spi.c **** 
1172:Drivers/STM32F4xx_HAL_Driver/Src/stm32f4xx_hal_spi.c ****   if ((pTxData == NULL) || (pRxData == NULL) || (Size == 0U))
1173:Drivers/STM32F4xx_HAL_Driver/Src/stm32f4xx_hal_spi.c ****   {
1174:Drivers/STM32F4xx_HAL_Driver/Src/stm32f4xx_hal_spi.c ****     return HAL_ERROR;
1175:Drivers/STM32F4xx_HAL_Driver/Src/stm32f4xx_hal_spi.c ****   }
1176:Drivers/STM32F4xx_HAL_Driver/Src/stm32f4xx_hal_spi.c **** 
1177:Drivers/STM32F4xx_HAL_Driver/Src/stm32f4xx_hal_spi.c ****   /* Process Locked */
1178:Drivers/STM32F4xx_HAL_Driver/Src/stm32f4xx_hal_spi.c ****   __HAL_LOCK(hspi);
1179:Drivers/STM32F4xx_HAL_Driver/Src/stm32f4xx_hal_spi.c **** 
1180:Drivers/STM32F4xx_HAL_Driver/Src/stm32f4xx_hal_spi.c ****   /* Don't overwrite in case of HAL_SPI_STATE_BUSY_RX */
1181:Drivers/STM32F4xx_HAL_Driver/Src/stm32f4xx_hal_spi.c ****   if (hspi->State != HAL_SPI_STATE_BUSY_RX)
1182:Drivers/STM32F4xx_HAL_Driver/Src/stm32f4xx_hal_spi.c ****   {
1183:Drivers/STM32F4xx_HAL_Driver/Src/stm32f4xx_hal_spi.c ****     hspi->State = HAL_SPI_STATE_BUSY_TX_RX;
1184:Drivers/STM32F4xx_HAL_Driver/Src/stm32f4xx_hal_spi.c ****   }
1185:Drivers/STM32F4xx_HAL_Driver/Src/stm32f4xx_hal_spi.c **** 
1186:Drivers/STM32F4xx_HAL_Driver/Src/stm32f4xx_hal_spi.c ****   /* Set the transaction information */
1187:Drivers/STM32F4xx_HAL_Driver/Src/stm32f4xx_hal_spi.c ****   hspi->ErrorCode   = HAL_SPI_ERROR_NONE;
1188:Drivers/STM32F4xx_HAL_Driver/Src/stm32f4xx_hal_spi.c ****   hspi->pRxBuffPtr  = (uint8_t *)pRxData;
1189:Drivers/STM32F4xx_HAL_Driver/Src/stm32f4xx_hal_spi.c ****   hspi->RxXferCount = Size;
1190:Drivers/STM32F4xx_HAL_Driver/Src/stm32f4xx_hal_spi.c ****   hspi->RxXferSize  = Size;
1191:Drivers/STM32F4xx_HAL_Driver/Src/stm32f4xx_hal_spi.c ****   hspi->pTxBuffPtr  = (const uint8_t *)pTxData;
1192:Drivers/STM32F4xx_HAL_Driver/Src/stm32f4xx_hal_spi.c ****   hspi->TxXferCount = Size;
1193:Drivers/STM32F4xx_HAL_Driver/Src/stm32f4xx_hal_spi.c ****   hspi->TxXferSize  = Size;
1194:Drivers/STM32F4xx_HAL_Driver/Src/stm32f4xx_hal_spi.c **** 
1195:Drivers/STM32F4xx_HAL_Driver/Src/stm32f4xx_hal_spi.c ****   /*Init field not used in handle to zero */
1196:Drivers/STM32F4xx_HAL_Driver/Src/stm32f4xx_hal_spi.c ****   hspi->RxISR       = NULL;
1197:Drivers/STM32F4xx_HAL_Driver/Src/stm32f4xx_hal_spi.c ****   hspi->TxISR       = NULL;
1198:Drivers/STM32F4xx_HAL_Driver/Src/stm32f4xx_hal_spi.c **** 
1199:Drivers/STM32F4xx_HAL_Driver/Src/stm32f4xx_hal_spi.c **** #if (USE_SPI_CRC != 0U)
1200:Drivers/STM32F4xx_HAL_Driver/Src/stm32f4xx_hal_spi.c ****   /* Reset CRC Calculation */
1201:Drivers/STM32F4xx_HAL_Driver/Src/stm32f4xx_hal_spi.c ****   if (hspi->Init.CRCCalculation == SPI_CRCCALCULATION_ENABLE)
1202:Drivers/STM32F4xx_HAL_Driver/Src/stm32f4xx_hal_spi.c ****   {
1203:Drivers/STM32F4xx_HAL_Driver/Src/stm32f4xx_hal_spi.c ****     SPI_RESET_CRC(hspi);
1204:Drivers/STM32F4xx_HAL_Driver/Src/stm32f4xx_hal_spi.c ****   }
1205:Drivers/STM32F4xx_HAL_Driver/Src/stm32f4xx_hal_spi.c **** #endif /* USE_SPI_CRC */
1206:Drivers/STM32F4xx_HAL_Driver/Src/stm32f4xx_hal_spi.c **** 
1207:Drivers/STM32F4xx_HAL_Driver/Src/stm32f4xx_hal_spi.c ****   /* Check if the SPI is already enabled */
1208:Drivers/STM32F4xx_HAL_Driver/Src/stm32f4xx_hal_spi.c ****   if ((hspi->Instance->CR1 & SPI_CR1_SPE) != SPI_CR1_SPE)
1209:Drivers/STM32F4xx_HAL_Driver/Src/stm32f4xx_hal_spi.c ****   {
1210:Drivers/STM32F4xx_HAL_Driver/Src/stm32f4xx_hal_spi.c ****     /* Enable SPI peripheral */
1211:Drivers/STM32F4xx_HAL_Driver/Src/stm32f4xx_hal_spi.c ****     __HAL_SPI_ENABLE(hspi);
1212:Drivers/STM32F4xx_HAL_Driver/Src/stm32f4xx_hal_spi.c ****   }
1213:Drivers/STM32F4xx_HAL_Driver/Src/stm32f4xx_hal_spi.c **** 
1214:Drivers/STM32F4xx_HAL_Driver/Src/stm32f4xx_hal_spi.c ****   /* Transmit and Receive data in 16 Bit mode */
1215:Drivers/STM32F4xx_HAL_Driver/Src/stm32f4xx_hal_spi.c ****   if (hspi->Init.DataSize == SPI_DATASIZE_16BIT)
1216:Drivers/STM32F4xx_HAL_Driver/Src/stm32f4xx_hal_spi.c ****   {
1217:Drivers/STM32F4xx_HAL_Driver/Src/stm32f4xx_hal_spi.c ****     if ((hspi->Init.Mode == SPI_MODE_SLAVE) || (initial_TxXferCount == 0x01U))
1218:Drivers/STM32F4xx_HAL_Driver/Src/stm32f4xx_hal_spi.c ****     {
1219:Drivers/STM32F4xx_HAL_Driver/Src/stm32f4xx_hal_spi.c ****       hspi->Instance->DR = *((const uint16_t *)hspi->pTxBuffPtr);
1220:Drivers/STM32F4xx_HAL_Driver/Src/stm32f4xx_hal_spi.c ****       hspi->pTxBuffPtr += sizeof(uint16_t);
1221:Drivers/STM32F4xx_HAL_Driver/Src/stm32f4xx_hal_spi.c ****       hspi->TxXferCount--;
1222:Drivers/STM32F4xx_HAL_Driver/Src/stm32f4xx_hal_spi.c **** 
1223:Drivers/STM32F4xx_HAL_Driver/Src/stm32f4xx_hal_spi.c **** #if (USE_SPI_CRC != 0U)
1224:Drivers/STM32F4xx_HAL_Driver/Src/stm32f4xx_hal_spi.c ****       /* Enable CRC Transmission */
1225:Drivers/STM32F4xx_HAL_Driver/Src/stm32f4xx_hal_spi.c ****       if ((hspi->TxXferCount == 0U) && (hspi->Init.CRCCalculation == SPI_CRCCALCULATION_ENABLE))
1226:Drivers/STM32F4xx_HAL_Driver/Src/stm32f4xx_hal_spi.c ****       {
1227:Drivers/STM32F4xx_HAL_Driver/Src/stm32f4xx_hal_spi.c ****         SET_BIT(hspi->Instance->CR1, SPI_CR1_CRCNEXT);
ARM GAS  C:\Users\10369\AppData\Local\Temp\ccy9FUfH.s 			page 23


1228:Drivers/STM32F4xx_HAL_Driver/Src/stm32f4xx_hal_spi.c ****       }
1229:Drivers/STM32F4xx_HAL_Driver/Src/stm32f4xx_hal_spi.c **** #endif /* USE_SPI_CRC */
1230:Drivers/STM32F4xx_HAL_Driver/Src/stm32f4xx_hal_spi.c **** 
1231:Drivers/STM32F4xx_HAL_Driver/Src/stm32f4xx_hal_spi.c ****     }
1232:Drivers/STM32F4xx_HAL_Driver/Src/stm32f4xx_hal_spi.c ****     while ((hspi->TxXferCount > 0U) || (hspi->RxXferCount > 0U))
1233:Drivers/STM32F4xx_HAL_Driver/Src/stm32f4xx_hal_spi.c ****     {
1234:Drivers/STM32F4xx_HAL_Driver/Src/stm32f4xx_hal_spi.c ****       /* Check TXE flag */
1235:Drivers/STM32F4xx_HAL_Driver/Src/stm32f4xx_hal_spi.c ****       if ((__HAL_SPI_GET_FLAG(hspi, SPI_FLAG_TXE)) && (hspi->TxXferCount > 0U) && (txallowed == 1U)
1236:Drivers/STM32F4xx_HAL_Driver/Src/stm32f4xx_hal_spi.c ****       {
1237:Drivers/STM32F4xx_HAL_Driver/Src/stm32f4xx_hal_spi.c ****         hspi->Instance->DR = *((const uint16_t *)hspi->pTxBuffPtr);
1238:Drivers/STM32F4xx_HAL_Driver/Src/stm32f4xx_hal_spi.c ****         hspi->pTxBuffPtr += sizeof(uint16_t);
1239:Drivers/STM32F4xx_HAL_Driver/Src/stm32f4xx_hal_spi.c ****         hspi->TxXferCount--;
1240:Drivers/STM32F4xx_HAL_Driver/Src/stm32f4xx_hal_spi.c ****         /* Next Data is a reception (Rx). Tx not allowed */
1241:Drivers/STM32F4xx_HAL_Driver/Src/stm32f4xx_hal_spi.c ****         txallowed = 0U;
1242:Drivers/STM32F4xx_HAL_Driver/Src/stm32f4xx_hal_spi.c **** 
1243:Drivers/STM32F4xx_HAL_Driver/Src/stm32f4xx_hal_spi.c **** #if (USE_SPI_CRC != 0U)
1244:Drivers/STM32F4xx_HAL_Driver/Src/stm32f4xx_hal_spi.c ****         /* Enable CRC Transmission */
1245:Drivers/STM32F4xx_HAL_Driver/Src/stm32f4xx_hal_spi.c ****         if ((hspi->TxXferCount == 0U) && (hspi->Init.CRCCalculation == SPI_CRCCALCULATION_ENABLE))
1246:Drivers/STM32F4xx_HAL_Driver/Src/stm32f4xx_hal_spi.c ****         {
1247:Drivers/STM32F4xx_HAL_Driver/Src/stm32f4xx_hal_spi.c ****           SET_BIT(hspi->Instance->CR1, SPI_CR1_CRCNEXT);
1248:Drivers/STM32F4xx_HAL_Driver/Src/stm32f4xx_hal_spi.c ****         }
1249:Drivers/STM32F4xx_HAL_Driver/Src/stm32f4xx_hal_spi.c **** #endif /* USE_SPI_CRC */
1250:Drivers/STM32F4xx_HAL_Driver/Src/stm32f4xx_hal_spi.c ****       }
1251:Drivers/STM32F4xx_HAL_Driver/Src/stm32f4xx_hal_spi.c **** 
1252:Drivers/STM32F4xx_HAL_Driver/Src/stm32f4xx_hal_spi.c ****       /* Check RXNE flag */
1253:Drivers/STM32F4xx_HAL_Driver/Src/stm32f4xx_hal_spi.c ****       if ((__HAL_SPI_GET_FLAG(hspi, SPI_FLAG_RXNE)) && (hspi->RxXferCount > 0U))
1254:Drivers/STM32F4xx_HAL_Driver/Src/stm32f4xx_hal_spi.c ****       {
1255:Drivers/STM32F4xx_HAL_Driver/Src/stm32f4xx_hal_spi.c ****         *((uint16_t *)hspi->pRxBuffPtr) = (uint16_t)hspi->Instance->DR;
1256:Drivers/STM32F4xx_HAL_Driver/Src/stm32f4xx_hal_spi.c ****         hspi->pRxBuffPtr += sizeof(uint16_t);
1257:Drivers/STM32F4xx_HAL_Driver/Src/stm32f4xx_hal_spi.c ****         hspi->RxXferCount--;
1258:Drivers/STM32F4xx_HAL_Driver/Src/stm32f4xx_hal_spi.c ****         /* Next Data is a Transmission (Tx). Tx is allowed */
1259:Drivers/STM32F4xx_HAL_Driver/Src/stm32f4xx_hal_spi.c ****         txallowed = 1U;
1260:Drivers/STM32F4xx_HAL_Driver/Src/stm32f4xx_hal_spi.c ****       }
1261:Drivers/STM32F4xx_HAL_Driver/Src/stm32f4xx_hal_spi.c ****       if (((HAL_GetTick() - tickstart) >=  Timeout) && (Timeout != HAL_MAX_DELAY))
1262:Drivers/STM32F4xx_HAL_Driver/Src/stm32f4xx_hal_spi.c ****       {
1263:Drivers/STM32F4xx_HAL_Driver/Src/stm32f4xx_hal_spi.c ****         hspi->State = HAL_SPI_STATE_READY;
1264:Drivers/STM32F4xx_HAL_Driver/Src/stm32f4xx_hal_spi.c ****         __HAL_UNLOCK(hspi);
1265:Drivers/STM32F4xx_HAL_Driver/Src/stm32f4xx_hal_spi.c ****         return HAL_TIMEOUT;
1266:Drivers/STM32F4xx_HAL_Driver/Src/stm32f4xx_hal_spi.c ****       }
1267:Drivers/STM32F4xx_HAL_Driver/Src/stm32f4xx_hal_spi.c ****     }
1268:Drivers/STM32F4xx_HAL_Driver/Src/stm32f4xx_hal_spi.c ****   }
1269:Drivers/STM32F4xx_HAL_Driver/Src/stm32f4xx_hal_spi.c ****   /* Transmit and Receive data in 8 Bit mode */
1270:Drivers/STM32F4xx_HAL_Driver/Src/stm32f4xx_hal_spi.c ****   else
1271:Drivers/STM32F4xx_HAL_Driver/Src/stm32f4xx_hal_spi.c ****   {
1272:Drivers/STM32F4xx_HAL_Driver/Src/stm32f4xx_hal_spi.c ****     if ((hspi->Init.Mode == SPI_MODE_SLAVE) || (initial_TxXferCount == 0x01U))
1273:Drivers/STM32F4xx_HAL_Driver/Src/stm32f4xx_hal_spi.c ****     {
1274:Drivers/STM32F4xx_HAL_Driver/Src/stm32f4xx_hal_spi.c ****       *((__IO uint8_t *)&hspi->Instance->DR) = *((const uint8_t *)hspi->pTxBuffPtr);
1275:Drivers/STM32F4xx_HAL_Driver/Src/stm32f4xx_hal_spi.c ****       hspi->pTxBuffPtr += sizeof(uint8_t);
1276:Drivers/STM32F4xx_HAL_Driver/Src/stm32f4xx_hal_spi.c ****       hspi->TxXferCount--;
1277:Drivers/STM32F4xx_HAL_Driver/Src/stm32f4xx_hal_spi.c **** 
1278:Drivers/STM32F4xx_HAL_Driver/Src/stm32f4xx_hal_spi.c **** #if (USE_SPI_CRC != 0U)
1279:Drivers/STM32F4xx_HAL_Driver/Src/stm32f4xx_hal_spi.c ****       /* Enable CRC Transmission */
1280:Drivers/STM32F4xx_HAL_Driver/Src/stm32f4xx_hal_spi.c ****       if ((hspi->TxXferCount == 0U) && (hspi->Init.CRCCalculation == SPI_CRCCALCULATION_ENABLE))
1281:Drivers/STM32F4xx_HAL_Driver/Src/stm32f4xx_hal_spi.c ****       {
1282:Drivers/STM32F4xx_HAL_Driver/Src/stm32f4xx_hal_spi.c ****         SET_BIT(hspi->Instance->CR1, SPI_CR1_CRCNEXT);
1283:Drivers/STM32F4xx_HAL_Driver/Src/stm32f4xx_hal_spi.c ****       }
1284:Drivers/STM32F4xx_HAL_Driver/Src/stm32f4xx_hal_spi.c **** #endif /* USE_SPI_CRC */
ARM GAS  C:\Users\10369\AppData\Local\Temp\ccy9FUfH.s 			page 24


1285:Drivers/STM32F4xx_HAL_Driver/Src/stm32f4xx_hal_spi.c ****     }
1286:Drivers/STM32F4xx_HAL_Driver/Src/stm32f4xx_hal_spi.c ****     while ((hspi->TxXferCount > 0U) || (hspi->RxXferCount > 0U))
1287:Drivers/STM32F4xx_HAL_Driver/Src/stm32f4xx_hal_spi.c ****     {
1288:Drivers/STM32F4xx_HAL_Driver/Src/stm32f4xx_hal_spi.c ****       /* Check TXE flag */
1289:Drivers/STM32F4xx_HAL_Driver/Src/stm32f4xx_hal_spi.c ****       if ((__HAL_SPI_GET_FLAG(hspi, SPI_FLAG_TXE)) && (hspi->TxXferCount > 0U) && (txallowed == 1U)
1290:Drivers/STM32F4xx_HAL_Driver/Src/stm32f4xx_hal_spi.c ****       {
1291:Drivers/STM32F4xx_HAL_Driver/Src/stm32f4xx_hal_spi.c ****         *(__IO uint8_t *)&hspi->Instance->DR = *((const uint8_t *)hspi->pTxBuffPtr);
1292:Drivers/STM32F4xx_HAL_Driver/Src/stm32f4xx_hal_spi.c ****         hspi->pTxBuffPtr++;
1293:Drivers/STM32F4xx_HAL_Driver/Src/stm32f4xx_hal_spi.c ****         hspi->TxXferCount--;
1294:Drivers/STM32F4xx_HAL_Driver/Src/stm32f4xx_hal_spi.c ****         /* Next Data is a reception (Rx). Tx not allowed */
1295:Drivers/STM32F4xx_HAL_Driver/Src/stm32f4xx_hal_spi.c ****         txallowed = 0U;
1296:Drivers/STM32F4xx_HAL_Driver/Src/stm32f4xx_hal_spi.c **** 
1297:Drivers/STM32F4xx_HAL_Driver/Src/stm32f4xx_hal_spi.c **** #if (USE_SPI_CRC != 0U)
1298:Drivers/STM32F4xx_HAL_Driver/Src/stm32f4xx_hal_spi.c ****         /* Enable CRC Transmission */
1299:Drivers/STM32F4xx_HAL_Driver/Src/stm32f4xx_hal_spi.c ****         if ((hspi->TxXferCount == 0U) && (hspi->Init.CRCCalculation == SPI_CRCCALCULATION_ENABLE))
1300:Drivers/STM32F4xx_HAL_Driver/Src/stm32f4xx_hal_spi.c ****         {
1301:Drivers/STM32F4xx_HAL_Driver/Src/stm32f4xx_hal_spi.c ****           SET_BIT(hspi->Instance->CR1, SPI_CR1_CRCNEXT);
1302:Drivers/STM32F4xx_HAL_Driver/Src/stm32f4xx_hal_spi.c ****         }
1303:Drivers/STM32F4xx_HAL_Driver/Src/stm32f4xx_hal_spi.c **** #endif /* USE_SPI_CRC */
1304:Drivers/STM32F4xx_HAL_Driver/Src/stm32f4xx_hal_spi.c ****       }
1305:Drivers/STM32F4xx_HAL_Driver/Src/stm32f4xx_hal_spi.c **** 
1306:Drivers/STM32F4xx_HAL_Driver/Src/stm32f4xx_hal_spi.c ****       /* Wait until RXNE flag is reset */
1307:Drivers/STM32F4xx_HAL_Driver/Src/stm32f4xx_hal_spi.c ****       if ((__HAL_SPI_GET_FLAG(hspi, SPI_FLAG_RXNE)) && (hspi->RxXferCount > 0U))
1308:Drivers/STM32F4xx_HAL_Driver/Src/stm32f4xx_hal_spi.c ****       {
1309:Drivers/STM32F4xx_HAL_Driver/Src/stm32f4xx_hal_spi.c ****         (*(uint8_t *)hspi->pRxBuffPtr) = hspi->Instance->DR;
1310:Drivers/STM32F4xx_HAL_Driver/Src/stm32f4xx_hal_spi.c ****         hspi->pRxBuffPtr++;
1311:Drivers/STM32F4xx_HAL_Driver/Src/stm32f4xx_hal_spi.c ****         hspi->RxXferCount--;
1312:Drivers/STM32F4xx_HAL_Driver/Src/stm32f4xx_hal_spi.c ****         /* Next Data is a Transmission (Tx). Tx is allowed */
1313:Drivers/STM32F4xx_HAL_Driver/Src/stm32f4xx_hal_spi.c ****         txallowed = 1U;
1314:Drivers/STM32F4xx_HAL_Driver/Src/stm32f4xx_hal_spi.c ****       }
1315:Drivers/STM32F4xx_HAL_Driver/Src/stm32f4xx_hal_spi.c ****       if ((((HAL_GetTick() - tickstart) >=  Timeout) && ((Timeout != HAL_MAX_DELAY))) || (Timeout =
1316:Drivers/STM32F4xx_HAL_Driver/Src/stm32f4xx_hal_spi.c ****       {
1317:Drivers/STM32F4xx_HAL_Driver/Src/stm32f4xx_hal_spi.c ****         hspi->State = HAL_SPI_STATE_READY;
1318:Drivers/STM32F4xx_HAL_Driver/Src/stm32f4xx_hal_spi.c ****         __HAL_UNLOCK(hspi);
1319:Drivers/STM32F4xx_HAL_Driver/Src/stm32f4xx_hal_spi.c ****         return HAL_TIMEOUT;
1320:Drivers/STM32F4xx_HAL_Driver/Src/stm32f4xx_hal_spi.c ****       }
1321:Drivers/STM32F4xx_HAL_Driver/Src/stm32f4xx_hal_spi.c ****     }
1322:Drivers/STM32F4xx_HAL_Driver/Src/stm32f4xx_hal_spi.c ****   }
1323:Drivers/STM32F4xx_HAL_Driver/Src/stm32f4xx_hal_spi.c **** 
1324:Drivers/STM32F4xx_HAL_Driver/Src/stm32f4xx_hal_spi.c **** #if (USE_SPI_CRC != 0U)
1325:Drivers/STM32F4xx_HAL_Driver/Src/stm32f4xx_hal_spi.c ****   /* Read CRC from DR to close CRC calculation process */
1326:Drivers/STM32F4xx_HAL_Driver/Src/stm32f4xx_hal_spi.c ****   if (hspi->Init.CRCCalculation == SPI_CRCCALCULATION_ENABLE)
1327:Drivers/STM32F4xx_HAL_Driver/Src/stm32f4xx_hal_spi.c ****   {
1328:Drivers/STM32F4xx_HAL_Driver/Src/stm32f4xx_hal_spi.c ****     /* Wait until TXE flag */
1329:Drivers/STM32F4xx_HAL_Driver/Src/stm32f4xx_hal_spi.c ****     if (SPI_WaitFlagStateUntilTimeout(hspi, SPI_FLAG_RXNE, SET, Timeout, tickstart) != HAL_OK)
1330:Drivers/STM32F4xx_HAL_Driver/Src/stm32f4xx_hal_spi.c ****     {
1331:Drivers/STM32F4xx_HAL_Driver/Src/stm32f4xx_hal_spi.c ****       /* Error on the CRC reception */
1332:Drivers/STM32F4xx_HAL_Driver/Src/stm32f4xx_hal_spi.c ****       SET_BIT(hspi->ErrorCode, HAL_SPI_ERROR_CRC);
1333:Drivers/STM32F4xx_HAL_Driver/Src/stm32f4xx_hal_spi.c ****       hspi->State = HAL_SPI_STATE_READY;
1334:Drivers/STM32F4xx_HAL_Driver/Src/stm32f4xx_hal_spi.c ****       __HAL_UNLOCK(hspi);
1335:Drivers/STM32F4xx_HAL_Driver/Src/stm32f4xx_hal_spi.c ****       return HAL_TIMEOUT;
1336:Drivers/STM32F4xx_HAL_Driver/Src/stm32f4xx_hal_spi.c ****     }
1337:Drivers/STM32F4xx_HAL_Driver/Src/stm32f4xx_hal_spi.c ****     /* Read CRC */
1338:Drivers/STM32F4xx_HAL_Driver/Src/stm32f4xx_hal_spi.c ****     tmpreg = READ_REG(hspi->Instance->DR);
1339:Drivers/STM32F4xx_HAL_Driver/Src/stm32f4xx_hal_spi.c ****     /* To avoid GCC warning */
1340:Drivers/STM32F4xx_HAL_Driver/Src/stm32f4xx_hal_spi.c ****     UNUSED(tmpreg);
1341:Drivers/STM32F4xx_HAL_Driver/Src/stm32f4xx_hal_spi.c ****   }
ARM GAS  C:\Users\10369\AppData\Local\Temp\ccy9FUfH.s 			page 25


1342:Drivers/STM32F4xx_HAL_Driver/Src/stm32f4xx_hal_spi.c **** 
1343:Drivers/STM32F4xx_HAL_Driver/Src/stm32f4xx_hal_spi.c ****   /* Check if CRC error occurred */
1344:Drivers/STM32F4xx_HAL_Driver/Src/stm32f4xx_hal_spi.c ****   if (__HAL_SPI_GET_FLAG(hspi, SPI_FLAG_CRCERR))
1345:Drivers/STM32F4xx_HAL_Driver/Src/stm32f4xx_hal_spi.c ****   {
1346:Drivers/STM32F4xx_HAL_Driver/Src/stm32f4xx_hal_spi.c ****     SET_BIT(hspi->ErrorCode, HAL_SPI_ERROR_CRC);
1347:Drivers/STM32F4xx_HAL_Driver/Src/stm32f4xx_hal_spi.c ****     /* Clear CRC Flag */
1348:Drivers/STM32F4xx_HAL_Driver/Src/stm32f4xx_hal_spi.c ****     __HAL_SPI_CLEAR_CRCERRFLAG(hspi);
1349:Drivers/STM32F4xx_HAL_Driver/Src/stm32f4xx_hal_spi.c ****     __HAL_UNLOCK(hspi);
1350:Drivers/STM32F4xx_HAL_Driver/Src/stm32f4xx_hal_spi.c ****     return HAL_ERROR;
1351:Drivers/STM32F4xx_HAL_Driver/Src/stm32f4xx_hal_spi.c ****   }
1352:Drivers/STM32F4xx_HAL_Driver/Src/stm32f4xx_hal_spi.c **** #endif /* USE_SPI_CRC */
1353:Drivers/STM32F4xx_HAL_Driver/Src/stm32f4xx_hal_spi.c **** 
1354:Drivers/STM32F4xx_HAL_Driver/Src/stm32f4xx_hal_spi.c ****   /* Check the end of the transaction */
1355:Drivers/STM32F4xx_HAL_Driver/Src/stm32f4xx_hal_spi.c ****   if (SPI_EndRxTxTransaction(hspi, Timeout, tickstart) != HAL_OK)
1356:Drivers/STM32F4xx_HAL_Driver/Src/stm32f4xx_hal_spi.c ****   {
1357:Drivers/STM32F4xx_HAL_Driver/Src/stm32f4xx_hal_spi.c ****     hspi->ErrorCode = HAL_SPI_ERROR_FLAG;
1358:Drivers/STM32F4xx_HAL_Driver/Src/stm32f4xx_hal_spi.c ****     __HAL_UNLOCK(hspi);
1359:Drivers/STM32F4xx_HAL_Driver/Src/stm32f4xx_hal_spi.c ****     return HAL_ERROR;
1360:Drivers/STM32F4xx_HAL_Driver/Src/stm32f4xx_hal_spi.c ****   }
1361:Drivers/STM32F4xx_HAL_Driver/Src/stm32f4xx_hal_spi.c **** 
1362:Drivers/STM32F4xx_HAL_Driver/Src/stm32f4xx_hal_spi.c ****   /* Clear overrun flag in 2 Lines communication mode because received is not read */
1363:Drivers/STM32F4xx_HAL_Driver/Src/stm32f4xx_hal_spi.c ****   if (hspi->Init.Direction == SPI_DIRECTION_2LINES)
1364:Drivers/STM32F4xx_HAL_Driver/Src/stm32f4xx_hal_spi.c ****   {
1365:Drivers/STM32F4xx_HAL_Driver/Src/stm32f4xx_hal_spi.c ****     __HAL_SPI_CLEAR_OVRFLAG(hspi);
1366:Drivers/STM32F4xx_HAL_Driver/Src/stm32f4xx_hal_spi.c ****   }
1367:Drivers/STM32F4xx_HAL_Driver/Src/stm32f4xx_hal_spi.c **** 
1368:Drivers/STM32F4xx_HAL_Driver/Src/stm32f4xx_hal_spi.c **** 
1369:Drivers/STM32F4xx_HAL_Driver/Src/stm32f4xx_hal_spi.c ****   hspi->State = HAL_SPI_STATE_READY;
1370:Drivers/STM32F4xx_HAL_Driver/Src/stm32f4xx_hal_spi.c ****   /* Unlock the process */
1371:Drivers/STM32F4xx_HAL_Driver/Src/stm32f4xx_hal_spi.c ****   __HAL_UNLOCK(hspi);
1372:Drivers/STM32F4xx_HAL_Driver/Src/stm32f4xx_hal_spi.c **** 
1373:Drivers/STM32F4xx_HAL_Driver/Src/stm32f4xx_hal_spi.c ****   if (hspi->ErrorCode != HAL_SPI_ERROR_NONE)
1374:Drivers/STM32F4xx_HAL_Driver/Src/stm32f4xx_hal_spi.c ****   {
1375:Drivers/STM32F4xx_HAL_Driver/Src/stm32f4xx_hal_spi.c ****     return HAL_ERROR;
1376:Drivers/STM32F4xx_HAL_Driver/Src/stm32f4xx_hal_spi.c ****   }
1377:Drivers/STM32F4xx_HAL_Driver/Src/stm32f4xx_hal_spi.c ****   else
1378:Drivers/STM32F4xx_HAL_Driver/Src/stm32f4xx_hal_spi.c ****   {
1379:Drivers/STM32F4xx_HAL_Driver/Src/stm32f4xx_hal_spi.c ****     return HAL_OK;
1380:Drivers/STM32F4xx_HAL_Driver/Src/stm32f4xx_hal_spi.c ****   }
1381:Drivers/STM32F4xx_HAL_Driver/Src/stm32f4xx_hal_spi.c **** }
1382:Drivers/STM32F4xx_HAL_Driver/Src/stm32f4xx_hal_spi.c **** 
1383:Drivers/STM32F4xx_HAL_Driver/Src/stm32f4xx_hal_spi.c **** /**
1384:Drivers/STM32F4xx_HAL_Driver/Src/stm32f4xx_hal_spi.c ****   * @brief  Transmit an amount of data in non-blocking mode with Interrupt.
1385:Drivers/STM32F4xx_HAL_Driver/Src/stm32f4xx_hal_spi.c ****   * @param  hspi pointer to a SPI_HandleTypeDef structure that contains
1386:Drivers/STM32F4xx_HAL_Driver/Src/stm32f4xx_hal_spi.c ****   *               the configuration information for SPI module.
1387:Drivers/STM32F4xx_HAL_Driver/Src/stm32f4xx_hal_spi.c ****   * @param  pData pointer to data buffer (u8 or u16 data elements)
1388:Drivers/STM32F4xx_HAL_Driver/Src/stm32f4xx_hal_spi.c ****   * @param  Size amount of data elements (u8 or u16) to be sent
1389:Drivers/STM32F4xx_HAL_Driver/Src/stm32f4xx_hal_spi.c ****   * @retval HAL status
1390:Drivers/STM32F4xx_HAL_Driver/Src/stm32f4xx_hal_spi.c ****   */
1391:Drivers/STM32F4xx_HAL_Driver/Src/stm32f4xx_hal_spi.c **** HAL_StatusTypeDef HAL_SPI_Transmit_IT(SPI_HandleTypeDef *hspi, const uint8_t *pData, uint16_t Size)
1392:Drivers/STM32F4xx_HAL_Driver/Src/stm32f4xx_hal_spi.c **** {
1393:Drivers/STM32F4xx_HAL_Driver/Src/stm32f4xx_hal_spi.c **** 
1394:Drivers/STM32F4xx_HAL_Driver/Src/stm32f4xx_hal_spi.c ****   /* Check Direction parameter */
1395:Drivers/STM32F4xx_HAL_Driver/Src/stm32f4xx_hal_spi.c ****   assert_param(IS_SPI_DIRECTION_2LINES_OR_1LINE(hspi->Init.Direction));
1396:Drivers/STM32F4xx_HAL_Driver/Src/stm32f4xx_hal_spi.c **** 
1397:Drivers/STM32F4xx_HAL_Driver/Src/stm32f4xx_hal_spi.c **** 
1398:Drivers/STM32F4xx_HAL_Driver/Src/stm32f4xx_hal_spi.c ****   if ((pData == NULL) || (Size == 0U))
ARM GAS  C:\Users\10369\AppData\Local\Temp\ccy9FUfH.s 			page 26


1399:Drivers/STM32F4xx_HAL_Driver/Src/stm32f4xx_hal_spi.c ****   {
1400:Drivers/STM32F4xx_HAL_Driver/Src/stm32f4xx_hal_spi.c ****     return HAL_ERROR;
1401:Drivers/STM32F4xx_HAL_Driver/Src/stm32f4xx_hal_spi.c ****   }
1402:Drivers/STM32F4xx_HAL_Driver/Src/stm32f4xx_hal_spi.c **** 
1403:Drivers/STM32F4xx_HAL_Driver/Src/stm32f4xx_hal_spi.c ****   if (hspi->State != HAL_SPI_STATE_READY)
1404:Drivers/STM32F4xx_HAL_Driver/Src/stm32f4xx_hal_spi.c ****   {
1405:Drivers/STM32F4xx_HAL_Driver/Src/stm32f4xx_hal_spi.c ****     return HAL_BUSY;
1406:Drivers/STM32F4xx_HAL_Driver/Src/stm32f4xx_hal_spi.c ****   }
1407:Drivers/STM32F4xx_HAL_Driver/Src/stm32f4xx_hal_spi.c **** 
1408:Drivers/STM32F4xx_HAL_Driver/Src/stm32f4xx_hal_spi.c ****   /* Process Locked */
1409:Drivers/STM32F4xx_HAL_Driver/Src/stm32f4xx_hal_spi.c ****   __HAL_LOCK(hspi);
1410:Drivers/STM32F4xx_HAL_Driver/Src/stm32f4xx_hal_spi.c **** 
1411:Drivers/STM32F4xx_HAL_Driver/Src/stm32f4xx_hal_spi.c ****   /* Set the transaction information */
1412:Drivers/STM32F4xx_HAL_Driver/Src/stm32f4xx_hal_spi.c ****   hspi->State       = HAL_SPI_STATE_BUSY_TX;
1413:Drivers/STM32F4xx_HAL_Driver/Src/stm32f4xx_hal_spi.c ****   hspi->ErrorCode   = HAL_SPI_ERROR_NONE;
1414:Drivers/STM32F4xx_HAL_Driver/Src/stm32f4xx_hal_spi.c ****   hspi->pTxBuffPtr  = (const uint8_t *)pData;
1415:Drivers/STM32F4xx_HAL_Driver/Src/stm32f4xx_hal_spi.c ****   hspi->TxXferSize  = Size;
1416:Drivers/STM32F4xx_HAL_Driver/Src/stm32f4xx_hal_spi.c ****   hspi->TxXferCount = Size;
1417:Drivers/STM32F4xx_HAL_Driver/Src/stm32f4xx_hal_spi.c **** 
1418:Drivers/STM32F4xx_HAL_Driver/Src/stm32f4xx_hal_spi.c ****   /* Init field not used in handle to zero */
1419:Drivers/STM32F4xx_HAL_Driver/Src/stm32f4xx_hal_spi.c ****   hspi->pRxBuffPtr  = (uint8_t *)NULL;
1420:Drivers/STM32F4xx_HAL_Driver/Src/stm32f4xx_hal_spi.c ****   hspi->RxXferSize  = 0U;
1421:Drivers/STM32F4xx_HAL_Driver/Src/stm32f4xx_hal_spi.c ****   hspi->RxXferCount = 0U;
1422:Drivers/STM32F4xx_HAL_Driver/Src/stm32f4xx_hal_spi.c ****   hspi->RxISR       = NULL;
1423:Drivers/STM32F4xx_HAL_Driver/Src/stm32f4xx_hal_spi.c **** 
1424:Drivers/STM32F4xx_HAL_Driver/Src/stm32f4xx_hal_spi.c ****   /* Set the function for IT treatment */
1425:Drivers/STM32F4xx_HAL_Driver/Src/stm32f4xx_hal_spi.c ****   if (hspi->Init.DataSize > SPI_DATASIZE_8BIT)
1426:Drivers/STM32F4xx_HAL_Driver/Src/stm32f4xx_hal_spi.c ****   {
1427:Drivers/STM32F4xx_HAL_Driver/Src/stm32f4xx_hal_spi.c ****     hspi->TxISR = SPI_TxISR_16BIT;
1428:Drivers/STM32F4xx_HAL_Driver/Src/stm32f4xx_hal_spi.c ****   }
1429:Drivers/STM32F4xx_HAL_Driver/Src/stm32f4xx_hal_spi.c ****   else
1430:Drivers/STM32F4xx_HAL_Driver/Src/stm32f4xx_hal_spi.c ****   {
1431:Drivers/STM32F4xx_HAL_Driver/Src/stm32f4xx_hal_spi.c ****     hspi->TxISR = SPI_TxISR_8BIT;
1432:Drivers/STM32F4xx_HAL_Driver/Src/stm32f4xx_hal_spi.c ****   }
1433:Drivers/STM32F4xx_HAL_Driver/Src/stm32f4xx_hal_spi.c **** 
1434:Drivers/STM32F4xx_HAL_Driver/Src/stm32f4xx_hal_spi.c ****   /* Configure communication direction : 1Line */
1435:Drivers/STM32F4xx_HAL_Driver/Src/stm32f4xx_hal_spi.c ****   if (hspi->Init.Direction == SPI_DIRECTION_1LINE)
1436:Drivers/STM32F4xx_HAL_Driver/Src/stm32f4xx_hal_spi.c ****   {
1437:Drivers/STM32F4xx_HAL_Driver/Src/stm32f4xx_hal_spi.c ****     /* Disable SPI Peripheral before set 1Line direction (BIDIOE bit) */
1438:Drivers/STM32F4xx_HAL_Driver/Src/stm32f4xx_hal_spi.c ****     __HAL_SPI_DISABLE(hspi);
1439:Drivers/STM32F4xx_HAL_Driver/Src/stm32f4xx_hal_spi.c ****     SPI_1LINE_TX(hspi);
1440:Drivers/STM32F4xx_HAL_Driver/Src/stm32f4xx_hal_spi.c ****   }
1441:Drivers/STM32F4xx_HAL_Driver/Src/stm32f4xx_hal_spi.c **** 
1442:Drivers/STM32F4xx_HAL_Driver/Src/stm32f4xx_hal_spi.c **** #if (USE_SPI_CRC != 0U)
1443:Drivers/STM32F4xx_HAL_Driver/Src/stm32f4xx_hal_spi.c ****   /* Reset CRC Calculation */
1444:Drivers/STM32F4xx_HAL_Driver/Src/stm32f4xx_hal_spi.c ****   if (hspi->Init.CRCCalculation == SPI_CRCCALCULATION_ENABLE)
1445:Drivers/STM32F4xx_HAL_Driver/Src/stm32f4xx_hal_spi.c ****   {
1446:Drivers/STM32F4xx_HAL_Driver/Src/stm32f4xx_hal_spi.c ****     SPI_RESET_CRC(hspi);
1447:Drivers/STM32F4xx_HAL_Driver/Src/stm32f4xx_hal_spi.c ****   }
1448:Drivers/STM32F4xx_HAL_Driver/Src/stm32f4xx_hal_spi.c **** #endif /* USE_SPI_CRC */
1449:Drivers/STM32F4xx_HAL_Driver/Src/stm32f4xx_hal_spi.c **** 
1450:Drivers/STM32F4xx_HAL_Driver/Src/stm32f4xx_hal_spi.c ****   /* Check if the SPI is already enabled */
1451:Drivers/STM32F4xx_HAL_Driver/Src/stm32f4xx_hal_spi.c ****   if ((hspi->Instance->CR1 & SPI_CR1_SPE) != SPI_CR1_SPE)
1452:Drivers/STM32F4xx_HAL_Driver/Src/stm32f4xx_hal_spi.c ****   {
1453:Drivers/STM32F4xx_HAL_Driver/Src/stm32f4xx_hal_spi.c ****     /* Enable SPI peripheral */
1454:Drivers/STM32F4xx_HAL_Driver/Src/stm32f4xx_hal_spi.c ****     __HAL_SPI_ENABLE(hspi);
1455:Drivers/STM32F4xx_HAL_Driver/Src/stm32f4xx_hal_spi.c ****   }
ARM GAS  C:\Users\10369\AppData\Local\Temp\ccy9FUfH.s 			page 27


1456:Drivers/STM32F4xx_HAL_Driver/Src/stm32f4xx_hal_spi.c **** 
1457:Drivers/STM32F4xx_HAL_Driver/Src/stm32f4xx_hal_spi.c ****   /* Process Unlocked */
1458:Drivers/STM32F4xx_HAL_Driver/Src/stm32f4xx_hal_spi.c ****   __HAL_UNLOCK(hspi);
1459:Drivers/STM32F4xx_HAL_Driver/Src/stm32f4xx_hal_spi.c ****   /* Enable TXE and ERR interrupt */
1460:Drivers/STM32F4xx_HAL_Driver/Src/stm32f4xx_hal_spi.c ****   __HAL_SPI_ENABLE_IT(hspi, (SPI_IT_TXE | SPI_IT_ERR));
1461:Drivers/STM32F4xx_HAL_Driver/Src/stm32f4xx_hal_spi.c **** 
1462:Drivers/STM32F4xx_HAL_Driver/Src/stm32f4xx_hal_spi.c ****   return HAL_OK;
1463:Drivers/STM32F4xx_HAL_Driver/Src/stm32f4xx_hal_spi.c **** }
1464:Drivers/STM32F4xx_HAL_Driver/Src/stm32f4xx_hal_spi.c **** 
1465:Drivers/STM32F4xx_HAL_Driver/Src/stm32f4xx_hal_spi.c **** /**
1466:Drivers/STM32F4xx_HAL_Driver/Src/stm32f4xx_hal_spi.c ****   * @brief  Receive an amount of data in non-blocking mode with Interrupt.
1467:Drivers/STM32F4xx_HAL_Driver/Src/stm32f4xx_hal_spi.c ****   * @param  hspi pointer to a SPI_HandleTypeDef structure that contains
1468:Drivers/STM32F4xx_HAL_Driver/Src/stm32f4xx_hal_spi.c ****   *               the configuration information for SPI module.
1469:Drivers/STM32F4xx_HAL_Driver/Src/stm32f4xx_hal_spi.c ****   * @param  pData pointer to data buffer (u8 or u16 data elements)
1470:Drivers/STM32F4xx_HAL_Driver/Src/stm32f4xx_hal_spi.c ****   * @param  Size amount of data elements (u8 or u16) to be received
1471:Drivers/STM32F4xx_HAL_Driver/Src/stm32f4xx_hal_spi.c ****   * @retval HAL status
1472:Drivers/STM32F4xx_HAL_Driver/Src/stm32f4xx_hal_spi.c ****   */
1473:Drivers/STM32F4xx_HAL_Driver/Src/stm32f4xx_hal_spi.c **** HAL_StatusTypeDef HAL_SPI_Receive_IT(SPI_HandleTypeDef *hspi, uint8_t *pData, uint16_t Size)
1474:Drivers/STM32F4xx_HAL_Driver/Src/stm32f4xx_hal_spi.c **** {
1475:Drivers/STM32F4xx_HAL_Driver/Src/stm32f4xx_hal_spi.c **** 
1476:Drivers/STM32F4xx_HAL_Driver/Src/stm32f4xx_hal_spi.c ****   if (hspi->State != HAL_SPI_STATE_READY)
1477:Drivers/STM32F4xx_HAL_Driver/Src/stm32f4xx_hal_spi.c ****   {
1478:Drivers/STM32F4xx_HAL_Driver/Src/stm32f4xx_hal_spi.c ****     return HAL_BUSY;
1479:Drivers/STM32F4xx_HAL_Driver/Src/stm32f4xx_hal_spi.c ****   }
1480:Drivers/STM32F4xx_HAL_Driver/Src/stm32f4xx_hal_spi.c **** 
1481:Drivers/STM32F4xx_HAL_Driver/Src/stm32f4xx_hal_spi.c ****   if ((pData == NULL) || (Size == 0U))
1482:Drivers/STM32F4xx_HAL_Driver/Src/stm32f4xx_hal_spi.c ****   {
1483:Drivers/STM32F4xx_HAL_Driver/Src/stm32f4xx_hal_spi.c ****     return HAL_ERROR;
1484:Drivers/STM32F4xx_HAL_Driver/Src/stm32f4xx_hal_spi.c ****   }
1485:Drivers/STM32F4xx_HAL_Driver/Src/stm32f4xx_hal_spi.c **** 
1486:Drivers/STM32F4xx_HAL_Driver/Src/stm32f4xx_hal_spi.c ****   if ((hspi->Init.Direction == SPI_DIRECTION_2LINES) && (hspi->Init.Mode == SPI_MODE_MASTER))
1487:Drivers/STM32F4xx_HAL_Driver/Src/stm32f4xx_hal_spi.c ****   {
1488:Drivers/STM32F4xx_HAL_Driver/Src/stm32f4xx_hal_spi.c ****     hspi->State = HAL_SPI_STATE_BUSY_RX;
1489:Drivers/STM32F4xx_HAL_Driver/Src/stm32f4xx_hal_spi.c ****     /* Call transmit-receive function to send Dummy data on Tx line and generate clock on CLK line 
1490:Drivers/STM32F4xx_HAL_Driver/Src/stm32f4xx_hal_spi.c ****     return HAL_SPI_TransmitReceive_IT(hspi, pData, pData, Size);
1491:Drivers/STM32F4xx_HAL_Driver/Src/stm32f4xx_hal_spi.c ****   }
1492:Drivers/STM32F4xx_HAL_Driver/Src/stm32f4xx_hal_spi.c **** 
1493:Drivers/STM32F4xx_HAL_Driver/Src/stm32f4xx_hal_spi.c **** 
1494:Drivers/STM32F4xx_HAL_Driver/Src/stm32f4xx_hal_spi.c ****   /* Process Locked */
1495:Drivers/STM32F4xx_HAL_Driver/Src/stm32f4xx_hal_spi.c ****   __HAL_LOCK(hspi);
1496:Drivers/STM32F4xx_HAL_Driver/Src/stm32f4xx_hal_spi.c **** 
1497:Drivers/STM32F4xx_HAL_Driver/Src/stm32f4xx_hal_spi.c ****   /* Set the transaction information */
1498:Drivers/STM32F4xx_HAL_Driver/Src/stm32f4xx_hal_spi.c ****   hspi->State       = HAL_SPI_STATE_BUSY_RX;
1499:Drivers/STM32F4xx_HAL_Driver/Src/stm32f4xx_hal_spi.c ****   hspi->ErrorCode   = HAL_SPI_ERROR_NONE;
1500:Drivers/STM32F4xx_HAL_Driver/Src/stm32f4xx_hal_spi.c ****   hspi->pRxBuffPtr  = (uint8_t *)pData;
1501:Drivers/STM32F4xx_HAL_Driver/Src/stm32f4xx_hal_spi.c ****   hspi->RxXferSize  = Size;
1502:Drivers/STM32F4xx_HAL_Driver/Src/stm32f4xx_hal_spi.c ****   hspi->RxXferCount = Size;
1503:Drivers/STM32F4xx_HAL_Driver/Src/stm32f4xx_hal_spi.c **** 
1504:Drivers/STM32F4xx_HAL_Driver/Src/stm32f4xx_hal_spi.c ****   /* Init field not used in handle to zero */
1505:Drivers/STM32F4xx_HAL_Driver/Src/stm32f4xx_hal_spi.c ****   hspi->pTxBuffPtr  = (uint8_t *)NULL;
1506:Drivers/STM32F4xx_HAL_Driver/Src/stm32f4xx_hal_spi.c ****   hspi->TxXferSize  = 0U;
1507:Drivers/STM32F4xx_HAL_Driver/Src/stm32f4xx_hal_spi.c ****   hspi->TxXferCount = 0U;
1508:Drivers/STM32F4xx_HAL_Driver/Src/stm32f4xx_hal_spi.c ****   hspi->TxISR       = NULL;
1509:Drivers/STM32F4xx_HAL_Driver/Src/stm32f4xx_hal_spi.c **** 
1510:Drivers/STM32F4xx_HAL_Driver/Src/stm32f4xx_hal_spi.c ****   /* Set the function for IT treatment */
1511:Drivers/STM32F4xx_HAL_Driver/Src/stm32f4xx_hal_spi.c ****   if (hspi->Init.DataSize > SPI_DATASIZE_8BIT)
1512:Drivers/STM32F4xx_HAL_Driver/Src/stm32f4xx_hal_spi.c ****   {
ARM GAS  C:\Users\10369\AppData\Local\Temp\ccy9FUfH.s 			page 28


1513:Drivers/STM32F4xx_HAL_Driver/Src/stm32f4xx_hal_spi.c ****     hspi->RxISR = SPI_RxISR_16BIT;
1514:Drivers/STM32F4xx_HAL_Driver/Src/stm32f4xx_hal_spi.c ****   }
1515:Drivers/STM32F4xx_HAL_Driver/Src/stm32f4xx_hal_spi.c ****   else
1516:Drivers/STM32F4xx_HAL_Driver/Src/stm32f4xx_hal_spi.c ****   {
1517:Drivers/STM32F4xx_HAL_Driver/Src/stm32f4xx_hal_spi.c ****     hspi->RxISR = SPI_RxISR_8BIT;
1518:Drivers/STM32F4xx_HAL_Driver/Src/stm32f4xx_hal_spi.c ****   }
1519:Drivers/STM32F4xx_HAL_Driver/Src/stm32f4xx_hal_spi.c **** 
1520:Drivers/STM32F4xx_HAL_Driver/Src/stm32f4xx_hal_spi.c ****   /* Configure communication direction : 1Line */
1521:Drivers/STM32F4xx_HAL_Driver/Src/stm32f4xx_hal_spi.c ****   if (hspi->Init.Direction == SPI_DIRECTION_1LINE)
1522:Drivers/STM32F4xx_HAL_Driver/Src/stm32f4xx_hal_spi.c ****   {
1523:Drivers/STM32F4xx_HAL_Driver/Src/stm32f4xx_hal_spi.c ****     /* Disable SPI Peripheral before set 1Line direction (BIDIOE bit) */
1524:Drivers/STM32F4xx_HAL_Driver/Src/stm32f4xx_hal_spi.c ****     __HAL_SPI_DISABLE(hspi);
1525:Drivers/STM32F4xx_HAL_Driver/Src/stm32f4xx_hal_spi.c ****     SPI_1LINE_RX(hspi);
1526:Drivers/STM32F4xx_HAL_Driver/Src/stm32f4xx_hal_spi.c ****   }
1527:Drivers/STM32F4xx_HAL_Driver/Src/stm32f4xx_hal_spi.c **** 
1528:Drivers/STM32F4xx_HAL_Driver/Src/stm32f4xx_hal_spi.c **** #if (USE_SPI_CRC != 0U)
1529:Drivers/STM32F4xx_HAL_Driver/Src/stm32f4xx_hal_spi.c ****   /* Reset CRC Calculation */
1530:Drivers/STM32F4xx_HAL_Driver/Src/stm32f4xx_hal_spi.c ****   if (hspi->Init.CRCCalculation == SPI_CRCCALCULATION_ENABLE)
1531:Drivers/STM32F4xx_HAL_Driver/Src/stm32f4xx_hal_spi.c ****   {
1532:Drivers/STM32F4xx_HAL_Driver/Src/stm32f4xx_hal_spi.c ****     SPI_RESET_CRC(hspi);
1533:Drivers/STM32F4xx_HAL_Driver/Src/stm32f4xx_hal_spi.c ****   }
1534:Drivers/STM32F4xx_HAL_Driver/Src/stm32f4xx_hal_spi.c **** #endif /* USE_SPI_CRC */
1535:Drivers/STM32F4xx_HAL_Driver/Src/stm32f4xx_hal_spi.c **** 
1536:Drivers/STM32F4xx_HAL_Driver/Src/stm32f4xx_hal_spi.c ****   /* Note : The SPI must be enabled after unlocking current process
1537:Drivers/STM32F4xx_HAL_Driver/Src/stm32f4xx_hal_spi.c ****             to avoid the risk of SPI interrupt handle execution before current
1538:Drivers/STM32F4xx_HAL_Driver/Src/stm32f4xx_hal_spi.c ****             process unlock */
1539:Drivers/STM32F4xx_HAL_Driver/Src/stm32f4xx_hal_spi.c **** 
1540:Drivers/STM32F4xx_HAL_Driver/Src/stm32f4xx_hal_spi.c ****   /* Check if the SPI is already enabled */
1541:Drivers/STM32F4xx_HAL_Driver/Src/stm32f4xx_hal_spi.c ****   if ((hspi->Instance->CR1 & SPI_CR1_SPE) != SPI_CR1_SPE)
1542:Drivers/STM32F4xx_HAL_Driver/Src/stm32f4xx_hal_spi.c ****   {
1543:Drivers/STM32F4xx_HAL_Driver/Src/stm32f4xx_hal_spi.c ****     /* Enable SPI peripheral */
1544:Drivers/STM32F4xx_HAL_Driver/Src/stm32f4xx_hal_spi.c ****     __HAL_SPI_ENABLE(hspi);
1545:Drivers/STM32F4xx_HAL_Driver/Src/stm32f4xx_hal_spi.c ****   }
1546:Drivers/STM32F4xx_HAL_Driver/Src/stm32f4xx_hal_spi.c **** 
1547:Drivers/STM32F4xx_HAL_Driver/Src/stm32f4xx_hal_spi.c ****   /* Process Unlocked */
1548:Drivers/STM32F4xx_HAL_Driver/Src/stm32f4xx_hal_spi.c ****   __HAL_UNLOCK(hspi);
1549:Drivers/STM32F4xx_HAL_Driver/Src/stm32f4xx_hal_spi.c ****   /* Enable RXNE and ERR interrupt */
1550:Drivers/STM32F4xx_HAL_Driver/Src/stm32f4xx_hal_spi.c ****   __HAL_SPI_ENABLE_IT(hspi, (SPI_IT_RXNE | SPI_IT_ERR));
1551:Drivers/STM32F4xx_HAL_Driver/Src/stm32f4xx_hal_spi.c **** 
1552:Drivers/STM32F4xx_HAL_Driver/Src/stm32f4xx_hal_spi.c ****   return HAL_OK;
1553:Drivers/STM32F4xx_HAL_Driver/Src/stm32f4xx_hal_spi.c **** }
1554:Drivers/STM32F4xx_HAL_Driver/Src/stm32f4xx_hal_spi.c **** 
1555:Drivers/STM32F4xx_HAL_Driver/Src/stm32f4xx_hal_spi.c **** /**
1556:Drivers/STM32F4xx_HAL_Driver/Src/stm32f4xx_hal_spi.c ****   * @brief  Transmit and Receive an amount of data in non-blocking mode with Interrupt.
1557:Drivers/STM32F4xx_HAL_Driver/Src/stm32f4xx_hal_spi.c ****   * @param  hspi pointer to a SPI_HandleTypeDef structure that contains
1558:Drivers/STM32F4xx_HAL_Driver/Src/stm32f4xx_hal_spi.c ****   *               the configuration information for SPI module.
1559:Drivers/STM32F4xx_HAL_Driver/Src/stm32f4xx_hal_spi.c ****   * @param  pTxData pointer to transmission data buffer (u8 or u16 data elements)
1560:Drivers/STM32F4xx_HAL_Driver/Src/stm32f4xx_hal_spi.c ****   * @param  pRxData pointer to reception data buffer (u8 or u16 data elements)
1561:Drivers/STM32F4xx_HAL_Driver/Src/stm32f4xx_hal_spi.c ****   * @param  Size amount of data elements (u8 or u16) to be sent and received
1562:Drivers/STM32F4xx_HAL_Driver/Src/stm32f4xx_hal_spi.c ****   * @retval HAL status
1563:Drivers/STM32F4xx_HAL_Driver/Src/stm32f4xx_hal_spi.c ****   */
1564:Drivers/STM32F4xx_HAL_Driver/Src/stm32f4xx_hal_spi.c **** HAL_StatusTypeDef HAL_SPI_TransmitReceive_IT(SPI_HandleTypeDef *hspi, const uint8_t *pTxData, uint8
1565:Drivers/STM32F4xx_HAL_Driver/Src/stm32f4xx_hal_spi.c ****                                              uint16_t Size)
1566:Drivers/STM32F4xx_HAL_Driver/Src/stm32f4xx_hal_spi.c **** {
1567:Drivers/STM32F4xx_HAL_Driver/Src/stm32f4xx_hal_spi.c ****   uint32_t             tmp_mode;
1568:Drivers/STM32F4xx_HAL_Driver/Src/stm32f4xx_hal_spi.c ****   HAL_SPI_StateTypeDef tmp_state;
1569:Drivers/STM32F4xx_HAL_Driver/Src/stm32f4xx_hal_spi.c **** 
ARM GAS  C:\Users\10369\AppData\Local\Temp\ccy9FUfH.s 			page 29


1570:Drivers/STM32F4xx_HAL_Driver/Src/stm32f4xx_hal_spi.c ****   /* Check Direction parameter */
1571:Drivers/STM32F4xx_HAL_Driver/Src/stm32f4xx_hal_spi.c ****   assert_param(IS_SPI_DIRECTION_2LINES(hspi->Init.Direction));
1572:Drivers/STM32F4xx_HAL_Driver/Src/stm32f4xx_hal_spi.c **** 
1573:Drivers/STM32F4xx_HAL_Driver/Src/stm32f4xx_hal_spi.c ****   /* Init temporary variables */
1574:Drivers/STM32F4xx_HAL_Driver/Src/stm32f4xx_hal_spi.c ****   tmp_state           = hspi->State;
1575:Drivers/STM32F4xx_HAL_Driver/Src/stm32f4xx_hal_spi.c ****   tmp_mode            = hspi->Init.Mode;
1576:Drivers/STM32F4xx_HAL_Driver/Src/stm32f4xx_hal_spi.c **** 
1577:Drivers/STM32F4xx_HAL_Driver/Src/stm32f4xx_hal_spi.c ****   if (!((tmp_state == HAL_SPI_STATE_READY) || \
1578:Drivers/STM32F4xx_HAL_Driver/Src/stm32f4xx_hal_spi.c ****         ((tmp_mode == SPI_MODE_MASTER) && (hspi->Init.Direction == SPI_DIRECTION_2LINES) &&
1579:Drivers/STM32F4xx_HAL_Driver/Src/stm32f4xx_hal_spi.c ****          (tmp_state == HAL_SPI_STATE_BUSY_RX))))
1580:Drivers/STM32F4xx_HAL_Driver/Src/stm32f4xx_hal_spi.c ****   {
1581:Drivers/STM32F4xx_HAL_Driver/Src/stm32f4xx_hal_spi.c ****     return HAL_BUSY;
1582:Drivers/STM32F4xx_HAL_Driver/Src/stm32f4xx_hal_spi.c ****   }
1583:Drivers/STM32F4xx_HAL_Driver/Src/stm32f4xx_hal_spi.c **** 
1584:Drivers/STM32F4xx_HAL_Driver/Src/stm32f4xx_hal_spi.c ****   if ((pTxData == NULL) || (pRxData == NULL) || (Size == 0U))
1585:Drivers/STM32F4xx_HAL_Driver/Src/stm32f4xx_hal_spi.c ****   {
1586:Drivers/STM32F4xx_HAL_Driver/Src/stm32f4xx_hal_spi.c ****     return HAL_ERROR;
1587:Drivers/STM32F4xx_HAL_Driver/Src/stm32f4xx_hal_spi.c ****   }
1588:Drivers/STM32F4xx_HAL_Driver/Src/stm32f4xx_hal_spi.c **** 
1589:Drivers/STM32F4xx_HAL_Driver/Src/stm32f4xx_hal_spi.c ****   /* Process locked */
1590:Drivers/STM32F4xx_HAL_Driver/Src/stm32f4xx_hal_spi.c ****   __HAL_LOCK(hspi);
1591:Drivers/STM32F4xx_HAL_Driver/Src/stm32f4xx_hal_spi.c **** 
1592:Drivers/STM32F4xx_HAL_Driver/Src/stm32f4xx_hal_spi.c ****   /* Don't overwrite in case of HAL_SPI_STATE_BUSY_RX */
1593:Drivers/STM32F4xx_HAL_Driver/Src/stm32f4xx_hal_spi.c ****   if (hspi->State != HAL_SPI_STATE_BUSY_RX)
1594:Drivers/STM32F4xx_HAL_Driver/Src/stm32f4xx_hal_spi.c ****   {
1595:Drivers/STM32F4xx_HAL_Driver/Src/stm32f4xx_hal_spi.c ****     hspi->State = HAL_SPI_STATE_BUSY_TX_RX;
1596:Drivers/STM32F4xx_HAL_Driver/Src/stm32f4xx_hal_spi.c ****   }
1597:Drivers/STM32F4xx_HAL_Driver/Src/stm32f4xx_hal_spi.c **** 
1598:Drivers/STM32F4xx_HAL_Driver/Src/stm32f4xx_hal_spi.c ****   /* Set the transaction information */
1599:Drivers/STM32F4xx_HAL_Driver/Src/stm32f4xx_hal_spi.c ****   hspi->ErrorCode   = HAL_SPI_ERROR_NONE;
1600:Drivers/STM32F4xx_HAL_Driver/Src/stm32f4xx_hal_spi.c ****   hspi->pTxBuffPtr  = (const uint8_t *)pTxData;
1601:Drivers/STM32F4xx_HAL_Driver/Src/stm32f4xx_hal_spi.c ****   hspi->TxXferSize  = Size;
1602:Drivers/STM32F4xx_HAL_Driver/Src/stm32f4xx_hal_spi.c ****   hspi->TxXferCount = Size;
1603:Drivers/STM32F4xx_HAL_Driver/Src/stm32f4xx_hal_spi.c ****   hspi->pRxBuffPtr  = (uint8_t *)pRxData;
1604:Drivers/STM32F4xx_HAL_Driver/Src/stm32f4xx_hal_spi.c ****   hspi->RxXferSize  = Size;
1605:Drivers/STM32F4xx_HAL_Driver/Src/stm32f4xx_hal_spi.c ****   hspi->RxXferCount = Size;
1606:Drivers/STM32F4xx_HAL_Driver/Src/stm32f4xx_hal_spi.c **** 
1607:Drivers/STM32F4xx_HAL_Driver/Src/stm32f4xx_hal_spi.c ****   /* Set the function for IT treatment */
1608:Drivers/STM32F4xx_HAL_Driver/Src/stm32f4xx_hal_spi.c ****   if (hspi->Init.DataSize > SPI_DATASIZE_8BIT)
1609:Drivers/STM32F4xx_HAL_Driver/Src/stm32f4xx_hal_spi.c ****   {
1610:Drivers/STM32F4xx_HAL_Driver/Src/stm32f4xx_hal_spi.c ****     hspi->RxISR     = SPI_2linesRxISR_16BIT;
1611:Drivers/STM32F4xx_HAL_Driver/Src/stm32f4xx_hal_spi.c ****     hspi->TxISR     = SPI_2linesTxISR_16BIT;
1612:Drivers/STM32F4xx_HAL_Driver/Src/stm32f4xx_hal_spi.c ****   }
1613:Drivers/STM32F4xx_HAL_Driver/Src/stm32f4xx_hal_spi.c ****   else
1614:Drivers/STM32F4xx_HAL_Driver/Src/stm32f4xx_hal_spi.c ****   {
1615:Drivers/STM32F4xx_HAL_Driver/Src/stm32f4xx_hal_spi.c ****     hspi->RxISR     = SPI_2linesRxISR_8BIT;
1616:Drivers/STM32F4xx_HAL_Driver/Src/stm32f4xx_hal_spi.c ****     hspi->TxISR     = SPI_2linesTxISR_8BIT;
1617:Drivers/STM32F4xx_HAL_Driver/Src/stm32f4xx_hal_spi.c ****   }
1618:Drivers/STM32F4xx_HAL_Driver/Src/stm32f4xx_hal_spi.c **** 
1619:Drivers/STM32F4xx_HAL_Driver/Src/stm32f4xx_hal_spi.c **** #if (USE_SPI_CRC != 0U)
1620:Drivers/STM32F4xx_HAL_Driver/Src/stm32f4xx_hal_spi.c ****   /* Reset CRC Calculation */
1621:Drivers/STM32F4xx_HAL_Driver/Src/stm32f4xx_hal_spi.c ****   if (hspi->Init.CRCCalculation == SPI_CRCCALCULATION_ENABLE)
1622:Drivers/STM32F4xx_HAL_Driver/Src/stm32f4xx_hal_spi.c ****   {
1623:Drivers/STM32F4xx_HAL_Driver/Src/stm32f4xx_hal_spi.c ****     SPI_RESET_CRC(hspi);
1624:Drivers/STM32F4xx_HAL_Driver/Src/stm32f4xx_hal_spi.c ****   }
1625:Drivers/STM32F4xx_HAL_Driver/Src/stm32f4xx_hal_spi.c **** #endif /* USE_SPI_CRC */
1626:Drivers/STM32F4xx_HAL_Driver/Src/stm32f4xx_hal_spi.c **** 
ARM GAS  C:\Users\10369\AppData\Local\Temp\ccy9FUfH.s 			page 30


1627:Drivers/STM32F4xx_HAL_Driver/Src/stm32f4xx_hal_spi.c **** 
1628:Drivers/STM32F4xx_HAL_Driver/Src/stm32f4xx_hal_spi.c ****   /* Check if the SPI is already enabled */
1629:Drivers/STM32F4xx_HAL_Driver/Src/stm32f4xx_hal_spi.c ****   if ((hspi->Instance->CR1 & SPI_CR1_SPE) != SPI_CR1_SPE)
1630:Drivers/STM32F4xx_HAL_Driver/Src/stm32f4xx_hal_spi.c ****   {
1631:Drivers/STM32F4xx_HAL_Driver/Src/stm32f4xx_hal_spi.c ****     /* Enable SPI peripheral */
1632:Drivers/STM32F4xx_HAL_Driver/Src/stm32f4xx_hal_spi.c ****     __HAL_SPI_ENABLE(hspi);
1633:Drivers/STM32F4xx_HAL_Driver/Src/stm32f4xx_hal_spi.c ****   }
1634:Drivers/STM32F4xx_HAL_Driver/Src/stm32f4xx_hal_spi.c **** 
1635:Drivers/STM32F4xx_HAL_Driver/Src/stm32f4xx_hal_spi.c ****   /* Process Unlocked */
1636:Drivers/STM32F4xx_HAL_Driver/Src/stm32f4xx_hal_spi.c ****   __HAL_UNLOCK(hspi);
1637:Drivers/STM32F4xx_HAL_Driver/Src/stm32f4xx_hal_spi.c ****   /* Enable TXE, RXNE and ERR interrupt */
1638:Drivers/STM32F4xx_HAL_Driver/Src/stm32f4xx_hal_spi.c ****   __HAL_SPI_ENABLE_IT(hspi, (SPI_IT_TXE | SPI_IT_RXNE | SPI_IT_ERR));
1639:Drivers/STM32F4xx_HAL_Driver/Src/stm32f4xx_hal_spi.c **** 
1640:Drivers/STM32F4xx_HAL_Driver/Src/stm32f4xx_hal_spi.c ****   return HAL_OK;
1641:Drivers/STM32F4xx_HAL_Driver/Src/stm32f4xx_hal_spi.c **** }
1642:Drivers/STM32F4xx_HAL_Driver/Src/stm32f4xx_hal_spi.c **** 
1643:Drivers/STM32F4xx_HAL_Driver/Src/stm32f4xx_hal_spi.c **** /**
1644:Drivers/STM32F4xx_HAL_Driver/Src/stm32f4xx_hal_spi.c ****   * @brief  Transmit an amount of data in non-blocking mode with DMA.
1645:Drivers/STM32F4xx_HAL_Driver/Src/stm32f4xx_hal_spi.c ****   * @param  hspi pointer to a SPI_HandleTypeDef structure that contains
1646:Drivers/STM32F4xx_HAL_Driver/Src/stm32f4xx_hal_spi.c ****   *               the configuration information for SPI module.
1647:Drivers/STM32F4xx_HAL_Driver/Src/stm32f4xx_hal_spi.c ****   * @param  pData pointer to data buffer  (u8 or u16 data elements)
1648:Drivers/STM32F4xx_HAL_Driver/Src/stm32f4xx_hal_spi.c ****   * @param  Size amount of data elements (u8 or u16) to be sent
1649:Drivers/STM32F4xx_HAL_Driver/Src/stm32f4xx_hal_spi.c ****   * @retval HAL status
1650:Drivers/STM32F4xx_HAL_Driver/Src/stm32f4xx_hal_spi.c ****   */
1651:Drivers/STM32F4xx_HAL_Driver/Src/stm32f4xx_hal_spi.c **** HAL_StatusTypeDef HAL_SPI_Transmit_DMA(SPI_HandleTypeDef *hspi, const uint8_t *pData, uint16_t Size
1652:Drivers/STM32F4xx_HAL_Driver/Src/stm32f4xx_hal_spi.c **** {
1653:Drivers/STM32F4xx_HAL_Driver/Src/stm32f4xx_hal_spi.c **** 
1654:Drivers/STM32F4xx_HAL_Driver/Src/stm32f4xx_hal_spi.c ****   /* Check tx dma handle */
1655:Drivers/STM32F4xx_HAL_Driver/Src/stm32f4xx_hal_spi.c ****   assert_param(IS_SPI_DMA_HANDLE(hspi->hdmatx));
1656:Drivers/STM32F4xx_HAL_Driver/Src/stm32f4xx_hal_spi.c **** 
1657:Drivers/STM32F4xx_HAL_Driver/Src/stm32f4xx_hal_spi.c ****   /* Check Direction parameter */
1658:Drivers/STM32F4xx_HAL_Driver/Src/stm32f4xx_hal_spi.c ****   assert_param(IS_SPI_DIRECTION_2LINES_OR_1LINE(hspi->Init.Direction));
1659:Drivers/STM32F4xx_HAL_Driver/Src/stm32f4xx_hal_spi.c **** 
1660:Drivers/STM32F4xx_HAL_Driver/Src/stm32f4xx_hal_spi.c ****   if (hspi->State != HAL_SPI_STATE_READY)
1661:Drivers/STM32F4xx_HAL_Driver/Src/stm32f4xx_hal_spi.c ****   {
1662:Drivers/STM32F4xx_HAL_Driver/Src/stm32f4xx_hal_spi.c ****     return HAL_BUSY;
1663:Drivers/STM32F4xx_HAL_Driver/Src/stm32f4xx_hal_spi.c ****   }
1664:Drivers/STM32F4xx_HAL_Driver/Src/stm32f4xx_hal_spi.c **** 
1665:Drivers/STM32F4xx_HAL_Driver/Src/stm32f4xx_hal_spi.c ****   if ((pData == NULL) || (Size == 0U))
1666:Drivers/STM32F4xx_HAL_Driver/Src/stm32f4xx_hal_spi.c ****   {
1667:Drivers/STM32F4xx_HAL_Driver/Src/stm32f4xx_hal_spi.c ****     return HAL_ERROR;
1668:Drivers/STM32F4xx_HAL_Driver/Src/stm32f4xx_hal_spi.c ****   }
1669:Drivers/STM32F4xx_HAL_Driver/Src/stm32f4xx_hal_spi.c **** 
1670:Drivers/STM32F4xx_HAL_Driver/Src/stm32f4xx_hal_spi.c ****   /* Process Locked */
1671:Drivers/STM32F4xx_HAL_Driver/Src/stm32f4xx_hal_spi.c ****   __HAL_LOCK(hspi);
1672:Drivers/STM32F4xx_HAL_Driver/Src/stm32f4xx_hal_spi.c **** 
1673:Drivers/STM32F4xx_HAL_Driver/Src/stm32f4xx_hal_spi.c ****   /* Set the transaction information */
1674:Drivers/STM32F4xx_HAL_Driver/Src/stm32f4xx_hal_spi.c ****   hspi->State       = HAL_SPI_STATE_BUSY_TX;
1675:Drivers/STM32F4xx_HAL_Driver/Src/stm32f4xx_hal_spi.c ****   hspi->ErrorCode   = HAL_SPI_ERROR_NONE;
1676:Drivers/STM32F4xx_HAL_Driver/Src/stm32f4xx_hal_spi.c ****   hspi->pTxBuffPtr  = (const uint8_t *)pData;
1677:Drivers/STM32F4xx_HAL_Driver/Src/stm32f4xx_hal_spi.c ****   hspi->TxXferSize  = Size;
1678:Drivers/STM32F4xx_HAL_Driver/Src/stm32f4xx_hal_spi.c ****   hspi->TxXferCount = Size;
1679:Drivers/STM32F4xx_HAL_Driver/Src/stm32f4xx_hal_spi.c **** 
1680:Drivers/STM32F4xx_HAL_Driver/Src/stm32f4xx_hal_spi.c ****   /* Init field not used in handle to zero */
1681:Drivers/STM32F4xx_HAL_Driver/Src/stm32f4xx_hal_spi.c ****   hspi->pRxBuffPtr  = (uint8_t *)NULL;
1682:Drivers/STM32F4xx_HAL_Driver/Src/stm32f4xx_hal_spi.c ****   hspi->TxISR       = NULL;
1683:Drivers/STM32F4xx_HAL_Driver/Src/stm32f4xx_hal_spi.c ****   hspi->RxISR       = NULL;
ARM GAS  C:\Users\10369\AppData\Local\Temp\ccy9FUfH.s 			page 31


1684:Drivers/STM32F4xx_HAL_Driver/Src/stm32f4xx_hal_spi.c ****   hspi->RxXferSize  = 0U;
1685:Drivers/STM32F4xx_HAL_Driver/Src/stm32f4xx_hal_spi.c ****   hspi->RxXferCount = 0U;
1686:Drivers/STM32F4xx_HAL_Driver/Src/stm32f4xx_hal_spi.c **** 
1687:Drivers/STM32F4xx_HAL_Driver/Src/stm32f4xx_hal_spi.c ****   /* Configure communication direction : 1Line */
1688:Drivers/STM32F4xx_HAL_Driver/Src/stm32f4xx_hal_spi.c ****   if (hspi->Init.Direction == SPI_DIRECTION_1LINE)
1689:Drivers/STM32F4xx_HAL_Driver/Src/stm32f4xx_hal_spi.c ****   {
1690:Drivers/STM32F4xx_HAL_Driver/Src/stm32f4xx_hal_spi.c ****     /* Disable SPI Peripheral before set 1Line direction (BIDIOE bit) */
1691:Drivers/STM32F4xx_HAL_Driver/Src/stm32f4xx_hal_spi.c ****     __HAL_SPI_DISABLE(hspi);
1692:Drivers/STM32F4xx_HAL_Driver/Src/stm32f4xx_hal_spi.c ****     SPI_1LINE_TX(hspi);
1693:Drivers/STM32F4xx_HAL_Driver/Src/stm32f4xx_hal_spi.c ****   }
1694:Drivers/STM32F4xx_HAL_Driver/Src/stm32f4xx_hal_spi.c **** 
1695:Drivers/STM32F4xx_HAL_Driver/Src/stm32f4xx_hal_spi.c **** #if (USE_SPI_CRC != 0U)
1696:Drivers/STM32F4xx_HAL_Driver/Src/stm32f4xx_hal_spi.c ****   /* Reset CRC Calculation */
1697:Drivers/STM32F4xx_HAL_Driver/Src/stm32f4xx_hal_spi.c ****   if (hspi->Init.CRCCalculation == SPI_CRCCALCULATION_ENABLE)
1698:Drivers/STM32F4xx_HAL_Driver/Src/stm32f4xx_hal_spi.c ****   {
1699:Drivers/STM32F4xx_HAL_Driver/Src/stm32f4xx_hal_spi.c ****     SPI_RESET_CRC(hspi);
1700:Drivers/STM32F4xx_HAL_Driver/Src/stm32f4xx_hal_spi.c ****   }
1701:Drivers/STM32F4xx_HAL_Driver/Src/stm32f4xx_hal_spi.c **** #endif /* USE_SPI_CRC */
1702:Drivers/STM32F4xx_HAL_Driver/Src/stm32f4xx_hal_spi.c **** 
1703:Drivers/STM32F4xx_HAL_Driver/Src/stm32f4xx_hal_spi.c ****   /* Set the SPI TxDMA Half transfer complete callback */
1704:Drivers/STM32F4xx_HAL_Driver/Src/stm32f4xx_hal_spi.c ****   hspi->hdmatx->XferHalfCpltCallback = SPI_DMAHalfTransmitCplt;
1705:Drivers/STM32F4xx_HAL_Driver/Src/stm32f4xx_hal_spi.c **** 
1706:Drivers/STM32F4xx_HAL_Driver/Src/stm32f4xx_hal_spi.c ****   /* Set the SPI TxDMA transfer complete callback */
1707:Drivers/STM32F4xx_HAL_Driver/Src/stm32f4xx_hal_spi.c ****   hspi->hdmatx->XferCpltCallback = SPI_DMATransmitCplt;
1708:Drivers/STM32F4xx_HAL_Driver/Src/stm32f4xx_hal_spi.c **** 
1709:Drivers/STM32F4xx_HAL_Driver/Src/stm32f4xx_hal_spi.c ****   /* Set the DMA error callback */
1710:Drivers/STM32F4xx_HAL_Driver/Src/stm32f4xx_hal_spi.c ****   hspi->hdmatx->XferErrorCallback = SPI_DMAError;
1711:Drivers/STM32F4xx_HAL_Driver/Src/stm32f4xx_hal_spi.c **** 
1712:Drivers/STM32F4xx_HAL_Driver/Src/stm32f4xx_hal_spi.c ****   /* Set the DMA AbortCpltCallback */
1713:Drivers/STM32F4xx_HAL_Driver/Src/stm32f4xx_hal_spi.c ****   hspi->hdmatx->XferAbortCallback = NULL;
1714:Drivers/STM32F4xx_HAL_Driver/Src/stm32f4xx_hal_spi.c **** 
1715:Drivers/STM32F4xx_HAL_Driver/Src/stm32f4xx_hal_spi.c ****   /* Enable the Tx DMA Stream/Channel */
1716:Drivers/STM32F4xx_HAL_Driver/Src/stm32f4xx_hal_spi.c ****   if (HAL_OK != HAL_DMA_Start_IT(hspi->hdmatx, (uint32_t)hspi->pTxBuffPtr, (uint32_t)&hspi->Instanc
1717:Drivers/STM32F4xx_HAL_Driver/Src/stm32f4xx_hal_spi.c ****                                  hspi->TxXferCount))
1718:Drivers/STM32F4xx_HAL_Driver/Src/stm32f4xx_hal_spi.c ****   {
1719:Drivers/STM32F4xx_HAL_Driver/Src/stm32f4xx_hal_spi.c ****     /* Update SPI error code */
1720:Drivers/STM32F4xx_HAL_Driver/Src/stm32f4xx_hal_spi.c ****     SET_BIT(hspi->ErrorCode, HAL_SPI_ERROR_DMA);
1721:Drivers/STM32F4xx_HAL_Driver/Src/stm32f4xx_hal_spi.c ****     /* Process Unlocked */
1722:Drivers/STM32F4xx_HAL_Driver/Src/stm32f4xx_hal_spi.c ****     __HAL_UNLOCK(hspi);
1723:Drivers/STM32F4xx_HAL_Driver/Src/stm32f4xx_hal_spi.c ****     return HAL_ERROR;
1724:Drivers/STM32F4xx_HAL_Driver/Src/stm32f4xx_hal_spi.c ****   }
1725:Drivers/STM32F4xx_HAL_Driver/Src/stm32f4xx_hal_spi.c **** 
1726:Drivers/STM32F4xx_HAL_Driver/Src/stm32f4xx_hal_spi.c ****   /* Check if the SPI is already enabled */
1727:Drivers/STM32F4xx_HAL_Driver/Src/stm32f4xx_hal_spi.c ****   if ((hspi->Instance->CR1 & SPI_CR1_SPE) != SPI_CR1_SPE)
1728:Drivers/STM32F4xx_HAL_Driver/Src/stm32f4xx_hal_spi.c ****   {
1729:Drivers/STM32F4xx_HAL_Driver/Src/stm32f4xx_hal_spi.c ****     /* Enable SPI peripheral */
1730:Drivers/STM32F4xx_HAL_Driver/Src/stm32f4xx_hal_spi.c ****     __HAL_SPI_ENABLE(hspi);
1731:Drivers/STM32F4xx_HAL_Driver/Src/stm32f4xx_hal_spi.c ****   }
1732:Drivers/STM32F4xx_HAL_Driver/Src/stm32f4xx_hal_spi.c **** 
1733:Drivers/STM32F4xx_HAL_Driver/Src/stm32f4xx_hal_spi.c ****   /* Process Unlocked */
1734:Drivers/STM32F4xx_HAL_Driver/Src/stm32f4xx_hal_spi.c ****   __HAL_UNLOCK(hspi);
1735:Drivers/STM32F4xx_HAL_Driver/Src/stm32f4xx_hal_spi.c **** 
1736:Drivers/STM32F4xx_HAL_Driver/Src/stm32f4xx_hal_spi.c ****   /* Enable the SPI Error Interrupt Bit */
1737:Drivers/STM32F4xx_HAL_Driver/Src/stm32f4xx_hal_spi.c ****   __HAL_SPI_ENABLE_IT(hspi, (SPI_IT_ERR));
1738:Drivers/STM32F4xx_HAL_Driver/Src/stm32f4xx_hal_spi.c **** 
1739:Drivers/STM32F4xx_HAL_Driver/Src/stm32f4xx_hal_spi.c ****   /* Enable Tx DMA Request */
1740:Drivers/STM32F4xx_HAL_Driver/Src/stm32f4xx_hal_spi.c ****   SET_BIT(hspi->Instance->CR2, SPI_CR2_TXDMAEN);
ARM GAS  C:\Users\10369\AppData\Local\Temp\ccy9FUfH.s 			page 32


1741:Drivers/STM32F4xx_HAL_Driver/Src/stm32f4xx_hal_spi.c **** 
1742:Drivers/STM32F4xx_HAL_Driver/Src/stm32f4xx_hal_spi.c ****   return HAL_OK;
1743:Drivers/STM32F4xx_HAL_Driver/Src/stm32f4xx_hal_spi.c **** }
1744:Drivers/STM32F4xx_HAL_Driver/Src/stm32f4xx_hal_spi.c **** 
1745:Drivers/STM32F4xx_HAL_Driver/Src/stm32f4xx_hal_spi.c **** /**
1746:Drivers/STM32F4xx_HAL_Driver/Src/stm32f4xx_hal_spi.c ****   * @brief  Receive an amount of data in non-blocking mode with DMA.
1747:Drivers/STM32F4xx_HAL_Driver/Src/stm32f4xx_hal_spi.c ****   * @note   In case of MASTER mode and SPI_DIRECTION_2LINES direction, hdmatx shall be defined.
1748:Drivers/STM32F4xx_HAL_Driver/Src/stm32f4xx_hal_spi.c ****   * @param  hspi pointer to a SPI_HandleTypeDef structure that contains
1749:Drivers/STM32F4xx_HAL_Driver/Src/stm32f4xx_hal_spi.c ****   *               the configuration information for SPI module.
1750:Drivers/STM32F4xx_HAL_Driver/Src/stm32f4xx_hal_spi.c ****   * @param  pData pointer to data buffer (u8 or u16 data elements)
1751:Drivers/STM32F4xx_HAL_Driver/Src/stm32f4xx_hal_spi.c ****   * @note   When the CRC feature is enabled the pData Length must be Size + 1.
1752:Drivers/STM32F4xx_HAL_Driver/Src/stm32f4xx_hal_spi.c ****   * @param  Size amount of data elements (u8 or u16) to be received
1753:Drivers/STM32F4xx_HAL_Driver/Src/stm32f4xx_hal_spi.c ****   * @retval HAL status
1754:Drivers/STM32F4xx_HAL_Driver/Src/stm32f4xx_hal_spi.c ****   */
1755:Drivers/STM32F4xx_HAL_Driver/Src/stm32f4xx_hal_spi.c **** HAL_StatusTypeDef HAL_SPI_Receive_DMA(SPI_HandleTypeDef *hspi, uint8_t *pData, uint16_t Size)
1756:Drivers/STM32F4xx_HAL_Driver/Src/stm32f4xx_hal_spi.c **** {
1757:Drivers/STM32F4xx_HAL_Driver/Src/stm32f4xx_hal_spi.c ****   /* Check rx dma handle */
1758:Drivers/STM32F4xx_HAL_Driver/Src/stm32f4xx_hal_spi.c ****   assert_param(IS_SPI_DMA_HANDLE(hspi->hdmarx));
1759:Drivers/STM32F4xx_HAL_Driver/Src/stm32f4xx_hal_spi.c **** 
1760:Drivers/STM32F4xx_HAL_Driver/Src/stm32f4xx_hal_spi.c ****   if (hspi->State != HAL_SPI_STATE_READY)
1761:Drivers/STM32F4xx_HAL_Driver/Src/stm32f4xx_hal_spi.c ****   {
1762:Drivers/STM32F4xx_HAL_Driver/Src/stm32f4xx_hal_spi.c ****     return HAL_BUSY;
1763:Drivers/STM32F4xx_HAL_Driver/Src/stm32f4xx_hal_spi.c ****   }
1764:Drivers/STM32F4xx_HAL_Driver/Src/stm32f4xx_hal_spi.c **** 
1765:Drivers/STM32F4xx_HAL_Driver/Src/stm32f4xx_hal_spi.c ****   if ((pData == NULL) || (Size == 0U))
1766:Drivers/STM32F4xx_HAL_Driver/Src/stm32f4xx_hal_spi.c ****   {
1767:Drivers/STM32F4xx_HAL_Driver/Src/stm32f4xx_hal_spi.c ****     return HAL_ERROR;
1768:Drivers/STM32F4xx_HAL_Driver/Src/stm32f4xx_hal_spi.c ****   }
1769:Drivers/STM32F4xx_HAL_Driver/Src/stm32f4xx_hal_spi.c **** 
1770:Drivers/STM32F4xx_HAL_Driver/Src/stm32f4xx_hal_spi.c ****   if ((hspi->Init.Direction == SPI_DIRECTION_2LINES) && (hspi->Init.Mode == SPI_MODE_MASTER))
1771:Drivers/STM32F4xx_HAL_Driver/Src/stm32f4xx_hal_spi.c ****   {
1772:Drivers/STM32F4xx_HAL_Driver/Src/stm32f4xx_hal_spi.c ****     hspi->State = HAL_SPI_STATE_BUSY_RX;
1773:Drivers/STM32F4xx_HAL_Driver/Src/stm32f4xx_hal_spi.c **** 
1774:Drivers/STM32F4xx_HAL_Driver/Src/stm32f4xx_hal_spi.c ****     /* Check tx dma handle */
1775:Drivers/STM32F4xx_HAL_Driver/Src/stm32f4xx_hal_spi.c ****     assert_param(IS_SPI_DMA_HANDLE(hspi->hdmatx));
1776:Drivers/STM32F4xx_HAL_Driver/Src/stm32f4xx_hal_spi.c **** 
1777:Drivers/STM32F4xx_HAL_Driver/Src/stm32f4xx_hal_spi.c ****     /* Call transmit-receive function to send Dummy data on Tx line and generate clock on CLK line 
1778:Drivers/STM32F4xx_HAL_Driver/Src/stm32f4xx_hal_spi.c ****     return HAL_SPI_TransmitReceive_DMA(hspi, pData, pData, Size);
1779:Drivers/STM32F4xx_HAL_Driver/Src/stm32f4xx_hal_spi.c ****   }
1780:Drivers/STM32F4xx_HAL_Driver/Src/stm32f4xx_hal_spi.c **** 
1781:Drivers/STM32F4xx_HAL_Driver/Src/stm32f4xx_hal_spi.c ****   /* Process Locked */
1782:Drivers/STM32F4xx_HAL_Driver/Src/stm32f4xx_hal_spi.c ****   __HAL_LOCK(hspi);
1783:Drivers/STM32F4xx_HAL_Driver/Src/stm32f4xx_hal_spi.c **** 
1784:Drivers/STM32F4xx_HAL_Driver/Src/stm32f4xx_hal_spi.c ****   /* Set the transaction information */
1785:Drivers/STM32F4xx_HAL_Driver/Src/stm32f4xx_hal_spi.c ****   hspi->State       = HAL_SPI_STATE_BUSY_RX;
1786:Drivers/STM32F4xx_HAL_Driver/Src/stm32f4xx_hal_spi.c ****   hspi->ErrorCode   = HAL_SPI_ERROR_NONE;
1787:Drivers/STM32F4xx_HAL_Driver/Src/stm32f4xx_hal_spi.c ****   hspi->pRxBuffPtr  = (uint8_t *)pData;
1788:Drivers/STM32F4xx_HAL_Driver/Src/stm32f4xx_hal_spi.c ****   hspi->RxXferSize  = Size;
1789:Drivers/STM32F4xx_HAL_Driver/Src/stm32f4xx_hal_spi.c ****   hspi->RxXferCount = Size;
1790:Drivers/STM32F4xx_HAL_Driver/Src/stm32f4xx_hal_spi.c **** 
1791:Drivers/STM32F4xx_HAL_Driver/Src/stm32f4xx_hal_spi.c ****   /*Init field not used in handle to zero */
1792:Drivers/STM32F4xx_HAL_Driver/Src/stm32f4xx_hal_spi.c ****   hspi->RxISR       = NULL;
1793:Drivers/STM32F4xx_HAL_Driver/Src/stm32f4xx_hal_spi.c ****   hspi->TxISR       = NULL;
1794:Drivers/STM32F4xx_HAL_Driver/Src/stm32f4xx_hal_spi.c ****   hspi->TxXferSize  = 0U;
1795:Drivers/STM32F4xx_HAL_Driver/Src/stm32f4xx_hal_spi.c ****   hspi->TxXferCount = 0U;
1796:Drivers/STM32F4xx_HAL_Driver/Src/stm32f4xx_hal_spi.c **** 
1797:Drivers/STM32F4xx_HAL_Driver/Src/stm32f4xx_hal_spi.c ****   /* Configure communication direction : 1Line */
ARM GAS  C:\Users\10369\AppData\Local\Temp\ccy9FUfH.s 			page 33


1798:Drivers/STM32F4xx_HAL_Driver/Src/stm32f4xx_hal_spi.c ****   if (hspi->Init.Direction == SPI_DIRECTION_1LINE)
1799:Drivers/STM32F4xx_HAL_Driver/Src/stm32f4xx_hal_spi.c ****   {
1800:Drivers/STM32F4xx_HAL_Driver/Src/stm32f4xx_hal_spi.c ****     /* Disable SPI Peripheral before set 1Line direction (BIDIOE bit) */
1801:Drivers/STM32F4xx_HAL_Driver/Src/stm32f4xx_hal_spi.c ****     __HAL_SPI_DISABLE(hspi);
1802:Drivers/STM32F4xx_HAL_Driver/Src/stm32f4xx_hal_spi.c ****     SPI_1LINE_RX(hspi);
1803:Drivers/STM32F4xx_HAL_Driver/Src/stm32f4xx_hal_spi.c ****   }
1804:Drivers/STM32F4xx_HAL_Driver/Src/stm32f4xx_hal_spi.c **** 
1805:Drivers/STM32F4xx_HAL_Driver/Src/stm32f4xx_hal_spi.c **** #if (USE_SPI_CRC != 0U)
1806:Drivers/STM32F4xx_HAL_Driver/Src/stm32f4xx_hal_spi.c ****   /* Reset CRC Calculation */
1807:Drivers/STM32F4xx_HAL_Driver/Src/stm32f4xx_hal_spi.c ****   if (hspi->Init.CRCCalculation == SPI_CRCCALCULATION_ENABLE)
1808:Drivers/STM32F4xx_HAL_Driver/Src/stm32f4xx_hal_spi.c ****   {
1809:Drivers/STM32F4xx_HAL_Driver/Src/stm32f4xx_hal_spi.c ****     SPI_RESET_CRC(hspi);
1810:Drivers/STM32F4xx_HAL_Driver/Src/stm32f4xx_hal_spi.c ****   }
1811:Drivers/STM32F4xx_HAL_Driver/Src/stm32f4xx_hal_spi.c **** #endif /* USE_SPI_CRC */
1812:Drivers/STM32F4xx_HAL_Driver/Src/stm32f4xx_hal_spi.c **** 
1813:Drivers/STM32F4xx_HAL_Driver/Src/stm32f4xx_hal_spi.c ****   /* Set the SPI RxDMA Half transfer complete callback */
1814:Drivers/STM32F4xx_HAL_Driver/Src/stm32f4xx_hal_spi.c ****   hspi->hdmarx->XferHalfCpltCallback = SPI_DMAHalfReceiveCplt;
1815:Drivers/STM32F4xx_HAL_Driver/Src/stm32f4xx_hal_spi.c **** 
1816:Drivers/STM32F4xx_HAL_Driver/Src/stm32f4xx_hal_spi.c ****   /* Set the SPI Rx DMA transfer complete callback */
1817:Drivers/STM32F4xx_HAL_Driver/Src/stm32f4xx_hal_spi.c ****   hspi->hdmarx->XferCpltCallback = SPI_DMAReceiveCplt;
1818:Drivers/STM32F4xx_HAL_Driver/Src/stm32f4xx_hal_spi.c **** 
1819:Drivers/STM32F4xx_HAL_Driver/Src/stm32f4xx_hal_spi.c ****   /* Set the DMA error callback */
1820:Drivers/STM32F4xx_HAL_Driver/Src/stm32f4xx_hal_spi.c ****   hspi->hdmarx->XferErrorCallback = SPI_DMAError;
1821:Drivers/STM32F4xx_HAL_Driver/Src/stm32f4xx_hal_spi.c **** 
1822:Drivers/STM32F4xx_HAL_Driver/Src/stm32f4xx_hal_spi.c ****   /* Set the DMA AbortCpltCallback */
1823:Drivers/STM32F4xx_HAL_Driver/Src/stm32f4xx_hal_spi.c ****   hspi->hdmarx->XferAbortCallback = NULL;
1824:Drivers/STM32F4xx_HAL_Driver/Src/stm32f4xx_hal_spi.c **** 
1825:Drivers/STM32F4xx_HAL_Driver/Src/stm32f4xx_hal_spi.c ****   /* Enable the Rx DMA Stream/Channel  */
1826:Drivers/STM32F4xx_HAL_Driver/Src/stm32f4xx_hal_spi.c ****   if (HAL_OK != HAL_DMA_Start_IT(hspi->hdmarx, (uint32_t)&hspi->Instance->DR, (uint32_t)hspi->pRxBu
1827:Drivers/STM32F4xx_HAL_Driver/Src/stm32f4xx_hal_spi.c ****                                  hspi->RxXferCount))
1828:Drivers/STM32F4xx_HAL_Driver/Src/stm32f4xx_hal_spi.c ****   {
1829:Drivers/STM32F4xx_HAL_Driver/Src/stm32f4xx_hal_spi.c ****     /* Update SPI error code */
1830:Drivers/STM32F4xx_HAL_Driver/Src/stm32f4xx_hal_spi.c ****     SET_BIT(hspi->ErrorCode, HAL_SPI_ERROR_DMA);
1831:Drivers/STM32F4xx_HAL_Driver/Src/stm32f4xx_hal_spi.c ****     /* Process Unlocked */
1832:Drivers/STM32F4xx_HAL_Driver/Src/stm32f4xx_hal_spi.c ****     __HAL_UNLOCK(hspi);
1833:Drivers/STM32F4xx_HAL_Driver/Src/stm32f4xx_hal_spi.c ****     return HAL_ERROR;
1834:Drivers/STM32F4xx_HAL_Driver/Src/stm32f4xx_hal_spi.c ****   }
1835:Drivers/STM32F4xx_HAL_Driver/Src/stm32f4xx_hal_spi.c **** 
1836:Drivers/STM32F4xx_HAL_Driver/Src/stm32f4xx_hal_spi.c ****   /* Check if the SPI is already enabled */
1837:Drivers/STM32F4xx_HAL_Driver/Src/stm32f4xx_hal_spi.c ****   if ((hspi->Instance->CR1 & SPI_CR1_SPE) != SPI_CR1_SPE)
1838:Drivers/STM32F4xx_HAL_Driver/Src/stm32f4xx_hal_spi.c ****   {
1839:Drivers/STM32F4xx_HAL_Driver/Src/stm32f4xx_hal_spi.c ****     /* Enable SPI peripheral */
1840:Drivers/STM32F4xx_HAL_Driver/Src/stm32f4xx_hal_spi.c ****     __HAL_SPI_ENABLE(hspi);
1841:Drivers/STM32F4xx_HAL_Driver/Src/stm32f4xx_hal_spi.c ****   }
1842:Drivers/STM32F4xx_HAL_Driver/Src/stm32f4xx_hal_spi.c **** 
1843:Drivers/STM32F4xx_HAL_Driver/Src/stm32f4xx_hal_spi.c ****   /* Process Unlocked */
1844:Drivers/STM32F4xx_HAL_Driver/Src/stm32f4xx_hal_spi.c ****   __HAL_UNLOCK(hspi);
1845:Drivers/STM32F4xx_HAL_Driver/Src/stm32f4xx_hal_spi.c **** 
1846:Drivers/STM32F4xx_HAL_Driver/Src/stm32f4xx_hal_spi.c ****   /* Enable the SPI Error Interrupt Bit */
1847:Drivers/STM32F4xx_HAL_Driver/Src/stm32f4xx_hal_spi.c ****   __HAL_SPI_ENABLE_IT(hspi, (SPI_IT_ERR));
1848:Drivers/STM32F4xx_HAL_Driver/Src/stm32f4xx_hal_spi.c **** 
1849:Drivers/STM32F4xx_HAL_Driver/Src/stm32f4xx_hal_spi.c ****   /* Enable Rx DMA Request */
1850:Drivers/STM32F4xx_HAL_Driver/Src/stm32f4xx_hal_spi.c ****   SET_BIT(hspi->Instance->CR2, SPI_CR2_RXDMAEN);
1851:Drivers/STM32F4xx_HAL_Driver/Src/stm32f4xx_hal_spi.c **** 
1852:Drivers/STM32F4xx_HAL_Driver/Src/stm32f4xx_hal_spi.c ****   return HAL_OK;
1853:Drivers/STM32F4xx_HAL_Driver/Src/stm32f4xx_hal_spi.c **** }
1854:Drivers/STM32F4xx_HAL_Driver/Src/stm32f4xx_hal_spi.c **** 
ARM GAS  C:\Users\10369\AppData\Local\Temp\ccy9FUfH.s 			page 34


1855:Drivers/STM32F4xx_HAL_Driver/Src/stm32f4xx_hal_spi.c **** /**
1856:Drivers/STM32F4xx_HAL_Driver/Src/stm32f4xx_hal_spi.c ****   * @brief  Transmit and Receive an amount of data in non-blocking mode with DMA.
1857:Drivers/STM32F4xx_HAL_Driver/Src/stm32f4xx_hal_spi.c ****   * @param  hspi pointer to a SPI_HandleTypeDef structure that contains
1858:Drivers/STM32F4xx_HAL_Driver/Src/stm32f4xx_hal_spi.c ****   *               the configuration information for SPI module.
1859:Drivers/STM32F4xx_HAL_Driver/Src/stm32f4xx_hal_spi.c ****   * @param  pTxData pointer to transmission data buffer (u8 or u16 data elements)
1860:Drivers/STM32F4xx_HAL_Driver/Src/stm32f4xx_hal_spi.c ****   * @param  pRxData pointer to reception data buffer (u8 or u16 data elements)
1861:Drivers/STM32F4xx_HAL_Driver/Src/stm32f4xx_hal_spi.c ****   * @note   When the CRC feature is enabled the pRxData Length must be Size + 1
1862:Drivers/STM32F4xx_HAL_Driver/Src/stm32f4xx_hal_spi.c ****   * @param  Size amount of data elements (u8 or u16) to be sent and received
1863:Drivers/STM32F4xx_HAL_Driver/Src/stm32f4xx_hal_spi.c ****   * @retval HAL status
1864:Drivers/STM32F4xx_HAL_Driver/Src/stm32f4xx_hal_spi.c ****   */
1865:Drivers/STM32F4xx_HAL_Driver/Src/stm32f4xx_hal_spi.c **** HAL_StatusTypeDef HAL_SPI_TransmitReceive_DMA(SPI_HandleTypeDef *hspi, const uint8_t *pTxData, uint
1866:Drivers/STM32F4xx_HAL_Driver/Src/stm32f4xx_hal_spi.c ****                                               uint16_t Size)
1867:Drivers/STM32F4xx_HAL_Driver/Src/stm32f4xx_hal_spi.c **** {
1868:Drivers/STM32F4xx_HAL_Driver/Src/stm32f4xx_hal_spi.c ****   uint32_t             tmp_mode;
1869:Drivers/STM32F4xx_HAL_Driver/Src/stm32f4xx_hal_spi.c ****   HAL_SPI_StateTypeDef tmp_state;
1870:Drivers/STM32F4xx_HAL_Driver/Src/stm32f4xx_hal_spi.c **** 
1871:Drivers/STM32F4xx_HAL_Driver/Src/stm32f4xx_hal_spi.c ****   /* Check rx & tx dma handles */
1872:Drivers/STM32F4xx_HAL_Driver/Src/stm32f4xx_hal_spi.c ****   assert_param(IS_SPI_DMA_HANDLE(hspi->hdmarx));
1873:Drivers/STM32F4xx_HAL_Driver/Src/stm32f4xx_hal_spi.c ****   assert_param(IS_SPI_DMA_HANDLE(hspi->hdmatx));
1874:Drivers/STM32F4xx_HAL_Driver/Src/stm32f4xx_hal_spi.c **** 
1875:Drivers/STM32F4xx_HAL_Driver/Src/stm32f4xx_hal_spi.c ****   /* Check Direction parameter */
1876:Drivers/STM32F4xx_HAL_Driver/Src/stm32f4xx_hal_spi.c ****   assert_param(IS_SPI_DIRECTION_2LINES(hspi->Init.Direction));
1877:Drivers/STM32F4xx_HAL_Driver/Src/stm32f4xx_hal_spi.c **** 
1878:Drivers/STM32F4xx_HAL_Driver/Src/stm32f4xx_hal_spi.c ****   /* Init temporary variables */
1879:Drivers/STM32F4xx_HAL_Driver/Src/stm32f4xx_hal_spi.c ****   tmp_state           = hspi->State;
1880:Drivers/STM32F4xx_HAL_Driver/Src/stm32f4xx_hal_spi.c ****   tmp_mode            = hspi->Init.Mode;
1881:Drivers/STM32F4xx_HAL_Driver/Src/stm32f4xx_hal_spi.c **** 
1882:Drivers/STM32F4xx_HAL_Driver/Src/stm32f4xx_hal_spi.c ****   if (!((tmp_state == HAL_SPI_STATE_READY) ||
1883:Drivers/STM32F4xx_HAL_Driver/Src/stm32f4xx_hal_spi.c ****         ((tmp_mode == SPI_MODE_MASTER) && (hspi->Init.Direction == SPI_DIRECTION_2LINES) &&
1884:Drivers/STM32F4xx_HAL_Driver/Src/stm32f4xx_hal_spi.c ****          (tmp_state == HAL_SPI_STATE_BUSY_RX))))
1885:Drivers/STM32F4xx_HAL_Driver/Src/stm32f4xx_hal_spi.c ****   {
1886:Drivers/STM32F4xx_HAL_Driver/Src/stm32f4xx_hal_spi.c ****     return HAL_BUSY;
1887:Drivers/STM32F4xx_HAL_Driver/Src/stm32f4xx_hal_spi.c ****   }
1888:Drivers/STM32F4xx_HAL_Driver/Src/stm32f4xx_hal_spi.c **** 
1889:Drivers/STM32F4xx_HAL_Driver/Src/stm32f4xx_hal_spi.c ****   if ((pTxData == NULL) || (pRxData == NULL) || (Size == 0U))
1890:Drivers/STM32F4xx_HAL_Driver/Src/stm32f4xx_hal_spi.c ****   {
1891:Drivers/STM32F4xx_HAL_Driver/Src/stm32f4xx_hal_spi.c ****     return HAL_ERROR;
1892:Drivers/STM32F4xx_HAL_Driver/Src/stm32f4xx_hal_spi.c ****   }
1893:Drivers/STM32F4xx_HAL_Driver/Src/stm32f4xx_hal_spi.c **** 
1894:Drivers/STM32F4xx_HAL_Driver/Src/stm32f4xx_hal_spi.c ****   /* Process locked */
1895:Drivers/STM32F4xx_HAL_Driver/Src/stm32f4xx_hal_spi.c ****   __HAL_LOCK(hspi);
1896:Drivers/STM32F4xx_HAL_Driver/Src/stm32f4xx_hal_spi.c **** 
1897:Drivers/STM32F4xx_HAL_Driver/Src/stm32f4xx_hal_spi.c ****   /* Don't overwrite in case of HAL_SPI_STATE_BUSY_RX */
1898:Drivers/STM32F4xx_HAL_Driver/Src/stm32f4xx_hal_spi.c ****   if (hspi->State != HAL_SPI_STATE_BUSY_RX)
1899:Drivers/STM32F4xx_HAL_Driver/Src/stm32f4xx_hal_spi.c ****   {
1900:Drivers/STM32F4xx_HAL_Driver/Src/stm32f4xx_hal_spi.c ****     hspi->State = HAL_SPI_STATE_BUSY_TX_RX;
1901:Drivers/STM32F4xx_HAL_Driver/Src/stm32f4xx_hal_spi.c ****   }
1902:Drivers/STM32F4xx_HAL_Driver/Src/stm32f4xx_hal_spi.c **** 
1903:Drivers/STM32F4xx_HAL_Driver/Src/stm32f4xx_hal_spi.c ****   /* Set the transaction information */
1904:Drivers/STM32F4xx_HAL_Driver/Src/stm32f4xx_hal_spi.c ****   hspi->ErrorCode   = HAL_SPI_ERROR_NONE;
1905:Drivers/STM32F4xx_HAL_Driver/Src/stm32f4xx_hal_spi.c ****   hspi->pTxBuffPtr  = (const uint8_t *)pTxData;
1906:Drivers/STM32F4xx_HAL_Driver/Src/stm32f4xx_hal_spi.c ****   hspi->TxXferSize  = Size;
1907:Drivers/STM32F4xx_HAL_Driver/Src/stm32f4xx_hal_spi.c ****   hspi->TxXferCount = Size;
1908:Drivers/STM32F4xx_HAL_Driver/Src/stm32f4xx_hal_spi.c ****   hspi->pRxBuffPtr  = (uint8_t *)pRxData;
1909:Drivers/STM32F4xx_HAL_Driver/Src/stm32f4xx_hal_spi.c ****   hspi->RxXferSize  = Size;
1910:Drivers/STM32F4xx_HAL_Driver/Src/stm32f4xx_hal_spi.c ****   hspi->RxXferCount = Size;
1911:Drivers/STM32F4xx_HAL_Driver/Src/stm32f4xx_hal_spi.c **** 
ARM GAS  C:\Users\10369\AppData\Local\Temp\ccy9FUfH.s 			page 35


1912:Drivers/STM32F4xx_HAL_Driver/Src/stm32f4xx_hal_spi.c ****   /* Init field not used in handle to zero */
1913:Drivers/STM32F4xx_HAL_Driver/Src/stm32f4xx_hal_spi.c ****   hspi->RxISR       = NULL;
1914:Drivers/STM32F4xx_HAL_Driver/Src/stm32f4xx_hal_spi.c ****   hspi->TxISR       = NULL;
1915:Drivers/STM32F4xx_HAL_Driver/Src/stm32f4xx_hal_spi.c **** 
1916:Drivers/STM32F4xx_HAL_Driver/Src/stm32f4xx_hal_spi.c **** #if (USE_SPI_CRC != 0U)
1917:Drivers/STM32F4xx_HAL_Driver/Src/stm32f4xx_hal_spi.c ****   /* Reset CRC Calculation */
1918:Drivers/STM32F4xx_HAL_Driver/Src/stm32f4xx_hal_spi.c ****   if (hspi->Init.CRCCalculation == SPI_CRCCALCULATION_ENABLE)
1919:Drivers/STM32F4xx_HAL_Driver/Src/stm32f4xx_hal_spi.c ****   {
1920:Drivers/STM32F4xx_HAL_Driver/Src/stm32f4xx_hal_spi.c ****     SPI_RESET_CRC(hspi);
1921:Drivers/STM32F4xx_HAL_Driver/Src/stm32f4xx_hal_spi.c ****   }
1922:Drivers/STM32F4xx_HAL_Driver/Src/stm32f4xx_hal_spi.c **** #endif /* USE_SPI_CRC */
1923:Drivers/STM32F4xx_HAL_Driver/Src/stm32f4xx_hal_spi.c **** 
1924:Drivers/STM32F4xx_HAL_Driver/Src/stm32f4xx_hal_spi.c ****   /* Check if we are in Rx only or in Rx/Tx Mode and configure the DMA transfer complete callback *
1925:Drivers/STM32F4xx_HAL_Driver/Src/stm32f4xx_hal_spi.c ****   if (hspi->State == HAL_SPI_STATE_BUSY_RX)
1926:Drivers/STM32F4xx_HAL_Driver/Src/stm32f4xx_hal_spi.c ****   {
1927:Drivers/STM32F4xx_HAL_Driver/Src/stm32f4xx_hal_spi.c ****     /* Set the SPI Rx DMA Half transfer complete callback */
1928:Drivers/STM32F4xx_HAL_Driver/Src/stm32f4xx_hal_spi.c ****     hspi->hdmarx->XferHalfCpltCallback = SPI_DMAHalfReceiveCplt;
1929:Drivers/STM32F4xx_HAL_Driver/Src/stm32f4xx_hal_spi.c ****     hspi->hdmarx->XferCpltCallback     = SPI_DMAReceiveCplt;
1930:Drivers/STM32F4xx_HAL_Driver/Src/stm32f4xx_hal_spi.c ****   }
1931:Drivers/STM32F4xx_HAL_Driver/Src/stm32f4xx_hal_spi.c ****   else
1932:Drivers/STM32F4xx_HAL_Driver/Src/stm32f4xx_hal_spi.c ****   {
1933:Drivers/STM32F4xx_HAL_Driver/Src/stm32f4xx_hal_spi.c ****     /* Set the SPI Tx/Rx DMA Half transfer complete callback */
1934:Drivers/STM32F4xx_HAL_Driver/Src/stm32f4xx_hal_spi.c ****     hspi->hdmarx->XferHalfCpltCallback = SPI_DMAHalfTransmitReceiveCplt;
1935:Drivers/STM32F4xx_HAL_Driver/Src/stm32f4xx_hal_spi.c ****     hspi->hdmarx->XferCpltCallback     = SPI_DMATransmitReceiveCplt;
1936:Drivers/STM32F4xx_HAL_Driver/Src/stm32f4xx_hal_spi.c ****   }
1937:Drivers/STM32F4xx_HAL_Driver/Src/stm32f4xx_hal_spi.c **** 
1938:Drivers/STM32F4xx_HAL_Driver/Src/stm32f4xx_hal_spi.c ****   /* Set the DMA error callback */
1939:Drivers/STM32F4xx_HAL_Driver/Src/stm32f4xx_hal_spi.c ****   hspi->hdmarx->XferErrorCallback = SPI_DMAError;
1940:Drivers/STM32F4xx_HAL_Driver/Src/stm32f4xx_hal_spi.c **** 
1941:Drivers/STM32F4xx_HAL_Driver/Src/stm32f4xx_hal_spi.c ****   /* Set the DMA AbortCpltCallback */
1942:Drivers/STM32F4xx_HAL_Driver/Src/stm32f4xx_hal_spi.c ****   hspi->hdmarx->XferAbortCallback = NULL;
1943:Drivers/STM32F4xx_HAL_Driver/Src/stm32f4xx_hal_spi.c **** 
1944:Drivers/STM32F4xx_HAL_Driver/Src/stm32f4xx_hal_spi.c ****   /* Enable the Rx DMA Stream/Channel  */
1945:Drivers/STM32F4xx_HAL_Driver/Src/stm32f4xx_hal_spi.c ****   if (HAL_OK != HAL_DMA_Start_IT(hspi->hdmarx, (uint32_t)&hspi->Instance->DR, (uint32_t)hspi->pRxBu
1946:Drivers/STM32F4xx_HAL_Driver/Src/stm32f4xx_hal_spi.c ****                                  hspi->RxXferCount))
1947:Drivers/STM32F4xx_HAL_Driver/Src/stm32f4xx_hal_spi.c ****   {
1948:Drivers/STM32F4xx_HAL_Driver/Src/stm32f4xx_hal_spi.c ****     /* Update SPI error code */
1949:Drivers/STM32F4xx_HAL_Driver/Src/stm32f4xx_hal_spi.c ****     SET_BIT(hspi->ErrorCode, HAL_SPI_ERROR_DMA);
1950:Drivers/STM32F4xx_HAL_Driver/Src/stm32f4xx_hal_spi.c ****     /* Process Unlocked */
1951:Drivers/STM32F4xx_HAL_Driver/Src/stm32f4xx_hal_spi.c ****     __HAL_UNLOCK(hspi);
1952:Drivers/STM32F4xx_HAL_Driver/Src/stm32f4xx_hal_spi.c ****     return HAL_ERROR;
1953:Drivers/STM32F4xx_HAL_Driver/Src/stm32f4xx_hal_spi.c ****   }
1954:Drivers/STM32F4xx_HAL_Driver/Src/stm32f4xx_hal_spi.c **** 
1955:Drivers/STM32F4xx_HAL_Driver/Src/stm32f4xx_hal_spi.c ****   /* Enable Rx DMA Request */
1956:Drivers/STM32F4xx_HAL_Driver/Src/stm32f4xx_hal_spi.c ****   SET_BIT(hspi->Instance->CR2, SPI_CR2_RXDMAEN);
1957:Drivers/STM32F4xx_HAL_Driver/Src/stm32f4xx_hal_spi.c **** 
1958:Drivers/STM32F4xx_HAL_Driver/Src/stm32f4xx_hal_spi.c ****   /* Set the SPI Tx DMA transfer complete callback as NULL because the communication closing
1959:Drivers/STM32F4xx_HAL_Driver/Src/stm32f4xx_hal_spi.c ****   is performed in DMA reception complete callback  */
1960:Drivers/STM32F4xx_HAL_Driver/Src/stm32f4xx_hal_spi.c ****   hspi->hdmatx->XferHalfCpltCallback = NULL;
1961:Drivers/STM32F4xx_HAL_Driver/Src/stm32f4xx_hal_spi.c ****   hspi->hdmatx->XferCpltCallback     = NULL;
1962:Drivers/STM32F4xx_HAL_Driver/Src/stm32f4xx_hal_spi.c ****   hspi->hdmatx->XferErrorCallback    = NULL;
1963:Drivers/STM32F4xx_HAL_Driver/Src/stm32f4xx_hal_spi.c ****   hspi->hdmatx->XferAbortCallback    = NULL;
1964:Drivers/STM32F4xx_HAL_Driver/Src/stm32f4xx_hal_spi.c **** 
1965:Drivers/STM32F4xx_HAL_Driver/Src/stm32f4xx_hal_spi.c ****   /* Enable the Tx DMA Stream/Channel  */
1966:Drivers/STM32F4xx_HAL_Driver/Src/stm32f4xx_hal_spi.c ****   if (HAL_OK != HAL_DMA_Start_IT(hspi->hdmatx, (uint32_t)hspi->pTxBuffPtr, (uint32_t)&hspi->Instanc
1967:Drivers/STM32F4xx_HAL_Driver/Src/stm32f4xx_hal_spi.c ****                                  hspi->TxXferCount))
1968:Drivers/STM32F4xx_HAL_Driver/Src/stm32f4xx_hal_spi.c ****   {
ARM GAS  C:\Users\10369\AppData\Local\Temp\ccy9FUfH.s 			page 36


1969:Drivers/STM32F4xx_HAL_Driver/Src/stm32f4xx_hal_spi.c ****     /* Update SPI error code */
1970:Drivers/STM32F4xx_HAL_Driver/Src/stm32f4xx_hal_spi.c ****     SET_BIT(hspi->ErrorCode, HAL_SPI_ERROR_DMA);
1971:Drivers/STM32F4xx_HAL_Driver/Src/stm32f4xx_hal_spi.c ****     /* Process Unlocked */
1972:Drivers/STM32F4xx_HAL_Driver/Src/stm32f4xx_hal_spi.c ****     __HAL_UNLOCK(hspi);
1973:Drivers/STM32F4xx_HAL_Driver/Src/stm32f4xx_hal_spi.c ****     return HAL_ERROR;
1974:Drivers/STM32F4xx_HAL_Driver/Src/stm32f4xx_hal_spi.c ****   }
1975:Drivers/STM32F4xx_HAL_Driver/Src/stm32f4xx_hal_spi.c **** 
1976:Drivers/STM32F4xx_HAL_Driver/Src/stm32f4xx_hal_spi.c ****   /* Check if the SPI is already enabled */
1977:Drivers/STM32F4xx_HAL_Driver/Src/stm32f4xx_hal_spi.c ****   if ((hspi->Instance->CR1 & SPI_CR1_SPE) != SPI_CR1_SPE)
1978:Drivers/STM32F4xx_HAL_Driver/Src/stm32f4xx_hal_spi.c ****   {
1979:Drivers/STM32F4xx_HAL_Driver/Src/stm32f4xx_hal_spi.c ****     /* Enable SPI peripheral */
1980:Drivers/STM32F4xx_HAL_Driver/Src/stm32f4xx_hal_spi.c ****     __HAL_SPI_ENABLE(hspi);
1981:Drivers/STM32F4xx_HAL_Driver/Src/stm32f4xx_hal_spi.c ****   }
1982:Drivers/STM32F4xx_HAL_Driver/Src/stm32f4xx_hal_spi.c **** 
1983:Drivers/STM32F4xx_HAL_Driver/Src/stm32f4xx_hal_spi.c ****   /* Process Unlocked */
1984:Drivers/STM32F4xx_HAL_Driver/Src/stm32f4xx_hal_spi.c ****   __HAL_UNLOCK(hspi);
1985:Drivers/STM32F4xx_HAL_Driver/Src/stm32f4xx_hal_spi.c **** 
1986:Drivers/STM32F4xx_HAL_Driver/Src/stm32f4xx_hal_spi.c ****   /* Enable the SPI Error Interrupt Bit */
1987:Drivers/STM32F4xx_HAL_Driver/Src/stm32f4xx_hal_spi.c ****   __HAL_SPI_ENABLE_IT(hspi, (SPI_IT_ERR));
1988:Drivers/STM32F4xx_HAL_Driver/Src/stm32f4xx_hal_spi.c **** 
1989:Drivers/STM32F4xx_HAL_Driver/Src/stm32f4xx_hal_spi.c ****   /* Enable Tx DMA Request */
1990:Drivers/STM32F4xx_HAL_Driver/Src/stm32f4xx_hal_spi.c ****   SET_BIT(hspi->Instance->CR2, SPI_CR2_TXDMAEN);
1991:Drivers/STM32F4xx_HAL_Driver/Src/stm32f4xx_hal_spi.c **** 
1992:Drivers/STM32F4xx_HAL_Driver/Src/stm32f4xx_hal_spi.c ****   return HAL_OK;
1993:Drivers/STM32F4xx_HAL_Driver/Src/stm32f4xx_hal_spi.c **** }
1994:Drivers/STM32F4xx_HAL_Driver/Src/stm32f4xx_hal_spi.c **** 
1995:Drivers/STM32F4xx_HAL_Driver/Src/stm32f4xx_hal_spi.c **** /**
1996:Drivers/STM32F4xx_HAL_Driver/Src/stm32f4xx_hal_spi.c ****   * @brief  Abort ongoing transfer (blocking mode).
1997:Drivers/STM32F4xx_HAL_Driver/Src/stm32f4xx_hal_spi.c ****   * @param  hspi SPI handle.
1998:Drivers/STM32F4xx_HAL_Driver/Src/stm32f4xx_hal_spi.c ****   * @note   This procedure could be used for aborting any ongoing transfer (Tx and Rx),
1999:Drivers/STM32F4xx_HAL_Driver/Src/stm32f4xx_hal_spi.c ****   *         started in Interrupt or DMA mode.
2000:Drivers/STM32F4xx_HAL_Driver/Src/stm32f4xx_hal_spi.c ****   *         This procedure performs following operations :
2001:Drivers/STM32F4xx_HAL_Driver/Src/stm32f4xx_hal_spi.c ****   *           - Disable SPI Interrupts (depending of transfer direction)
2002:Drivers/STM32F4xx_HAL_Driver/Src/stm32f4xx_hal_spi.c ****   *           - Disable the DMA transfer in the peripheral register (if enabled)
2003:Drivers/STM32F4xx_HAL_Driver/Src/stm32f4xx_hal_spi.c ****   *           - Abort DMA transfer by calling HAL_DMA_Abort (in case of transfer in DMA mode)
2004:Drivers/STM32F4xx_HAL_Driver/Src/stm32f4xx_hal_spi.c ****   *           - Set handle State to READY
2005:Drivers/STM32F4xx_HAL_Driver/Src/stm32f4xx_hal_spi.c ****   * @note   This procedure is executed in blocking mode : when exiting function, Abort is considere
2006:Drivers/STM32F4xx_HAL_Driver/Src/stm32f4xx_hal_spi.c ****   * @retval HAL status
2007:Drivers/STM32F4xx_HAL_Driver/Src/stm32f4xx_hal_spi.c ****   */
2008:Drivers/STM32F4xx_HAL_Driver/Src/stm32f4xx_hal_spi.c **** HAL_StatusTypeDef HAL_SPI_Abort(SPI_HandleTypeDef *hspi)
2009:Drivers/STM32F4xx_HAL_Driver/Src/stm32f4xx_hal_spi.c **** {
2010:Drivers/STM32F4xx_HAL_Driver/Src/stm32f4xx_hal_spi.c ****   HAL_StatusTypeDef errorcode;
2011:Drivers/STM32F4xx_HAL_Driver/Src/stm32f4xx_hal_spi.c ****   __IO uint32_t count;
2012:Drivers/STM32F4xx_HAL_Driver/Src/stm32f4xx_hal_spi.c ****   __IO uint32_t resetcount;
2013:Drivers/STM32F4xx_HAL_Driver/Src/stm32f4xx_hal_spi.c **** 
2014:Drivers/STM32F4xx_HAL_Driver/Src/stm32f4xx_hal_spi.c ****   /* Initialized local variable  */
2015:Drivers/STM32F4xx_HAL_Driver/Src/stm32f4xx_hal_spi.c ****   errorcode = HAL_OK;
2016:Drivers/STM32F4xx_HAL_Driver/Src/stm32f4xx_hal_spi.c ****   resetcount = SPI_DEFAULT_TIMEOUT * (SystemCoreClock / 24U / 1000U);
2017:Drivers/STM32F4xx_HAL_Driver/Src/stm32f4xx_hal_spi.c ****   count = resetcount;
2018:Drivers/STM32F4xx_HAL_Driver/Src/stm32f4xx_hal_spi.c **** 
2019:Drivers/STM32F4xx_HAL_Driver/Src/stm32f4xx_hal_spi.c ****   /* Clear ERRIE interrupt to avoid error interrupts generation during Abort procedure */
2020:Drivers/STM32F4xx_HAL_Driver/Src/stm32f4xx_hal_spi.c ****   CLEAR_BIT(hspi->Instance->CR2, SPI_CR2_ERRIE);
2021:Drivers/STM32F4xx_HAL_Driver/Src/stm32f4xx_hal_spi.c **** 
2022:Drivers/STM32F4xx_HAL_Driver/Src/stm32f4xx_hal_spi.c ****   /* Disable TXEIE, RXNEIE and ERRIE(mode fault event, overrun error, TI frame error) interrupts */
2023:Drivers/STM32F4xx_HAL_Driver/Src/stm32f4xx_hal_spi.c ****   if (HAL_IS_BIT_SET(hspi->Instance->CR2, SPI_CR2_TXEIE))
2024:Drivers/STM32F4xx_HAL_Driver/Src/stm32f4xx_hal_spi.c ****   {
2025:Drivers/STM32F4xx_HAL_Driver/Src/stm32f4xx_hal_spi.c ****     hspi->TxISR = SPI_AbortTx_ISR;
ARM GAS  C:\Users\10369\AppData\Local\Temp\ccy9FUfH.s 			page 37


2026:Drivers/STM32F4xx_HAL_Driver/Src/stm32f4xx_hal_spi.c ****     /* Wait HAL_SPI_STATE_ABORT state */
2027:Drivers/STM32F4xx_HAL_Driver/Src/stm32f4xx_hal_spi.c ****     do
2028:Drivers/STM32F4xx_HAL_Driver/Src/stm32f4xx_hal_spi.c ****     {
2029:Drivers/STM32F4xx_HAL_Driver/Src/stm32f4xx_hal_spi.c ****       if (count == 0U)
2030:Drivers/STM32F4xx_HAL_Driver/Src/stm32f4xx_hal_spi.c ****       {
2031:Drivers/STM32F4xx_HAL_Driver/Src/stm32f4xx_hal_spi.c ****         SET_BIT(hspi->ErrorCode, HAL_SPI_ERROR_ABORT);
2032:Drivers/STM32F4xx_HAL_Driver/Src/stm32f4xx_hal_spi.c ****         break;
2033:Drivers/STM32F4xx_HAL_Driver/Src/stm32f4xx_hal_spi.c ****       }
2034:Drivers/STM32F4xx_HAL_Driver/Src/stm32f4xx_hal_spi.c ****       count--;
2035:Drivers/STM32F4xx_HAL_Driver/Src/stm32f4xx_hal_spi.c ****     } while (hspi->State != HAL_SPI_STATE_ABORT);
2036:Drivers/STM32F4xx_HAL_Driver/Src/stm32f4xx_hal_spi.c ****     /* Reset Timeout Counter */
2037:Drivers/STM32F4xx_HAL_Driver/Src/stm32f4xx_hal_spi.c ****     count = resetcount;
2038:Drivers/STM32F4xx_HAL_Driver/Src/stm32f4xx_hal_spi.c ****   }
2039:Drivers/STM32F4xx_HAL_Driver/Src/stm32f4xx_hal_spi.c **** 
2040:Drivers/STM32F4xx_HAL_Driver/Src/stm32f4xx_hal_spi.c ****   if (HAL_IS_BIT_SET(hspi->Instance->CR2, SPI_CR2_RXNEIE))
2041:Drivers/STM32F4xx_HAL_Driver/Src/stm32f4xx_hal_spi.c ****   {
2042:Drivers/STM32F4xx_HAL_Driver/Src/stm32f4xx_hal_spi.c ****     hspi->RxISR = SPI_AbortRx_ISR;
2043:Drivers/STM32F4xx_HAL_Driver/Src/stm32f4xx_hal_spi.c ****     /* Wait HAL_SPI_STATE_ABORT state */
2044:Drivers/STM32F4xx_HAL_Driver/Src/stm32f4xx_hal_spi.c ****     do
2045:Drivers/STM32F4xx_HAL_Driver/Src/stm32f4xx_hal_spi.c ****     {
2046:Drivers/STM32F4xx_HAL_Driver/Src/stm32f4xx_hal_spi.c ****       if (count == 0U)
2047:Drivers/STM32F4xx_HAL_Driver/Src/stm32f4xx_hal_spi.c ****       {
2048:Drivers/STM32F4xx_HAL_Driver/Src/stm32f4xx_hal_spi.c ****         SET_BIT(hspi->ErrorCode, HAL_SPI_ERROR_ABORT);
2049:Drivers/STM32F4xx_HAL_Driver/Src/stm32f4xx_hal_spi.c ****         break;
2050:Drivers/STM32F4xx_HAL_Driver/Src/stm32f4xx_hal_spi.c ****       }
2051:Drivers/STM32F4xx_HAL_Driver/Src/stm32f4xx_hal_spi.c ****       count--;
2052:Drivers/STM32F4xx_HAL_Driver/Src/stm32f4xx_hal_spi.c ****     } while (hspi->State != HAL_SPI_STATE_ABORT);
2053:Drivers/STM32F4xx_HAL_Driver/Src/stm32f4xx_hal_spi.c ****     /* Reset Timeout Counter */
2054:Drivers/STM32F4xx_HAL_Driver/Src/stm32f4xx_hal_spi.c ****     count = resetcount;
2055:Drivers/STM32F4xx_HAL_Driver/Src/stm32f4xx_hal_spi.c ****   }
2056:Drivers/STM32F4xx_HAL_Driver/Src/stm32f4xx_hal_spi.c **** 
2057:Drivers/STM32F4xx_HAL_Driver/Src/stm32f4xx_hal_spi.c ****   /* Disable the SPI DMA Tx request if enabled */
2058:Drivers/STM32F4xx_HAL_Driver/Src/stm32f4xx_hal_spi.c ****   if (HAL_IS_BIT_SET(hspi->Instance->CR2, SPI_CR2_TXDMAEN))
2059:Drivers/STM32F4xx_HAL_Driver/Src/stm32f4xx_hal_spi.c ****   {
2060:Drivers/STM32F4xx_HAL_Driver/Src/stm32f4xx_hal_spi.c ****     /* Abort the SPI DMA Tx Stream/Channel : use blocking DMA Abort API (no callback) */
2061:Drivers/STM32F4xx_HAL_Driver/Src/stm32f4xx_hal_spi.c ****     if (hspi->hdmatx != NULL)
2062:Drivers/STM32F4xx_HAL_Driver/Src/stm32f4xx_hal_spi.c ****     {
2063:Drivers/STM32F4xx_HAL_Driver/Src/stm32f4xx_hal_spi.c ****       /* Set the SPI DMA Abort callback :
2064:Drivers/STM32F4xx_HAL_Driver/Src/stm32f4xx_hal_spi.c ****       will lead to call HAL_SPI_AbortCpltCallback() at end of DMA abort procedure */
2065:Drivers/STM32F4xx_HAL_Driver/Src/stm32f4xx_hal_spi.c ****       hspi->hdmatx->XferAbortCallback = NULL;
2066:Drivers/STM32F4xx_HAL_Driver/Src/stm32f4xx_hal_spi.c **** 
2067:Drivers/STM32F4xx_HAL_Driver/Src/stm32f4xx_hal_spi.c ****       /* Abort DMA Tx Handle linked to SPI Peripheral */
2068:Drivers/STM32F4xx_HAL_Driver/Src/stm32f4xx_hal_spi.c ****       if (HAL_DMA_Abort(hspi->hdmatx) != HAL_OK)
2069:Drivers/STM32F4xx_HAL_Driver/Src/stm32f4xx_hal_spi.c ****       {
2070:Drivers/STM32F4xx_HAL_Driver/Src/stm32f4xx_hal_spi.c ****         hspi->ErrorCode = HAL_SPI_ERROR_ABORT;
2071:Drivers/STM32F4xx_HAL_Driver/Src/stm32f4xx_hal_spi.c ****       }
2072:Drivers/STM32F4xx_HAL_Driver/Src/stm32f4xx_hal_spi.c **** 
2073:Drivers/STM32F4xx_HAL_Driver/Src/stm32f4xx_hal_spi.c ****       /* Disable Tx DMA Request */
2074:Drivers/STM32F4xx_HAL_Driver/Src/stm32f4xx_hal_spi.c ****       CLEAR_BIT(hspi->Instance->CR2, (SPI_CR2_TXDMAEN));
2075:Drivers/STM32F4xx_HAL_Driver/Src/stm32f4xx_hal_spi.c **** 
2076:Drivers/STM32F4xx_HAL_Driver/Src/stm32f4xx_hal_spi.c ****       /* Wait until TXE flag is set */
2077:Drivers/STM32F4xx_HAL_Driver/Src/stm32f4xx_hal_spi.c ****       do
2078:Drivers/STM32F4xx_HAL_Driver/Src/stm32f4xx_hal_spi.c ****       {
2079:Drivers/STM32F4xx_HAL_Driver/Src/stm32f4xx_hal_spi.c ****         if (count == 0U)
2080:Drivers/STM32F4xx_HAL_Driver/Src/stm32f4xx_hal_spi.c ****         {
2081:Drivers/STM32F4xx_HAL_Driver/Src/stm32f4xx_hal_spi.c ****           SET_BIT(hspi->ErrorCode, HAL_SPI_ERROR_ABORT);
2082:Drivers/STM32F4xx_HAL_Driver/Src/stm32f4xx_hal_spi.c ****           break;
ARM GAS  C:\Users\10369\AppData\Local\Temp\ccy9FUfH.s 			page 38


2083:Drivers/STM32F4xx_HAL_Driver/Src/stm32f4xx_hal_spi.c ****         }
2084:Drivers/STM32F4xx_HAL_Driver/Src/stm32f4xx_hal_spi.c ****         count--;
2085:Drivers/STM32F4xx_HAL_Driver/Src/stm32f4xx_hal_spi.c ****       } while ((hspi->Instance->SR & SPI_FLAG_TXE) == RESET);
2086:Drivers/STM32F4xx_HAL_Driver/Src/stm32f4xx_hal_spi.c ****     }
2087:Drivers/STM32F4xx_HAL_Driver/Src/stm32f4xx_hal_spi.c ****   }
2088:Drivers/STM32F4xx_HAL_Driver/Src/stm32f4xx_hal_spi.c **** 
2089:Drivers/STM32F4xx_HAL_Driver/Src/stm32f4xx_hal_spi.c ****   /* Disable the SPI DMA Rx request if enabled */
2090:Drivers/STM32F4xx_HAL_Driver/Src/stm32f4xx_hal_spi.c ****   if (HAL_IS_BIT_SET(hspi->Instance->CR2, SPI_CR2_RXDMAEN))
2091:Drivers/STM32F4xx_HAL_Driver/Src/stm32f4xx_hal_spi.c ****   {
2092:Drivers/STM32F4xx_HAL_Driver/Src/stm32f4xx_hal_spi.c ****     /* Abort the SPI DMA Rx Stream/Channel : use blocking DMA Abort API (no callback) */
2093:Drivers/STM32F4xx_HAL_Driver/Src/stm32f4xx_hal_spi.c ****     if (hspi->hdmarx != NULL)
2094:Drivers/STM32F4xx_HAL_Driver/Src/stm32f4xx_hal_spi.c ****     {
2095:Drivers/STM32F4xx_HAL_Driver/Src/stm32f4xx_hal_spi.c ****       /* Set the SPI DMA Abort callback :
2096:Drivers/STM32F4xx_HAL_Driver/Src/stm32f4xx_hal_spi.c ****       will lead to call HAL_SPI_AbortCpltCallback() at end of DMA abort procedure */
2097:Drivers/STM32F4xx_HAL_Driver/Src/stm32f4xx_hal_spi.c ****       hspi->hdmarx->XferAbortCallback = NULL;
2098:Drivers/STM32F4xx_HAL_Driver/Src/stm32f4xx_hal_spi.c **** 
2099:Drivers/STM32F4xx_HAL_Driver/Src/stm32f4xx_hal_spi.c ****       /* Abort DMA Rx Handle linked to SPI Peripheral */
2100:Drivers/STM32F4xx_HAL_Driver/Src/stm32f4xx_hal_spi.c ****       if (HAL_DMA_Abort(hspi->hdmarx) != HAL_OK)
2101:Drivers/STM32F4xx_HAL_Driver/Src/stm32f4xx_hal_spi.c ****       {
2102:Drivers/STM32F4xx_HAL_Driver/Src/stm32f4xx_hal_spi.c ****         hspi->ErrorCode = HAL_SPI_ERROR_ABORT;
2103:Drivers/STM32F4xx_HAL_Driver/Src/stm32f4xx_hal_spi.c ****       }
2104:Drivers/STM32F4xx_HAL_Driver/Src/stm32f4xx_hal_spi.c **** 
2105:Drivers/STM32F4xx_HAL_Driver/Src/stm32f4xx_hal_spi.c ****       /* Disable peripheral */
2106:Drivers/STM32F4xx_HAL_Driver/Src/stm32f4xx_hal_spi.c ****       __HAL_SPI_DISABLE(hspi);
2107:Drivers/STM32F4xx_HAL_Driver/Src/stm32f4xx_hal_spi.c **** 
2108:Drivers/STM32F4xx_HAL_Driver/Src/stm32f4xx_hal_spi.c ****       /* Disable Rx DMA Request */
2109:Drivers/STM32F4xx_HAL_Driver/Src/stm32f4xx_hal_spi.c ****       CLEAR_BIT(hspi->Instance->CR2, (SPI_CR2_RXDMAEN));
2110:Drivers/STM32F4xx_HAL_Driver/Src/stm32f4xx_hal_spi.c ****     }
2111:Drivers/STM32F4xx_HAL_Driver/Src/stm32f4xx_hal_spi.c ****   }
2112:Drivers/STM32F4xx_HAL_Driver/Src/stm32f4xx_hal_spi.c ****   /* Reset Tx and Rx transfer counters */
2113:Drivers/STM32F4xx_HAL_Driver/Src/stm32f4xx_hal_spi.c ****   hspi->RxXferCount = 0U;
2114:Drivers/STM32F4xx_HAL_Driver/Src/stm32f4xx_hal_spi.c ****   hspi->TxXferCount = 0U;
2115:Drivers/STM32F4xx_HAL_Driver/Src/stm32f4xx_hal_spi.c **** 
2116:Drivers/STM32F4xx_HAL_Driver/Src/stm32f4xx_hal_spi.c ****   /* Check error during Abort procedure */
2117:Drivers/STM32F4xx_HAL_Driver/Src/stm32f4xx_hal_spi.c ****   if (hspi->ErrorCode == HAL_SPI_ERROR_ABORT)
2118:Drivers/STM32F4xx_HAL_Driver/Src/stm32f4xx_hal_spi.c ****   {
2119:Drivers/STM32F4xx_HAL_Driver/Src/stm32f4xx_hal_spi.c ****     /* return HAL_Error in case of error during Abort procedure */
2120:Drivers/STM32F4xx_HAL_Driver/Src/stm32f4xx_hal_spi.c ****     errorcode = HAL_ERROR;
2121:Drivers/STM32F4xx_HAL_Driver/Src/stm32f4xx_hal_spi.c ****   }
2122:Drivers/STM32F4xx_HAL_Driver/Src/stm32f4xx_hal_spi.c ****   else
2123:Drivers/STM32F4xx_HAL_Driver/Src/stm32f4xx_hal_spi.c ****   {
2124:Drivers/STM32F4xx_HAL_Driver/Src/stm32f4xx_hal_spi.c ****     /* Reset errorCode */
2125:Drivers/STM32F4xx_HAL_Driver/Src/stm32f4xx_hal_spi.c ****     hspi->ErrorCode = HAL_SPI_ERROR_NONE;
2126:Drivers/STM32F4xx_HAL_Driver/Src/stm32f4xx_hal_spi.c ****   }
2127:Drivers/STM32F4xx_HAL_Driver/Src/stm32f4xx_hal_spi.c **** 
2128:Drivers/STM32F4xx_HAL_Driver/Src/stm32f4xx_hal_spi.c ****   /* Clear the Error flags in the SR register */
2129:Drivers/STM32F4xx_HAL_Driver/Src/stm32f4xx_hal_spi.c ****   __HAL_SPI_CLEAR_OVRFLAG(hspi);
2130:Drivers/STM32F4xx_HAL_Driver/Src/stm32f4xx_hal_spi.c ****   __HAL_SPI_CLEAR_FREFLAG(hspi);
2131:Drivers/STM32F4xx_HAL_Driver/Src/stm32f4xx_hal_spi.c **** 
2132:Drivers/STM32F4xx_HAL_Driver/Src/stm32f4xx_hal_spi.c ****   /* Restore hspi->state to ready */
2133:Drivers/STM32F4xx_HAL_Driver/Src/stm32f4xx_hal_spi.c ****   hspi->State = HAL_SPI_STATE_READY;
2134:Drivers/STM32F4xx_HAL_Driver/Src/stm32f4xx_hal_spi.c **** 
2135:Drivers/STM32F4xx_HAL_Driver/Src/stm32f4xx_hal_spi.c ****   return errorcode;
2136:Drivers/STM32F4xx_HAL_Driver/Src/stm32f4xx_hal_spi.c **** }
2137:Drivers/STM32F4xx_HAL_Driver/Src/stm32f4xx_hal_spi.c **** 
2138:Drivers/STM32F4xx_HAL_Driver/Src/stm32f4xx_hal_spi.c **** /**
2139:Drivers/STM32F4xx_HAL_Driver/Src/stm32f4xx_hal_spi.c ****   * @brief  Abort ongoing transfer (Interrupt mode).
ARM GAS  C:\Users\10369\AppData\Local\Temp\ccy9FUfH.s 			page 39


2140:Drivers/STM32F4xx_HAL_Driver/Src/stm32f4xx_hal_spi.c ****   * @param  hspi SPI handle.
2141:Drivers/STM32F4xx_HAL_Driver/Src/stm32f4xx_hal_spi.c ****   * @note   This procedure could be used for aborting any ongoing transfer (Tx and Rx),
2142:Drivers/STM32F4xx_HAL_Driver/Src/stm32f4xx_hal_spi.c ****   *         started in Interrupt or DMA mode.
2143:Drivers/STM32F4xx_HAL_Driver/Src/stm32f4xx_hal_spi.c ****   *         This procedure performs following operations :
2144:Drivers/STM32F4xx_HAL_Driver/Src/stm32f4xx_hal_spi.c ****   *           - Disable SPI Interrupts (depending of transfer direction)
2145:Drivers/STM32F4xx_HAL_Driver/Src/stm32f4xx_hal_spi.c ****   *           - Disable the DMA transfer in the peripheral register (if enabled)
2146:Drivers/STM32F4xx_HAL_Driver/Src/stm32f4xx_hal_spi.c ****   *           - Abort DMA transfer by calling HAL_DMA_Abort_IT (in case of transfer in DMA mode)
2147:Drivers/STM32F4xx_HAL_Driver/Src/stm32f4xx_hal_spi.c ****   *           - Set handle State to READY
2148:Drivers/STM32F4xx_HAL_Driver/Src/stm32f4xx_hal_spi.c ****   *           - At abort completion, call user abort complete callback
2149:Drivers/STM32F4xx_HAL_Driver/Src/stm32f4xx_hal_spi.c ****   * @note   This procedure is executed in Interrupt mode, meaning that abort procedure could be
2150:Drivers/STM32F4xx_HAL_Driver/Src/stm32f4xx_hal_spi.c ****   *         considered as completed only when user abort complete callback is executed (not when ex
2151:Drivers/STM32F4xx_HAL_Driver/Src/stm32f4xx_hal_spi.c ****   * @retval HAL status
2152:Drivers/STM32F4xx_HAL_Driver/Src/stm32f4xx_hal_spi.c ****   */
2153:Drivers/STM32F4xx_HAL_Driver/Src/stm32f4xx_hal_spi.c **** HAL_StatusTypeDef HAL_SPI_Abort_IT(SPI_HandleTypeDef *hspi)
2154:Drivers/STM32F4xx_HAL_Driver/Src/stm32f4xx_hal_spi.c **** {
2155:Drivers/STM32F4xx_HAL_Driver/Src/stm32f4xx_hal_spi.c ****   HAL_StatusTypeDef errorcode;
2156:Drivers/STM32F4xx_HAL_Driver/Src/stm32f4xx_hal_spi.c ****   uint32_t abortcplt ;
2157:Drivers/STM32F4xx_HAL_Driver/Src/stm32f4xx_hal_spi.c ****   __IO uint32_t count;
2158:Drivers/STM32F4xx_HAL_Driver/Src/stm32f4xx_hal_spi.c ****   __IO uint32_t resetcount;
2159:Drivers/STM32F4xx_HAL_Driver/Src/stm32f4xx_hal_spi.c **** 
2160:Drivers/STM32F4xx_HAL_Driver/Src/stm32f4xx_hal_spi.c ****   /* Initialized local variable  */
2161:Drivers/STM32F4xx_HAL_Driver/Src/stm32f4xx_hal_spi.c ****   errorcode = HAL_OK;
2162:Drivers/STM32F4xx_HAL_Driver/Src/stm32f4xx_hal_spi.c ****   abortcplt = 1U;
2163:Drivers/STM32F4xx_HAL_Driver/Src/stm32f4xx_hal_spi.c ****   resetcount = SPI_DEFAULT_TIMEOUT * (SystemCoreClock / 24U / 1000U);
2164:Drivers/STM32F4xx_HAL_Driver/Src/stm32f4xx_hal_spi.c ****   count = resetcount;
2165:Drivers/STM32F4xx_HAL_Driver/Src/stm32f4xx_hal_spi.c **** 
2166:Drivers/STM32F4xx_HAL_Driver/Src/stm32f4xx_hal_spi.c ****   /* Clear ERRIE interrupt to avoid error interrupts generation during Abort procedure */
2167:Drivers/STM32F4xx_HAL_Driver/Src/stm32f4xx_hal_spi.c ****   CLEAR_BIT(hspi->Instance->CR2, SPI_CR2_ERRIE);
2168:Drivers/STM32F4xx_HAL_Driver/Src/stm32f4xx_hal_spi.c **** 
2169:Drivers/STM32F4xx_HAL_Driver/Src/stm32f4xx_hal_spi.c ****   /* Change Rx and Tx Irq Handler to Disable TXEIE, RXNEIE and ERRIE interrupts */
2170:Drivers/STM32F4xx_HAL_Driver/Src/stm32f4xx_hal_spi.c ****   if (HAL_IS_BIT_SET(hspi->Instance->CR2, SPI_CR2_TXEIE))
2171:Drivers/STM32F4xx_HAL_Driver/Src/stm32f4xx_hal_spi.c ****   {
2172:Drivers/STM32F4xx_HAL_Driver/Src/stm32f4xx_hal_spi.c ****     hspi->TxISR = SPI_AbortTx_ISR;
2173:Drivers/STM32F4xx_HAL_Driver/Src/stm32f4xx_hal_spi.c ****     /* Wait HAL_SPI_STATE_ABORT state */
2174:Drivers/STM32F4xx_HAL_Driver/Src/stm32f4xx_hal_spi.c ****     do
2175:Drivers/STM32F4xx_HAL_Driver/Src/stm32f4xx_hal_spi.c ****     {
2176:Drivers/STM32F4xx_HAL_Driver/Src/stm32f4xx_hal_spi.c ****       if (count == 0U)
2177:Drivers/STM32F4xx_HAL_Driver/Src/stm32f4xx_hal_spi.c ****       {
2178:Drivers/STM32F4xx_HAL_Driver/Src/stm32f4xx_hal_spi.c ****         SET_BIT(hspi->ErrorCode, HAL_SPI_ERROR_ABORT);
2179:Drivers/STM32F4xx_HAL_Driver/Src/stm32f4xx_hal_spi.c ****         break;
2180:Drivers/STM32F4xx_HAL_Driver/Src/stm32f4xx_hal_spi.c ****       }
2181:Drivers/STM32F4xx_HAL_Driver/Src/stm32f4xx_hal_spi.c ****       count--;
2182:Drivers/STM32F4xx_HAL_Driver/Src/stm32f4xx_hal_spi.c ****     } while (hspi->State != HAL_SPI_STATE_ABORT);
2183:Drivers/STM32F4xx_HAL_Driver/Src/stm32f4xx_hal_spi.c ****     /* Reset Timeout Counter */
2184:Drivers/STM32F4xx_HAL_Driver/Src/stm32f4xx_hal_spi.c ****     count = resetcount;
2185:Drivers/STM32F4xx_HAL_Driver/Src/stm32f4xx_hal_spi.c ****   }
2186:Drivers/STM32F4xx_HAL_Driver/Src/stm32f4xx_hal_spi.c **** 
2187:Drivers/STM32F4xx_HAL_Driver/Src/stm32f4xx_hal_spi.c ****   if (HAL_IS_BIT_SET(hspi->Instance->CR2, SPI_CR2_RXNEIE))
2188:Drivers/STM32F4xx_HAL_Driver/Src/stm32f4xx_hal_spi.c ****   {
2189:Drivers/STM32F4xx_HAL_Driver/Src/stm32f4xx_hal_spi.c ****     hspi->RxISR = SPI_AbortRx_ISR;
2190:Drivers/STM32F4xx_HAL_Driver/Src/stm32f4xx_hal_spi.c ****     /* Wait HAL_SPI_STATE_ABORT state */
2191:Drivers/STM32F4xx_HAL_Driver/Src/stm32f4xx_hal_spi.c ****     do
2192:Drivers/STM32F4xx_HAL_Driver/Src/stm32f4xx_hal_spi.c ****     {
2193:Drivers/STM32F4xx_HAL_Driver/Src/stm32f4xx_hal_spi.c ****       if (count == 0U)
2194:Drivers/STM32F4xx_HAL_Driver/Src/stm32f4xx_hal_spi.c ****       {
2195:Drivers/STM32F4xx_HAL_Driver/Src/stm32f4xx_hal_spi.c ****         SET_BIT(hspi->ErrorCode, HAL_SPI_ERROR_ABORT);
2196:Drivers/STM32F4xx_HAL_Driver/Src/stm32f4xx_hal_spi.c ****         break;
ARM GAS  C:\Users\10369\AppData\Local\Temp\ccy9FUfH.s 			page 40


2197:Drivers/STM32F4xx_HAL_Driver/Src/stm32f4xx_hal_spi.c ****       }
2198:Drivers/STM32F4xx_HAL_Driver/Src/stm32f4xx_hal_spi.c ****       count--;
2199:Drivers/STM32F4xx_HAL_Driver/Src/stm32f4xx_hal_spi.c ****     } while (hspi->State != HAL_SPI_STATE_ABORT);
2200:Drivers/STM32F4xx_HAL_Driver/Src/stm32f4xx_hal_spi.c ****     /* Reset Timeout Counter */
2201:Drivers/STM32F4xx_HAL_Driver/Src/stm32f4xx_hal_spi.c ****     count = resetcount;
2202:Drivers/STM32F4xx_HAL_Driver/Src/stm32f4xx_hal_spi.c ****   }
2203:Drivers/STM32F4xx_HAL_Driver/Src/stm32f4xx_hal_spi.c **** 
2204:Drivers/STM32F4xx_HAL_Driver/Src/stm32f4xx_hal_spi.c ****   /* If DMA Tx and/or DMA Rx Handles are associated to SPI Handle, DMA Abort complete callbacks sho
2205:Drivers/STM32F4xx_HAL_Driver/Src/stm32f4xx_hal_spi.c ****      before any call to DMA Abort functions */
2206:Drivers/STM32F4xx_HAL_Driver/Src/stm32f4xx_hal_spi.c ****   /* DMA Tx Handle is valid */
2207:Drivers/STM32F4xx_HAL_Driver/Src/stm32f4xx_hal_spi.c ****   if (hspi->hdmatx != NULL)
2208:Drivers/STM32F4xx_HAL_Driver/Src/stm32f4xx_hal_spi.c ****   {
2209:Drivers/STM32F4xx_HAL_Driver/Src/stm32f4xx_hal_spi.c ****     /* Set DMA Abort Complete callback if UART DMA Tx request if enabled.
2210:Drivers/STM32F4xx_HAL_Driver/Src/stm32f4xx_hal_spi.c ****        Otherwise, set it to NULL */
2211:Drivers/STM32F4xx_HAL_Driver/Src/stm32f4xx_hal_spi.c ****     if (HAL_IS_BIT_SET(hspi->Instance->CR2, SPI_CR2_TXDMAEN))
2212:Drivers/STM32F4xx_HAL_Driver/Src/stm32f4xx_hal_spi.c ****     {
2213:Drivers/STM32F4xx_HAL_Driver/Src/stm32f4xx_hal_spi.c ****       hspi->hdmatx->XferAbortCallback = SPI_DMATxAbortCallback;
2214:Drivers/STM32F4xx_HAL_Driver/Src/stm32f4xx_hal_spi.c ****     }
2215:Drivers/STM32F4xx_HAL_Driver/Src/stm32f4xx_hal_spi.c ****     else
2216:Drivers/STM32F4xx_HAL_Driver/Src/stm32f4xx_hal_spi.c ****     {
2217:Drivers/STM32F4xx_HAL_Driver/Src/stm32f4xx_hal_spi.c ****       hspi->hdmatx->XferAbortCallback = NULL;
2218:Drivers/STM32F4xx_HAL_Driver/Src/stm32f4xx_hal_spi.c ****     }
2219:Drivers/STM32F4xx_HAL_Driver/Src/stm32f4xx_hal_spi.c ****   }
2220:Drivers/STM32F4xx_HAL_Driver/Src/stm32f4xx_hal_spi.c ****   /* DMA Rx Handle is valid */
2221:Drivers/STM32F4xx_HAL_Driver/Src/stm32f4xx_hal_spi.c ****   if (hspi->hdmarx != NULL)
2222:Drivers/STM32F4xx_HAL_Driver/Src/stm32f4xx_hal_spi.c ****   {
2223:Drivers/STM32F4xx_HAL_Driver/Src/stm32f4xx_hal_spi.c ****     /* Set DMA Abort Complete callback if UART DMA Rx request if enabled.
2224:Drivers/STM32F4xx_HAL_Driver/Src/stm32f4xx_hal_spi.c ****        Otherwise, set it to NULL */
2225:Drivers/STM32F4xx_HAL_Driver/Src/stm32f4xx_hal_spi.c ****     if (HAL_IS_BIT_SET(hspi->Instance->CR2, SPI_CR2_RXDMAEN))
2226:Drivers/STM32F4xx_HAL_Driver/Src/stm32f4xx_hal_spi.c ****     {
2227:Drivers/STM32F4xx_HAL_Driver/Src/stm32f4xx_hal_spi.c ****       hspi->hdmarx->XferAbortCallback = SPI_DMARxAbortCallback;
2228:Drivers/STM32F4xx_HAL_Driver/Src/stm32f4xx_hal_spi.c ****     }
2229:Drivers/STM32F4xx_HAL_Driver/Src/stm32f4xx_hal_spi.c ****     else
2230:Drivers/STM32F4xx_HAL_Driver/Src/stm32f4xx_hal_spi.c ****     {
2231:Drivers/STM32F4xx_HAL_Driver/Src/stm32f4xx_hal_spi.c ****       hspi->hdmarx->XferAbortCallback = NULL;
2232:Drivers/STM32F4xx_HAL_Driver/Src/stm32f4xx_hal_spi.c ****     }
2233:Drivers/STM32F4xx_HAL_Driver/Src/stm32f4xx_hal_spi.c ****   }
2234:Drivers/STM32F4xx_HAL_Driver/Src/stm32f4xx_hal_spi.c **** 
2235:Drivers/STM32F4xx_HAL_Driver/Src/stm32f4xx_hal_spi.c ****   /* Disable the SPI DMA Tx request if enabled */
2236:Drivers/STM32F4xx_HAL_Driver/Src/stm32f4xx_hal_spi.c ****   if (HAL_IS_BIT_SET(hspi->Instance->CR2, SPI_CR2_TXDMAEN))
2237:Drivers/STM32F4xx_HAL_Driver/Src/stm32f4xx_hal_spi.c ****   {
2238:Drivers/STM32F4xx_HAL_Driver/Src/stm32f4xx_hal_spi.c ****     /* Abort the SPI DMA Tx Stream/Channel */
2239:Drivers/STM32F4xx_HAL_Driver/Src/stm32f4xx_hal_spi.c ****     if (hspi->hdmatx != NULL)
2240:Drivers/STM32F4xx_HAL_Driver/Src/stm32f4xx_hal_spi.c ****     {
2241:Drivers/STM32F4xx_HAL_Driver/Src/stm32f4xx_hal_spi.c ****       /* Abort DMA Tx Handle linked to SPI Peripheral */
2242:Drivers/STM32F4xx_HAL_Driver/Src/stm32f4xx_hal_spi.c ****       if (HAL_DMA_Abort_IT(hspi->hdmatx) != HAL_OK)
2243:Drivers/STM32F4xx_HAL_Driver/Src/stm32f4xx_hal_spi.c ****       {
2244:Drivers/STM32F4xx_HAL_Driver/Src/stm32f4xx_hal_spi.c ****         hspi->hdmatx->XferAbortCallback = NULL;
2245:Drivers/STM32F4xx_HAL_Driver/Src/stm32f4xx_hal_spi.c ****         hspi->ErrorCode = HAL_SPI_ERROR_ABORT;
2246:Drivers/STM32F4xx_HAL_Driver/Src/stm32f4xx_hal_spi.c ****       }
2247:Drivers/STM32F4xx_HAL_Driver/Src/stm32f4xx_hal_spi.c ****       else
2248:Drivers/STM32F4xx_HAL_Driver/Src/stm32f4xx_hal_spi.c ****       {
2249:Drivers/STM32F4xx_HAL_Driver/Src/stm32f4xx_hal_spi.c ****         abortcplt = 0U;
2250:Drivers/STM32F4xx_HAL_Driver/Src/stm32f4xx_hal_spi.c ****       }
2251:Drivers/STM32F4xx_HAL_Driver/Src/stm32f4xx_hal_spi.c ****     }
2252:Drivers/STM32F4xx_HAL_Driver/Src/stm32f4xx_hal_spi.c ****   }
2253:Drivers/STM32F4xx_HAL_Driver/Src/stm32f4xx_hal_spi.c ****   /* Disable the SPI DMA Rx request if enabled */
ARM GAS  C:\Users\10369\AppData\Local\Temp\ccy9FUfH.s 			page 41


2254:Drivers/STM32F4xx_HAL_Driver/Src/stm32f4xx_hal_spi.c ****   if (HAL_IS_BIT_SET(hspi->Instance->CR2, SPI_CR2_RXDMAEN))
2255:Drivers/STM32F4xx_HAL_Driver/Src/stm32f4xx_hal_spi.c ****   {
2256:Drivers/STM32F4xx_HAL_Driver/Src/stm32f4xx_hal_spi.c ****     /* Abort the SPI DMA Rx Stream/Channel */
2257:Drivers/STM32F4xx_HAL_Driver/Src/stm32f4xx_hal_spi.c ****     if (hspi->hdmarx != NULL)
2258:Drivers/STM32F4xx_HAL_Driver/Src/stm32f4xx_hal_spi.c ****     {
2259:Drivers/STM32F4xx_HAL_Driver/Src/stm32f4xx_hal_spi.c ****       /* Abort DMA Rx Handle linked to SPI Peripheral */
2260:Drivers/STM32F4xx_HAL_Driver/Src/stm32f4xx_hal_spi.c ****       if (HAL_DMA_Abort_IT(hspi->hdmarx) !=  HAL_OK)
2261:Drivers/STM32F4xx_HAL_Driver/Src/stm32f4xx_hal_spi.c ****       {
2262:Drivers/STM32F4xx_HAL_Driver/Src/stm32f4xx_hal_spi.c ****         hspi->hdmarx->XferAbortCallback = NULL;
2263:Drivers/STM32F4xx_HAL_Driver/Src/stm32f4xx_hal_spi.c ****         hspi->ErrorCode = HAL_SPI_ERROR_ABORT;
2264:Drivers/STM32F4xx_HAL_Driver/Src/stm32f4xx_hal_spi.c ****       }
2265:Drivers/STM32F4xx_HAL_Driver/Src/stm32f4xx_hal_spi.c ****       else
2266:Drivers/STM32F4xx_HAL_Driver/Src/stm32f4xx_hal_spi.c ****       {
2267:Drivers/STM32F4xx_HAL_Driver/Src/stm32f4xx_hal_spi.c ****         abortcplt = 0U;
2268:Drivers/STM32F4xx_HAL_Driver/Src/stm32f4xx_hal_spi.c ****       }
2269:Drivers/STM32F4xx_HAL_Driver/Src/stm32f4xx_hal_spi.c ****     }
2270:Drivers/STM32F4xx_HAL_Driver/Src/stm32f4xx_hal_spi.c ****   }
2271:Drivers/STM32F4xx_HAL_Driver/Src/stm32f4xx_hal_spi.c **** 
2272:Drivers/STM32F4xx_HAL_Driver/Src/stm32f4xx_hal_spi.c ****   if (abortcplt == 1U)
2273:Drivers/STM32F4xx_HAL_Driver/Src/stm32f4xx_hal_spi.c ****   {
2274:Drivers/STM32F4xx_HAL_Driver/Src/stm32f4xx_hal_spi.c ****     /* Reset Tx and Rx transfer counters */
2275:Drivers/STM32F4xx_HAL_Driver/Src/stm32f4xx_hal_spi.c ****     hspi->RxXferCount = 0U;
2276:Drivers/STM32F4xx_HAL_Driver/Src/stm32f4xx_hal_spi.c ****     hspi->TxXferCount = 0U;
2277:Drivers/STM32F4xx_HAL_Driver/Src/stm32f4xx_hal_spi.c **** 
2278:Drivers/STM32F4xx_HAL_Driver/Src/stm32f4xx_hal_spi.c ****     /* Check error during Abort procedure */
2279:Drivers/STM32F4xx_HAL_Driver/Src/stm32f4xx_hal_spi.c ****     if (hspi->ErrorCode == HAL_SPI_ERROR_ABORT)
2280:Drivers/STM32F4xx_HAL_Driver/Src/stm32f4xx_hal_spi.c ****     {
2281:Drivers/STM32F4xx_HAL_Driver/Src/stm32f4xx_hal_spi.c ****       /* return HAL_Error in case of error during Abort procedure */
2282:Drivers/STM32F4xx_HAL_Driver/Src/stm32f4xx_hal_spi.c ****       errorcode = HAL_ERROR;
2283:Drivers/STM32F4xx_HAL_Driver/Src/stm32f4xx_hal_spi.c ****     }
2284:Drivers/STM32F4xx_HAL_Driver/Src/stm32f4xx_hal_spi.c ****     else
2285:Drivers/STM32F4xx_HAL_Driver/Src/stm32f4xx_hal_spi.c ****     {
2286:Drivers/STM32F4xx_HAL_Driver/Src/stm32f4xx_hal_spi.c ****       /* Reset errorCode */
2287:Drivers/STM32F4xx_HAL_Driver/Src/stm32f4xx_hal_spi.c ****       hspi->ErrorCode = HAL_SPI_ERROR_NONE;
2288:Drivers/STM32F4xx_HAL_Driver/Src/stm32f4xx_hal_spi.c ****     }
2289:Drivers/STM32F4xx_HAL_Driver/Src/stm32f4xx_hal_spi.c **** 
2290:Drivers/STM32F4xx_HAL_Driver/Src/stm32f4xx_hal_spi.c ****     /* Clear the Error flags in the SR register */
2291:Drivers/STM32F4xx_HAL_Driver/Src/stm32f4xx_hal_spi.c ****     __HAL_SPI_CLEAR_OVRFLAG(hspi);
2292:Drivers/STM32F4xx_HAL_Driver/Src/stm32f4xx_hal_spi.c ****     __HAL_SPI_CLEAR_FREFLAG(hspi);
2293:Drivers/STM32F4xx_HAL_Driver/Src/stm32f4xx_hal_spi.c **** 
2294:Drivers/STM32F4xx_HAL_Driver/Src/stm32f4xx_hal_spi.c ****     /* Restore hspi->State to Ready */
2295:Drivers/STM32F4xx_HAL_Driver/Src/stm32f4xx_hal_spi.c ****     hspi->State = HAL_SPI_STATE_READY;
2296:Drivers/STM32F4xx_HAL_Driver/Src/stm32f4xx_hal_spi.c **** 
2297:Drivers/STM32F4xx_HAL_Driver/Src/stm32f4xx_hal_spi.c ****     /* As no DMA to be aborted, call directly user Abort complete callback */
2298:Drivers/STM32F4xx_HAL_Driver/Src/stm32f4xx_hal_spi.c **** #if (USE_HAL_SPI_REGISTER_CALLBACKS == 1U)
2299:Drivers/STM32F4xx_HAL_Driver/Src/stm32f4xx_hal_spi.c ****     hspi->AbortCpltCallback(hspi);
2300:Drivers/STM32F4xx_HAL_Driver/Src/stm32f4xx_hal_spi.c **** #else
2301:Drivers/STM32F4xx_HAL_Driver/Src/stm32f4xx_hal_spi.c ****     HAL_SPI_AbortCpltCallback(hspi);
2302:Drivers/STM32F4xx_HAL_Driver/Src/stm32f4xx_hal_spi.c **** #endif /* USE_HAL_SPI_REGISTER_CALLBACKS */
2303:Drivers/STM32F4xx_HAL_Driver/Src/stm32f4xx_hal_spi.c ****   }
2304:Drivers/STM32F4xx_HAL_Driver/Src/stm32f4xx_hal_spi.c **** 
2305:Drivers/STM32F4xx_HAL_Driver/Src/stm32f4xx_hal_spi.c ****   return errorcode;
2306:Drivers/STM32F4xx_HAL_Driver/Src/stm32f4xx_hal_spi.c **** }
2307:Drivers/STM32F4xx_HAL_Driver/Src/stm32f4xx_hal_spi.c **** 
2308:Drivers/STM32F4xx_HAL_Driver/Src/stm32f4xx_hal_spi.c **** /**
2309:Drivers/STM32F4xx_HAL_Driver/Src/stm32f4xx_hal_spi.c ****   * @brief  Pause the DMA Transfer.
2310:Drivers/STM32F4xx_HAL_Driver/Src/stm32f4xx_hal_spi.c ****   * @param  hspi pointer to a SPI_HandleTypeDef structure that contains
ARM GAS  C:\Users\10369\AppData\Local\Temp\ccy9FUfH.s 			page 42


2311:Drivers/STM32F4xx_HAL_Driver/Src/stm32f4xx_hal_spi.c ****   *               the configuration information for the specified SPI module.
2312:Drivers/STM32F4xx_HAL_Driver/Src/stm32f4xx_hal_spi.c ****   * @retval HAL status
2313:Drivers/STM32F4xx_HAL_Driver/Src/stm32f4xx_hal_spi.c ****   */
2314:Drivers/STM32F4xx_HAL_Driver/Src/stm32f4xx_hal_spi.c **** HAL_StatusTypeDef HAL_SPI_DMAPause(SPI_HandleTypeDef *hspi)
2315:Drivers/STM32F4xx_HAL_Driver/Src/stm32f4xx_hal_spi.c **** {
2316:Drivers/STM32F4xx_HAL_Driver/Src/stm32f4xx_hal_spi.c ****   /* Process Locked */
2317:Drivers/STM32F4xx_HAL_Driver/Src/stm32f4xx_hal_spi.c ****   __HAL_LOCK(hspi);
2318:Drivers/STM32F4xx_HAL_Driver/Src/stm32f4xx_hal_spi.c **** 
2319:Drivers/STM32F4xx_HAL_Driver/Src/stm32f4xx_hal_spi.c ****   /* Disable the SPI DMA Tx & Rx requests */
2320:Drivers/STM32F4xx_HAL_Driver/Src/stm32f4xx_hal_spi.c ****   CLEAR_BIT(hspi->Instance->CR2, SPI_CR2_TXDMAEN | SPI_CR2_RXDMAEN);
2321:Drivers/STM32F4xx_HAL_Driver/Src/stm32f4xx_hal_spi.c **** 
2322:Drivers/STM32F4xx_HAL_Driver/Src/stm32f4xx_hal_spi.c ****   /* Process Unlocked */
2323:Drivers/STM32F4xx_HAL_Driver/Src/stm32f4xx_hal_spi.c ****   __HAL_UNLOCK(hspi);
2324:Drivers/STM32F4xx_HAL_Driver/Src/stm32f4xx_hal_spi.c **** 
2325:Drivers/STM32F4xx_HAL_Driver/Src/stm32f4xx_hal_spi.c ****   return HAL_OK;
2326:Drivers/STM32F4xx_HAL_Driver/Src/stm32f4xx_hal_spi.c **** }
2327:Drivers/STM32F4xx_HAL_Driver/Src/stm32f4xx_hal_spi.c **** 
2328:Drivers/STM32F4xx_HAL_Driver/Src/stm32f4xx_hal_spi.c **** /**
2329:Drivers/STM32F4xx_HAL_Driver/Src/stm32f4xx_hal_spi.c ****   * @brief  Resume the DMA Transfer.
2330:Drivers/STM32F4xx_HAL_Driver/Src/stm32f4xx_hal_spi.c ****   * @param  hspi pointer to a SPI_HandleTypeDef structure that contains
2331:Drivers/STM32F4xx_HAL_Driver/Src/stm32f4xx_hal_spi.c ****   *               the configuration information for the specified SPI module.
2332:Drivers/STM32F4xx_HAL_Driver/Src/stm32f4xx_hal_spi.c ****   * @retval HAL status
2333:Drivers/STM32F4xx_HAL_Driver/Src/stm32f4xx_hal_spi.c ****   */
2334:Drivers/STM32F4xx_HAL_Driver/Src/stm32f4xx_hal_spi.c **** HAL_StatusTypeDef HAL_SPI_DMAResume(SPI_HandleTypeDef *hspi)
2335:Drivers/STM32F4xx_HAL_Driver/Src/stm32f4xx_hal_spi.c **** {
2336:Drivers/STM32F4xx_HAL_Driver/Src/stm32f4xx_hal_spi.c ****   /* Process Locked */
2337:Drivers/STM32F4xx_HAL_Driver/Src/stm32f4xx_hal_spi.c ****   __HAL_LOCK(hspi);
2338:Drivers/STM32F4xx_HAL_Driver/Src/stm32f4xx_hal_spi.c **** 
2339:Drivers/STM32F4xx_HAL_Driver/Src/stm32f4xx_hal_spi.c ****   /* Enable the SPI DMA Tx & Rx requests */
2340:Drivers/STM32F4xx_HAL_Driver/Src/stm32f4xx_hal_spi.c ****   SET_BIT(hspi->Instance->CR2, SPI_CR2_TXDMAEN | SPI_CR2_RXDMAEN);
2341:Drivers/STM32F4xx_HAL_Driver/Src/stm32f4xx_hal_spi.c **** 
2342:Drivers/STM32F4xx_HAL_Driver/Src/stm32f4xx_hal_spi.c ****   /* Process Unlocked */
2343:Drivers/STM32F4xx_HAL_Driver/Src/stm32f4xx_hal_spi.c ****   __HAL_UNLOCK(hspi);
2344:Drivers/STM32F4xx_HAL_Driver/Src/stm32f4xx_hal_spi.c **** 
2345:Drivers/STM32F4xx_HAL_Driver/Src/stm32f4xx_hal_spi.c ****   return HAL_OK;
2346:Drivers/STM32F4xx_HAL_Driver/Src/stm32f4xx_hal_spi.c **** }
2347:Drivers/STM32F4xx_HAL_Driver/Src/stm32f4xx_hal_spi.c **** 
2348:Drivers/STM32F4xx_HAL_Driver/Src/stm32f4xx_hal_spi.c **** /**
2349:Drivers/STM32F4xx_HAL_Driver/Src/stm32f4xx_hal_spi.c ****   * @brief  Stop the DMA Transfer.
2350:Drivers/STM32F4xx_HAL_Driver/Src/stm32f4xx_hal_spi.c ****   * @param  hspi pointer to a SPI_HandleTypeDef structure that contains
2351:Drivers/STM32F4xx_HAL_Driver/Src/stm32f4xx_hal_spi.c ****   *               the configuration information for the specified SPI module.
2352:Drivers/STM32F4xx_HAL_Driver/Src/stm32f4xx_hal_spi.c ****   * @retval HAL status
2353:Drivers/STM32F4xx_HAL_Driver/Src/stm32f4xx_hal_spi.c ****   */
2354:Drivers/STM32F4xx_HAL_Driver/Src/stm32f4xx_hal_spi.c **** HAL_StatusTypeDef HAL_SPI_DMAStop(SPI_HandleTypeDef *hspi)
2355:Drivers/STM32F4xx_HAL_Driver/Src/stm32f4xx_hal_spi.c **** {
2356:Drivers/STM32F4xx_HAL_Driver/Src/stm32f4xx_hal_spi.c ****   HAL_StatusTypeDef errorcode = HAL_OK;
2357:Drivers/STM32F4xx_HAL_Driver/Src/stm32f4xx_hal_spi.c ****   /* The Lock is not implemented on this API to allow the user application
2358:Drivers/STM32F4xx_HAL_Driver/Src/stm32f4xx_hal_spi.c ****      to call the HAL SPI API under callbacks HAL_SPI_TxCpltCallback() or HAL_SPI_RxCpltCallback() o
2359:Drivers/STM32F4xx_HAL_Driver/Src/stm32f4xx_hal_spi.c ****      HAL_SPI_TxRxCpltCallback():
2360:Drivers/STM32F4xx_HAL_Driver/Src/stm32f4xx_hal_spi.c ****      when calling HAL_DMA_Abort() API the DMA TX/RX Transfer complete interrupt is generated
2361:Drivers/STM32F4xx_HAL_Driver/Src/stm32f4xx_hal_spi.c ****      and the correspond call back is executed HAL_SPI_TxCpltCallback() or HAL_SPI_RxCpltCallback() 
2362:Drivers/STM32F4xx_HAL_Driver/Src/stm32f4xx_hal_spi.c ****      HAL_SPI_TxRxCpltCallback()
2363:Drivers/STM32F4xx_HAL_Driver/Src/stm32f4xx_hal_spi.c ****      */
2364:Drivers/STM32F4xx_HAL_Driver/Src/stm32f4xx_hal_spi.c **** 
2365:Drivers/STM32F4xx_HAL_Driver/Src/stm32f4xx_hal_spi.c ****   /* Abort the SPI DMA tx Stream/Channel  */
2366:Drivers/STM32F4xx_HAL_Driver/Src/stm32f4xx_hal_spi.c ****   if (hspi->hdmatx != NULL)
2367:Drivers/STM32F4xx_HAL_Driver/Src/stm32f4xx_hal_spi.c ****   {
ARM GAS  C:\Users\10369\AppData\Local\Temp\ccy9FUfH.s 			page 43


2368:Drivers/STM32F4xx_HAL_Driver/Src/stm32f4xx_hal_spi.c ****     if (HAL_OK != HAL_DMA_Abort(hspi->hdmatx))
2369:Drivers/STM32F4xx_HAL_Driver/Src/stm32f4xx_hal_spi.c ****     {
2370:Drivers/STM32F4xx_HAL_Driver/Src/stm32f4xx_hal_spi.c ****       SET_BIT(hspi->ErrorCode, HAL_SPI_ERROR_DMA);
2371:Drivers/STM32F4xx_HAL_Driver/Src/stm32f4xx_hal_spi.c ****       errorcode = HAL_ERROR;
2372:Drivers/STM32F4xx_HAL_Driver/Src/stm32f4xx_hal_spi.c ****     }
2373:Drivers/STM32F4xx_HAL_Driver/Src/stm32f4xx_hal_spi.c ****   }
2374:Drivers/STM32F4xx_HAL_Driver/Src/stm32f4xx_hal_spi.c ****   /* Abort the SPI DMA rx Stream/Channel  */
2375:Drivers/STM32F4xx_HAL_Driver/Src/stm32f4xx_hal_spi.c ****   if (hspi->hdmarx != NULL)
2376:Drivers/STM32F4xx_HAL_Driver/Src/stm32f4xx_hal_spi.c ****   {
2377:Drivers/STM32F4xx_HAL_Driver/Src/stm32f4xx_hal_spi.c ****     if (HAL_OK != HAL_DMA_Abort(hspi->hdmarx))
2378:Drivers/STM32F4xx_HAL_Driver/Src/stm32f4xx_hal_spi.c ****     {
2379:Drivers/STM32F4xx_HAL_Driver/Src/stm32f4xx_hal_spi.c ****       SET_BIT(hspi->ErrorCode, HAL_SPI_ERROR_DMA);
2380:Drivers/STM32F4xx_HAL_Driver/Src/stm32f4xx_hal_spi.c ****       errorcode = HAL_ERROR;
2381:Drivers/STM32F4xx_HAL_Driver/Src/stm32f4xx_hal_spi.c ****     }
2382:Drivers/STM32F4xx_HAL_Driver/Src/stm32f4xx_hal_spi.c ****   }
2383:Drivers/STM32F4xx_HAL_Driver/Src/stm32f4xx_hal_spi.c **** 
2384:Drivers/STM32F4xx_HAL_Driver/Src/stm32f4xx_hal_spi.c ****   /* Disable the SPI DMA Tx & Rx requests */
2385:Drivers/STM32F4xx_HAL_Driver/Src/stm32f4xx_hal_spi.c ****   CLEAR_BIT(hspi->Instance->CR2, SPI_CR2_TXDMAEN | SPI_CR2_RXDMAEN);
2386:Drivers/STM32F4xx_HAL_Driver/Src/stm32f4xx_hal_spi.c ****   hspi->State = HAL_SPI_STATE_READY;
2387:Drivers/STM32F4xx_HAL_Driver/Src/stm32f4xx_hal_spi.c ****   return errorcode;
2388:Drivers/STM32F4xx_HAL_Driver/Src/stm32f4xx_hal_spi.c **** }
2389:Drivers/STM32F4xx_HAL_Driver/Src/stm32f4xx_hal_spi.c **** 
2390:Drivers/STM32F4xx_HAL_Driver/Src/stm32f4xx_hal_spi.c **** /**
2391:Drivers/STM32F4xx_HAL_Driver/Src/stm32f4xx_hal_spi.c ****   * @brief  Handle SPI interrupt request.
2392:Drivers/STM32F4xx_HAL_Driver/Src/stm32f4xx_hal_spi.c ****   * @param  hspi pointer to a SPI_HandleTypeDef structure that contains
2393:Drivers/STM32F4xx_HAL_Driver/Src/stm32f4xx_hal_spi.c ****   *               the configuration information for the specified SPI module.
2394:Drivers/STM32F4xx_HAL_Driver/Src/stm32f4xx_hal_spi.c ****   * @retval None
2395:Drivers/STM32F4xx_HAL_Driver/Src/stm32f4xx_hal_spi.c ****   */
2396:Drivers/STM32F4xx_HAL_Driver/Src/stm32f4xx_hal_spi.c **** void HAL_SPI_IRQHandler(SPI_HandleTypeDef *hspi)
2397:Drivers/STM32F4xx_HAL_Driver/Src/stm32f4xx_hal_spi.c **** {
2398:Drivers/STM32F4xx_HAL_Driver/Src/stm32f4xx_hal_spi.c ****   uint32_t itsource = hspi->Instance->CR2;
2399:Drivers/STM32F4xx_HAL_Driver/Src/stm32f4xx_hal_spi.c ****   uint32_t itflag   = hspi->Instance->SR;
2400:Drivers/STM32F4xx_HAL_Driver/Src/stm32f4xx_hal_spi.c **** 
2401:Drivers/STM32F4xx_HAL_Driver/Src/stm32f4xx_hal_spi.c ****   /* SPI in mode Receiver ----------------------------------------------------*/
2402:Drivers/STM32F4xx_HAL_Driver/Src/stm32f4xx_hal_spi.c ****   if ((SPI_CHECK_FLAG(itflag, SPI_FLAG_OVR) == RESET) &&
2403:Drivers/STM32F4xx_HAL_Driver/Src/stm32f4xx_hal_spi.c ****       (SPI_CHECK_FLAG(itflag, SPI_FLAG_RXNE) != RESET) && (SPI_CHECK_IT_SOURCE(itsource, SPI_IT_RXN
2404:Drivers/STM32F4xx_HAL_Driver/Src/stm32f4xx_hal_spi.c ****   {
2405:Drivers/STM32F4xx_HAL_Driver/Src/stm32f4xx_hal_spi.c ****     hspi->RxISR(hspi);
2406:Drivers/STM32F4xx_HAL_Driver/Src/stm32f4xx_hal_spi.c ****     return;
2407:Drivers/STM32F4xx_HAL_Driver/Src/stm32f4xx_hal_spi.c ****   }
2408:Drivers/STM32F4xx_HAL_Driver/Src/stm32f4xx_hal_spi.c **** 
2409:Drivers/STM32F4xx_HAL_Driver/Src/stm32f4xx_hal_spi.c ****   /* SPI in mode Transmitter -------------------------------------------------*/
2410:Drivers/STM32F4xx_HAL_Driver/Src/stm32f4xx_hal_spi.c ****   if ((SPI_CHECK_FLAG(itflag, SPI_FLAG_TXE) != RESET) && (SPI_CHECK_IT_SOURCE(itsource, SPI_IT_TXE)
2411:Drivers/STM32F4xx_HAL_Driver/Src/stm32f4xx_hal_spi.c ****   {
2412:Drivers/STM32F4xx_HAL_Driver/Src/stm32f4xx_hal_spi.c ****     hspi->TxISR(hspi);
2413:Drivers/STM32F4xx_HAL_Driver/Src/stm32f4xx_hal_spi.c ****     return;
2414:Drivers/STM32F4xx_HAL_Driver/Src/stm32f4xx_hal_spi.c ****   }
2415:Drivers/STM32F4xx_HAL_Driver/Src/stm32f4xx_hal_spi.c **** 
2416:Drivers/STM32F4xx_HAL_Driver/Src/stm32f4xx_hal_spi.c ****   /* SPI in Error Treatment --------------------------------------------------*/
2417:Drivers/STM32F4xx_HAL_Driver/Src/stm32f4xx_hal_spi.c ****   if (((SPI_CHECK_FLAG(itflag, SPI_FLAG_MODF) != RESET) || (SPI_CHECK_FLAG(itflag, SPI_FLAG_OVR) !=
2418:Drivers/STM32F4xx_HAL_Driver/Src/stm32f4xx_hal_spi.c ****        || (SPI_CHECK_FLAG(itflag, SPI_FLAG_FRE) != RESET)) && (SPI_CHECK_IT_SOURCE(itsource, SPI_IT
2419:Drivers/STM32F4xx_HAL_Driver/Src/stm32f4xx_hal_spi.c ****   {
2420:Drivers/STM32F4xx_HAL_Driver/Src/stm32f4xx_hal_spi.c ****     /* SPI Overrun error interrupt occurred ----------------------------------*/
2421:Drivers/STM32F4xx_HAL_Driver/Src/stm32f4xx_hal_spi.c ****     if (SPI_CHECK_FLAG(itflag, SPI_FLAG_OVR) != RESET)
2422:Drivers/STM32F4xx_HAL_Driver/Src/stm32f4xx_hal_spi.c ****     {
2423:Drivers/STM32F4xx_HAL_Driver/Src/stm32f4xx_hal_spi.c ****       if (hspi->State != HAL_SPI_STATE_BUSY_TX)
2424:Drivers/STM32F4xx_HAL_Driver/Src/stm32f4xx_hal_spi.c ****       {
ARM GAS  C:\Users\10369\AppData\Local\Temp\ccy9FUfH.s 			page 44


2425:Drivers/STM32F4xx_HAL_Driver/Src/stm32f4xx_hal_spi.c ****         SET_BIT(hspi->ErrorCode, HAL_SPI_ERROR_OVR);
2426:Drivers/STM32F4xx_HAL_Driver/Src/stm32f4xx_hal_spi.c ****         __HAL_SPI_CLEAR_OVRFLAG(hspi);
2427:Drivers/STM32F4xx_HAL_Driver/Src/stm32f4xx_hal_spi.c ****       }
2428:Drivers/STM32F4xx_HAL_Driver/Src/stm32f4xx_hal_spi.c ****       else
2429:Drivers/STM32F4xx_HAL_Driver/Src/stm32f4xx_hal_spi.c ****       {
2430:Drivers/STM32F4xx_HAL_Driver/Src/stm32f4xx_hal_spi.c ****         __HAL_SPI_CLEAR_OVRFLAG(hspi);
2431:Drivers/STM32F4xx_HAL_Driver/Src/stm32f4xx_hal_spi.c ****         return;
2432:Drivers/STM32F4xx_HAL_Driver/Src/stm32f4xx_hal_spi.c ****       }
2433:Drivers/STM32F4xx_HAL_Driver/Src/stm32f4xx_hal_spi.c ****     }
2434:Drivers/STM32F4xx_HAL_Driver/Src/stm32f4xx_hal_spi.c **** 
2435:Drivers/STM32F4xx_HAL_Driver/Src/stm32f4xx_hal_spi.c ****     /* SPI Mode Fault error interrupt occurred -------------------------------*/
2436:Drivers/STM32F4xx_HAL_Driver/Src/stm32f4xx_hal_spi.c ****     if (SPI_CHECK_FLAG(itflag, SPI_FLAG_MODF) != RESET)
2437:Drivers/STM32F4xx_HAL_Driver/Src/stm32f4xx_hal_spi.c ****     {
2438:Drivers/STM32F4xx_HAL_Driver/Src/stm32f4xx_hal_spi.c ****       SET_BIT(hspi->ErrorCode, HAL_SPI_ERROR_MODF);
2439:Drivers/STM32F4xx_HAL_Driver/Src/stm32f4xx_hal_spi.c ****       __HAL_SPI_CLEAR_MODFFLAG(hspi);
2440:Drivers/STM32F4xx_HAL_Driver/Src/stm32f4xx_hal_spi.c ****     }
2441:Drivers/STM32F4xx_HAL_Driver/Src/stm32f4xx_hal_spi.c **** 
2442:Drivers/STM32F4xx_HAL_Driver/Src/stm32f4xx_hal_spi.c ****     /* SPI Frame error interrupt occurred ------------------------------------*/
2443:Drivers/STM32F4xx_HAL_Driver/Src/stm32f4xx_hal_spi.c ****     if (SPI_CHECK_FLAG(itflag, SPI_FLAG_FRE) != RESET)
2444:Drivers/STM32F4xx_HAL_Driver/Src/stm32f4xx_hal_spi.c ****     {
2445:Drivers/STM32F4xx_HAL_Driver/Src/stm32f4xx_hal_spi.c ****       SET_BIT(hspi->ErrorCode, HAL_SPI_ERROR_FRE);
2446:Drivers/STM32F4xx_HAL_Driver/Src/stm32f4xx_hal_spi.c ****       __HAL_SPI_CLEAR_FREFLAG(hspi);
2447:Drivers/STM32F4xx_HAL_Driver/Src/stm32f4xx_hal_spi.c ****     }
2448:Drivers/STM32F4xx_HAL_Driver/Src/stm32f4xx_hal_spi.c **** 
2449:Drivers/STM32F4xx_HAL_Driver/Src/stm32f4xx_hal_spi.c ****     if (hspi->ErrorCode != HAL_SPI_ERROR_NONE)
2450:Drivers/STM32F4xx_HAL_Driver/Src/stm32f4xx_hal_spi.c ****     {
2451:Drivers/STM32F4xx_HAL_Driver/Src/stm32f4xx_hal_spi.c ****       /* Disable all interrupts */
2452:Drivers/STM32F4xx_HAL_Driver/Src/stm32f4xx_hal_spi.c ****       __HAL_SPI_DISABLE_IT(hspi, SPI_IT_RXNE | SPI_IT_TXE | SPI_IT_ERR);
2453:Drivers/STM32F4xx_HAL_Driver/Src/stm32f4xx_hal_spi.c **** 
2454:Drivers/STM32F4xx_HAL_Driver/Src/stm32f4xx_hal_spi.c ****       hspi->State = HAL_SPI_STATE_READY;
2455:Drivers/STM32F4xx_HAL_Driver/Src/stm32f4xx_hal_spi.c ****       /* Disable the SPI DMA requests if enabled */
2456:Drivers/STM32F4xx_HAL_Driver/Src/stm32f4xx_hal_spi.c ****       if ((HAL_IS_BIT_SET(itsource, SPI_CR2_TXDMAEN)) || (HAL_IS_BIT_SET(itsource, SPI_CR2_RXDMAEN)
2457:Drivers/STM32F4xx_HAL_Driver/Src/stm32f4xx_hal_spi.c ****       {
2458:Drivers/STM32F4xx_HAL_Driver/Src/stm32f4xx_hal_spi.c ****         CLEAR_BIT(hspi->Instance->CR2, (SPI_CR2_TXDMAEN | SPI_CR2_RXDMAEN));
2459:Drivers/STM32F4xx_HAL_Driver/Src/stm32f4xx_hal_spi.c **** 
2460:Drivers/STM32F4xx_HAL_Driver/Src/stm32f4xx_hal_spi.c ****         /* Abort the SPI DMA Rx channel */
2461:Drivers/STM32F4xx_HAL_Driver/Src/stm32f4xx_hal_spi.c ****         if (hspi->hdmarx != NULL)
2462:Drivers/STM32F4xx_HAL_Driver/Src/stm32f4xx_hal_spi.c ****         {
2463:Drivers/STM32F4xx_HAL_Driver/Src/stm32f4xx_hal_spi.c ****           /* Set the SPI DMA Abort callback :
2464:Drivers/STM32F4xx_HAL_Driver/Src/stm32f4xx_hal_spi.c ****           will lead to call HAL_SPI_ErrorCallback() at end of DMA abort procedure */
2465:Drivers/STM32F4xx_HAL_Driver/Src/stm32f4xx_hal_spi.c ****           hspi->hdmarx->XferAbortCallback = SPI_DMAAbortOnError;
2466:Drivers/STM32F4xx_HAL_Driver/Src/stm32f4xx_hal_spi.c ****           if (HAL_OK != HAL_DMA_Abort_IT(hspi->hdmarx))
2467:Drivers/STM32F4xx_HAL_Driver/Src/stm32f4xx_hal_spi.c ****           {
2468:Drivers/STM32F4xx_HAL_Driver/Src/stm32f4xx_hal_spi.c ****             SET_BIT(hspi->ErrorCode, HAL_SPI_ERROR_ABORT);
2469:Drivers/STM32F4xx_HAL_Driver/Src/stm32f4xx_hal_spi.c ****           }
2470:Drivers/STM32F4xx_HAL_Driver/Src/stm32f4xx_hal_spi.c ****         }
2471:Drivers/STM32F4xx_HAL_Driver/Src/stm32f4xx_hal_spi.c ****         /* Abort the SPI DMA Tx channel */
2472:Drivers/STM32F4xx_HAL_Driver/Src/stm32f4xx_hal_spi.c ****         if (hspi->hdmatx != NULL)
2473:Drivers/STM32F4xx_HAL_Driver/Src/stm32f4xx_hal_spi.c ****         {
2474:Drivers/STM32F4xx_HAL_Driver/Src/stm32f4xx_hal_spi.c ****           /* Set the SPI DMA Abort callback :
2475:Drivers/STM32F4xx_HAL_Driver/Src/stm32f4xx_hal_spi.c ****           will lead to call HAL_SPI_ErrorCallback() at end of DMA abort procedure */
2476:Drivers/STM32F4xx_HAL_Driver/Src/stm32f4xx_hal_spi.c ****           hspi->hdmatx->XferAbortCallback = SPI_DMAAbortOnError;
2477:Drivers/STM32F4xx_HAL_Driver/Src/stm32f4xx_hal_spi.c ****           if (HAL_OK != HAL_DMA_Abort_IT(hspi->hdmatx))
2478:Drivers/STM32F4xx_HAL_Driver/Src/stm32f4xx_hal_spi.c ****           {
2479:Drivers/STM32F4xx_HAL_Driver/Src/stm32f4xx_hal_spi.c ****             SET_BIT(hspi->ErrorCode, HAL_SPI_ERROR_ABORT);
2480:Drivers/STM32F4xx_HAL_Driver/Src/stm32f4xx_hal_spi.c ****           }
2481:Drivers/STM32F4xx_HAL_Driver/Src/stm32f4xx_hal_spi.c ****         }
ARM GAS  C:\Users\10369\AppData\Local\Temp\ccy9FUfH.s 			page 45


2482:Drivers/STM32F4xx_HAL_Driver/Src/stm32f4xx_hal_spi.c ****       }
2483:Drivers/STM32F4xx_HAL_Driver/Src/stm32f4xx_hal_spi.c ****       else
2484:Drivers/STM32F4xx_HAL_Driver/Src/stm32f4xx_hal_spi.c ****       {
2485:Drivers/STM32F4xx_HAL_Driver/Src/stm32f4xx_hal_spi.c ****         /* Call user error callback */
2486:Drivers/STM32F4xx_HAL_Driver/Src/stm32f4xx_hal_spi.c **** #if (USE_HAL_SPI_REGISTER_CALLBACKS == 1U)
2487:Drivers/STM32F4xx_HAL_Driver/Src/stm32f4xx_hal_spi.c ****         hspi->ErrorCallback(hspi);
2488:Drivers/STM32F4xx_HAL_Driver/Src/stm32f4xx_hal_spi.c **** #else
2489:Drivers/STM32F4xx_HAL_Driver/Src/stm32f4xx_hal_spi.c ****         HAL_SPI_ErrorCallback(hspi);
2490:Drivers/STM32F4xx_HAL_Driver/Src/stm32f4xx_hal_spi.c **** #endif /* USE_HAL_SPI_REGISTER_CALLBACKS */
2491:Drivers/STM32F4xx_HAL_Driver/Src/stm32f4xx_hal_spi.c ****       }
2492:Drivers/STM32F4xx_HAL_Driver/Src/stm32f4xx_hal_spi.c ****     }
2493:Drivers/STM32F4xx_HAL_Driver/Src/stm32f4xx_hal_spi.c ****     return;
2494:Drivers/STM32F4xx_HAL_Driver/Src/stm32f4xx_hal_spi.c ****   }
2495:Drivers/STM32F4xx_HAL_Driver/Src/stm32f4xx_hal_spi.c **** }
2496:Drivers/STM32F4xx_HAL_Driver/Src/stm32f4xx_hal_spi.c **** 
2497:Drivers/STM32F4xx_HAL_Driver/Src/stm32f4xx_hal_spi.c **** /**
2498:Drivers/STM32F4xx_HAL_Driver/Src/stm32f4xx_hal_spi.c ****   * @brief  Tx Transfer completed callback.
2499:Drivers/STM32F4xx_HAL_Driver/Src/stm32f4xx_hal_spi.c ****   * @param  hspi pointer to a SPI_HandleTypeDef structure that contains
2500:Drivers/STM32F4xx_HAL_Driver/Src/stm32f4xx_hal_spi.c ****   *               the configuration information for SPI module.
2501:Drivers/STM32F4xx_HAL_Driver/Src/stm32f4xx_hal_spi.c ****   * @retval None
2502:Drivers/STM32F4xx_HAL_Driver/Src/stm32f4xx_hal_spi.c ****   */
2503:Drivers/STM32F4xx_HAL_Driver/Src/stm32f4xx_hal_spi.c **** __weak void HAL_SPI_TxCpltCallback(SPI_HandleTypeDef *hspi)
2504:Drivers/STM32F4xx_HAL_Driver/Src/stm32f4xx_hal_spi.c **** {
2505:Drivers/STM32F4xx_HAL_Driver/Src/stm32f4xx_hal_spi.c ****   /* Prevent unused argument(s) compilation warning */
2506:Drivers/STM32F4xx_HAL_Driver/Src/stm32f4xx_hal_spi.c ****   UNUSED(hspi);
2507:Drivers/STM32F4xx_HAL_Driver/Src/stm32f4xx_hal_spi.c **** 
2508:Drivers/STM32F4xx_HAL_Driver/Src/stm32f4xx_hal_spi.c ****   /* NOTE : This function should not be modified, when the callback is needed,
2509:Drivers/STM32F4xx_HAL_Driver/Src/stm32f4xx_hal_spi.c ****             the HAL_SPI_TxCpltCallback should be implemented in the user file
2510:Drivers/STM32F4xx_HAL_Driver/Src/stm32f4xx_hal_spi.c ****    */
2511:Drivers/STM32F4xx_HAL_Driver/Src/stm32f4xx_hal_spi.c **** }
2512:Drivers/STM32F4xx_HAL_Driver/Src/stm32f4xx_hal_spi.c **** 
2513:Drivers/STM32F4xx_HAL_Driver/Src/stm32f4xx_hal_spi.c **** /**
2514:Drivers/STM32F4xx_HAL_Driver/Src/stm32f4xx_hal_spi.c ****   * @brief  Rx Transfer completed callback.
2515:Drivers/STM32F4xx_HAL_Driver/Src/stm32f4xx_hal_spi.c ****   * @param  hspi pointer to a SPI_HandleTypeDef structure that contains
2516:Drivers/STM32F4xx_HAL_Driver/Src/stm32f4xx_hal_spi.c ****   *               the configuration information for SPI module.
2517:Drivers/STM32F4xx_HAL_Driver/Src/stm32f4xx_hal_spi.c ****   * @retval None
2518:Drivers/STM32F4xx_HAL_Driver/Src/stm32f4xx_hal_spi.c ****   */
2519:Drivers/STM32F4xx_HAL_Driver/Src/stm32f4xx_hal_spi.c **** __weak void HAL_SPI_RxCpltCallback(SPI_HandleTypeDef *hspi)
2520:Drivers/STM32F4xx_HAL_Driver/Src/stm32f4xx_hal_spi.c **** {
2521:Drivers/STM32F4xx_HAL_Driver/Src/stm32f4xx_hal_spi.c ****   /* Prevent unused argument(s) compilation warning */
2522:Drivers/STM32F4xx_HAL_Driver/Src/stm32f4xx_hal_spi.c ****   UNUSED(hspi);
2523:Drivers/STM32F4xx_HAL_Driver/Src/stm32f4xx_hal_spi.c **** 
2524:Drivers/STM32F4xx_HAL_Driver/Src/stm32f4xx_hal_spi.c ****   /* NOTE : This function should not be modified, when the callback is needed,
2525:Drivers/STM32F4xx_HAL_Driver/Src/stm32f4xx_hal_spi.c ****             the HAL_SPI_RxCpltCallback should be implemented in the user file
2526:Drivers/STM32F4xx_HAL_Driver/Src/stm32f4xx_hal_spi.c ****    */
2527:Drivers/STM32F4xx_HAL_Driver/Src/stm32f4xx_hal_spi.c **** }
2528:Drivers/STM32F4xx_HAL_Driver/Src/stm32f4xx_hal_spi.c **** 
2529:Drivers/STM32F4xx_HAL_Driver/Src/stm32f4xx_hal_spi.c **** /**
2530:Drivers/STM32F4xx_HAL_Driver/Src/stm32f4xx_hal_spi.c ****   * @brief  Tx and Rx Transfer completed callback.
2531:Drivers/STM32F4xx_HAL_Driver/Src/stm32f4xx_hal_spi.c ****   * @param  hspi pointer to a SPI_HandleTypeDef structure that contains
2532:Drivers/STM32F4xx_HAL_Driver/Src/stm32f4xx_hal_spi.c ****   *               the configuration information for SPI module.
2533:Drivers/STM32F4xx_HAL_Driver/Src/stm32f4xx_hal_spi.c ****   * @retval None
2534:Drivers/STM32F4xx_HAL_Driver/Src/stm32f4xx_hal_spi.c ****   */
2535:Drivers/STM32F4xx_HAL_Driver/Src/stm32f4xx_hal_spi.c **** __weak void HAL_SPI_TxRxCpltCallback(SPI_HandleTypeDef *hspi)
2536:Drivers/STM32F4xx_HAL_Driver/Src/stm32f4xx_hal_spi.c **** {
2537:Drivers/STM32F4xx_HAL_Driver/Src/stm32f4xx_hal_spi.c ****   /* Prevent unused argument(s) compilation warning */
2538:Drivers/STM32F4xx_HAL_Driver/Src/stm32f4xx_hal_spi.c ****   UNUSED(hspi);
ARM GAS  C:\Users\10369\AppData\Local\Temp\ccy9FUfH.s 			page 46


2539:Drivers/STM32F4xx_HAL_Driver/Src/stm32f4xx_hal_spi.c **** 
2540:Drivers/STM32F4xx_HAL_Driver/Src/stm32f4xx_hal_spi.c ****   /* NOTE : This function should not be modified, when the callback is needed,
2541:Drivers/STM32F4xx_HAL_Driver/Src/stm32f4xx_hal_spi.c ****             the HAL_SPI_TxRxCpltCallback should be implemented in the user file
2542:Drivers/STM32F4xx_HAL_Driver/Src/stm32f4xx_hal_spi.c ****    */
2543:Drivers/STM32F4xx_HAL_Driver/Src/stm32f4xx_hal_spi.c **** }
2544:Drivers/STM32F4xx_HAL_Driver/Src/stm32f4xx_hal_spi.c **** 
2545:Drivers/STM32F4xx_HAL_Driver/Src/stm32f4xx_hal_spi.c **** /**
2546:Drivers/STM32F4xx_HAL_Driver/Src/stm32f4xx_hal_spi.c ****   * @brief  Tx Half Transfer completed callback.
2547:Drivers/STM32F4xx_HAL_Driver/Src/stm32f4xx_hal_spi.c ****   * @param  hspi pointer to a SPI_HandleTypeDef structure that contains
2548:Drivers/STM32F4xx_HAL_Driver/Src/stm32f4xx_hal_spi.c ****   *               the configuration information for SPI module.
2549:Drivers/STM32F4xx_HAL_Driver/Src/stm32f4xx_hal_spi.c ****   * @retval None
2550:Drivers/STM32F4xx_HAL_Driver/Src/stm32f4xx_hal_spi.c ****   */
2551:Drivers/STM32F4xx_HAL_Driver/Src/stm32f4xx_hal_spi.c **** __weak void HAL_SPI_TxHalfCpltCallback(SPI_HandleTypeDef *hspi)
2552:Drivers/STM32F4xx_HAL_Driver/Src/stm32f4xx_hal_spi.c **** {
2553:Drivers/STM32F4xx_HAL_Driver/Src/stm32f4xx_hal_spi.c ****   /* Prevent unused argument(s) compilation warning */
2554:Drivers/STM32F4xx_HAL_Driver/Src/stm32f4xx_hal_spi.c ****   UNUSED(hspi);
2555:Drivers/STM32F4xx_HAL_Driver/Src/stm32f4xx_hal_spi.c **** 
2556:Drivers/STM32F4xx_HAL_Driver/Src/stm32f4xx_hal_spi.c ****   /* NOTE : This function should not be modified, when the callback is needed,
2557:Drivers/STM32F4xx_HAL_Driver/Src/stm32f4xx_hal_spi.c ****             the HAL_SPI_TxHalfCpltCallback should be implemented in the user file
2558:Drivers/STM32F4xx_HAL_Driver/Src/stm32f4xx_hal_spi.c ****    */
2559:Drivers/STM32F4xx_HAL_Driver/Src/stm32f4xx_hal_spi.c **** }
2560:Drivers/STM32F4xx_HAL_Driver/Src/stm32f4xx_hal_spi.c **** 
2561:Drivers/STM32F4xx_HAL_Driver/Src/stm32f4xx_hal_spi.c **** /**
2562:Drivers/STM32F4xx_HAL_Driver/Src/stm32f4xx_hal_spi.c ****   * @brief  Rx Half Transfer completed callback.
2563:Drivers/STM32F4xx_HAL_Driver/Src/stm32f4xx_hal_spi.c ****   * @param  hspi pointer to a SPI_HandleTypeDef structure that contains
2564:Drivers/STM32F4xx_HAL_Driver/Src/stm32f4xx_hal_spi.c ****   *               the configuration information for SPI module.
2565:Drivers/STM32F4xx_HAL_Driver/Src/stm32f4xx_hal_spi.c ****   * @retval None
2566:Drivers/STM32F4xx_HAL_Driver/Src/stm32f4xx_hal_spi.c ****   */
2567:Drivers/STM32F4xx_HAL_Driver/Src/stm32f4xx_hal_spi.c **** __weak void HAL_SPI_RxHalfCpltCallback(SPI_HandleTypeDef *hspi)
2568:Drivers/STM32F4xx_HAL_Driver/Src/stm32f4xx_hal_spi.c **** {
2569:Drivers/STM32F4xx_HAL_Driver/Src/stm32f4xx_hal_spi.c ****   /* Prevent unused argument(s) compilation warning */
2570:Drivers/STM32F4xx_HAL_Driver/Src/stm32f4xx_hal_spi.c ****   UNUSED(hspi);
2571:Drivers/STM32F4xx_HAL_Driver/Src/stm32f4xx_hal_spi.c **** 
2572:Drivers/STM32F4xx_HAL_Driver/Src/stm32f4xx_hal_spi.c ****   /* NOTE : This function should not be modified, when the callback is needed,
2573:Drivers/STM32F4xx_HAL_Driver/Src/stm32f4xx_hal_spi.c ****             the HAL_SPI_RxHalfCpltCallback() should be implemented in the user file
2574:Drivers/STM32F4xx_HAL_Driver/Src/stm32f4xx_hal_spi.c ****    */
2575:Drivers/STM32F4xx_HAL_Driver/Src/stm32f4xx_hal_spi.c **** }
2576:Drivers/STM32F4xx_HAL_Driver/Src/stm32f4xx_hal_spi.c **** 
2577:Drivers/STM32F4xx_HAL_Driver/Src/stm32f4xx_hal_spi.c **** /**
2578:Drivers/STM32F4xx_HAL_Driver/Src/stm32f4xx_hal_spi.c ****   * @brief  Tx and Rx Half Transfer callback.
2579:Drivers/STM32F4xx_HAL_Driver/Src/stm32f4xx_hal_spi.c ****   * @param  hspi pointer to a SPI_HandleTypeDef structure that contains
2580:Drivers/STM32F4xx_HAL_Driver/Src/stm32f4xx_hal_spi.c ****   *               the configuration information for SPI module.
2581:Drivers/STM32F4xx_HAL_Driver/Src/stm32f4xx_hal_spi.c ****   * @retval None
2582:Drivers/STM32F4xx_HAL_Driver/Src/stm32f4xx_hal_spi.c ****   */
2583:Drivers/STM32F4xx_HAL_Driver/Src/stm32f4xx_hal_spi.c **** __weak void HAL_SPI_TxRxHalfCpltCallback(SPI_HandleTypeDef *hspi)
2584:Drivers/STM32F4xx_HAL_Driver/Src/stm32f4xx_hal_spi.c **** {
2585:Drivers/STM32F4xx_HAL_Driver/Src/stm32f4xx_hal_spi.c ****   /* Prevent unused argument(s) compilation warning */
2586:Drivers/STM32F4xx_HAL_Driver/Src/stm32f4xx_hal_spi.c ****   UNUSED(hspi);
2587:Drivers/STM32F4xx_HAL_Driver/Src/stm32f4xx_hal_spi.c **** 
2588:Drivers/STM32F4xx_HAL_Driver/Src/stm32f4xx_hal_spi.c ****   /* NOTE : This function should not be modified, when the callback is needed,
2589:Drivers/STM32F4xx_HAL_Driver/Src/stm32f4xx_hal_spi.c ****             the HAL_SPI_TxRxHalfCpltCallback() should be implemented in the user file
2590:Drivers/STM32F4xx_HAL_Driver/Src/stm32f4xx_hal_spi.c ****    */
2591:Drivers/STM32F4xx_HAL_Driver/Src/stm32f4xx_hal_spi.c **** }
2592:Drivers/STM32F4xx_HAL_Driver/Src/stm32f4xx_hal_spi.c **** 
2593:Drivers/STM32F4xx_HAL_Driver/Src/stm32f4xx_hal_spi.c **** /**
2594:Drivers/STM32F4xx_HAL_Driver/Src/stm32f4xx_hal_spi.c ****   * @brief  SPI error callback.
2595:Drivers/STM32F4xx_HAL_Driver/Src/stm32f4xx_hal_spi.c ****   * @param  hspi pointer to a SPI_HandleTypeDef structure that contains
ARM GAS  C:\Users\10369\AppData\Local\Temp\ccy9FUfH.s 			page 47


2596:Drivers/STM32F4xx_HAL_Driver/Src/stm32f4xx_hal_spi.c ****   *               the configuration information for SPI module.
2597:Drivers/STM32F4xx_HAL_Driver/Src/stm32f4xx_hal_spi.c ****   * @retval None
2598:Drivers/STM32F4xx_HAL_Driver/Src/stm32f4xx_hal_spi.c ****   */
2599:Drivers/STM32F4xx_HAL_Driver/Src/stm32f4xx_hal_spi.c **** __weak void HAL_SPI_ErrorCallback(SPI_HandleTypeDef *hspi)
2600:Drivers/STM32F4xx_HAL_Driver/Src/stm32f4xx_hal_spi.c **** {
2601:Drivers/STM32F4xx_HAL_Driver/Src/stm32f4xx_hal_spi.c ****   /* Prevent unused argument(s) compilation warning */
2602:Drivers/STM32F4xx_HAL_Driver/Src/stm32f4xx_hal_spi.c ****   UNUSED(hspi);
2603:Drivers/STM32F4xx_HAL_Driver/Src/stm32f4xx_hal_spi.c **** 
2604:Drivers/STM32F4xx_HAL_Driver/Src/stm32f4xx_hal_spi.c ****   /* NOTE : This function should not be modified, when the callback is needed,
2605:Drivers/STM32F4xx_HAL_Driver/Src/stm32f4xx_hal_spi.c ****             the HAL_SPI_ErrorCallback should be implemented in the user file
2606:Drivers/STM32F4xx_HAL_Driver/Src/stm32f4xx_hal_spi.c ****    */
2607:Drivers/STM32F4xx_HAL_Driver/Src/stm32f4xx_hal_spi.c ****   /* NOTE : The ErrorCode parameter in the hspi handle is updated by the SPI processes
2608:Drivers/STM32F4xx_HAL_Driver/Src/stm32f4xx_hal_spi.c ****             and user can use HAL_SPI_GetError() API to check the latest error occurred
2609:Drivers/STM32F4xx_HAL_Driver/Src/stm32f4xx_hal_spi.c ****    */
2610:Drivers/STM32F4xx_HAL_Driver/Src/stm32f4xx_hal_spi.c **** }
2611:Drivers/STM32F4xx_HAL_Driver/Src/stm32f4xx_hal_spi.c **** 
2612:Drivers/STM32F4xx_HAL_Driver/Src/stm32f4xx_hal_spi.c **** /**
2613:Drivers/STM32F4xx_HAL_Driver/Src/stm32f4xx_hal_spi.c ****   * @brief  SPI Abort Complete callback.
2614:Drivers/STM32F4xx_HAL_Driver/Src/stm32f4xx_hal_spi.c ****   * @param  hspi SPI handle.
2615:Drivers/STM32F4xx_HAL_Driver/Src/stm32f4xx_hal_spi.c ****   * @retval None
2616:Drivers/STM32F4xx_HAL_Driver/Src/stm32f4xx_hal_spi.c ****   */
2617:Drivers/STM32F4xx_HAL_Driver/Src/stm32f4xx_hal_spi.c **** __weak void HAL_SPI_AbortCpltCallback(SPI_HandleTypeDef *hspi)
2618:Drivers/STM32F4xx_HAL_Driver/Src/stm32f4xx_hal_spi.c **** {
2619:Drivers/STM32F4xx_HAL_Driver/Src/stm32f4xx_hal_spi.c ****   /* Prevent unused argument(s) compilation warning */
2620:Drivers/STM32F4xx_HAL_Driver/Src/stm32f4xx_hal_spi.c ****   UNUSED(hspi);
2621:Drivers/STM32F4xx_HAL_Driver/Src/stm32f4xx_hal_spi.c **** 
2622:Drivers/STM32F4xx_HAL_Driver/Src/stm32f4xx_hal_spi.c ****   /* NOTE : This function should not be modified, when the callback is needed,
2623:Drivers/STM32F4xx_HAL_Driver/Src/stm32f4xx_hal_spi.c ****             the HAL_SPI_AbortCpltCallback can be implemented in the user file.
2624:Drivers/STM32F4xx_HAL_Driver/Src/stm32f4xx_hal_spi.c ****    */
2625:Drivers/STM32F4xx_HAL_Driver/Src/stm32f4xx_hal_spi.c **** }
2626:Drivers/STM32F4xx_HAL_Driver/Src/stm32f4xx_hal_spi.c **** 
2627:Drivers/STM32F4xx_HAL_Driver/Src/stm32f4xx_hal_spi.c **** /**
2628:Drivers/STM32F4xx_HAL_Driver/Src/stm32f4xx_hal_spi.c ****   * @}
2629:Drivers/STM32F4xx_HAL_Driver/Src/stm32f4xx_hal_spi.c ****   */
2630:Drivers/STM32F4xx_HAL_Driver/Src/stm32f4xx_hal_spi.c **** 
2631:Drivers/STM32F4xx_HAL_Driver/Src/stm32f4xx_hal_spi.c **** /** @defgroup SPI_Exported_Functions_Group3 Peripheral State and Errors functions
2632:Drivers/STM32F4xx_HAL_Driver/Src/stm32f4xx_hal_spi.c ****   * @brief   SPI control functions
2633:Drivers/STM32F4xx_HAL_Driver/Src/stm32f4xx_hal_spi.c ****   *
2634:Drivers/STM32F4xx_HAL_Driver/Src/stm32f4xx_hal_spi.c **** @verbatim
2635:Drivers/STM32F4xx_HAL_Driver/Src/stm32f4xx_hal_spi.c ****  ===============================================================================
2636:Drivers/STM32F4xx_HAL_Driver/Src/stm32f4xx_hal_spi.c ****                       ##### Peripheral State and Errors functions #####
2637:Drivers/STM32F4xx_HAL_Driver/Src/stm32f4xx_hal_spi.c ****  ===============================================================================
2638:Drivers/STM32F4xx_HAL_Driver/Src/stm32f4xx_hal_spi.c ****     [..]
2639:Drivers/STM32F4xx_HAL_Driver/Src/stm32f4xx_hal_spi.c ****     This subsection provides a set of functions allowing to control the SPI.
2640:Drivers/STM32F4xx_HAL_Driver/Src/stm32f4xx_hal_spi.c ****      (+) HAL_SPI_GetState() API can be helpful to check in run-time the state of the SPI peripheral
2641:Drivers/STM32F4xx_HAL_Driver/Src/stm32f4xx_hal_spi.c ****      (+) HAL_SPI_GetError() check in run-time Errors occurring during communication
2642:Drivers/STM32F4xx_HAL_Driver/Src/stm32f4xx_hal_spi.c **** @endverbatim
2643:Drivers/STM32F4xx_HAL_Driver/Src/stm32f4xx_hal_spi.c ****   * @{
2644:Drivers/STM32F4xx_HAL_Driver/Src/stm32f4xx_hal_spi.c ****   */
2645:Drivers/STM32F4xx_HAL_Driver/Src/stm32f4xx_hal_spi.c **** 
2646:Drivers/STM32F4xx_HAL_Driver/Src/stm32f4xx_hal_spi.c **** /**
2647:Drivers/STM32F4xx_HAL_Driver/Src/stm32f4xx_hal_spi.c ****   * @brief  Return the SPI handle state.
2648:Drivers/STM32F4xx_HAL_Driver/Src/stm32f4xx_hal_spi.c ****   * @param  hspi pointer to a SPI_HandleTypeDef structure that contains
2649:Drivers/STM32F4xx_HAL_Driver/Src/stm32f4xx_hal_spi.c ****   *               the configuration information for SPI module.
2650:Drivers/STM32F4xx_HAL_Driver/Src/stm32f4xx_hal_spi.c ****   * @retval SPI state
2651:Drivers/STM32F4xx_HAL_Driver/Src/stm32f4xx_hal_spi.c ****   */
2652:Drivers/STM32F4xx_HAL_Driver/Src/stm32f4xx_hal_spi.c **** HAL_SPI_StateTypeDef HAL_SPI_GetState(const SPI_HandleTypeDef *hspi)
ARM GAS  C:\Users\10369\AppData\Local\Temp\ccy9FUfH.s 			page 48


2653:Drivers/STM32F4xx_HAL_Driver/Src/stm32f4xx_hal_spi.c **** {
2654:Drivers/STM32F4xx_HAL_Driver/Src/stm32f4xx_hal_spi.c ****   /* Return SPI handle state */
2655:Drivers/STM32F4xx_HAL_Driver/Src/stm32f4xx_hal_spi.c ****   return hspi->State;
2656:Drivers/STM32F4xx_HAL_Driver/Src/stm32f4xx_hal_spi.c **** }
2657:Drivers/STM32F4xx_HAL_Driver/Src/stm32f4xx_hal_spi.c **** 
2658:Drivers/STM32F4xx_HAL_Driver/Src/stm32f4xx_hal_spi.c **** /**
2659:Drivers/STM32F4xx_HAL_Driver/Src/stm32f4xx_hal_spi.c ****   * @brief  Return the SPI error code.
2660:Drivers/STM32F4xx_HAL_Driver/Src/stm32f4xx_hal_spi.c ****   * @param  hspi pointer to a SPI_HandleTypeDef structure that contains
2661:Drivers/STM32F4xx_HAL_Driver/Src/stm32f4xx_hal_spi.c ****   *               the configuration information for SPI module.
2662:Drivers/STM32F4xx_HAL_Driver/Src/stm32f4xx_hal_spi.c ****   * @retval SPI error code in bitmap format
2663:Drivers/STM32F4xx_HAL_Driver/Src/stm32f4xx_hal_spi.c ****   */
2664:Drivers/STM32F4xx_HAL_Driver/Src/stm32f4xx_hal_spi.c **** uint32_t HAL_SPI_GetError(const SPI_HandleTypeDef *hspi)
2665:Drivers/STM32F4xx_HAL_Driver/Src/stm32f4xx_hal_spi.c **** {
2666:Drivers/STM32F4xx_HAL_Driver/Src/stm32f4xx_hal_spi.c ****   /* Return SPI ErrorCode */
2667:Drivers/STM32F4xx_HAL_Driver/Src/stm32f4xx_hal_spi.c ****   return hspi->ErrorCode;
2668:Drivers/STM32F4xx_HAL_Driver/Src/stm32f4xx_hal_spi.c **** }
2669:Drivers/STM32F4xx_HAL_Driver/Src/stm32f4xx_hal_spi.c **** 
2670:Drivers/STM32F4xx_HAL_Driver/Src/stm32f4xx_hal_spi.c **** /**
2671:Drivers/STM32F4xx_HAL_Driver/Src/stm32f4xx_hal_spi.c ****   * @}
2672:Drivers/STM32F4xx_HAL_Driver/Src/stm32f4xx_hal_spi.c ****   */
2673:Drivers/STM32F4xx_HAL_Driver/Src/stm32f4xx_hal_spi.c **** 
2674:Drivers/STM32F4xx_HAL_Driver/Src/stm32f4xx_hal_spi.c **** /**
2675:Drivers/STM32F4xx_HAL_Driver/Src/stm32f4xx_hal_spi.c ****   * @}
2676:Drivers/STM32F4xx_HAL_Driver/Src/stm32f4xx_hal_spi.c ****   */
2677:Drivers/STM32F4xx_HAL_Driver/Src/stm32f4xx_hal_spi.c **** 
2678:Drivers/STM32F4xx_HAL_Driver/Src/stm32f4xx_hal_spi.c **** /** @addtogroup SPI_Private_Functions
2679:Drivers/STM32F4xx_HAL_Driver/Src/stm32f4xx_hal_spi.c ****   * @brief   Private functions
2680:Drivers/STM32F4xx_HAL_Driver/Src/stm32f4xx_hal_spi.c ****   * @{
2681:Drivers/STM32F4xx_HAL_Driver/Src/stm32f4xx_hal_spi.c ****   */
2682:Drivers/STM32F4xx_HAL_Driver/Src/stm32f4xx_hal_spi.c **** 
2683:Drivers/STM32F4xx_HAL_Driver/Src/stm32f4xx_hal_spi.c **** /**
2684:Drivers/STM32F4xx_HAL_Driver/Src/stm32f4xx_hal_spi.c ****   * @brief  DMA SPI transmit process complete callback.
2685:Drivers/STM32F4xx_HAL_Driver/Src/stm32f4xx_hal_spi.c ****   * @param  hdma pointer to a DMA_HandleTypeDef structure that contains
2686:Drivers/STM32F4xx_HAL_Driver/Src/stm32f4xx_hal_spi.c ****   *               the configuration information for the specified DMA module.
2687:Drivers/STM32F4xx_HAL_Driver/Src/stm32f4xx_hal_spi.c ****   * @retval None
2688:Drivers/STM32F4xx_HAL_Driver/Src/stm32f4xx_hal_spi.c ****   */
2689:Drivers/STM32F4xx_HAL_Driver/Src/stm32f4xx_hal_spi.c **** static void SPI_DMATransmitCplt(DMA_HandleTypeDef *hdma)
2690:Drivers/STM32F4xx_HAL_Driver/Src/stm32f4xx_hal_spi.c **** {
2691:Drivers/STM32F4xx_HAL_Driver/Src/stm32f4xx_hal_spi.c ****   SPI_HandleTypeDef *hspi = (SPI_HandleTypeDef *)(((DMA_HandleTypeDef *)hdma)->Parent);
2692:Drivers/STM32F4xx_HAL_Driver/Src/stm32f4xx_hal_spi.c ****   uint32_t tickstart;
2693:Drivers/STM32F4xx_HAL_Driver/Src/stm32f4xx_hal_spi.c **** 
2694:Drivers/STM32F4xx_HAL_Driver/Src/stm32f4xx_hal_spi.c ****   /* Init tickstart for timeout management*/
2695:Drivers/STM32F4xx_HAL_Driver/Src/stm32f4xx_hal_spi.c ****   tickstart = HAL_GetTick();
2696:Drivers/STM32F4xx_HAL_Driver/Src/stm32f4xx_hal_spi.c **** 
2697:Drivers/STM32F4xx_HAL_Driver/Src/stm32f4xx_hal_spi.c ****   /* DMA Normal Mode */
2698:Drivers/STM32F4xx_HAL_Driver/Src/stm32f4xx_hal_spi.c ****   if ((hdma->Instance->CR & DMA_SxCR_CIRC) != DMA_SxCR_CIRC)
2699:Drivers/STM32F4xx_HAL_Driver/Src/stm32f4xx_hal_spi.c ****   {
2700:Drivers/STM32F4xx_HAL_Driver/Src/stm32f4xx_hal_spi.c ****     /* Disable ERR interrupt */
2701:Drivers/STM32F4xx_HAL_Driver/Src/stm32f4xx_hal_spi.c ****     __HAL_SPI_DISABLE_IT(hspi, SPI_IT_ERR);
2702:Drivers/STM32F4xx_HAL_Driver/Src/stm32f4xx_hal_spi.c **** 
2703:Drivers/STM32F4xx_HAL_Driver/Src/stm32f4xx_hal_spi.c ****     /* Disable Tx DMA Request */
2704:Drivers/STM32F4xx_HAL_Driver/Src/stm32f4xx_hal_spi.c ****     CLEAR_BIT(hspi->Instance->CR2, SPI_CR2_TXDMAEN);
2705:Drivers/STM32F4xx_HAL_Driver/Src/stm32f4xx_hal_spi.c **** 
2706:Drivers/STM32F4xx_HAL_Driver/Src/stm32f4xx_hal_spi.c ****     /* Check the end of the transaction */
2707:Drivers/STM32F4xx_HAL_Driver/Src/stm32f4xx_hal_spi.c ****     if (SPI_EndRxTxTransaction(hspi, SPI_DEFAULT_TIMEOUT, tickstart) != HAL_OK)
2708:Drivers/STM32F4xx_HAL_Driver/Src/stm32f4xx_hal_spi.c ****     {
2709:Drivers/STM32F4xx_HAL_Driver/Src/stm32f4xx_hal_spi.c ****       SET_BIT(hspi->ErrorCode, HAL_SPI_ERROR_FLAG);
ARM GAS  C:\Users\10369\AppData\Local\Temp\ccy9FUfH.s 			page 49


2710:Drivers/STM32F4xx_HAL_Driver/Src/stm32f4xx_hal_spi.c ****     }
2711:Drivers/STM32F4xx_HAL_Driver/Src/stm32f4xx_hal_spi.c **** 
2712:Drivers/STM32F4xx_HAL_Driver/Src/stm32f4xx_hal_spi.c ****     /* Clear overrun flag in 2 Lines communication mode because received data is not read */
2713:Drivers/STM32F4xx_HAL_Driver/Src/stm32f4xx_hal_spi.c ****     if (hspi->Init.Direction == SPI_DIRECTION_2LINES)
2714:Drivers/STM32F4xx_HAL_Driver/Src/stm32f4xx_hal_spi.c ****     {
2715:Drivers/STM32F4xx_HAL_Driver/Src/stm32f4xx_hal_spi.c ****       __HAL_SPI_CLEAR_OVRFLAG(hspi);
2716:Drivers/STM32F4xx_HAL_Driver/Src/stm32f4xx_hal_spi.c ****     }
2717:Drivers/STM32F4xx_HAL_Driver/Src/stm32f4xx_hal_spi.c **** 
2718:Drivers/STM32F4xx_HAL_Driver/Src/stm32f4xx_hal_spi.c ****     hspi->TxXferCount = 0U;
2719:Drivers/STM32F4xx_HAL_Driver/Src/stm32f4xx_hal_spi.c ****     hspi->State = HAL_SPI_STATE_READY;
2720:Drivers/STM32F4xx_HAL_Driver/Src/stm32f4xx_hal_spi.c **** 
2721:Drivers/STM32F4xx_HAL_Driver/Src/stm32f4xx_hal_spi.c ****     if (hspi->ErrorCode != HAL_SPI_ERROR_NONE)
2722:Drivers/STM32F4xx_HAL_Driver/Src/stm32f4xx_hal_spi.c ****     {
2723:Drivers/STM32F4xx_HAL_Driver/Src/stm32f4xx_hal_spi.c ****       /* Call user error callback */
2724:Drivers/STM32F4xx_HAL_Driver/Src/stm32f4xx_hal_spi.c **** #if (USE_HAL_SPI_REGISTER_CALLBACKS == 1U)
2725:Drivers/STM32F4xx_HAL_Driver/Src/stm32f4xx_hal_spi.c ****       hspi->ErrorCallback(hspi);
2726:Drivers/STM32F4xx_HAL_Driver/Src/stm32f4xx_hal_spi.c **** #else
2727:Drivers/STM32F4xx_HAL_Driver/Src/stm32f4xx_hal_spi.c ****       HAL_SPI_ErrorCallback(hspi);
2728:Drivers/STM32F4xx_HAL_Driver/Src/stm32f4xx_hal_spi.c **** #endif /* USE_HAL_SPI_REGISTER_CALLBACKS */
2729:Drivers/STM32F4xx_HAL_Driver/Src/stm32f4xx_hal_spi.c ****       return;
2730:Drivers/STM32F4xx_HAL_Driver/Src/stm32f4xx_hal_spi.c ****     }
2731:Drivers/STM32F4xx_HAL_Driver/Src/stm32f4xx_hal_spi.c ****   }
2732:Drivers/STM32F4xx_HAL_Driver/Src/stm32f4xx_hal_spi.c ****   /* Call user Tx complete callback */
2733:Drivers/STM32F4xx_HAL_Driver/Src/stm32f4xx_hal_spi.c **** #if (USE_HAL_SPI_REGISTER_CALLBACKS == 1U)
2734:Drivers/STM32F4xx_HAL_Driver/Src/stm32f4xx_hal_spi.c ****   hspi->TxCpltCallback(hspi);
2735:Drivers/STM32F4xx_HAL_Driver/Src/stm32f4xx_hal_spi.c **** #else
2736:Drivers/STM32F4xx_HAL_Driver/Src/stm32f4xx_hal_spi.c ****   HAL_SPI_TxCpltCallback(hspi);
2737:Drivers/STM32F4xx_HAL_Driver/Src/stm32f4xx_hal_spi.c **** #endif /* USE_HAL_SPI_REGISTER_CALLBACKS */
2738:Drivers/STM32F4xx_HAL_Driver/Src/stm32f4xx_hal_spi.c **** }
2739:Drivers/STM32F4xx_HAL_Driver/Src/stm32f4xx_hal_spi.c **** 
2740:Drivers/STM32F4xx_HAL_Driver/Src/stm32f4xx_hal_spi.c **** /**
2741:Drivers/STM32F4xx_HAL_Driver/Src/stm32f4xx_hal_spi.c ****   * @brief  DMA SPI receive process complete callback.
2742:Drivers/STM32F4xx_HAL_Driver/Src/stm32f4xx_hal_spi.c ****   * @param  hdma pointer to a DMA_HandleTypeDef structure that contains
2743:Drivers/STM32F4xx_HAL_Driver/Src/stm32f4xx_hal_spi.c ****   *               the configuration information for the specified DMA module.
2744:Drivers/STM32F4xx_HAL_Driver/Src/stm32f4xx_hal_spi.c ****   * @retval None
2745:Drivers/STM32F4xx_HAL_Driver/Src/stm32f4xx_hal_spi.c ****   */
2746:Drivers/STM32F4xx_HAL_Driver/Src/stm32f4xx_hal_spi.c **** static void SPI_DMAReceiveCplt(DMA_HandleTypeDef *hdma)
2747:Drivers/STM32F4xx_HAL_Driver/Src/stm32f4xx_hal_spi.c **** {
2748:Drivers/STM32F4xx_HAL_Driver/Src/stm32f4xx_hal_spi.c ****   SPI_HandleTypeDef *hspi = (SPI_HandleTypeDef *)(((DMA_HandleTypeDef *)hdma)->Parent);
2749:Drivers/STM32F4xx_HAL_Driver/Src/stm32f4xx_hal_spi.c ****   uint32_t tickstart;
2750:Drivers/STM32F4xx_HAL_Driver/Src/stm32f4xx_hal_spi.c **** #if (USE_SPI_CRC != 0U)
2751:Drivers/STM32F4xx_HAL_Driver/Src/stm32f4xx_hal_spi.c ****   __IO uint32_t tmpreg = 0U;
2752:Drivers/STM32F4xx_HAL_Driver/Src/stm32f4xx_hal_spi.c **** #endif /* USE_SPI_CRC */
2753:Drivers/STM32F4xx_HAL_Driver/Src/stm32f4xx_hal_spi.c **** 
2754:Drivers/STM32F4xx_HAL_Driver/Src/stm32f4xx_hal_spi.c ****   /* Init tickstart for timeout management*/
2755:Drivers/STM32F4xx_HAL_Driver/Src/stm32f4xx_hal_spi.c ****   tickstart = HAL_GetTick();
2756:Drivers/STM32F4xx_HAL_Driver/Src/stm32f4xx_hal_spi.c **** 
2757:Drivers/STM32F4xx_HAL_Driver/Src/stm32f4xx_hal_spi.c ****   /* DMA Normal Mode */
2758:Drivers/STM32F4xx_HAL_Driver/Src/stm32f4xx_hal_spi.c ****   if ((hdma->Instance->CR & DMA_SxCR_CIRC) != DMA_SxCR_CIRC)
2759:Drivers/STM32F4xx_HAL_Driver/Src/stm32f4xx_hal_spi.c ****   {
2760:Drivers/STM32F4xx_HAL_Driver/Src/stm32f4xx_hal_spi.c ****     /* Disable ERR interrupt */
2761:Drivers/STM32F4xx_HAL_Driver/Src/stm32f4xx_hal_spi.c ****     __HAL_SPI_DISABLE_IT(hspi, SPI_IT_ERR);
2762:Drivers/STM32F4xx_HAL_Driver/Src/stm32f4xx_hal_spi.c **** 
2763:Drivers/STM32F4xx_HAL_Driver/Src/stm32f4xx_hal_spi.c **** #if (USE_SPI_CRC != 0U)
2764:Drivers/STM32F4xx_HAL_Driver/Src/stm32f4xx_hal_spi.c ****     /* CRC handling */
2765:Drivers/STM32F4xx_HAL_Driver/Src/stm32f4xx_hal_spi.c ****     if (hspi->Init.CRCCalculation == SPI_CRCCALCULATION_ENABLE)
2766:Drivers/STM32F4xx_HAL_Driver/Src/stm32f4xx_hal_spi.c ****     {
ARM GAS  C:\Users\10369\AppData\Local\Temp\ccy9FUfH.s 			page 50


2767:Drivers/STM32F4xx_HAL_Driver/Src/stm32f4xx_hal_spi.c ****       /* Wait until RXNE flag */
2768:Drivers/STM32F4xx_HAL_Driver/Src/stm32f4xx_hal_spi.c ****       if (SPI_WaitFlagStateUntilTimeout(hspi, SPI_FLAG_RXNE, SET, SPI_DEFAULT_TIMEOUT, tickstart) !
2769:Drivers/STM32F4xx_HAL_Driver/Src/stm32f4xx_hal_spi.c ****       {
2770:Drivers/STM32F4xx_HAL_Driver/Src/stm32f4xx_hal_spi.c ****         /* Error on the CRC reception */
2771:Drivers/STM32F4xx_HAL_Driver/Src/stm32f4xx_hal_spi.c ****         SET_BIT(hspi->ErrorCode, HAL_SPI_ERROR_CRC);
2772:Drivers/STM32F4xx_HAL_Driver/Src/stm32f4xx_hal_spi.c ****       }
2773:Drivers/STM32F4xx_HAL_Driver/Src/stm32f4xx_hal_spi.c ****       /* Read CRC */
2774:Drivers/STM32F4xx_HAL_Driver/Src/stm32f4xx_hal_spi.c ****       tmpreg = READ_REG(hspi->Instance->DR);
2775:Drivers/STM32F4xx_HAL_Driver/Src/stm32f4xx_hal_spi.c ****       /* To avoid GCC warning */
2776:Drivers/STM32F4xx_HAL_Driver/Src/stm32f4xx_hal_spi.c ****       UNUSED(tmpreg);
2777:Drivers/STM32F4xx_HAL_Driver/Src/stm32f4xx_hal_spi.c ****     }
2778:Drivers/STM32F4xx_HAL_Driver/Src/stm32f4xx_hal_spi.c **** #endif /* USE_SPI_CRC */
2779:Drivers/STM32F4xx_HAL_Driver/Src/stm32f4xx_hal_spi.c **** 
2780:Drivers/STM32F4xx_HAL_Driver/Src/stm32f4xx_hal_spi.c ****     /* Check if we are in Master RX 2 line mode */
2781:Drivers/STM32F4xx_HAL_Driver/Src/stm32f4xx_hal_spi.c ****     if ((hspi->Init.Direction == SPI_DIRECTION_2LINES) && (hspi->Init.Mode == SPI_MODE_MASTER))
2782:Drivers/STM32F4xx_HAL_Driver/Src/stm32f4xx_hal_spi.c ****     {
2783:Drivers/STM32F4xx_HAL_Driver/Src/stm32f4xx_hal_spi.c ****       /* Disable Rx/Tx DMA Request (done by default to handle the case master rx direction 2 lines)
2784:Drivers/STM32F4xx_HAL_Driver/Src/stm32f4xx_hal_spi.c ****       CLEAR_BIT(hspi->Instance->CR2, SPI_CR2_TXDMAEN | SPI_CR2_RXDMAEN);
2785:Drivers/STM32F4xx_HAL_Driver/Src/stm32f4xx_hal_spi.c ****     }
2786:Drivers/STM32F4xx_HAL_Driver/Src/stm32f4xx_hal_spi.c ****     else
2787:Drivers/STM32F4xx_HAL_Driver/Src/stm32f4xx_hal_spi.c ****     {
2788:Drivers/STM32F4xx_HAL_Driver/Src/stm32f4xx_hal_spi.c ****       /* Normal case */
2789:Drivers/STM32F4xx_HAL_Driver/Src/stm32f4xx_hal_spi.c ****       CLEAR_BIT(hspi->Instance->CR2, SPI_CR2_RXDMAEN);
2790:Drivers/STM32F4xx_HAL_Driver/Src/stm32f4xx_hal_spi.c ****     }
2791:Drivers/STM32F4xx_HAL_Driver/Src/stm32f4xx_hal_spi.c **** 
2792:Drivers/STM32F4xx_HAL_Driver/Src/stm32f4xx_hal_spi.c ****     /* Check the end of the transaction */
2793:Drivers/STM32F4xx_HAL_Driver/Src/stm32f4xx_hal_spi.c ****     if (SPI_EndRxTransaction(hspi, SPI_DEFAULT_TIMEOUT, tickstart) != HAL_OK)
2794:Drivers/STM32F4xx_HAL_Driver/Src/stm32f4xx_hal_spi.c ****     {
2795:Drivers/STM32F4xx_HAL_Driver/Src/stm32f4xx_hal_spi.c ****       hspi->ErrorCode = HAL_SPI_ERROR_FLAG;
2796:Drivers/STM32F4xx_HAL_Driver/Src/stm32f4xx_hal_spi.c ****     }
2797:Drivers/STM32F4xx_HAL_Driver/Src/stm32f4xx_hal_spi.c **** 
2798:Drivers/STM32F4xx_HAL_Driver/Src/stm32f4xx_hal_spi.c ****     hspi->RxXferCount = 0U;
2799:Drivers/STM32F4xx_HAL_Driver/Src/stm32f4xx_hal_spi.c ****     hspi->State = HAL_SPI_STATE_READY;
2800:Drivers/STM32F4xx_HAL_Driver/Src/stm32f4xx_hal_spi.c **** 
2801:Drivers/STM32F4xx_HAL_Driver/Src/stm32f4xx_hal_spi.c **** #if (USE_SPI_CRC != 0U)
2802:Drivers/STM32F4xx_HAL_Driver/Src/stm32f4xx_hal_spi.c ****     /* Check if CRC error occurred */
2803:Drivers/STM32F4xx_HAL_Driver/Src/stm32f4xx_hal_spi.c ****     if (__HAL_SPI_GET_FLAG(hspi, SPI_FLAG_CRCERR))
2804:Drivers/STM32F4xx_HAL_Driver/Src/stm32f4xx_hal_spi.c ****     {
2805:Drivers/STM32F4xx_HAL_Driver/Src/stm32f4xx_hal_spi.c ****       SET_BIT(hspi->ErrorCode, HAL_SPI_ERROR_CRC);
2806:Drivers/STM32F4xx_HAL_Driver/Src/stm32f4xx_hal_spi.c ****       __HAL_SPI_CLEAR_CRCERRFLAG(hspi);
2807:Drivers/STM32F4xx_HAL_Driver/Src/stm32f4xx_hal_spi.c ****     }
2808:Drivers/STM32F4xx_HAL_Driver/Src/stm32f4xx_hal_spi.c **** #endif /* USE_SPI_CRC */
2809:Drivers/STM32F4xx_HAL_Driver/Src/stm32f4xx_hal_spi.c **** 
2810:Drivers/STM32F4xx_HAL_Driver/Src/stm32f4xx_hal_spi.c ****     if (hspi->ErrorCode != HAL_SPI_ERROR_NONE)
2811:Drivers/STM32F4xx_HAL_Driver/Src/stm32f4xx_hal_spi.c ****     {
2812:Drivers/STM32F4xx_HAL_Driver/Src/stm32f4xx_hal_spi.c ****       /* Call user error callback */
2813:Drivers/STM32F4xx_HAL_Driver/Src/stm32f4xx_hal_spi.c **** #if (USE_HAL_SPI_REGISTER_CALLBACKS == 1U)
2814:Drivers/STM32F4xx_HAL_Driver/Src/stm32f4xx_hal_spi.c ****       hspi->ErrorCallback(hspi);
2815:Drivers/STM32F4xx_HAL_Driver/Src/stm32f4xx_hal_spi.c **** #else
2816:Drivers/STM32F4xx_HAL_Driver/Src/stm32f4xx_hal_spi.c ****       HAL_SPI_ErrorCallback(hspi);
2817:Drivers/STM32F4xx_HAL_Driver/Src/stm32f4xx_hal_spi.c **** #endif /* USE_HAL_SPI_REGISTER_CALLBACKS */
2818:Drivers/STM32F4xx_HAL_Driver/Src/stm32f4xx_hal_spi.c ****       return;
2819:Drivers/STM32F4xx_HAL_Driver/Src/stm32f4xx_hal_spi.c ****     }
2820:Drivers/STM32F4xx_HAL_Driver/Src/stm32f4xx_hal_spi.c ****   }
2821:Drivers/STM32F4xx_HAL_Driver/Src/stm32f4xx_hal_spi.c ****   /* Call user Rx complete callback */
2822:Drivers/STM32F4xx_HAL_Driver/Src/stm32f4xx_hal_spi.c **** #if (USE_HAL_SPI_REGISTER_CALLBACKS == 1U)
2823:Drivers/STM32F4xx_HAL_Driver/Src/stm32f4xx_hal_spi.c ****   hspi->RxCpltCallback(hspi);
ARM GAS  C:\Users\10369\AppData\Local\Temp\ccy9FUfH.s 			page 51


2824:Drivers/STM32F4xx_HAL_Driver/Src/stm32f4xx_hal_spi.c **** #else
2825:Drivers/STM32F4xx_HAL_Driver/Src/stm32f4xx_hal_spi.c ****   HAL_SPI_RxCpltCallback(hspi);
2826:Drivers/STM32F4xx_HAL_Driver/Src/stm32f4xx_hal_spi.c **** #endif /* USE_HAL_SPI_REGISTER_CALLBACKS */
2827:Drivers/STM32F4xx_HAL_Driver/Src/stm32f4xx_hal_spi.c **** }
2828:Drivers/STM32F4xx_HAL_Driver/Src/stm32f4xx_hal_spi.c **** 
2829:Drivers/STM32F4xx_HAL_Driver/Src/stm32f4xx_hal_spi.c **** /**
2830:Drivers/STM32F4xx_HAL_Driver/Src/stm32f4xx_hal_spi.c ****   * @brief  DMA SPI transmit receive process complete callback.
2831:Drivers/STM32F4xx_HAL_Driver/Src/stm32f4xx_hal_spi.c ****   * @param  hdma pointer to a DMA_HandleTypeDef structure that contains
2832:Drivers/STM32F4xx_HAL_Driver/Src/stm32f4xx_hal_spi.c ****   *               the configuration information for the specified DMA module.
2833:Drivers/STM32F4xx_HAL_Driver/Src/stm32f4xx_hal_spi.c ****   * @retval None
2834:Drivers/STM32F4xx_HAL_Driver/Src/stm32f4xx_hal_spi.c ****   */
2835:Drivers/STM32F4xx_HAL_Driver/Src/stm32f4xx_hal_spi.c **** static void SPI_DMATransmitReceiveCplt(DMA_HandleTypeDef *hdma)
2836:Drivers/STM32F4xx_HAL_Driver/Src/stm32f4xx_hal_spi.c **** {
2837:Drivers/STM32F4xx_HAL_Driver/Src/stm32f4xx_hal_spi.c ****   SPI_HandleTypeDef *hspi = (SPI_HandleTypeDef *)(((DMA_HandleTypeDef *)hdma)->Parent);
2838:Drivers/STM32F4xx_HAL_Driver/Src/stm32f4xx_hal_spi.c ****   uint32_t tickstart;
2839:Drivers/STM32F4xx_HAL_Driver/Src/stm32f4xx_hal_spi.c **** #if (USE_SPI_CRC != 0U)
2840:Drivers/STM32F4xx_HAL_Driver/Src/stm32f4xx_hal_spi.c ****   __IO uint32_t tmpreg = 0U;
2841:Drivers/STM32F4xx_HAL_Driver/Src/stm32f4xx_hal_spi.c **** #endif /* USE_SPI_CRC */
2842:Drivers/STM32F4xx_HAL_Driver/Src/stm32f4xx_hal_spi.c **** 
2843:Drivers/STM32F4xx_HAL_Driver/Src/stm32f4xx_hal_spi.c ****   /* Init tickstart for timeout management*/
2844:Drivers/STM32F4xx_HAL_Driver/Src/stm32f4xx_hal_spi.c ****   tickstart = HAL_GetTick();
2845:Drivers/STM32F4xx_HAL_Driver/Src/stm32f4xx_hal_spi.c **** 
2846:Drivers/STM32F4xx_HAL_Driver/Src/stm32f4xx_hal_spi.c ****   /* DMA Normal Mode */
2847:Drivers/STM32F4xx_HAL_Driver/Src/stm32f4xx_hal_spi.c ****   if ((hdma->Instance->CR & DMA_SxCR_CIRC) != DMA_SxCR_CIRC)
2848:Drivers/STM32F4xx_HAL_Driver/Src/stm32f4xx_hal_spi.c ****   {
2849:Drivers/STM32F4xx_HAL_Driver/Src/stm32f4xx_hal_spi.c ****     /* Disable ERR interrupt */
2850:Drivers/STM32F4xx_HAL_Driver/Src/stm32f4xx_hal_spi.c ****     __HAL_SPI_DISABLE_IT(hspi, SPI_IT_ERR);
2851:Drivers/STM32F4xx_HAL_Driver/Src/stm32f4xx_hal_spi.c **** 
2852:Drivers/STM32F4xx_HAL_Driver/Src/stm32f4xx_hal_spi.c **** #if (USE_SPI_CRC != 0U)
2853:Drivers/STM32F4xx_HAL_Driver/Src/stm32f4xx_hal_spi.c ****     /* CRC handling */
2854:Drivers/STM32F4xx_HAL_Driver/Src/stm32f4xx_hal_spi.c ****     if (hspi->Init.CRCCalculation == SPI_CRCCALCULATION_ENABLE)
2855:Drivers/STM32F4xx_HAL_Driver/Src/stm32f4xx_hal_spi.c ****     {
2856:Drivers/STM32F4xx_HAL_Driver/Src/stm32f4xx_hal_spi.c ****       /* Wait the CRC data */
2857:Drivers/STM32F4xx_HAL_Driver/Src/stm32f4xx_hal_spi.c ****       if (SPI_WaitFlagStateUntilTimeout(hspi, SPI_FLAG_RXNE, SET, SPI_DEFAULT_TIMEOUT, tickstart) !
2858:Drivers/STM32F4xx_HAL_Driver/Src/stm32f4xx_hal_spi.c ****       {
2859:Drivers/STM32F4xx_HAL_Driver/Src/stm32f4xx_hal_spi.c ****         SET_BIT(hspi->ErrorCode, HAL_SPI_ERROR_CRC);
2860:Drivers/STM32F4xx_HAL_Driver/Src/stm32f4xx_hal_spi.c ****       }
2861:Drivers/STM32F4xx_HAL_Driver/Src/stm32f4xx_hal_spi.c ****       /* Read CRC to Flush DR and RXNE flag */
2862:Drivers/STM32F4xx_HAL_Driver/Src/stm32f4xx_hal_spi.c ****       tmpreg = READ_REG(hspi->Instance->DR);
2863:Drivers/STM32F4xx_HAL_Driver/Src/stm32f4xx_hal_spi.c ****       /* To avoid GCC warning */
2864:Drivers/STM32F4xx_HAL_Driver/Src/stm32f4xx_hal_spi.c ****       UNUSED(tmpreg);
2865:Drivers/STM32F4xx_HAL_Driver/Src/stm32f4xx_hal_spi.c ****     }
2866:Drivers/STM32F4xx_HAL_Driver/Src/stm32f4xx_hal_spi.c **** #endif /* USE_SPI_CRC */
2867:Drivers/STM32F4xx_HAL_Driver/Src/stm32f4xx_hal_spi.c **** 
2868:Drivers/STM32F4xx_HAL_Driver/Src/stm32f4xx_hal_spi.c ****     /* Check the end of the transaction */
2869:Drivers/STM32F4xx_HAL_Driver/Src/stm32f4xx_hal_spi.c ****     if (SPI_EndRxTxTransaction(hspi, SPI_DEFAULT_TIMEOUT, tickstart) != HAL_OK)
2870:Drivers/STM32F4xx_HAL_Driver/Src/stm32f4xx_hal_spi.c ****     {
2871:Drivers/STM32F4xx_HAL_Driver/Src/stm32f4xx_hal_spi.c ****       SET_BIT(hspi->ErrorCode, HAL_SPI_ERROR_FLAG);
2872:Drivers/STM32F4xx_HAL_Driver/Src/stm32f4xx_hal_spi.c ****     }
2873:Drivers/STM32F4xx_HAL_Driver/Src/stm32f4xx_hal_spi.c **** 
2874:Drivers/STM32F4xx_HAL_Driver/Src/stm32f4xx_hal_spi.c ****     /* Disable Rx/Tx DMA Request */
2875:Drivers/STM32F4xx_HAL_Driver/Src/stm32f4xx_hal_spi.c ****     CLEAR_BIT(hspi->Instance->CR2, SPI_CR2_TXDMAEN | SPI_CR2_RXDMAEN);
2876:Drivers/STM32F4xx_HAL_Driver/Src/stm32f4xx_hal_spi.c **** 
2877:Drivers/STM32F4xx_HAL_Driver/Src/stm32f4xx_hal_spi.c ****     hspi->TxXferCount = 0U;
2878:Drivers/STM32F4xx_HAL_Driver/Src/stm32f4xx_hal_spi.c ****     hspi->RxXferCount = 0U;
2879:Drivers/STM32F4xx_HAL_Driver/Src/stm32f4xx_hal_spi.c ****     hspi->State = HAL_SPI_STATE_READY;
2880:Drivers/STM32F4xx_HAL_Driver/Src/stm32f4xx_hal_spi.c **** 
ARM GAS  C:\Users\10369\AppData\Local\Temp\ccy9FUfH.s 			page 52


2881:Drivers/STM32F4xx_HAL_Driver/Src/stm32f4xx_hal_spi.c **** #if (USE_SPI_CRC != 0U)
2882:Drivers/STM32F4xx_HAL_Driver/Src/stm32f4xx_hal_spi.c ****     /* Check if CRC error occurred */
2883:Drivers/STM32F4xx_HAL_Driver/Src/stm32f4xx_hal_spi.c ****     if (__HAL_SPI_GET_FLAG(hspi, SPI_FLAG_CRCERR))
2884:Drivers/STM32F4xx_HAL_Driver/Src/stm32f4xx_hal_spi.c ****     {
2885:Drivers/STM32F4xx_HAL_Driver/Src/stm32f4xx_hal_spi.c ****       SET_BIT(hspi->ErrorCode, HAL_SPI_ERROR_CRC);
2886:Drivers/STM32F4xx_HAL_Driver/Src/stm32f4xx_hal_spi.c ****       __HAL_SPI_CLEAR_CRCERRFLAG(hspi);
2887:Drivers/STM32F4xx_HAL_Driver/Src/stm32f4xx_hal_spi.c ****     }
2888:Drivers/STM32F4xx_HAL_Driver/Src/stm32f4xx_hal_spi.c **** #endif /* USE_SPI_CRC */
2889:Drivers/STM32F4xx_HAL_Driver/Src/stm32f4xx_hal_spi.c **** 
2890:Drivers/STM32F4xx_HAL_Driver/Src/stm32f4xx_hal_spi.c ****     if (hspi->ErrorCode != HAL_SPI_ERROR_NONE)
2891:Drivers/STM32F4xx_HAL_Driver/Src/stm32f4xx_hal_spi.c ****     {
2892:Drivers/STM32F4xx_HAL_Driver/Src/stm32f4xx_hal_spi.c ****       /* Call user error callback */
2893:Drivers/STM32F4xx_HAL_Driver/Src/stm32f4xx_hal_spi.c **** #if (USE_HAL_SPI_REGISTER_CALLBACKS == 1U)
2894:Drivers/STM32F4xx_HAL_Driver/Src/stm32f4xx_hal_spi.c ****       hspi->ErrorCallback(hspi);
2895:Drivers/STM32F4xx_HAL_Driver/Src/stm32f4xx_hal_spi.c **** #else
2896:Drivers/STM32F4xx_HAL_Driver/Src/stm32f4xx_hal_spi.c ****       HAL_SPI_ErrorCallback(hspi);
2897:Drivers/STM32F4xx_HAL_Driver/Src/stm32f4xx_hal_spi.c **** #endif /* USE_HAL_SPI_REGISTER_CALLBACKS */
2898:Drivers/STM32F4xx_HAL_Driver/Src/stm32f4xx_hal_spi.c ****       return;
2899:Drivers/STM32F4xx_HAL_Driver/Src/stm32f4xx_hal_spi.c ****     }
2900:Drivers/STM32F4xx_HAL_Driver/Src/stm32f4xx_hal_spi.c ****   }
2901:Drivers/STM32F4xx_HAL_Driver/Src/stm32f4xx_hal_spi.c ****   /* Call user TxRx complete callback */
2902:Drivers/STM32F4xx_HAL_Driver/Src/stm32f4xx_hal_spi.c **** #if (USE_HAL_SPI_REGISTER_CALLBACKS == 1U)
2903:Drivers/STM32F4xx_HAL_Driver/Src/stm32f4xx_hal_spi.c ****   hspi->TxRxCpltCallback(hspi);
2904:Drivers/STM32F4xx_HAL_Driver/Src/stm32f4xx_hal_spi.c **** #else
2905:Drivers/STM32F4xx_HAL_Driver/Src/stm32f4xx_hal_spi.c ****   HAL_SPI_TxRxCpltCallback(hspi);
2906:Drivers/STM32F4xx_HAL_Driver/Src/stm32f4xx_hal_spi.c **** #endif /* USE_HAL_SPI_REGISTER_CALLBACKS */
2907:Drivers/STM32F4xx_HAL_Driver/Src/stm32f4xx_hal_spi.c **** }
2908:Drivers/STM32F4xx_HAL_Driver/Src/stm32f4xx_hal_spi.c **** 
2909:Drivers/STM32F4xx_HAL_Driver/Src/stm32f4xx_hal_spi.c **** /**
2910:Drivers/STM32F4xx_HAL_Driver/Src/stm32f4xx_hal_spi.c ****   * @brief  DMA SPI half transmit process complete callback.
2911:Drivers/STM32F4xx_HAL_Driver/Src/stm32f4xx_hal_spi.c ****   * @param  hdma pointer to a DMA_HandleTypeDef structure that contains
2912:Drivers/STM32F4xx_HAL_Driver/Src/stm32f4xx_hal_spi.c ****   *               the configuration information for the specified DMA module.
2913:Drivers/STM32F4xx_HAL_Driver/Src/stm32f4xx_hal_spi.c ****   * @retval None
2914:Drivers/STM32F4xx_HAL_Driver/Src/stm32f4xx_hal_spi.c ****   */
2915:Drivers/STM32F4xx_HAL_Driver/Src/stm32f4xx_hal_spi.c **** static void SPI_DMAHalfTransmitCplt(DMA_HandleTypeDef *hdma)
2916:Drivers/STM32F4xx_HAL_Driver/Src/stm32f4xx_hal_spi.c **** {
2917:Drivers/STM32F4xx_HAL_Driver/Src/stm32f4xx_hal_spi.c ****   SPI_HandleTypeDef *hspi = (SPI_HandleTypeDef *)(((DMA_HandleTypeDef *)hdma)->Parent);
2918:Drivers/STM32F4xx_HAL_Driver/Src/stm32f4xx_hal_spi.c **** 
2919:Drivers/STM32F4xx_HAL_Driver/Src/stm32f4xx_hal_spi.c ****   /* Call user Tx half complete callback */
2920:Drivers/STM32F4xx_HAL_Driver/Src/stm32f4xx_hal_spi.c **** #if (USE_HAL_SPI_REGISTER_CALLBACKS == 1U)
2921:Drivers/STM32F4xx_HAL_Driver/Src/stm32f4xx_hal_spi.c ****   hspi->TxHalfCpltCallback(hspi);
2922:Drivers/STM32F4xx_HAL_Driver/Src/stm32f4xx_hal_spi.c **** #else
2923:Drivers/STM32F4xx_HAL_Driver/Src/stm32f4xx_hal_spi.c ****   HAL_SPI_TxHalfCpltCallback(hspi);
2924:Drivers/STM32F4xx_HAL_Driver/Src/stm32f4xx_hal_spi.c **** #endif /* USE_HAL_SPI_REGISTER_CALLBACKS */
2925:Drivers/STM32F4xx_HAL_Driver/Src/stm32f4xx_hal_spi.c **** }
2926:Drivers/STM32F4xx_HAL_Driver/Src/stm32f4xx_hal_spi.c **** 
2927:Drivers/STM32F4xx_HAL_Driver/Src/stm32f4xx_hal_spi.c **** /**
2928:Drivers/STM32F4xx_HAL_Driver/Src/stm32f4xx_hal_spi.c ****   * @brief  DMA SPI half receive process complete callback
2929:Drivers/STM32F4xx_HAL_Driver/Src/stm32f4xx_hal_spi.c ****   * @param  hdma pointer to a DMA_HandleTypeDef structure that contains
2930:Drivers/STM32F4xx_HAL_Driver/Src/stm32f4xx_hal_spi.c ****   *               the configuration information for the specified DMA module.
2931:Drivers/STM32F4xx_HAL_Driver/Src/stm32f4xx_hal_spi.c ****   * @retval None
2932:Drivers/STM32F4xx_HAL_Driver/Src/stm32f4xx_hal_spi.c ****   */
2933:Drivers/STM32F4xx_HAL_Driver/Src/stm32f4xx_hal_spi.c **** static void SPI_DMAHalfReceiveCplt(DMA_HandleTypeDef *hdma)
2934:Drivers/STM32F4xx_HAL_Driver/Src/stm32f4xx_hal_spi.c **** {
2935:Drivers/STM32F4xx_HAL_Driver/Src/stm32f4xx_hal_spi.c ****   SPI_HandleTypeDef *hspi = (SPI_HandleTypeDef *)(((DMA_HandleTypeDef *)hdma)->Parent);
2936:Drivers/STM32F4xx_HAL_Driver/Src/stm32f4xx_hal_spi.c **** 
2937:Drivers/STM32F4xx_HAL_Driver/Src/stm32f4xx_hal_spi.c ****   /* Call user Rx half complete callback */
ARM GAS  C:\Users\10369\AppData\Local\Temp\ccy9FUfH.s 			page 53


2938:Drivers/STM32F4xx_HAL_Driver/Src/stm32f4xx_hal_spi.c **** #if (USE_HAL_SPI_REGISTER_CALLBACKS == 1U)
2939:Drivers/STM32F4xx_HAL_Driver/Src/stm32f4xx_hal_spi.c ****   hspi->RxHalfCpltCallback(hspi);
2940:Drivers/STM32F4xx_HAL_Driver/Src/stm32f4xx_hal_spi.c **** #else
2941:Drivers/STM32F4xx_HAL_Driver/Src/stm32f4xx_hal_spi.c ****   HAL_SPI_RxHalfCpltCallback(hspi);
2942:Drivers/STM32F4xx_HAL_Driver/Src/stm32f4xx_hal_spi.c **** #endif /* USE_HAL_SPI_REGISTER_CALLBACKS */
2943:Drivers/STM32F4xx_HAL_Driver/Src/stm32f4xx_hal_spi.c **** }
2944:Drivers/STM32F4xx_HAL_Driver/Src/stm32f4xx_hal_spi.c **** 
2945:Drivers/STM32F4xx_HAL_Driver/Src/stm32f4xx_hal_spi.c **** /**
2946:Drivers/STM32F4xx_HAL_Driver/Src/stm32f4xx_hal_spi.c ****   * @brief  DMA SPI half transmit receive process complete callback.
2947:Drivers/STM32F4xx_HAL_Driver/Src/stm32f4xx_hal_spi.c ****   * @param  hdma pointer to a DMA_HandleTypeDef structure that contains
2948:Drivers/STM32F4xx_HAL_Driver/Src/stm32f4xx_hal_spi.c ****   *               the configuration information for the specified DMA module.
2949:Drivers/STM32F4xx_HAL_Driver/Src/stm32f4xx_hal_spi.c ****   * @retval None
2950:Drivers/STM32F4xx_HAL_Driver/Src/stm32f4xx_hal_spi.c ****   */
2951:Drivers/STM32F4xx_HAL_Driver/Src/stm32f4xx_hal_spi.c **** static void SPI_DMAHalfTransmitReceiveCplt(DMA_HandleTypeDef *hdma)
2952:Drivers/STM32F4xx_HAL_Driver/Src/stm32f4xx_hal_spi.c **** {
2953:Drivers/STM32F4xx_HAL_Driver/Src/stm32f4xx_hal_spi.c ****   SPI_HandleTypeDef *hspi = (SPI_HandleTypeDef *)(((DMA_HandleTypeDef *)hdma)->Parent);
2954:Drivers/STM32F4xx_HAL_Driver/Src/stm32f4xx_hal_spi.c **** 
2955:Drivers/STM32F4xx_HAL_Driver/Src/stm32f4xx_hal_spi.c ****   /* Call user TxRx half complete callback */
2956:Drivers/STM32F4xx_HAL_Driver/Src/stm32f4xx_hal_spi.c **** #if (USE_HAL_SPI_REGISTER_CALLBACKS == 1U)
2957:Drivers/STM32F4xx_HAL_Driver/Src/stm32f4xx_hal_spi.c ****   hspi->TxRxHalfCpltCallback(hspi);
2958:Drivers/STM32F4xx_HAL_Driver/Src/stm32f4xx_hal_spi.c **** #else
2959:Drivers/STM32F4xx_HAL_Driver/Src/stm32f4xx_hal_spi.c ****   HAL_SPI_TxRxHalfCpltCallback(hspi);
2960:Drivers/STM32F4xx_HAL_Driver/Src/stm32f4xx_hal_spi.c **** #endif /* USE_HAL_SPI_REGISTER_CALLBACKS */
2961:Drivers/STM32F4xx_HAL_Driver/Src/stm32f4xx_hal_spi.c **** }
2962:Drivers/STM32F4xx_HAL_Driver/Src/stm32f4xx_hal_spi.c **** 
2963:Drivers/STM32F4xx_HAL_Driver/Src/stm32f4xx_hal_spi.c **** /**
2964:Drivers/STM32F4xx_HAL_Driver/Src/stm32f4xx_hal_spi.c ****   * @brief  DMA SPI communication error callback.
2965:Drivers/STM32F4xx_HAL_Driver/Src/stm32f4xx_hal_spi.c ****   * @param  hdma pointer to a DMA_HandleTypeDef structure that contains
2966:Drivers/STM32F4xx_HAL_Driver/Src/stm32f4xx_hal_spi.c ****   *               the configuration information for the specified DMA module.
2967:Drivers/STM32F4xx_HAL_Driver/Src/stm32f4xx_hal_spi.c ****   * @retval None
2968:Drivers/STM32F4xx_HAL_Driver/Src/stm32f4xx_hal_spi.c ****   */
2969:Drivers/STM32F4xx_HAL_Driver/Src/stm32f4xx_hal_spi.c **** static void SPI_DMAError(DMA_HandleTypeDef *hdma)
2970:Drivers/STM32F4xx_HAL_Driver/Src/stm32f4xx_hal_spi.c **** {
2971:Drivers/STM32F4xx_HAL_Driver/Src/stm32f4xx_hal_spi.c ****   SPI_HandleTypeDef *hspi = (SPI_HandleTypeDef *)(((DMA_HandleTypeDef *)hdma)->Parent);
2972:Drivers/STM32F4xx_HAL_Driver/Src/stm32f4xx_hal_spi.c **** 
2973:Drivers/STM32F4xx_HAL_Driver/Src/stm32f4xx_hal_spi.c ****   /* Stop the disable DMA transfer on SPI side */
2974:Drivers/STM32F4xx_HAL_Driver/Src/stm32f4xx_hal_spi.c ****   CLEAR_BIT(hspi->Instance->CR2, SPI_CR2_TXDMAEN | SPI_CR2_RXDMAEN);
2975:Drivers/STM32F4xx_HAL_Driver/Src/stm32f4xx_hal_spi.c **** 
2976:Drivers/STM32F4xx_HAL_Driver/Src/stm32f4xx_hal_spi.c ****   SET_BIT(hspi->ErrorCode, HAL_SPI_ERROR_DMA);
2977:Drivers/STM32F4xx_HAL_Driver/Src/stm32f4xx_hal_spi.c ****   hspi->State = HAL_SPI_STATE_READY;
2978:Drivers/STM32F4xx_HAL_Driver/Src/stm32f4xx_hal_spi.c ****   /* Call user error callback */
2979:Drivers/STM32F4xx_HAL_Driver/Src/stm32f4xx_hal_spi.c **** #if (USE_HAL_SPI_REGISTER_CALLBACKS == 1U)
2980:Drivers/STM32F4xx_HAL_Driver/Src/stm32f4xx_hal_spi.c ****   hspi->ErrorCallback(hspi);
2981:Drivers/STM32F4xx_HAL_Driver/Src/stm32f4xx_hal_spi.c **** #else
2982:Drivers/STM32F4xx_HAL_Driver/Src/stm32f4xx_hal_spi.c ****   HAL_SPI_ErrorCallback(hspi);
2983:Drivers/STM32F4xx_HAL_Driver/Src/stm32f4xx_hal_spi.c **** #endif /* USE_HAL_SPI_REGISTER_CALLBACKS */
2984:Drivers/STM32F4xx_HAL_Driver/Src/stm32f4xx_hal_spi.c **** }
2985:Drivers/STM32F4xx_HAL_Driver/Src/stm32f4xx_hal_spi.c **** 
2986:Drivers/STM32F4xx_HAL_Driver/Src/stm32f4xx_hal_spi.c **** /**
2987:Drivers/STM32F4xx_HAL_Driver/Src/stm32f4xx_hal_spi.c ****   * @brief  DMA SPI communication abort callback, when initiated by HAL services on Error
2988:Drivers/STM32F4xx_HAL_Driver/Src/stm32f4xx_hal_spi.c ****   *         (To be called at end of DMA Abort procedure following error occurrence).
2989:Drivers/STM32F4xx_HAL_Driver/Src/stm32f4xx_hal_spi.c ****   * @param  hdma DMA handle.
2990:Drivers/STM32F4xx_HAL_Driver/Src/stm32f4xx_hal_spi.c ****   * @retval None
2991:Drivers/STM32F4xx_HAL_Driver/Src/stm32f4xx_hal_spi.c ****   */
2992:Drivers/STM32F4xx_HAL_Driver/Src/stm32f4xx_hal_spi.c **** static void SPI_DMAAbortOnError(DMA_HandleTypeDef *hdma)
2993:Drivers/STM32F4xx_HAL_Driver/Src/stm32f4xx_hal_spi.c **** {
2994:Drivers/STM32F4xx_HAL_Driver/Src/stm32f4xx_hal_spi.c ****   SPI_HandleTypeDef *hspi = (SPI_HandleTypeDef *)(((DMA_HandleTypeDef *)hdma)->Parent);
ARM GAS  C:\Users\10369\AppData\Local\Temp\ccy9FUfH.s 			page 54


2995:Drivers/STM32F4xx_HAL_Driver/Src/stm32f4xx_hal_spi.c ****   hspi->RxXferCount = 0U;
2996:Drivers/STM32F4xx_HAL_Driver/Src/stm32f4xx_hal_spi.c ****   hspi->TxXferCount = 0U;
2997:Drivers/STM32F4xx_HAL_Driver/Src/stm32f4xx_hal_spi.c **** 
2998:Drivers/STM32F4xx_HAL_Driver/Src/stm32f4xx_hal_spi.c ****   /* Call user error callback */
2999:Drivers/STM32F4xx_HAL_Driver/Src/stm32f4xx_hal_spi.c **** #if (USE_HAL_SPI_REGISTER_CALLBACKS == 1U)
3000:Drivers/STM32F4xx_HAL_Driver/Src/stm32f4xx_hal_spi.c ****   hspi->ErrorCallback(hspi);
3001:Drivers/STM32F4xx_HAL_Driver/Src/stm32f4xx_hal_spi.c **** #else
3002:Drivers/STM32F4xx_HAL_Driver/Src/stm32f4xx_hal_spi.c ****   HAL_SPI_ErrorCallback(hspi);
3003:Drivers/STM32F4xx_HAL_Driver/Src/stm32f4xx_hal_spi.c **** #endif /* USE_HAL_SPI_REGISTER_CALLBACKS */
3004:Drivers/STM32F4xx_HAL_Driver/Src/stm32f4xx_hal_spi.c **** }
3005:Drivers/STM32F4xx_HAL_Driver/Src/stm32f4xx_hal_spi.c **** 
3006:Drivers/STM32F4xx_HAL_Driver/Src/stm32f4xx_hal_spi.c **** /**
3007:Drivers/STM32F4xx_HAL_Driver/Src/stm32f4xx_hal_spi.c ****   * @brief  DMA SPI Tx communication abort callback, when initiated by user
3008:Drivers/STM32F4xx_HAL_Driver/Src/stm32f4xx_hal_spi.c ****   *         (To be called at end of DMA Tx Abort procedure following user abort request).
3009:Drivers/STM32F4xx_HAL_Driver/Src/stm32f4xx_hal_spi.c ****   * @note   When this callback is executed, User Abort complete call back is called only if no
3010:Drivers/STM32F4xx_HAL_Driver/Src/stm32f4xx_hal_spi.c ****   *         Abort still ongoing for Rx DMA Handle.
3011:Drivers/STM32F4xx_HAL_Driver/Src/stm32f4xx_hal_spi.c ****   * @param  hdma DMA handle.
3012:Drivers/STM32F4xx_HAL_Driver/Src/stm32f4xx_hal_spi.c ****   * @retval None
3013:Drivers/STM32F4xx_HAL_Driver/Src/stm32f4xx_hal_spi.c ****   */
3014:Drivers/STM32F4xx_HAL_Driver/Src/stm32f4xx_hal_spi.c **** static void SPI_DMATxAbortCallback(DMA_HandleTypeDef *hdma)
3015:Drivers/STM32F4xx_HAL_Driver/Src/stm32f4xx_hal_spi.c **** {
3016:Drivers/STM32F4xx_HAL_Driver/Src/stm32f4xx_hal_spi.c ****   SPI_HandleTypeDef *hspi = (SPI_HandleTypeDef *)(((DMA_HandleTypeDef *)hdma)->Parent);
3017:Drivers/STM32F4xx_HAL_Driver/Src/stm32f4xx_hal_spi.c ****   __IO uint32_t count;
3018:Drivers/STM32F4xx_HAL_Driver/Src/stm32f4xx_hal_spi.c **** 
3019:Drivers/STM32F4xx_HAL_Driver/Src/stm32f4xx_hal_spi.c ****   hspi->hdmatx->XferAbortCallback = NULL;
3020:Drivers/STM32F4xx_HAL_Driver/Src/stm32f4xx_hal_spi.c ****   count = SPI_DEFAULT_TIMEOUT * (SystemCoreClock / 24U / 1000U);
3021:Drivers/STM32F4xx_HAL_Driver/Src/stm32f4xx_hal_spi.c **** 
3022:Drivers/STM32F4xx_HAL_Driver/Src/stm32f4xx_hal_spi.c ****   /* Disable Tx DMA Request */
3023:Drivers/STM32F4xx_HAL_Driver/Src/stm32f4xx_hal_spi.c ****   CLEAR_BIT(hspi->Instance->CR2, SPI_CR2_TXDMAEN);
3024:Drivers/STM32F4xx_HAL_Driver/Src/stm32f4xx_hal_spi.c **** 
3025:Drivers/STM32F4xx_HAL_Driver/Src/stm32f4xx_hal_spi.c ****   /* Wait until TXE flag is set */
3026:Drivers/STM32F4xx_HAL_Driver/Src/stm32f4xx_hal_spi.c ****   do
3027:Drivers/STM32F4xx_HAL_Driver/Src/stm32f4xx_hal_spi.c ****   {
3028:Drivers/STM32F4xx_HAL_Driver/Src/stm32f4xx_hal_spi.c ****     if (count == 0U)
3029:Drivers/STM32F4xx_HAL_Driver/Src/stm32f4xx_hal_spi.c ****     {
3030:Drivers/STM32F4xx_HAL_Driver/Src/stm32f4xx_hal_spi.c ****       SET_BIT(hspi->ErrorCode, HAL_SPI_ERROR_ABORT);
3031:Drivers/STM32F4xx_HAL_Driver/Src/stm32f4xx_hal_spi.c ****       break;
3032:Drivers/STM32F4xx_HAL_Driver/Src/stm32f4xx_hal_spi.c ****     }
3033:Drivers/STM32F4xx_HAL_Driver/Src/stm32f4xx_hal_spi.c ****     count--;
3034:Drivers/STM32F4xx_HAL_Driver/Src/stm32f4xx_hal_spi.c ****   } while ((hspi->Instance->SR & SPI_FLAG_TXE) == RESET);
3035:Drivers/STM32F4xx_HAL_Driver/Src/stm32f4xx_hal_spi.c **** 
3036:Drivers/STM32F4xx_HAL_Driver/Src/stm32f4xx_hal_spi.c ****   /* Check if an Abort process is still ongoing */
3037:Drivers/STM32F4xx_HAL_Driver/Src/stm32f4xx_hal_spi.c ****   if (hspi->hdmarx != NULL)
3038:Drivers/STM32F4xx_HAL_Driver/Src/stm32f4xx_hal_spi.c ****   {
3039:Drivers/STM32F4xx_HAL_Driver/Src/stm32f4xx_hal_spi.c ****     if (hspi->hdmarx->XferAbortCallback != NULL)
3040:Drivers/STM32F4xx_HAL_Driver/Src/stm32f4xx_hal_spi.c ****     {
3041:Drivers/STM32F4xx_HAL_Driver/Src/stm32f4xx_hal_spi.c ****       return;
3042:Drivers/STM32F4xx_HAL_Driver/Src/stm32f4xx_hal_spi.c ****     }
3043:Drivers/STM32F4xx_HAL_Driver/Src/stm32f4xx_hal_spi.c ****   }
3044:Drivers/STM32F4xx_HAL_Driver/Src/stm32f4xx_hal_spi.c **** 
3045:Drivers/STM32F4xx_HAL_Driver/Src/stm32f4xx_hal_spi.c ****   /* No Abort process still ongoing : All DMA Stream/Channel are aborted, call user Abort Complete 
3046:Drivers/STM32F4xx_HAL_Driver/Src/stm32f4xx_hal_spi.c ****   hspi->RxXferCount = 0U;
3047:Drivers/STM32F4xx_HAL_Driver/Src/stm32f4xx_hal_spi.c ****   hspi->TxXferCount = 0U;
3048:Drivers/STM32F4xx_HAL_Driver/Src/stm32f4xx_hal_spi.c **** 
3049:Drivers/STM32F4xx_HAL_Driver/Src/stm32f4xx_hal_spi.c ****   /* Check no error during Abort procedure */
3050:Drivers/STM32F4xx_HAL_Driver/Src/stm32f4xx_hal_spi.c ****   if (hspi->ErrorCode != HAL_SPI_ERROR_ABORT)
3051:Drivers/STM32F4xx_HAL_Driver/Src/stm32f4xx_hal_spi.c ****   {
ARM GAS  C:\Users\10369\AppData\Local\Temp\ccy9FUfH.s 			page 55


3052:Drivers/STM32F4xx_HAL_Driver/Src/stm32f4xx_hal_spi.c ****     /* Reset errorCode */
3053:Drivers/STM32F4xx_HAL_Driver/Src/stm32f4xx_hal_spi.c ****     hspi->ErrorCode = HAL_SPI_ERROR_NONE;
3054:Drivers/STM32F4xx_HAL_Driver/Src/stm32f4xx_hal_spi.c ****   }
3055:Drivers/STM32F4xx_HAL_Driver/Src/stm32f4xx_hal_spi.c **** 
3056:Drivers/STM32F4xx_HAL_Driver/Src/stm32f4xx_hal_spi.c ****   /* Clear the Error flags in the SR register */
3057:Drivers/STM32F4xx_HAL_Driver/Src/stm32f4xx_hal_spi.c ****   __HAL_SPI_CLEAR_OVRFLAG(hspi);
3058:Drivers/STM32F4xx_HAL_Driver/Src/stm32f4xx_hal_spi.c ****   __HAL_SPI_CLEAR_FREFLAG(hspi);
3059:Drivers/STM32F4xx_HAL_Driver/Src/stm32f4xx_hal_spi.c **** 
3060:Drivers/STM32F4xx_HAL_Driver/Src/stm32f4xx_hal_spi.c ****   /* Restore hspi->State to Ready */
3061:Drivers/STM32F4xx_HAL_Driver/Src/stm32f4xx_hal_spi.c ****   hspi->State  = HAL_SPI_STATE_READY;
3062:Drivers/STM32F4xx_HAL_Driver/Src/stm32f4xx_hal_spi.c **** 
3063:Drivers/STM32F4xx_HAL_Driver/Src/stm32f4xx_hal_spi.c ****   /* Call user Abort complete callback */
3064:Drivers/STM32F4xx_HAL_Driver/Src/stm32f4xx_hal_spi.c **** #if (USE_HAL_SPI_REGISTER_CALLBACKS == 1U)
3065:Drivers/STM32F4xx_HAL_Driver/Src/stm32f4xx_hal_spi.c ****   hspi->AbortCpltCallback(hspi);
3066:Drivers/STM32F4xx_HAL_Driver/Src/stm32f4xx_hal_spi.c **** #else
3067:Drivers/STM32F4xx_HAL_Driver/Src/stm32f4xx_hal_spi.c ****   HAL_SPI_AbortCpltCallback(hspi);
3068:Drivers/STM32F4xx_HAL_Driver/Src/stm32f4xx_hal_spi.c **** #endif /* USE_HAL_SPI_REGISTER_CALLBACKS */
3069:Drivers/STM32F4xx_HAL_Driver/Src/stm32f4xx_hal_spi.c **** }
3070:Drivers/STM32F4xx_HAL_Driver/Src/stm32f4xx_hal_spi.c **** 
3071:Drivers/STM32F4xx_HAL_Driver/Src/stm32f4xx_hal_spi.c **** /**
3072:Drivers/STM32F4xx_HAL_Driver/Src/stm32f4xx_hal_spi.c ****   * @brief  DMA SPI Rx communication abort callback, when initiated by user
3073:Drivers/STM32F4xx_HAL_Driver/Src/stm32f4xx_hal_spi.c ****   *         (To be called at end of DMA Rx Abort procedure following user abort request).
3074:Drivers/STM32F4xx_HAL_Driver/Src/stm32f4xx_hal_spi.c ****   * @note   When this callback is executed, User Abort complete call back is called only if no
3075:Drivers/STM32F4xx_HAL_Driver/Src/stm32f4xx_hal_spi.c ****   *         Abort still ongoing for Tx DMA Handle.
3076:Drivers/STM32F4xx_HAL_Driver/Src/stm32f4xx_hal_spi.c ****   * @param  hdma DMA handle.
3077:Drivers/STM32F4xx_HAL_Driver/Src/stm32f4xx_hal_spi.c ****   * @retval None
3078:Drivers/STM32F4xx_HAL_Driver/Src/stm32f4xx_hal_spi.c ****   */
3079:Drivers/STM32F4xx_HAL_Driver/Src/stm32f4xx_hal_spi.c **** static void SPI_DMARxAbortCallback(DMA_HandleTypeDef *hdma)
3080:Drivers/STM32F4xx_HAL_Driver/Src/stm32f4xx_hal_spi.c **** {
3081:Drivers/STM32F4xx_HAL_Driver/Src/stm32f4xx_hal_spi.c ****   SPI_HandleTypeDef *hspi = (SPI_HandleTypeDef *)(((DMA_HandleTypeDef *)hdma)->Parent);
3082:Drivers/STM32F4xx_HAL_Driver/Src/stm32f4xx_hal_spi.c **** 
3083:Drivers/STM32F4xx_HAL_Driver/Src/stm32f4xx_hal_spi.c ****   /* Disable SPI Peripheral */
3084:Drivers/STM32F4xx_HAL_Driver/Src/stm32f4xx_hal_spi.c ****   __HAL_SPI_DISABLE(hspi);
3085:Drivers/STM32F4xx_HAL_Driver/Src/stm32f4xx_hal_spi.c **** 
3086:Drivers/STM32F4xx_HAL_Driver/Src/stm32f4xx_hal_spi.c ****   hspi->hdmarx->XferAbortCallback = NULL;
3087:Drivers/STM32F4xx_HAL_Driver/Src/stm32f4xx_hal_spi.c **** 
3088:Drivers/STM32F4xx_HAL_Driver/Src/stm32f4xx_hal_spi.c ****   /* Disable Rx DMA Request */
3089:Drivers/STM32F4xx_HAL_Driver/Src/stm32f4xx_hal_spi.c ****   CLEAR_BIT(hspi->Instance->CR2, SPI_CR2_RXDMAEN);
3090:Drivers/STM32F4xx_HAL_Driver/Src/stm32f4xx_hal_spi.c **** 
3091:Drivers/STM32F4xx_HAL_Driver/Src/stm32f4xx_hal_spi.c ****   /* Check Busy flag */
3092:Drivers/STM32F4xx_HAL_Driver/Src/stm32f4xx_hal_spi.c ****   if (SPI_EndRxTxTransaction(hspi, SPI_DEFAULT_TIMEOUT, HAL_GetTick()) != HAL_OK)
3093:Drivers/STM32F4xx_HAL_Driver/Src/stm32f4xx_hal_spi.c ****   {
3094:Drivers/STM32F4xx_HAL_Driver/Src/stm32f4xx_hal_spi.c ****     SET_BIT(hspi->ErrorCode, HAL_SPI_ERROR_ABORT);
3095:Drivers/STM32F4xx_HAL_Driver/Src/stm32f4xx_hal_spi.c ****   }
3096:Drivers/STM32F4xx_HAL_Driver/Src/stm32f4xx_hal_spi.c **** 
3097:Drivers/STM32F4xx_HAL_Driver/Src/stm32f4xx_hal_spi.c ****   /* Check if an Abort process is still ongoing */
3098:Drivers/STM32F4xx_HAL_Driver/Src/stm32f4xx_hal_spi.c ****   if (hspi->hdmatx != NULL)
3099:Drivers/STM32F4xx_HAL_Driver/Src/stm32f4xx_hal_spi.c ****   {
3100:Drivers/STM32F4xx_HAL_Driver/Src/stm32f4xx_hal_spi.c ****     if (hspi->hdmatx->XferAbortCallback != NULL)
3101:Drivers/STM32F4xx_HAL_Driver/Src/stm32f4xx_hal_spi.c ****     {
3102:Drivers/STM32F4xx_HAL_Driver/Src/stm32f4xx_hal_spi.c ****       return;
3103:Drivers/STM32F4xx_HAL_Driver/Src/stm32f4xx_hal_spi.c ****     }
3104:Drivers/STM32F4xx_HAL_Driver/Src/stm32f4xx_hal_spi.c ****   }
3105:Drivers/STM32F4xx_HAL_Driver/Src/stm32f4xx_hal_spi.c **** 
3106:Drivers/STM32F4xx_HAL_Driver/Src/stm32f4xx_hal_spi.c ****   /* No Abort process still ongoing : All DMA Stream/Channel are aborted, call user Abort Complete 
3107:Drivers/STM32F4xx_HAL_Driver/Src/stm32f4xx_hal_spi.c ****   hspi->RxXferCount = 0U;
3108:Drivers/STM32F4xx_HAL_Driver/Src/stm32f4xx_hal_spi.c ****   hspi->TxXferCount = 0U;
ARM GAS  C:\Users\10369\AppData\Local\Temp\ccy9FUfH.s 			page 56


3109:Drivers/STM32F4xx_HAL_Driver/Src/stm32f4xx_hal_spi.c **** 
3110:Drivers/STM32F4xx_HAL_Driver/Src/stm32f4xx_hal_spi.c ****   /* Check no error during Abort procedure */
3111:Drivers/STM32F4xx_HAL_Driver/Src/stm32f4xx_hal_spi.c ****   if (hspi->ErrorCode != HAL_SPI_ERROR_ABORT)
3112:Drivers/STM32F4xx_HAL_Driver/Src/stm32f4xx_hal_spi.c ****   {
3113:Drivers/STM32F4xx_HAL_Driver/Src/stm32f4xx_hal_spi.c ****     /* Reset errorCode */
3114:Drivers/STM32F4xx_HAL_Driver/Src/stm32f4xx_hal_spi.c ****     hspi->ErrorCode = HAL_SPI_ERROR_NONE;
3115:Drivers/STM32F4xx_HAL_Driver/Src/stm32f4xx_hal_spi.c ****   }
3116:Drivers/STM32F4xx_HAL_Driver/Src/stm32f4xx_hal_spi.c **** 
3117:Drivers/STM32F4xx_HAL_Driver/Src/stm32f4xx_hal_spi.c ****   /* Clear the Error flags in the SR register */
3118:Drivers/STM32F4xx_HAL_Driver/Src/stm32f4xx_hal_spi.c ****   __HAL_SPI_CLEAR_OVRFLAG(hspi);
3119:Drivers/STM32F4xx_HAL_Driver/Src/stm32f4xx_hal_spi.c ****   __HAL_SPI_CLEAR_FREFLAG(hspi);
3120:Drivers/STM32F4xx_HAL_Driver/Src/stm32f4xx_hal_spi.c **** 
3121:Drivers/STM32F4xx_HAL_Driver/Src/stm32f4xx_hal_spi.c ****   /* Restore hspi->State to Ready */
3122:Drivers/STM32F4xx_HAL_Driver/Src/stm32f4xx_hal_spi.c ****   hspi->State  = HAL_SPI_STATE_READY;
3123:Drivers/STM32F4xx_HAL_Driver/Src/stm32f4xx_hal_spi.c **** 
3124:Drivers/STM32F4xx_HAL_Driver/Src/stm32f4xx_hal_spi.c ****   /* Call user Abort complete callback */
3125:Drivers/STM32F4xx_HAL_Driver/Src/stm32f4xx_hal_spi.c **** #if (USE_HAL_SPI_REGISTER_CALLBACKS == 1U)
3126:Drivers/STM32F4xx_HAL_Driver/Src/stm32f4xx_hal_spi.c ****   hspi->AbortCpltCallback(hspi);
3127:Drivers/STM32F4xx_HAL_Driver/Src/stm32f4xx_hal_spi.c **** #else
3128:Drivers/STM32F4xx_HAL_Driver/Src/stm32f4xx_hal_spi.c ****   HAL_SPI_AbortCpltCallback(hspi);
3129:Drivers/STM32F4xx_HAL_Driver/Src/stm32f4xx_hal_spi.c **** #endif /* USE_HAL_SPI_REGISTER_CALLBACKS */
3130:Drivers/STM32F4xx_HAL_Driver/Src/stm32f4xx_hal_spi.c **** }
3131:Drivers/STM32F4xx_HAL_Driver/Src/stm32f4xx_hal_spi.c **** 
3132:Drivers/STM32F4xx_HAL_Driver/Src/stm32f4xx_hal_spi.c **** /**
3133:Drivers/STM32F4xx_HAL_Driver/Src/stm32f4xx_hal_spi.c ****   * @brief  Rx 8-bit handler for Transmit and Receive in Interrupt mode.
3134:Drivers/STM32F4xx_HAL_Driver/Src/stm32f4xx_hal_spi.c ****   * @param  hspi pointer to a SPI_HandleTypeDef structure that contains
3135:Drivers/STM32F4xx_HAL_Driver/Src/stm32f4xx_hal_spi.c ****   *               the configuration information for SPI module.
3136:Drivers/STM32F4xx_HAL_Driver/Src/stm32f4xx_hal_spi.c ****   * @retval None
3137:Drivers/STM32F4xx_HAL_Driver/Src/stm32f4xx_hal_spi.c ****   */
3138:Drivers/STM32F4xx_HAL_Driver/Src/stm32f4xx_hal_spi.c **** static void SPI_2linesRxISR_8BIT(struct __SPI_HandleTypeDef *hspi)
3139:Drivers/STM32F4xx_HAL_Driver/Src/stm32f4xx_hal_spi.c **** {
3140:Drivers/STM32F4xx_HAL_Driver/Src/stm32f4xx_hal_spi.c ****   /* Receive data in 8bit mode */
3141:Drivers/STM32F4xx_HAL_Driver/Src/stm32f4xx_hal_spi.c ****   *hspi->pRxBuffPtr = *((__IO uint8_t *)&hspi->Instance->DR);
3142:Drivers/STM32F4xx_HAL_Driver/Src/stm32f4xx_hal_spi.c ****   hspi->pRxBuffPtr++;
3143:Drivers/STM32F4xx_HAL_Driver/Src/stm32f4xx_hal_spi.c ****   hspi->RxXferCount--;
3144:Drivers/STM32F4xx_HAL_Driver/Src/stm32f4xx_hal_spi.c **** 
3145:Drivers/STM32F4xx_HAL_Driver/Src/stm32f4xx_hal_spi.c ****   /* Check end of the reception */
3146:Drivers/STM32F4xx_HAL_Driver/Src/stm32f4xx_hal_spi.c ****   if (hspi->RxXferCount == 0U)
3147:Drivers/STM32F4xx_HAL_Driver/Src/stm32f4xx_hal_spi.c ****   {
3148:Drivers/STM32F4xx_HAL_Driver/Src/stm32f4xx_hal_spi.c **** #if (USE_SPI_CRC != 0U)
3149:Drivers/STM32F4xx_HAL_Driver/Src/stm32f4xx_hal_spi.c ****     if (hspi->Init.CRCCalculation == SPI_CRCCALCULATION_ENABLE)
3150:Drivers/STM32F4xx_HAL_Driver/Src/stm32f4xx_hal_spi.c ****     {
3151:Drivers/STM32F4xx_HAL_Driver/Src/stm32f4xx_hal_spi.c ****       hspi->RxISR =  SPI_2linesRxISR_8BITCRC;
3152:Drivers/STM32F4xx_HAL_Driver/Src/stm32f4xx_hal_spi.c ****       return;
3153:Drivers/STM32F4xx_HAL_Driver/Src/stm32f4xx_hal_spi.c ****     }
3154:Drivers/STM32F4xx_HAL_Driver/Src/stm32f4xx_hal_spi.c **** #endif /* USE_SPI_CRC */
3155:Drivers/STM32F4xx_HAL_Driver/Src/stm32f4xx_hal_spi.c **** 
3156:Drivers/STM32F4xx_HAL_Driver/Src/stm32f4xx_hal_spi.c ****     /* Disable RXNE  and ERR interrupt */
3157:Drivers/STM32F4xx_HAL_Driver/Src/stm32f4xx_hal_spi.c ****     __HAL_SPI_DISABLE_IT(hspi, (SPI_IT_RXNE | SPI_IT_ERR));
3158:Drivers/STM32F4xx_HAL_Driver/Src/stm32f4xx_hal_spi.c **** 
3159:Drivers/STM32F4xx_HAL_Driver/Src/stm32f4xx_hal_spi.c ****     if (hspi->TxXferCount == 0U)
3160:Drivers/STM32F4xx_HAL_Driver/Src/stm32f4xx_hal_spi.c ****     {
3161:Drivers/STM32F4xx_HAL_Driver/Src/stm32f4xx_hal_spi.c ****       SPI_CloseRxTx_ISR(hspi);
3162:Drivers/STM32F4xx_HAL_Driver/Src/stm32f4xx_hal_spi.c ****     }
3163:Drivers/STM32F4xx_HAL_Driver/Src/stm32f4xx_hal_spi.c ****   }
3164:Drivers/STM32F4xx_HAL_Driver/Src/stm32f4xx_hal_spi.c **** }
3165:Drivers/STM32F4xx_HAL_Driver/Src/stm32f4xx_hal_spi.c **** 
ARM GAS  C:\Users\10369\AppData\Local\Temp\ccy9FUfH.s 			page 57


3166:Drivers/STM32F4xx_HAL_Driver/Src/stm32f4xx_hal_spi.c **** #if (USE_SPI_CRC != 0U)
3167:Drivers/STM32F4xx_HAL_Driver/Src/stm32f4xx_hal_spi.c **** /**
3168:Drivers/STM32F4xx_HAL_Driver/Src/stm32f4xx_hal_spi.c ****   * @brief  Rx 8-bit handler for Transmit and Receive in Interrupt mode.
3169:Drivers/STM32F4xx_HAL_Driver/Src/stm32f4xx_hal_spi.c ****   * @param  hspi pointer to a SPI_HandleTypeDef structure that contains
3170:Drivers/STM32F4xx_HAL_Driver/Src/stm32f4xx_hal_spi.c ****   *               the configuration information for SPI module.
3171:Drivers/STM32F4xx_HAL_Driver/Src/stm32f4xx_hal_spi.c ****   * @retval None
3172:Drivers/STM32F4xx_HAL_Driver/Src/stm32f4xx_hal_spi.c ****   */
3173:Drivers/STM32F4xx_HAL_Driver/Src/stm32f4xx_hal_spi.c **** static void SPI_2linesRxISR_8BITCRC(struct __SPI_HandleTypeDef *hspi)
3174:Drivers/STM32F4xx_HAL_Driver/Src/stm32f4xx_hal_spi.c **** {
3175:Drivers/STM32F4xx_HAL_Driver/Src/stm32f4xx_hal_spi.c ****   __IO uint8_t  *ptmpreg8;
3176:Drivers/STM32F4xx_HAL_Driver/Src/stm32f4xx_hal_spi.c ****   __IO uint8_t  tmpreg8 = 0;
3177:Drivers/STM32F4xx_HAL_Driver/Src/stm32f4xx_hal_spi.c **** 
3178:Drivers/STM32F4xx_HAL_Driver/Src/stm32f4xx_hal_spi.c ****   /* Initialize the 8bit temporary pointer */
3179:Drivers/STM32F4xx_HAL_Driver/Src/stm32f4xx_hal_spi.c ****   ptmpreg8 = (__IO uint8_t *)&hspi->Instance->DR;
3180:Drivers/STM32F4xx_HAL_Driver/Src/stm32f4xx_hal_spi.c ****   /* Read 8bit CRC to flush Data Register */
3181:Drivers/STM32F4xx_HAL_Driver/Src/stm32f4xx_hal_spi.c ****   tmpreg8 = *ptmpreg8;
3182:Drivers/STM32F4xx_HAL_Driver/Src/stm32f4xx_hal_spi.c ****   /* To avoid GCC warning */
3183:Drivers/STM32F4xx_HAL_Driver/Src/stm32f4xx_hal_spi.c ****   UNUSED(tmpreg8);
3184:Drivers/STM32F4xx_HAL_Driver/Src/stm32f4xx_hal_spi.c **** 
3185:Drivers/STM32F4xx_HAL_Driver/Src/stm32f4xx_hal_spi.c ****   /* Disable RXNE and ERR interrupt */
3186:Drivers/STM32F4xx_HAL_Driver/Src/stm32f4xx_hal_spi.c ****   __HAL_SPI_DISABLE_IT(hspi, (SPI_IT_RXNE | SPI_IT_ERR));
3187:Drivers/STM32F4xx_HAL_Driver/Src/stm32f4xx_hal_spi.c **** 
3188:Drivers/STM32F4xx_HAL_Driver/Src/stm32f4xx_hal_spi.c ****   if (hspi->TxXferCount == 0U)
3189:Drivers/STM32F4xx_HAL_Driver/Src/stm32f4xx_hal_spi.c ****   {
3190:Drivers/STM32F4xx_HAL_Driver/Src/stm32f4xx_hal_spi.c ****     SPI_CloseRxTx_ISR(hspi);
3191:Drivers/STM32F4xx_HAL_Driver/Src/stm32f4xx_hal_spi.c ****   }
3192:Drivers/STM32F4xx_HAL_Driver/Src/stm32f4xx_hal_spi.c **** }
3193:Drivers/STM32F4xx_HAL_Driver/Src/stm32f4xx_hal_spi.c **** #endif /* USE_SPI_CRC */
3194:Drivers/STM32F4xx_HAL_Driver/Src/stm32f4xx_hal_spi.c **** 
3195:Drivers/STM32F4xx_HAL_Driver/Src/stm32f4xx_hal_spi.c **** /**
3196:Drivers/STM32F4xx_HAL_Driver/Src/stm32f4xx_hal_spi.c ****   * @brief  Tx 8-bit handler for Transmit and Receive in Interrupt mode.
3197:Drivers/STM32F4xx_HAL_Driver/Src/stm32f4xx_hal_spi.c ****   * @param  hspi pointer to a SPI_HandleTypeDef structure that contains
3198:Drivers/STM32F4xx_HAL_Driver/Src/stm32f4xx_hal_spi.c ****   *               the configuration information for SPI module.
3199:Drivers/STM32F4xx_HAL_Driver/Src/stm32f4xx_hal_spi.c ****   * @retval None
3200:Drivers/STM32F4xx_HAL_Driver/Src/stm32f4xx_hal_spi.c ****   */
3201:Drivers/STM32F4xx_HAL_Driver/Src/stm32f4xx_hal_spi.c **** static void SPI_2linesTxISR_8BIT(struct __SPI_HandleTypeDef *hspi)
3202:Drivers/STM32F4xx_HAL_Driver/Src/stm32f4xx_hal_spi.c **** {
3203:Drivers/STM32F4xx_HAL_Driver/Src/stm32f4xx_hal_spi.c ****   *(__IO uint8_t *)&hspi->Instance->DR = *((const uint8_t *)hspi->pTxBuffPtr);
3204:Drivers/STM32F4xx_HAL_Driver/Src/stm32f4xx_hal_spi.c ****   hspi->pTxBuffPtr++;
3205:Drivers/STM32F4xx_HAL_Driver/Src/stm32f4xx_hal_spi.c ****   hspi->TxXferCount--;
3206:Drivers/STM32F4xx_HAL_Driver/Src/stm32f4xx_hal_spi.c **** 
3207:Drivers/STM32F4xx_HAL_Driver/Src/stm32f4xx_hal_spi.c ****   /* Check the end of the transmission */
3208:Drivers/STM32F4xx_HAL_Driver/Src/stm32f4xx_hal_spi.c ****   if (hspi->TxXferCount == 0U)
3209:Drivers/STM32F4xx_HAL_Driver/Src/stm32f4xx_hal_spi.c ****   {
3210:Drivers/STM32F4xx_HAL_Driver/Src/stm32f4xx_hal_spi.c **** #if (USE_SPI_CRC != 0U)
3211:Drivers/STM32F4xx_HAL_Driver/Src/stm32f4xx_hal_spi.c ****     if (hspi->Init.CRCCalculation == SPI_CRCCALCULATION_ENABLE)
3212:Drivers/STM32F4xx_HAL_Driver/Src/stm32f4xx_hal_spi.c ****     {
3213:Drivers/STM32F4xx_HAL_Driver/Src/stm32f4xx_hal_spi.c ****       /* Set CRC Next Bit to send CRC */
3214:Drivers/STM32F4xx_HAL_Driver/Src/stm32f4xx_hal_spi.c ****       SET_BIT(hspi->Instance->CR1, SPI_CR1_CRCNEXT);
3215:Drivers/STM32F4xx_HAL_Driver/Src/stm32f4xx_hal_spi.c ****       /* Disable TXE interrupt */
3216:Drivers/STM32F4xx_HAL_Driver/Src/stm32f4xx_hal_spi.c ****       __HAL_SPI_DISABLE_IT(hspi, SPI_IT_TXE);
3217:Drivers/STM32F4xx_HAL_Driver/Src/stm32f4xx_hal_spi.c ****       return;
3218:Drivers/STM32F4xx_HAL_Driver/Src/stm32f4xx_hal_spi.c ****     }
3219:Drivers/STM32F4xx_HAL_Driver/Src/stm32f4xx_hal_spi.c **** #endif /* USE_SPI_CRC */
3220:Drivers/STM32F4xx_HAL_Driver/Src/stm32f4xx_hal_spi.c **** 
3221:Drivers/STM32F4xx_HAL_Driver/Src/stm32f4xx_hal_spi.c ****     /* Disable TXE interrupt */
3222:Drivers/STM32F4xx_HAL_Driver/Src/stm32f4xx_hal_spi.c ****     __HAL_SPI_DISABLE_IT(hspi, SPI_IT_TXE);
ARM GAS  C:\Users\10369\AppData\Local\Temp\ccy9FUfH.s 			page 58


3223:Drivers/STM32F4xx_HAL_Driver/Src/stm32f4xx_hal_spi.c **** 
3224:Drivers/STM32F4xx_HAL_Driver/Src/stm32f4xx_hal_spi.c ****     if (hspi->RxXferCount == 0U)
3225:Drivers/STM32F4xx_HAL_Driver/Src/stm32f4xx_hal_spi.c ****     {
3226:Drivers/STM32F4xx_HAL_Driver/Src/stm32f4xx_hal_spi.c ****       SPI_CloseRxTx_ISR(hspi);
3227:Drivers/STM32F4xx_HAL_Driver/Src/stm32f4xx_hal_spi.c ****     }
3228:Drivers/STM32F4xx_HAL_Driver/Src/stm32f4xx_hal_spi.c ****   }
3229:Drivers/STM32F4xx_HAL_Driver/Src/stm32f4xx_hal_spi.c **** }
3230:Drivers/STM32F4xx_HAL_Driver/Src/stm32f4xx_hal_spi.c **** 
3231:Drivers/STM32F4xx_HAL_Driver/Src/stm32f4xx_hal_spi.c **** /**
3232:Drivers/STM32F4xx_HAL_Driver/Src/stm32f4xx_hal_spi.c ****   * @brief  Rx 16-bit handler for Transmit and Receive in Interrupt mode.
3233:Drivers/STM32F4xx_HAL_Driver/Src/stm32f4xx_hal_spi.c ****   * @param  hspi pointer to a SPI_HandleTypeDef structure that contains
3234:Drivers/STM32F4xx_HAL_Driver/Src/stm32f4xx_hal_spi.c ****   *               the configuration information for SPI module.
3235:Drivers/STM32F4xx_HAL_Driver/Src/stm32f4xx_hal_spi.c ****   * @retval None
3236:Drivers/STM32F4xx_HAL_Driver/Src/stm32f4xx_hal_spi.c ****   */
3237:Drivers/STM32F4xx_HAL_Driver/Src/stm32f4xx_hal_spi.c **** static void SPI_2linesRxISR_16BIT(struct __SPI_HandleTypeDef *hspi)
3238:Drivers/STM32F4xx_HAL_Driver/Src/stm32f4xx_hal_spi.c **** {
3239:Drivers/STM32F4xx_HAL_Driver/Src/stm32f4xx_hal_spi.c ****   /* Receive data in 16 Bit mode */
3240:Drivers/STM32F4xx_HAL_Driver/Src/stm32f4xx_hal_spi.c ****   *((uint16_t *)hspi->pRxBuffPtr) = (uint16_t)(hspi->Instance->DR);
3241:Drivers/STM32F4xx_HAL_Driver/Src/stm32f4xx_hal_spi.c ****   hspi->pRxBuffPtr += sizeof(uint16_t);
3242:Drivers/STM32F4xx_HAL_Driver/Src/stm32f4xx_hal_spi.c ****   hspi->RxXferCount--;
3243:Drivers/STM32F4xx_HAL_Driver/Src/stm32f4xx_hal_spi.c **** 
3244:Drivers/STM32F4xx_HAL_Driver/Src/stm32f4xx_hal_spi.c ****   if (hspi->RxXferCount == 0U)
3245:Drivers/STM32F4xx_HAL_Driver/Src/stm32f4xx_hal_spi.c ****   {
3246:Drivers/STM32F4xx_HAL_Driver/Src/stm32f4xx_hal_spi.c **** #if (USE_SPI_CRC != 0U)
3247:Drivers/STM32F4xx_HAL_Driver/Src/stm32f4xx_hal_spi.c ****     if (hspi->Init.CRCCalculation == SPI_CRCCALCULATION_ENABLE)
3248:Drivers/STM32F4xx_HAL_Driver/Src/stm32f4xx_hal_spi.c ****     {
3249:Drivers/STM32F4xx_HAL_Driver/Src/stm32f4xx_hal_spi.c ****       hspi->RxISR =  SPI_2linesRxISR_16BITCRC;
3250:Drivers/STM32F4xx_HAL_Driver/Src/stm32f4xx_hal_spi.c ****       return;
3251:Drivers/STM32F4xx_HAL_Driver/Src/stm32f4xx_hal_spi.c ****     }
3252:Drivers/STM32F4xx_HAL_Driver/Src/stm32f4xx_hal_spi.c **** #endif /* USE_SPI_CRC */
3253:Drivers/STM32F4xx_HAL_Driver/Src/stm32f4xx_hal_spi.c **** 
3254:Drivers/STM32F4xx_HAL_Driver/Src/stm32f4xx_hal_spi.c ****     /* Disable RXNE interrupt */
3255:Drivers/STM32F4xx_HAL_Driver/Src/stm32f4xx_hal_spi.c ****     __HAL_SPI_DISABLE_IT(hspi, SPI_IT_RXNE);
3256:Drivers/STM32F4xx_HAL_Driver/Src/stm32f4xx_hal_spi.c **** 
3257:Drivers/STM32F4xx_HAL_Driver/Src/stm32f4xx_hal_spi.c ****     if (hspi->TxXferCount == 0U)
3258:Drivers/STM32F4xx_HAL_Driver/Src/stm32f4xx_hal_spi.c ****     {
3259:Drivers/STM32F4xx_HAL_Driver/Src/stm32f4xx_hal_spi.c ****       SPI_CloseRxTx_ISR(hspi);
3260:Drivers/STM32F4xx_HAL_Driver/Src/stm32f4xx_hal_spi.c ****     }
3261:Drivers/STM32F4xx_HAL_Driver/Src/stm32f4xx_hal_spi.c ****   }
3262:Drivers/STM32F4xx_HAL_Driver/Src/stm32f4xx_hal_spi.c **** }
3263:Drivers/STM32F4xx_HAL_Driver/Src/stm32f4xx_hal_spi.c **** 
3264:Drivers/STM32F4xx_HAL_Driver/Src/stm32f4xx_hal_spi.c **** #if (USE_SPI_CRC != 0U)
3265:Drivers/STM32F4xx_HAL_Driver/Src/stm32f4xx_hal_spi.c **** /**
3266:Drivers/STM32F4xx_HAL_Driver/Src/stm32f4xx_hal_spi.c ****   * @brief  Manage the CRC 16-bit receive for Transmit and Receive in Interrupt mode.
3267:Drivers/STM32F4xx_HAL_Driver/Src/stm32f4xx_hal_spi.c ****   * @param  hspi pointer to a SPI_HandleTypeDef structure that contains
3268:Drivers/STM32F4xx_HAL_Driver/Src/stm32f4xx_hal_spi.c ****   *               the configuration information for SPI module.
3269:Drivers/STM32F4xx_HAL_Driver/Src/stm32f4xx_hal_spi.c ****   * @retval None
3270:Drivers/STM32F4xx_HAL_Driver/Src/stm32f4xx_hal_spi.c ****   */
3271:Drivers/STM32F4xx_HAL_Driver/Src/stm32f4xx_hal_spi.c **** static void SPI_2linesRxISR_16BITCRC(struct __SPI_HandleTypeDef *hspi)
3272:Drivers/STM32F4xx_HAL_Driver/Src/stm32f4xx_hal_spi.c **** {
3273:Drivers/STM32F4xx_HAL_Driver/Src/stm32f4xx_hal_spi.c ****   __IO uint32_t tmpreg = 0U;
3274:Drivers/STM32F4xx_HAL_Driver/Src/stm32f4xx_hal_spi.c **** 
3275:Drivers/STM32F4xx_HAL_Driver/Src/stm32f4xx_hal_spi.c ****   /* Read 16bit CRC to flush Data Register */
3276:Drivers/STM32F4xx_HAL_Driver/Src/stm32f4xx_hal_spi.c ****   tmpreg = READ_REG(hspi->Instance->DR);
3277:Drivers/STM32F4xx_HAL_Driver/Src/stm32f4xx_hal_spi.c ****   /* To avoid GCC warning */
3278:Drivers/STM32F4xx_HAL_Driver/Src/stm32f4xx_hal_spi.c ****   UNUSED(tmpreg);
3279:Drivers/STM32F4xx_HAL_Driver/Src/stm32f4xx_hal_spi.c **** 
ARM GAS  C:\Users\10369\AppData\Local\Temp\ccy9FUfH.s 			page 59


3280:Drivers/STM32F4xx_HAL_Driver/Src/stm32f4xx_hal_spi.c ****   /* Disable RXNE interrupt */
3281:Drivers/STM32F4xx_HAL_Driver/Src/stm32f4xx_hal_spi.c ****   __HAL_SPI_DISABLE_IT(hspi, SPI_IT_RXNE);
3282:Drivers/STM32F4xx_HAL_Driver/Src/stm32f4xx_hal_spi.c **** 
3283:Drivers/STM32F4xx_HAL_Driver/Src/stm32f4xx_hal_spi.c ****   SPI_CloseRxTx_ISR(hspi);
3284:Drivers/STM32F4xx_HAL_Driver/Src/stm32f4xx_hal_spi.c **** }
3285:Drivers/STM32F4xx_HAL_Driver/Src/stm32f4xx_hal_spi.c **** #endif /* USE_SPI_CRC */
3286:Drivers/STM32F4xx_HAL_Driver/Src/stm32f4xx_hal_spi.c **** 
3287:Drivers/STM32F4xx_HAL_Driver/Src/stm32f4xx_hal_spi.c **** /**
3288:Drivers/STM32F4xx_HAL_Driver/Src/stm32f4xx_hal_spi.c ****   * @brief  Tx 16-bit handler for Transmit and Receive in Interrupt mode.
3289:Drivers/STM32F4xx_HAL_Driver/Src/stm32f4xx_hal_spi.c ****   * @param  hspi pointer to a SPI_HandleTypeDef structure that contains
3290:Drivers/STM32F4xx_HAL_Driver/Src/stm32f4xx_hal_spi.c ****   *               the configuration information for SPI module.
3291:Drivers/STM32F4xx_HAL_Driver/Src/stm32f4xx_hal_spi.c ****   * @retval None
3292:Drivers/STM32F4xx_HAL_Driver/Src/stm32f4xx_hal_spi.c ****   */
3293:Drivers/STM32F4xx_HAL_Driver/Src/stm32f4xx_hal_spi.c **** static void SPI_2linesTxISR_16BIT(struct __SPI_HandleTypeDef *hspi)
3294:Drivers/STM32F4xx_HAL_Driver/Src/stm32f4xx_hal_spi.c **** {
3295:Drivers/STM32F4xx_HAL_Driver/Src/stm32f4xx_hal_spi.c ****   /* Transmit data in 16 Bit mode */
3296:Drivers/STM32F4xx_HAL_Driver/Src/stm32f4xx_hal_spi.c ****   hspi->Instance->DR = *((const uint16_t *)hspi->pTxBuffPtr);
3297:Drivers/STM32F4xx_HAL_Driver/Src/stm32f4xx_hal_spi.c ****   hspi->pTxBuffPtr += sizeof(uint16_t);
3298:Drivers/STM32F4xx_HAL_Driver/Src/stm32f4xx_hal_spi.c ****   hspi->TxXferCount--;
3299:Drivers/STM32F4xx_HAL_Driver/Src/stm32f4xx_hal_spi.c **** 
3300:Drivers/STM32F4xx_HAL_Driver/Src/stm32f4xx_hal_spi.c ****   /* Enable CRC Transmission */
3301:Drivers/STM32F4xx_HAL_Driver/Src/stm32f4xx_hal_spi.c ****   if (hspi->TxXferCount == 0U)
3302:Drivers/STM32F4xx_HAL_Driver/Src/stm32f4xx_hal_spi.c ****   {
3303:Drivers/STM32F4xx_HAL_Driver/Src/stm32f4xx_hal_spi.c **** #if (USE_SPI_CRC != 0U)
3304:Drivers/STM32F4xx_HAL_Driver/Src/stm32f4xx_hal_spi.c ****     if (hspi->Init.CRCCalculation == SPI_CRCCALCULATION_ENABLE)
3305:Drivers/STM32F4xx_HAL_Driver/Src/stm32f4xx_hal_spi.c ****     {
3306:Drivers/STM32F4xx_HAL_Driver/Src/stm32f4xx_hal_spi.c ****       /* Set CRC Next Bit to send CRC */
3307:Drivers/STM32F4xx_HAL_Driver/Src/stm32f4xx_hal_spi.c ****       SET_BIT(hspi->Instance->CR1, SPI_CR1_CRCNEXT);
3308:Drivers/STM32F4xx_HAL_Driver/Src/stm32f4xx_hal_spi.c ****       /* Disable TXE interrupt */
3309:Drivers/STM32F4xx_HAL_Driver/Src/stm32f4xx_hal_spi.c ****       __HAL_SPI_DISABLE_IT(hspi, SPI_IT_TXE);
3310:Drivers/STM32F4xx_HAL_Driver/Src/stm32f4xx_hal_spi.c ****       return;
3311:Drivers/STM32F4xx_HAL_Driver/Src/stm32f4xx_hal_spi.c ****     }
3312:Drivers/STM32F4xx_HAL_Driver/Src/stm32f4xx_hal_spi.c **** #endif /* USE_SPI_CRC */
3313:Drivers/STM32F4xx_HAL_Driver/Src/stm32f4xx_hal_spi.c **** 
3314:Drivers/STM32F4xx_HAL_Driver/Src/stm32f4xx_hal_spi.c ****     /* Disable TXE interrupt */
3315:Drivers/STM32F4xx_HAL_Driver/Src/stm32f4xx_hal_spi.c ****     __HAL_SPI_DISABLE_IT(hspi, SPI_IT_TXE);
3316:Drivers/STM32F4xx_HAL_Driver/Src/stm32f4xx_hal_spi.c **** 
3317:Drivers/STM32F4xx_HAL_Driver/Src/stm32f4xx_hal_spi.c ****     if (hspi->RxXferCount == 0U)
3318:Drivers/STM32F4xx_HAL_Driver/Src/stm32f4xx_hal_spi.c ****     {
3319:Drivers/STM32F4xx_HAL_Driver/Src/stm32f4xx_hal_spi.c ****       SPI_CloseRxTx_ISR(hspi);
3320:Drivers/STM32F4xx_HAL_Driver/Src/stm32f4xx_hal_spi.c ****     }
3321:Drivers/STM32F4xx_HAL_Driver/Src/stm32f4xx_hal_spi.c ****   }
3322:Drivers/STM32F4xx_HAL_Driver/Src/stm32f4xx_hal_spi.c **** }
3323:Drivers/STM32F4xx_HAL_Driver/Src/stm32f4xx_hal_spi.c **** 
3324:Drivers/STM32F4xx_HAL_Driver/Src/stm32f4xx_hal_spi.c **** #if (USE_SPI_CRC != 0U)
3325:Drivers/STM32F4xx_HAL_Driver/Src/stm32f4xx_hal_spi.c **** /**
3326:Drivers/STM32F4xx_HAL_Driver/Src/stm32f4xx_hal_spi.c ****   * @brief  Manage the CRC 8-bit receive in Interrupt context.
3327:Drivers/STM32F4xx_HAL_Driver/Src/stm32f4xx_hal_spi.c ****   * @param  hspi pointer to a SPI_HandleTypeDef structure that contains
3328:Drivers/STM32F4xx_HAL_Driver/Src/stm32f4xx_hal_spi.c ****   *               the configuration information for SPI module.
3329:Drivers/STM32F4xx_HAL_Driver/Src/stm32f4xx_hal_spi.c ****   * @retval None
3330:Drivers/STM32F4xx_HAL_Driver/Src/stm32f4xx_hal_spi.c ****   */
3331:Drivers/STM32F4xx_HAL_Driver/Src/stm32f4xx_hal_spi.c **** static void SPI_RxISR_8BITCRC(struct __SPI_HandleTypeDef *hspi)
3332:Drivers/STM32F4xx_HAL_Driver/Src/stm32f4xx_hal_spi.c **** {
3333:Drivers/STM32F4xx_HAL_Driver/Src/stm32f4xx_hal_spi.c ****   __IO uint8_t  *ptmpreg8;
3334:Drivers/STM32F4xx_HAL_Driver/Src/stm32f4xx_hal_spi.c ****   __IO uint8_t  tmpreg8 = 0;
3335:Drivers/STM32F4xx_HAL_Driver/Src/stm32f4xx_hal_spi.c **** 
3336:Drivers/STM32F4xx_HAL_Driver/Src/stm32f4xx_hal_spi.c ****   /* Initialize the 8bit temporary pointer */
ARM GAS  C:\Users\10369\AppData\Local\Temp\ccy9FUfH.s 			page 60


3337:Drivers/STM32F4xx_HAL_Driver/Src/stm32f4xx_hal_spi.c ****   ptmpreg8 = (__IO uint8_t *)&hspi->Instance->DR;
3338:Drivers/STM32F4xx_HAL_Driver/Src/stm32f4xx_hal_spi.c ****   /* Read 8bit CRC to flush Data Register */
3339:Drivers/STM32F4xx_HAL_Driver/Src/stm32f4xx_hal_spi.c ****   tmpreg8 = *ptmpreg8;
3340:Drivers/STM32F4xx_HAL_Driver/Src/stm32f4xx_hal_spi.c ****   /* To avoid GCC warning */
3341:Drivers/STM32F4xx_HAL_Driver/Src/stm32f4xx_hal_spi.c ****   UNUSED(tmpreg8);
3342:Drivers/STM32F4xx_HAL_Driver/Src/stm32f4xx_hal_spi.c **** 
3343:Drivers/STM32F4xx_HAL_Driver/Src/stm32f4xx_hal_spi.c ****   SPI_CloseRx_ISR(hspi);
3344:Drivers/STM32F4xx_HAL_Driver/Src/stm32f4xx_hal_spi.c **** }
3345:Drivers/STM32F4xx_HAL_Driver/Src/stm32f4xx_hal_spi.c **** #endif /* USE_SPI_CRC */
3346:Drivers/STM32F4xx_HAL_Driver/Src/stm32f4xx_hal_spi.c **** 
3347:Drivers/STM32F4xx_HAL_Driver/Src/stm32f4xx_hal_spi.c **** /**
3348:Drivers/STM32F4xx_HAL_Driver/Src/stm32f4xx_hal_spi.c ****   * @brief  Manage the receive 8-bit in Interrupt context.
3349:Drivers/STM32F4xx_HAL_Driver/Src/stm32f4xx_hal_spi.c ****   * @param  hspi pointer to a SPI_HandleTypeDef structure that contains
3350:Drivers/STM32F4xx_HAL_Driver/Src/stm32f4xx_hal_spi.c ****   *               the configuration information for SPI module.
3351:Drivers/STM32F4xx_HAL_Driver/Src/stm32f4xx_hal_spi.c ****   * @retval None
3352:Drivers/STM32F4xx_HAL_Driver/Src/stm32f4xx_hal_spi.c ****   */
3353:Drivers/STM32F4xx_HAL_Driver/Src/stm32f4xx_hal_spi.c **** static void SPI_RxISR_8BIT(struct __SPI_HandleTypeDef *hspi)
3354:Drivers/STM32F4xx_HAL_Driver/Src/stm32f4xx_hal_spi.c **** {
3355:Drivers/STM32F4xx_HAL_Driver/Src/stm32f4xx_hal_spi.c ****   *hspi->pRxBuffPtr = (*(__IO uint8_t *)&hspi->Instance->DR);
3356:Drivers/STM32F4xx_HAL_Driver/Src/stm32f4xx_hal_spi.c ****   hspi->pRxBuffPtr++;
3357:Drivers/STM32F4xx_HAL_Driver/Src/stm32f4xx_hal_spi.c ****   hspi->RxXferCount--;
3358:Drivers/STM32F4xx_HAL_Driver/Src/stm32f4xx_hal_spi.c **** 
3359:Drivers/STM32F4xx_HAL_Driver/Src/stm32f4xx_hal_spi.c **** #if (USE_SPI_CRC != 0U)
3360:Drivers/STM32F4xx_HAL_Driver/Src/stm32f4xx_hal_spi.c ****   /* Enable CRC Transmission */
3361:Drivers/STM32F4xx_HAL_Driver/Src/stm32f4xx_hal_spi.c ****   if ((hspi->RxXferCount == 1U) && (hspi->Init.CRCCalculation == SPI_CRCCALCULATION_ENABLE))
3362:Drivers/STM32F4xx_HAL_Driver/Src/stm32f4xx_hal_spi.c ****   {
3363:Drivers/STM32F4xx_HAL_Driver/Src/stm32f4xx_hal_spi.c ****     SET_BIT(hspi->Instance->CR1, SPI_CR1_CRCNEXT);
3364:Drivers/STM32F4xx_HAL_Driver/Src/stm32f4xx_hal_spi.c ****   }
3365:Drivers/STM32F4xx_HAL_Driver/Src/stm32f4xx_hal_spi.c **** #endif /* USE_SPI_CRC */
3366:Drivers/STM32F4xx_HAL_Driver/Src/stm32f4xx_hal_spi.c **** 
3367:Drivers/STM32F4xx_HAL_Driver/Src/stm32f4xx_hal_spi.c ****   if (hspi->RxXferCount == 0U)
3368:Drivers/STM32F4xx_HAL_Driver/Src/stm32f4xx_hal_spi.c ****   {
3369:Drivers/STM32F4xx_HAL_Driver/Src/stm32f4xx_hal_spi.c **** #if (USE_SPI_CRC != 0U)
3370:Drivers/STM32F4xx_HAL_Driver/Src/stm32f4xx_hal_spi.c ****     if (hspi->Init.CRCCalculation == SPI_CRCCALCULATION_ENABLE)
3371:Drivers/STM32F4xx_HAL_Driver/Src/stm32f4xx_hal_spi.c ****     {
3372:Drivers/STM32F4xx_HAL_Driver/Src/stm32f4xx_hal_spi.c ****       hspi->RxISR =  SPI_RxISR_8BITCRC;
3373:Drivers/STM32F4xx_HAL_Driver/Src/stm32f4xx_hal_spi.c ****       return;
3374:Drivers/STM32F4xx_HAL_Driver/Src/stm32f4xx_hal_spi.c ****     }
3375:Drivers/STM32F4xx_HAL_Driver/Src/stm32f4xx_hal_spi.c **** #endif /* USE_SPI_CRC */
3376:Drivers/STM32F4xx_HAL_Driver/Src/stm32f4xx_hal_spi.c ****     SPI_CloseRx_ISR(hspi);
3377:Drivers/STM32F4xx_HAL_Driver/Src/stm32f4xx_hal_spi.c ****   }
3378:Drivers/STM32F4xx_HAL_Driver/Src/stm32f4xx_hal_spi.c **** }
3379:Drivers/STM32F4xx_HAL_Driver/Src/stm32f4xx_hal_spi.c **** 
3380:Drivers/STM32F4xx_HAL_Driver/Src/stm32f4xx_hal_spi.c **** #if (USE_SPI_CRC != 0U)
3381:Drivers/STM32F4xx_HAL_Driver/Src/stm32f4xx_hal_spi.c **** /**
3382:Drivers/STM32F4xx_HAL_Driver/Src/stm32f4xx_hal_spi.c ****   * @brief  Manage the CRC 16-bit receive in Interrupt context.
3383:Drivers/STM32F4xx_HAL_Driver/Src/stm32f4xx_hal_spi.c ****   * @param  hspi pointer to a SPI_HandleTypeDef structure that contains
3384:Drivers/STM32F4xx_HAL_Driver/Src/stm32f4xx_hal_spi.c ****   *               the configuration information for SPI module.
3385:Drivers/STM32F4xx_HAL_Driver/Src/stm32f4xx_hal_spi.c ****   * @retval None
3386:Drivers/STM32F4xx_HAL_Driver/Src/stm32f4xx_hal_spi.c ****   */
3387:Drivers/STM32F4xx_HAL_Driver/Src/stm32f4xx_hal_spi.c **** static void SPI_RxISR_16BITCRC(struct __SPI_HandleTypeDef *hspi)
3388:Drivers/STM32F4xx_HAL_Driver/Src/stm32f4xx_hal_spi.c **** {
3389:Drivers/STM32F4xx_HAL_Driver/Src/stm32f4xx_hal_spi.c ****   __IO uint32_t tmpreg = 0U;
3390:Drivers/STM32F4xx_HAL_Driver/Src/stm32f4xx_hal_spi.c **** 
3391:Drivers/STM32F4xx_HAL_Driver/Src/stm32f4xx_hal_spi.c ****   /* Read 16bit CRC to flush Data Register */
3392:Drivers/STM32F4xx_HAL_Driver/Src/stm32f4xx_hal_spi.c ****   tmpreg = READ_REG(hspi->Instance->DR);
3393:Drivers/STM32F4xx_HAL_Driver/Src/stm32f4xx_hal_spi.c ****   /* To avoid GCC warning */
ARM GAS  C:\Users\10369\AppData\Local\Temp\ccy9FUfH.s 			page 61


3394:Drivers/STM32F4xx_HAL_Driver/Src/stm32f4xx_hal_spi.c ****   UNUSED(tmpreg);
3395:Drivers/STM32F4xx_HAL_Driver/Src/stm32f4xx_hal_spi.c **** 
3396:Drivers/STM32F4xx_HAL_Driver/Src/stm32f4xx_hal_spi.c ****   /* Disable RXNE and ERR interrupt */
3397:Drivers/STM32F4xx_HAL_Driver/Src/stm32f4xx_hal_spi.c ****   __HAL_SPI_DISABLE_IT(hspi, (SPI_IT_RXNE | SPI_IT_ERR));
3398:Drivers/STM32F4xx_HAL_Driver/Src/stm32f4xx_hal_spi.c **** 
3399:Drivers/STM32F4xx_HAL_Driver/Src/stm32f4xx_hal_spi.c ****   SPI_CloseRx_ISR(hspi);
3400:Drivers/STM32F4xx_HAL_Driver/Src/stm32f4xx_hal_spi.c **** }
3401:Drivers/STM32F4xx_HAL_Driver/Src/stm32f4xx_hal_spi.c **** #endif /* USE_SPI_CRC */
3402:Drivers/STM32F4xx_HAL_Driver/Src/stm32f4xx_hal_spi.c **** 
3403:Drivers/STM32F4xx_HAL_Driver/Src/stm32f4xx_hal_spi.c **** /**
3404:Drivers/STM32F4xx_HAL_Driver/Src/stm32f4xx_hal_spi.c ****   * @brief  Manage the 16-bit receive in Interrupt context.
3405:Drivers/STM32F4xx_HAL_Driver/Src/stm32f4xx_hal_spi.c ****   * @param  hspi pointer to a SPI_HandleTypeDef structure that contains
3406:Drivers/STM32F4xx_HAL_Driver/Src/stm32f4xx_hal_spi.c ****   *               the configuration information for SPI module.
3407:Drivers/STM32F4xx_HAL_Driver/Src/stm32f4xx_hal_spi.c ****   * @retval None
3408:Drivers/STM32F4xx_HAL_Driver/Src/stm32f4xx_hal_spi.c ****   */
3409:Drivers/STM32F4xx_HAL_Driver/Src/stm32f4xx_hal_spi.c **** static void SPI_RxISR_16BIT(struct __SPI_HandleTypeDef *hspi)
3410:Drivers/STM32F4xx_HAL_Driver/Src/stm32f4xx_hal_spi.c **** {
3411:Drivers/STM32F4xx_HAL_Driver/Src/stm32f4xx_hal_spi.c ****   *((uint16_t *)hspi->pRxBuffPtr) = (uint16_t)(hspi->Instance->DR);
3412:Drivers/STM32F4xx_HAL_Driver/Src/stm32f4xx_hal_spi.c ****   hspi->pRxBuffPtr += sizeof(uint16_t);
3413:Drivers/STM32F4xx_HAL_Driver/Src/stm32f4xx_hal_spi.c ****   hspi->RxXferCount--;
3414:Drivers/STM32F4xx_HAL_Driver/Src/stm32f4xx_hal_spi.c **** 
3415:Drivers/STM32F4xx_HAL_Driver/Src/stm32f4xx_hal_spi.c **** #if (USE_SPI_CRC != 0U)
3416:Drivers/STM32F4xx_HAL_Driver/Src/stm32f4xx_hal_spi.c ****   /* Enable CRC Transmission */
3417:Drivers/STM32F4xx_HAL_Driver/Src/stm32f4xx_hal_spi.c ****   if ((hspi->RxXferCount == 1U) && (hspi->Init.CRCCalculation == SPI_CRCCALCULATION_ENABLE))
3418:Drivers/STM32F4xx_HAL_Driver/Src/stm32f4xx_hal_spi.c ****   {
3419:Drivers/STM32F4xx_HAL_Driver/Src/stm32f4xx_hal_spi.c ****     SET_BIT(hspi->Instance->CR1, SPI_CR1_CRCNEXT);
3420:Drivers/STM32F4xx_HAL_Driver/Src/stm32f4xx_hal_spi.c ****   }
3421:Drivers/STM32F4xx_HAL_Driver/Src/stm32f4xx_hal_spi.c **** #endif /* USE_SPI_CRC */
3422:Drivers/STM32F4xx_HAL_Driver/Src/stm32f4xx_hal_spi.c **** 
3423:Drivers/STM32F4xx_HAL_Driver/Src/stm32f4xx_hal_spi.c ****   if (hspi->RxXferCount == 0U)
3424:Drivers/STM32F4xx_HAL_Driver/Src/stm32f4xx_hal_spi.c ****   {
3425:Drivers/STM32F4xx_HAL_Driver/Src/stm32f4xx_hal_spi.c **** #if (USE_SPI_CRC != 0U)
3426:Drivers/STM32F4xx_HAL_Driver/Src/stm32f4xx_hal_spi.c ****     if (hspi->Init.CRCCalculation == SPI_CRCCALCULATION_ENABLE)
3427:Drivers/STM32F4xx_HAL_Driver/Src/stm32f4xx_hal_spi.c ****     {
3428:Drivers/STM32F4xx_HAL_Driver/Src/stm32f4xx_hal_spi.c ****       hspi->RxISR = SPI_RxISR_16BITCRC;
3429:Drivers/STM32F4xx_HAL_Driver/Src/stm32f4xx_hal_spi.c ****       return;
3430:Drivers/STM32F4xx_HAL_Driver/Src/stm32f4xx_hal_spi.c ****     }
3431:Drivers/STM32F4xx_HAL_Driver/Src/stm32f4xx_hal_spi.c **** #endif /* USE_SPI_CRC */
3432:Drivers/STM32F4xx_HAL_Driver/Src/stm32f4xx_hal_spi.c ****     SPI_CloseRx_ISR(hspi);
3433:Drivers/STM32F4xx_HAL_Driver/Src/stm32f4xx_hal_spi.c ****   }
3434:Drivers/STM32F4xx_HAL_Driver/Src/stm32f4xx_hal_spi.c **** }
3435:Drivers/STM32F4xx_HAL_Driver/Src/stm32f4xx_hal_spi.c **** 
3436:Drivers/STM32F4xx_HAL_Driver/Src/stm32f4xx_hal_spi.c **** /**
3437:Drivers/STM32F4xx_HAL_Driver/Src/stm32f4xx_hal_spi.c ****   * @brief  Handle the data 8-bit transmit in Interrupt mode.
3438:Drivers/STM32F4xx_HAL_Driver/Src/stm32f4xx_hal_spi.c ****   * @param  hspi pointer to a SPI_HandleTypeDef structure that contains
3439:Drivers/STM32F4xx_HAL_Driver/Src/stm32f4xx_hal_spi.c ****   *               the configuration information for SPI module.
3440:Drivers/STM32F4xx_HAL_Driver/Src/stm32f4xx_hal_spi.c ****   * @retval None
3441:Drivers/STM32F4xx_HAL_Driver/Src/stm32f4xx_hal_spi.c ****   */
3442:Drivers/STM32F4xx_HAL_Driver/Src/stm32f4xx_hal_spi.c **** static void SPI_TxISR_8BIT(struct __SPI_HandleTypeDef *hspi)
3443:Drivers/STM32F4xx_HAL_Driver/Src/stm32f4xx_hal_spi.c **** {
3444:Drivers/STM32F4xx_HAL_Driver/Src/stm32f4xx_hal_spi.c ****   *(__IO uint8_t *)&hspi->Instance->DR = *((const uint8_t *)hspi->pTxBuffPtr);
3445:Drivers/STM32F4xx_HAL_Driver/Src/stm32f4xx_hal_spi.c ****   hspi->pTxBuffPtr++;
3446:Drivers/STM32F4xx_HAL_Driver/Src/stm32f4xx_hal_spi.c ****   hspi->TxXferCount--;
3447:Drivers/STM32F4xx_HAL_Driver/Src/stm32f4xx_hal_spi.c **** 
3448:Drivers/STM32F4xx_HAL_Driver/Src/stm32f4xx_hal_spi.c ****   if (hspi->TxXferCount == 0U)
3449:Drivers/STM32F4xx_HAL_Driver/Src/stm32f4xx_hal_spi.c ****   {
3450:Drivers/STM32F4xx_HAL_Driver/Src/stm32f4xx_hal_spi.c **** #if (USE_SPI_CRC != 0U)
ARM GAS  C:\Users\10369\AppData\Local\Temp\ccy9FUfH.s 			page 62


3451:Drivers/STM32F4xx_HAL_Driver/Src/stm32f4xx_hal_spi.c ****     if (hspi->Init.CRCCalculation == SPI_CRCCALCULATION_ENABLE)
3452:Drivers/STM32F4xx_HAL_Driver/Src/stm32f4xx_hal_spi.c ****     {
3453:Drivers/STM32F4xx_HAL_Driver/Src/stm32f4xx_hal_spi.c ****       /* Enable CRC Transmission */
3454:Drivers/STM32F4xx_HAL_Driver/Src/stm32f4xx_hal_spi.c ****       SET_BIT(hspi->Instance->CR1, SPI_CR1_CRCNEXT);
3455:Drivers/STM32F4xx_HAL_Driver/Src/stm32f4xx_hal_spi.c ****     }
3456:Drivers/STM32F4xx_HAL_Driver/Src/stm32f4xx_hal_spi.c **** #endif /* USE_SPI_CRC */
3457:Drivers/STM32F4xx_HAL_Driver/Src/stm32f4xx_hal_spi.c ****     SPI_CloseTx_ISR(hspi);
3458:Drivers/STM32F4xx_HAL_Driver/Src/stm32f4xx_hal_spi.c ****   }
3459:Drivers/STM32F4xx_HAL_Driver/Src/stm32f4xx_hal_spi.c **** }
3460:Drivers/STM32F4xx_HAL_Driver/Src/stm32f4xx_hal_spi.c **** 
3461:Drivers/STM32F4xx_HAL_Driver/Src/stm32f4xx_hal_spi.c **** /**
3462:Drivers/STM32F4xx_HAL_Driver/Src/stm32f4xx_hal_spi.c ****   * @brief  Handle the data 16-bit transmit in Interrupt mode.
3463:Drivers/STM32F4xx_HAL_Driver/Src/stm32f4xx_hal_spi.c ****   * @param  hspi pointer to a SPI_HandleTypeDef structure that contains
3464:Drivers/STM32F4xx_HAL_Driver/Src/stm32f4xx_hal_spi.c ****   *               the configuration information for SPI module.
3465:Drivers/STM32F4xx_HAL_Driver/Src/stm32f4xx_hal_spi.c ****   * @retval None
3466:Drivers/STM32F4xx_HAL_Driver/Src/stm32f4xx_hal_spi.c ****   */
3467:Drivers/STM32F4xx_HAL_Driver/Src/stm32f4xx_hal_spi.c **** static void SPI_TxISR_16BIT(struct __SPI_HandleTypeDef *hspi)
3468:Drivers/STM32F4xx_HAL_Driver/Src/stm32f4xx_hal_spi.c **** {
3469:Drivers/STM32F4xx_HAL_Driver/Src/stm32f4xx_hal_spi.c ****   /* Transmit data in 16 Bit mode */
3470:Drivers/STM32F4xx_HAL_Driver/Src/stm32f4xx_hal_spi.c ****   hspi->Instance->DR = *((const uint16_t *)hspi->pTxBuffPtr);
3471:Drivers/STM32F4xx_HAL_Driver/Src/stm32f4xx_hal_spi.c ****   hspi->pTxBuffPtr += sizeof(uint16_t);
3472:Drivers/STM32F4xx_HAL_Driver/Src/stm32f4xx_hal_spi.c ****   hspi->TxXferCount--;
3473:Drivers/STM32F4xx_HAL_Driver/Src/stm32f4xx_hal_spi.c **** 
3474:Drivers/STM32F4xx_HAL_Driver/Src/stm32f4xx_hal_spi.c ****   if (hspi->TxXferCount == 0U)
3475:Drivers/STM32F4xx_HAL_Driver/Src/stm32f4xx_hal_spi.c ****   {
3476:Drivers/STM32F4xx_HAL_Driver/Src/stm32f4xx_hal_spi.c **** #if (USE_SPI_CRC != 0U)
3477:Drivers/STM32F4xx_HAL_Driver/Src/stm32f4xx_hal_spi.c ****     if (hspi->Init.CRCCalculation == SPI_CRCCALCULATION_ENABLE)
3478:Drivers/STM32F4xx_HAL_Driver/Src/stm32f4xx_hal_spi.c ****     {
3479:Drivers/STM32F4xx_HAL_Driver/Src/stm32f4xx_hal_spi.c ****       /* Enable CRC Transmission */
3480:Drivers/STM32F4xx_HAL_Driver/Src/stm32f4xx_hal_spi.c ****       SET_BIT(hspi->Instance->CR1, SPI_CR1_CRCNEXT);
3481:Drivers/STM32F4xx_HAL_Driver/Src/stm32f4xx_hal_spi.c ****     }
3482:Drivers/STM32F4xx_HAL_Driver/Src/stm32f4xx_hal_spi.c **** #endif /* USE_SPI_CRC */
3483:Drivers/STM32F4xx_HAL_Driver/Src/stm32f4xx_hal_spi.c ****     SPI_CloseTx_ISR(hspi);
3484:Drivers/STM32F4xx_HAL_Driver/Src/stm32f4xx_hal_spi.c ****   }
3485:Drivers/STM32F4xx_HAL_Driver/Src/stm32f4xx_hal_spi.c **** }
3486:Drivers/STM32F4xx_HAL_Driver/Src/stm32f4xx_hal_spi.c **** 
3487:Drivers/STM32F4xx_HAL_Driver/Src/stm32f4xx_hal_spi.c **** /**
3488:Drivers/STM32F4xx_HAL_Driver/Src/stm32f4xx_hal_spi.c ****   * @brief  Handle SPI Communication Timeout.
3489:Drivers/STM32F4xx_HAL_Driver/Src/stm32f4xx_hal_spi.c ****   * @param  hspi pointer to a SPI_HandleTypeDef structure that contains
3490:Drivers/STM32F4xx_HAL_Driver/Src/stm32f4xx_hal_spi.c ****   *              the configuration information for SPI module.
3491:Drivers/STM32F4xx_HAL_Driver/Src/stm32f4xx_hal_spi.c ****   * @param  Flag SPI flag to check
3492:Drivers/STM32F4xx_HAL_Driver/Src/stm32f4xx_hal_spi.c ****   * @param  State flag state to check
3493:Drivers/STM32F4xx_HAL_Driver/Src/stm32f4xx_hal_spi.c ****   * @param  Timeout Timeout duration
3494:Drivers/STM32F4xx_HAL_Driver/Src/stm32f4xx_hal_spi.c ****   * @param  Tickstart tick start value
3495:Drivers/STM32F4xx_HAL_Driver/Src/stm32f4xx_hal_spi.c ****   * @retval HAL status
3496:Drivers/STM32F4xx_HAL_Driver/Src/stm32f4xx_hal_spi.c ****   */
3497:Drivers/STM32F4xx_HAL_Driver/Src/stm32f4xx_hal_spi.c **** static HAL_StatusTypeDef SPI_WaitFlagStateUntilTimeout(SPI_HandleTypeDef *hspi, uint32_t Flag, Flag
3498:Drivers/STM32F4xx_HAL_Driver/Src/stm32f4xx_hal_spi.c ****                                                        uint32_t Timeout, uint32_t Tickstart)
3499:Drivers/STM32F4xx_HAL_Driver/Src/stm32f4xx_hal_spi.c **** {
3500:Drivers/STM32F4xx_HAL_Driver/Src/stm32f4xx_hal_spi.c ****   __IO uint32_t count;
3501:Drivers/STM32F4xx_HAL_Driver/Src/stm32f4xx_hal_spi.c ****   uint32_t tmp_timeout;
3502:Drivers/STM32F4xx_HAL_Driver/Src/stm32f4xx_hal_spi.c ****   uint32_t tmp_tickstart;
3503:Drivers/STM32F4xx_HAL_Driver/Src/stm32f4xx_hal_spi.c **** 
3504:Drivers/STM32F4xx_HAL_Driver/Src/stm32f4xx_hal_spi.c ****   /* Adjust Timeout value  in case of end of transfer */
3505:Drivers/STM32F4xx_HAL_Driver/Src/stm32f4xx_hal_spi.c ****   tmp_timeout   = Timeout - (HAL_GetTick() - Tickstart);
3506:Drivers/STM32F4xx_HAL_Driver/Src/stm32f4xx_hal_spi.c ****   tmp_tickstart = HAL_GetTick();
3507:Drivers/STM32F4xx_HAL_Driver/Src/stm32f4xx_hal_spi.c **** 
ARM GAS  C:\Users\10369\AppData\Local\Temp\ccy9FUfH.s 			page 63


3508:Drivers/STM32F4xx_HAL_Driver/Src/stm32f4xx_hal_spi.c ****   /* Calculate Timeout based on a software loop to avoid blocking issue if Systick is disabled */
3509:Drivers/STM32F4xx_HAL_Driver/Src/stm32f4xx_hal_spi.c ****   count = tmp_timeout * ((SystemCoreClock * 32U) >> 20U);
3510:Drivers/STM32F4xx_HAL_Driver/Src/stm32f4xx_hal_spi.c **** 
3511:Drivers/STM32F4xx_HAL_Driver/Src/stm32f4xx_hal_spi.c ****   while ((__HAL_SPI_GET_FLAG(hspi, Flag) ? SET : RESET) != State)
3512:Drivers/STM32F4xx_HAL_Driver/Src/stm32f4xx_hal_spi.c ****   {
3513:Drivers/STM32F4xx_HAL_Driver/Src/stm32f4xx_hal_spi.c ****     if (Timeout != HAL_MAX_DELAY)
3514:Drivers/STM32F4xx_HAL_Driver/Src/stm32f4xx_hal_spi.c ****     {
3515:Drivers/STM32F4xx_HAL_Driver/Src/stm32f4xx_hal_spi.c ****       if (((HAL_GetTick() - tmp_tickstart) >= tmp_timeout) || (tmp_timeout == 0U))
3516:Drivers/STM32F4xx_HAL_Driver/Src/stm32f4xx_hal_spi.c ****       {
3517:Drivers/STM32F4xx_HAL_Driver/Src/stm32f4xx_hal_spi.c ****         /* Disable the SPI and reset the CRC: the CRC value should be cleared
3518:Drivers/STM32F4xx_HAL_Driver/Src/stm32f4xx_hal_spi.c ****            on both master and slave sides in order to resynchronize the master
3519:Drivers/STM32F4xx_HAL_Driver/Src/stm32f4xx_hal_spi.c ****            and slave for their respective CRC calculation */
3520:Drivers/STM32F4xx_HAL_Driver/Src/stm32f4xx_hal_spi.c **** 
3521:Drivers/STM32F4xx_HAL_Driver/Src/stm32f4xx_hal_spi.c ****         /* Disable TXE, RXNE and ERR interrupts for the interrupt process */
3522:Drivers/STM32F4xx_HAL_Driver/Src/stm32f4xx_hal_spi.c ****         __HAL_SPI_DISABLE_IT(hspi, (SPI_IT_TXE | SPI_IT_RXNE | SPI_IT_ERR));
3523:Drivers/STM32F4xx_HAL_Driver/Src/stm32f4xx_hal_spi.c **** 
3524:Drivers/STM32F4xx_HAL_Driver/Src/stm32f4xx_hal_spi.c ****         if ((hspi->Init.Mode == SPI_MODE_MASTER) && ((hspi->Init.Direction == SPI_DIRECTION_1LINE)
3525:Drivers/STM32F4xx_HAL_Driver/Src/stm32f4xx_hal_spi.c ****                                                      || (hspi->Init.Direction == SPI_DIRECTION_2LIN
3526:Drivers/STM32F4xx_HAL_Driver/Src/stm32f4xx_hal_spi.c ****         {
3527:Drivers/STM32F4xx_HAL_Driver/Src/stm32f4xx_hal_spi.c ****           /* Disable SPI peripheral */
3528:Drivers/STM32F4xx_HAL_Driver/Src/stm32f4xx_hal_spi.c ****           __HAL_SPI_DISABLE(hspi);
3529:Drivers/STM32F4xx_HAL_Driver/Src/stm32f4xx_hal_spi.c ****         }
3530:Drivers/STM32F4xx_HAL_Driver/Src/stm32f4xx_hal_spi.c **** 
3531:Drivers/STM32F4xx_HAL_Driver/Src/stm32f4xx_hal_spi.c ****         /* Reset CRC Calculation */
3532:Drivers/STM32F4xx_HAL_Driver/Src/stm32f4xx_hal_spi.c ****         if (hspi->Init.CRCCalculation == SPI_CRCCALCULATION_ENABLE)
3533:Drivers/STM32F4xx_HAL_Driver/Src/stm32f4xx_hal_spi.c ****         {
3534:Drivers/STM32F4xx_HAL_Driver/Src/stm32f4xx_hal_spi.c ****           SPI_RESET_CRC(hspi);
3535:Drivers/STM32F4xx_HAL_Driver/Src/stm32f4xx_hal_spi.c ****         }
3536:Drivers/STM32F4xx_HAL_Driver/Src/stm32f4xx_hal_spi.c **** 
3537:Drivers/STM32F4xx_HAL_Driver/Src/stm32f4xx_hal_spi.c ****         hspi->State = HAL_SPI_STATE_READY;
3538:Drivers/STM32F4xx_HAL_Driver/Src/stm32f4xx_hal_spi.c **** 
3539:Drivers/STM32F4xx_HAL_Driver/Src/stm32f4xx_hal_spi.c ****         /* Process Unlocked */
3540:Drivers/STM32F4xx_HAL_Driver/Src/stm32f4xx_hal_spi.c ****         __HAL_UNLOCK(hspi);
3541:Drivers/STM32F4xx_HAL_Driver/Src/stm32f4xx_hal_spi.c **** 
3542:Drivers/STM32F4xx_HAL_Driver/Src/stm32f4xx_hal_spi.c ****         return HAL_TIMEOUT;
3543:Drivers/STM32F4xx_HAL_Driver/Src/stm32f4xx_hal_spi.c ****       }
3544:Drivers/STM32F4xx_HAL_Driver/Src/stm32f4xx_hal_spi.c ****       /* If Systick is disabled or not incremented, deactivate timeout to go in disable loop proced
3545:Drivers/STM32F4xx_HAL_Driver/Src/stm32f4xx_hal_spi.c ****       if (count == 0U)
3546:Drivers/STM32F4xx_HAL_Driver/Src/stm32f4xx_hal_spi.c ****       {
3547:Drivers/STM32F4xx_HAL_Driver/Src/stm32f4xx_hal_spi.c ****         tmp_timeout = 0U;
3548:Drivers/STM32F4xx_HAL_Driver/Src/stm32f4xx_hal_spi.c ****       }
3549:Drivers/STM32F4xx_HAL_Driver/Src/stm32f4xx_hal_spi.c ****       else
3550:Drivers/STM32F4xx_HAL_Driver/Src/stm32f4xx_hal_spi.c ****       {
3551:Drivers/STM32F4xx_HAL_Driver/Src/stm32f4xx_hal_spi.c ****         count--;
3552:Drivers/STM32F4xx_HAL_Driver/Src/stm32f4xx_hal_spi.c ****       }
3553:Drivers/STM32F4xx_HAL_Driver/Src/stm32f4xx_hal_spi.c ****     }
3554:Drivers/STM32F4xx_HAL_Driver/Src/stm32f4xx_hal_spi.c ****   }
3555:Drivers/STM32F4xx_HAL_Driver/Src/stm32f4xx_hal_spi.c **** 
3556:Drivers/STM32F4xx_HAL_Driver/Src/stm32f4xx_hal_spi.c ****   return HAL_OK;
3557:Drivers/STM32F4xx_HAL_Driver/Src/stm32f4xx_hal_spi.c **** }
3558:Drivers/STM32F4xx_HAL_Driver/Src/stm32f4xx_hal_spi.c **** 
3559:Drivers/STM32F4xx_HAL_Driver/Src/stm32f4xx_hal_spi.c **** /**
3560:Drivers/STM32F4xx_HAL_Driver/Src/stm32f4xx_hal_spi.c ****   * @brief  Handle the check of the RX transaction complete.
3561:Drivers/STM32F4xx_HAL_Driver/Src/stm32f4xx_hal_spi.c ****   * @param  hspi pointer to a SPI_HandleTypeDef structure that contains
3562:Drivers/STM32F4xx_HAL_Driver/Src/stm32f4xx_hal_spi.c ****   *               the configuration information for SPI module.
3563:Drivers/STM32F4xx_HAL_Driver/Src/stm32f4xx_hal_spi.c ****   * @param  Timeout Timeout duration
3564:Drivers/STM32F4xx_HAL_Driver/Src/stm32f4xx_hal_spi.c ****   * @param  Tickstart tick start value
ARM GAS  C:\Users\10369\AppData\Local\Temp\ccy9FUfH.s 			page 64


3565:Drivers/STM32F4xx_HAL_Driver/Src/stm32f4xx_hal_spi.c ****   * @retval HAL status
3566:Drivers/STM32F4xx_HAL_Driver/Src/stm32f4xx_hal_spi.c ****   */
3567:Drivers/STM32F4xx_HAL_Driver/Src/stm32f4xx_hal_spi.c **** static HAL_StatusTypeDef SPI_EndRxTransaction(SPI_HandleTypeDef *hspi,  uint32_t Timeout, uint32_t 
3568:Drivers/STM32F4xx_HAL_Driver/Src/stm32f4xx_hal_spi.c **** {
3569:Drivers/STM32F4xx_HAL_Driver/Src/stm32f4xx_hal_spi.c ****   if ((hspi->Init.Mode == SPI_MODE_MASTER) && ((hspi->Init.Direction == SPI_DIRECTION_1LINE)
3570:Drivers/STM32F4xx_HAL_Driver/Src/stm32f4xx_hal_spi.c ****                                                || (hspi->Init.Direction == SPI_DIRECTION_2LINES_RXO
3571:Drivers/STM32F4xx_HAL_Driver/Src/stm32f4xx_hal_spi.c ****   {
3572:Drivers/STM32F4xx_HAL_Driver/Src/stm32f4xx_hal_spi.c ****     /* Disable SPI peripheral */
3573:Drivers/STM32F4xx_HAL_Driver/Src/stm32f4xx_hal_spi.c ****     __HAL_SPI_DISABLE(hspi);
3574:Drivers/STM32F4xx_HAL_Driver/Src/stm32f4xx_hal_spi.c ****   }
3575:Drivers/STM32F4xx_HAL_Driver/Src/stm32f4xx_hal_spi.c **** 
3576:Drivers/STM32F4xx_HAL_Driver/Src/stm32f4xx_hal_spi.c ****   /* Erratasheet: BSY bit may stay high at the end of a data transfer in Slave mode */
3577:Drivers/STM32F4xx_HAL_Driver/Src/stm32f4xx_hal_spi.c ****   if (hspi->Init.Mode == SPI_MODE_MASTER)
3578:Drivers/STM32F4xx_HAL_Driver/Src/stm32f4xx_hal_spi.c ****   {
3579:Drivers/STM32F4xx_HAL_Driver/Src/stm32f4xx_hal_spi.c ****     if (hspi->Init.Direction != SPI_DIRECTION_2LINES_RXONLY)
3580:Drivers/STM32F4xx_HAL_Driver/Src/stm32f4xx_hal_spi.c ****     {
3581:Drivers/STM32F4xx_HAL_Driver/Src/stm32f4xx_hal_spi.c ****       /* Control the BSY flag */
3582:Drivers/STM32F4xx_HAL_Driver/Src/stm32f4xx_hal_spi.c ****       if (SPI_WaitFlagStateUntilTimeout(hspi, SPI_FLAG_BSY, RESET, Timeout, Tickstart) != HAL_OK)
3583:Drivers/STM32F4xx_HAL_Driver/Src/stm32f4xx_hal_spi.c ****       {
3584:Drivers/STM32F4xx_HAL_Driver/Src/stm32f4xx_hal_spi.c ****         SET_BIT(hspi->ErrorCode, HAL_SPI_ERROR_FLAG);
3585:Drivers/STM32F4xx_HAL_Driver/Src/stm32f4xx_hal_spi.c ****         return HAL_TIMEOUT;
3586:Drivers/STM32F4xx_HAL_Driver/Src/stm32f4xx_hal_spi.c ****       }
3587:Drivers/STM32F4xx_HAL_Driver/Src/stm32f4xx_hal_spi.c ****     }
3588:Drivers/STM32F4xx_HAL_Driver/Src/stm32f4xx_hal_spi.c ****     else
3589:Drivers/STM32F4xx_HAL_Driver/Src/stm32f4xx_hal_spi.c ****     {
3590:Drivers/STM32F4xx_HAL_Driver/Src/stm32f4xx_hal_spi.c ****       /* Wait the RXNE reset */
3591:Drivers/STM32F4xx_HAL_Driver/Src/stm32f4xx_hal_spi.c ****       if (SPI_WaitFlagStateUntilTimeout(hspi, SPI_FLAG_RXNE, RESET, Timeout, Tickstart) != HAL_OK)
3592:Drivers/STM32F4xx_HAL_Driver/Src/stm32f4xx_hal_spi.c ****       {
3593:Drivers/STM32F4xx_HAL_Driver/Src/stm32f4xx_hal_spi.c ****         SET_BIT(hspi->ErrorCode, HAL_SPI_ERROR_FLAG);
3594:Drivers/STM32F4xx_HAL_Driver/Src/stm32f4xx_hal_spi.c ****         return HAL_TIMEOUT;
3595:Drivers/STM32F4xx_HAL_Driver/Src/stm32f4xx_hal_spi.c ****       }
3596:Drivers/STM32F4xx_HAL_Driver/Src/stm32f4xx_hal_spi.c ****     }
3597:Drivers/STM32F4xx_HAL_Driver/Src/stm32f4xx_hal_spi.c ****   }
3598:Drivers/STM32F4xx_HAL_Driver/Src/stm32f4xx_hal_spi.c ****   else
3599:Drivers/STM32F4xx_HAL_Driver/Src/stm32f4xx_hal_spi.c ****   {
3600:Drivers/STM32F4xx_HAL_Driver/Src/stm32f4xx_hal_spi.c ****     /* Wait the RXNE reset */
3601:Drivers/STM32F4xx_HAL_Driver/Src/stm32f4xx_hal_spi.c ****     if (SPI_WaitFlagStateUntilTimeout(hspi, SPI_FLAG_RXNE, RESET, Timeout, Tickstart) != HAL_OK)
3602:Drivers/STM32F4xx_HAL_Driver/Src/stm32f4xx_hal_spi.c ****     {
3603:Drivers/STM32F4xx_HAL_Driver/Src/stm32f4xx_hal_spi.c ****       SET_BIT(hspi->ErrorCode, HAL_SPI_ERROR_FLAG);
3604:Drivers/STM32F4xx_HAL_Driver/Src/stm32f4xx_hal_spi.c ****       return HAL_TIMEOUT;
3605:Drivers/STM32F4xx_HAL_Driver/Src/stm32f4xx_hal_spi.c ****     }
3606:Drivers/STM32F4xx_HAL_Driver/Src/stm32f4xx_hal_spi.c ****   }
3607:Drivers/STM32F4xx_HAL_Driver/Src/stm32f4xx_hal_spi.c ****   return HAL_OK;
3608:Drivers/STM32F4xx_HAL_Driver/Src/stm32f4xx_hal_spi.c **** }
3609:Drivers/STM32F4xx_HAL_Driver/Src/stm32f4xx_hal_spi.c **** 
3610:Drivers/STM32F4xx_HAL_Driver/Src/stm32f4xx_hal_spi.c **** /**
3611:Drivers/STM32F4xx_HAL_Driver/Src/stm32f4xx_hal_spi.c ****   * @brief  Handle the check of the RXTX or TX transaction complete.
3612:Drivers/STM32F4xx_HAL_Driver/Src/stm32f4xx_hal_spi.c ****   * @param  hspi SPI handle
3613:Drivers/STM32F4xx_HAL_Driver/Src/stm32f4xx_hal_spi.c ****   * @param  Timeout Timeout duration
3614:Drivers/STM32F4xx_HAL_Driver/Src/stm32f4xx_hal_spi.c ****   * @param  Tickstart tick start value
3615:Drivers/STM32F4xx_HAL_Driver/Src/stm32f4xx_hal_spi.c ****   * @retval HAL status
3616:Drivers/STM32F4xx_HAL_Driver/Src/stm32f4xx_hal_spi.c ****   */
3617:Drivers/STM32F4xx_HAL_Driver/Src/stm32f4xx_hal_spi.c **** static HAL_StatusTypeDef SPI_EndRxTxTransaction(SPI_HandleTypeDef *hspi, uint32_t Timeout, uint32_t
3618:Drivers/STM32F4xx_HAL_Driver/Src/stm32f4xx_hal_spi.c **** {
3619:Drivers/STM32F4xx_HAL_Driver/Src/stm32f4xx_hal_spi.c ****   __IO uint32_t count;
3620:Drivers/STM32F4xx_HAL_Driver/Src/stm32f4xx_hal_spi.c **** 
3621:Drivers/STM32F4xx_HAL_Driver/Src/stm32f4xx_hal_spi.c ****   /* Wait until TXE flag */
ARM GAS  C:\Users\10369\AppData\Local\Temp\ccy9FUfH.s 			page 65


3622:Drivers/STM32F4xx_HAL_Driver/Src/stm32f4xx_hal_spi.c ****   if (SPI_WaitFlagStateUntilTimeout(hspi, SPI_FLAG_TXE, SET, Timeout, Tickstart) != HAL_OK)
3623:Drivers/STM32F4xx_HAL_Driver/Src/stm32f4xx_hal_spi.c ****   {
3624:Drivers/STM32F4xx_HAL_Driver/Src/stm32f4xx_hal_spi.c ****     SET_BIT(hspi->ErrorCode, HAL_SPI_ERROR_FLAG);
3625:Drivers/STM32F4xx_HAL_Driver/Src/stm32f4xx_hal_spi.c ****     return HAL_TIMEOUT;
3626:Drivers/STM32F4xx_HAL_Driver/Src/stm32f4xx_hal_spi.c ****   }
3627:Drivers/STM32F4xx_HAL_Driver/Src/stm32f4xx_hal_spi.c **** 
3628:Drivers/STM32F4xx_HAL_Driver/Src/stm32f4xx_hal_spi.c ****   /* Timeout in us */
3629:Drivers/STM32F4xx_HAL_Driver/Src/stm32f4xx_hal_spi.c ****   count = SPI_BSY_FLAG_WORKAROUND_TIMEOUT * (SystemCoreClock / 24U / 1000000U);
3630:Drivers/STM32F4xx_HAL_Driver/Src/stm32f4xx_hal_spi.c ****   /* Erratasheet: BSY bit may stay high at the end of a data transfer in Slave mode */
3631:Drivers/STM32F4xx_HAL_Driver/Src/stm32f4xx_hal_spi.c ****   if (hspi->Init.Mode == SPI_MODE_MASTER)
3632:Drivers/STM32F4xx_HAL_Driver/Src/stm32f4xx_hal_spi.c ****   {
3633:Drivers/STM32F4xx_HAL_Driver/Src/stm32f4xx_hal_spi.c ****     /* Control the BSY flag */
3634:Drivers/STM32F4xx_HAL_Driver/Src/stm32f4xx_hal_spi.c ****     if (SPI_WaitFlagStateUntilTimeout(hspi, SPI_FLAG_BSY, RESET, Timeout, Tickstart) != HAL_OK)
3635:Drivers/STM32F4xx_HAL_Driver/Src/stm32f4xx_hal_spi.c ****     {
3636:Drivers/STM32F4xx_HAL_Driver/Src/stm32f4xx_hal_spi.c ****       SET_BIT(hspi->ErrorCode, HAL_SPI_ERROR_FLAG);
3637:Drivers/STM32F4xx_HAL_Driver/Src/stm32f4xx_hal_spi.c ****       return HAL_TIMEOUT;
3638:Drivers/STM32F4xx_HAL_Driver/Src/stm32f4xx_hal_spi.c ****     }
3639:Drivers/STM32F4xx_HAL_Driver/Src/stm32f4xx_hal_spi.c ****   }
3640:Drivers/STM32F4xx_HAL_Driver/Src/stm32f4xx_hal_spi.c ****   else
3641:Drivers/STM32F4xx_HAL_Driver/Src/stm32f4xx_hal_spi.c ****   {
3642:Drivers/STM32F4xx_HAL_Driver/Src/stm32f4xx_hal_spi.c ****     /* Wait BSY flag during 1 Byte time transfer in case of Full-Duplex and Tx transfer
3643:Drivers/STM32F4xx_HAL_Driver/Src/stm32f4xx_hal_spi.c ****     * If Timeout is reached, the transfer is considered as finish.
3644:Drivers/STM32F4xx_HAL_Driver/Src/stm32f4xx_hal_spi.c ****     * User have to calculate the timeout value to fit with the time of 1 byte transfer.
3645:Drivers/STM32F4xx_HAL_Driver/Src/stm32f4xx_hal_spi.c ****     * This time is directly link with the SPI clock from Master device.
3646:Drivers/STM32F4xx_HAL_Driver/Src/stm32f4xx_hal_spi.c ****     */
3647:Drivers/STM32F4xx_HAL_Driver/Src/stm32f4xx_hal_spi.c ****     do
3648:Drivers/STM32F4xx_HAL_Driver/Src/stm32f4xx_hal_spi.c ****     {
3649:Drivers/STM32F4xx_HAL_Driver/Src/stm32f4xx_hal_spi.c ****       if (count == 0U)
3650:Drivers/STM32F4xx_HAL_Driver/Src/stm32f4xx_hal_spi.c ****       {
3651:Drivers/STM32F4xx_HAL_Driver/Src/stm32f4xx_hal_spi.c ****         break;
3652:Drivers/STM32F4xx_HAL_Driver/Src/stm32f4xx_hal_spi.c ****       }
3653:Drivers/STM32F4xx_HAL_Driver/Src/stm32f4xx_hal_spi.c ****       count--;
3654:Drivers/STM32F4xx_HAL_Driver/Src/stm32f4xx_hal_spi.c ****     } while (__HAL_SPI_GET_FLAG(hspi, SPI_FLAG_BSY) != RESET);
3655:Drivers/STM32F4xx_HAL_Driver/Src/stm32f4xx_hal_spi.c ****   }
3656:Drivers/STM32F4xx_HAL_Driver/Src/stm32f4xx_hal_spi.c **** 
3657:Drivers/STM32F4xx_HAL_Driver/Src/stm32f4xx_hal_spi.c ****   return HAL_OK;
3658:Drivers/STM32F4xx_HAL_Driver/Src/stm32f4xx_hal_spi.c **** }
3659:Drivers/STM32F4xx_HAL_Driver/Src/stm32f4xx_hal_spi.c **** 
3660:Drivers/STM32F4xx_HAL_Driver/Src/stm32f4xx_hal_spi.c **** /**
3661:Drivers/STM32F4xx_HAL_Driver/Src/stm32f4xx_hal_spi.c ****   * @brief  Handle the end of the RXTX transaction.
3662:Drivers/STM32F4xx_HAL_Driver/Src/stm32f4xx_hal_spi.c ****   * @param  hspi pointer to a SPI_HandleTypeDef structure that contains
3663:Drivers/STM32F4xx_HAL_Driver/Src/stm32f4xx_hal_spi.c ****   *               the configuration information for SPI module.
3664:Drivers/STM32F4xx_HAL_Driver/Src/stm32f4xx_hal_spi.c ****   * @retval None
3665:Drivers/STM32F4xx_HAL_Driver/Src/stm32f4xx_hal_spi.c ****   */
3666:Drivers/STM32F4xx_HAL_Driver/Src/stm32f4xx_hal_spi.c **** static void SPI_CloseRxTx_ISR(SPI_HandleTypeDef *hspi)
3667:Drivers/STM32F4xx_HAL_Driver/Src/stm32f4xx_hal_spi.c **** {
3668:Drivers/STM32F4xx_HAL_Driver/Src/stm32f4xx_hal_spi.c ****   uint32_t tickstart;
3669:Drivers/STM32F4xx_HAL_Driver/Src/stm32f4xx_hal_spi.c ****   __IO uint32_t count = SPI_DEFAULT_TIMEOUT * (SystemCoreClock / 24U / 1000U);
3670:Drivers/STM32F4xx_HAL_Driver/Src/stm32f4xx_hal_spi.c **** 
3671:Drivers/STM32F4xx_HAL_Driver/Src/stm32f4xx_hal_spi.c ****   /* Init tickstart for timeout management */
3672:Drivers/STM32F4xx_HAL_Driver/Src/stm32f4xx_hal_spi.c ****   tickstart = HAL_GetTick();
3673:Drivers/STM32F4xx_HAL_Driver/Src/stm32f4xx_hal_spi.c **** 
3674:Drivers/STM32F4xx_HAL_Driver/Src/stm32f4xx_hal_spi.c ****   /* Disable ERR interrupt */
3675:Drivers/STM32F4xx_HAL_Driver/Src/stm32f4xx_hal_spi.c ****   __HAL_SPI_DISABLE_IT(hspi, SPI_IT_ERR);
3676:Drivers/STM32F4xx_HAL_Driver/Src/stm32f4xx_hal_spi.c **** 
3677:Drivers/STM32F4xx_HAL_Driver/Src/stm32f4xx_hal_spi.c ****   /* Wait until TXE flag is set */
3678:Drivers/STM32F4xx_HAL_Driver/Src/stm32f4xx_hal_spi.c ****   do
ARM GAS  C:\Users\10369\AppData\Local\Temp\ccy9FUfH.s 			page 66


3679:Drivers/STM32F4xx_HAL_Driver/Src/stm32f4xx_hal_spi.c ****   {
3680:Drivers/STM32F4xx_HAL_Driver/Src/stm32f4xx_hal_spi.c ****     if (count == 0U)
3681:Drivers/STM32F4xx_HAL_Driver/Src/stm32f4xx_hal_spi.c ****     {
3682:Drivers/STM32F4xx_HAL_Driver/Src/stm32f4xx_hal_spi.c ****       SET_BIT(hspi->ErrorCode, HAL_SPI_ERROR_FLAG);
3683:Drivers/STM32F4xx_HAL_Driver/Src/stm32f4xx_hal_spi.c ****       break;
3684:Drivers/STM32F4xx_HAL_Driver/Src/stm32f4xx_hal_spi.c ****     }
3685:Drivers/STM32F4xx_HAL_Driver/Src/stm32f4xx_hal_spi.c ****     count--;
3686:Drivers/STM32F4xx_HAL_Driver/Src/stm32f4xx_hal_spi.c ****   } while ((hspi->Instance->SR & SPI_FLAG_TXE) == RESET);
3687:Drivers/STM32F4xx_HAL_Driver/Src/stm32f4xx_hal_spi.c **** 
3688:Drivers/STM32F4xx_HAL_Driver/Src/stm32f4xx_hal_spi.c ****   /* Check the end of the transaction */
3689:Drivers/STM32F4xx_HAL_Driver/Src/stm32f4xx_hal_spi.c ****   if (SPI_EndRxTxTransaction(hspi, SPI_DEFAULT_TIMEOUT, tickstart) != HAL_OK)
3690:Drivers/STM32F4xx_HAL_Driver/Src/stm32f4xx_hal_spi.c ****   {
3691:Drivers/STM32F4xx_HAL_Driver/Src/stm32f4xx_hal_spi.c ****     SET_BIT(hspi->ErrorCode, HAL_SPI_ERROR_FLAG);
3692:Drivers/STM32F4xx_HAL_Driver/Src/stm32f4xx_hal_spi.c ****   }
3693:Drivers/STM32F4xx_HAL_Driver/Src/stm32f4xx_hal_spi.c **** 
3694:Drivers/STM32F4xx_HAL_Driver/Src/stm32f4xx_hal_spi.c ****   /* Clear overrun flag in 2 Lines communication mode because received is not read */
3695:Drivers/STM32F4xx_HAL_Driver/Src/stm32f4xx_hal_spi.c ****   if (hspi->Init.Direction == SPI_DIRECTION_2LINES)
3696:Drivers/STM32F4xx_HAL_Driver/Src/stm32f4xx_hal_spi.c ****   {
3697:Drivers/STM32F4xx_HAL_Driver/Src/stm32f4xx_hal_spi.c ****     __HAL_SPI_CLEAR_OVRFLAG(hspi);
3698:Drivers/STM32F4xx_HAL_Driver/Src/stm32f4xx_hal_spi.c ****   }
3699:Drivers/STM32F4xx_HAL_Driver/Src/stm32f4xx_hal_spi.c **** 
3700:Drivers/STM32F4xx_HAL_Driver/Src/stm32f4xx_hal_spi.c **** #if (USE_SPI_CRC != 0U)
3701:Drivers/STM32F4xx_HAL_Driver/Src/stm32f4xx_hal_spi.c ****   /* Check if CRC error occurred */
3702:Drivers/STM32F4xx_HAL_Driver/Src/stm32f4xx_hal_spi.c ****   if (__HAL_SPI_GET_FLAG(hspi, SPI_FLAG_CRCERR) != RESET)
3703:Drivers/STM32F4xx_HAL_Driver/Src/stm32f4xx_hal_spi.c ****   {
3704:Drivers/STM32F4xx_HAL_Driver/Src/stm32f4xx_hal_spi.c ****     hspi->State = HAL_SPI_STATE_READY;
3705:Drivers/STM32F4xx_HAL_Driver/Src/stm32f4xx_hal_spi.c ****     SET_BIT(hspi->ErrorCode, HAL_SPI_ERROR_CRC);
3706:Drivers/STM32F4xx_HAL_Driver/Src/stm32f4xx_hal_spi.c ****     __HAL_SPI_CLEAR_CRCERRFLAG(hspi);
3707:Drivers/STM32F4xx_HAL_Driver/Src/stm32f4xx_hal_spi.c ****     /* Call user error callback */
3708:Drivers/STM32F4xx_HAL_Driver/Src/stm32f4xx_hal_spi.c **** #if (USE_HAL_SPI_REGISTER_CALLBACKS == 1U)
3709:Drivers/STM32F4xx_HAL_Driver/Src/stm32f4xx_hal_spi.c ****     hspi->ErrorCallback(hspi);
3710:Drivers/STM32F4xx_HAL_Driver/Src/stm32f4xx_hal_spi.c **** #else
3711:Drivers/STM32F4xx_HAL_Driver/Src/stm32f4xx_hal_spi.c ****     HAL_SPI_ErrorCallback(hspi);
3712:Drivers/STM32F4xx_HAL_Driver/Src/stm32f4xx_hal_spi.c **** #endif /* USE_HAL_SPI_REGISTER_CALLBACKS */
3713:Drivers/STM32F4xx_HAL_Driver/Src/stm32f4xx_hal_spi.c ****   }
3714:Drivers/STM32F4xx_HAL_Driver/Src/stm32f4xx_hal_spi.c ****   else
3715:Drivers/STM32F4xx_HAL_Driver/Src/stm32f4xx_hal_spi.c ****   {
3716:Drivers/STM32F4xx_HAL_Driver/Src/stm32f4xx_hal_spi.c **** #endif /* USE_SPI_CRC */
3717:Drivers/STM32F4xx_HAL_Driver/Src/stm32f4xx_hal_spi.c ****     if (hspi->ErrorCode == HAL_SPI_ERROR_NONE)
3718:Drivers/STM32F4xx_HAL_Driver/Src/stm32f4xx_hal_spi.c ****     {
3719:Drivers/STM32F4xx_HAL_Driver/Src/stm32f4xx_hal_spi.c ****       if (hspi->State == HAL_SPI_STATE_BUSY_RX)
3720:Drivers/STM32F4xx_HAL_Driver/Src/stm32f4xx_hal_spi.c ****       {
3721:Drivers/STM32F4xx_HAL_Driver/Src/stm32f4xx_hal_spi.c ****         hspi->State = HAL_SPI_STATE_READY;
3722:Drivers/STM32F4xx_HAL_Driver/Src/stm32f4xx_hal_spi.c ****         /* Call user Rx complete callback */
3723:Drivers/STM32F4xx_HAL_Driver/Src/stm32f4xx_hal_spi.c **** #if (USE_HAL_SPI_REGISTER_CALLBACKS == 1U)
3724:Drivers/STM32F4xx_HAL_Driver/Src/stm32f4xx_hal_spi.c ****         hspi->RxCpltCallback(hspi);
3725:Drivers/STM32F4xx_HAL_Driver/Src/stm32f4xx_hal_spi.c **** #else
3726:Drivers/STM32F4xx_HAL_Driver/Src/stm32f4xx_hal_spi.c ****         HAL_SPI_RxCpltCallback(hspi);
3727:Drivers/STM32F4xx_HAL_Driver/Src/stm32f4xx_hal_spi.c **** #endif /* USE_HAL_SPI_REGISTER_CALLBACKS */
3728:Drivers/STM32F4xx_HAL_Driver/Src/stm32f4xx_hal_spi.c ****       }
3729:Drivers/STM32F4xx_HAL_Driver/Src/stm32f4xx_hal_spi.c ****       else
3730:Drivers/STM32F4xx_HAL_Driver/Src/stm32f4xx_hal_spi.c ****       {
3731:Drivers/STM32F4xx_HAL_Driver/Src/stm32f4xx_hal_spi.c ****         hspi->State = HAL_SPI_STATE_READY;
3732:Drivers/STM32F4xx_HAL_Driver/Src/stm32f4xx_hal_spi.c ****         /* Call user TxRx complete callback */
3733:Drivers/STM32F4xx_HAL_Driver/Src/stm32f4xx_hal_spi.c **** #if (USE_HAL_SPI_REGISTER_CALLBACKS == 1U)
3734:Drivers/STM32F4xx_HAL_Driver/Src/stm32f4xx_hal_spi.c ****         hspi->TxRxCpltCallback(hspi);
3735:Drivers/STM32F4xx_HAL_Driver/Src/stm32f4xx_hal_spi.c **** #else
ARM GAS  C:\Users\10369\AppData\Local\Temp\ccy9FUfH.s 			page 67


3736:Drivers/STM32F4xx_HAL_Driver/Src/stm32f4xx_hal_spi.c ****         HAL_SPI_TxRxCpltCallback(hspi);
3737:Drivers/STM32F4xx_HAL_Driver/Src/stm32f4xx_hal_spi.c **** #endif /* USE_HAL_SPI_REGISTER_CALLBACKS */
3738:Drivers/STM32F4xx_HAL_Driver/Src/stm32f4xx_hal_spi.c ****       }
3739:Drivers/STM32F4xx_HAL_Driver/Src/stm32f4xx_hal_spi.c ****     }
3740:Drivers/STM32F4xx_HAL_Driver/Src/stm32f4xx_hal_spi.c ****     else
3741:Drivers/STM32F4xx_HAL_Driver/Src/stm32f4xx_hal_spi.c ****     {
3742:Drivers/STM32F4xx_HAL_Driver/Src/stm32f4xx_hal_spi.c ****       hspi->State = HAL_SPI_STATE_READY;
3743:Drivers/STM32F4xx_HAL_Driver/Src/stm32f4xx_hal_spi.c ****       /* Call user error callback */
3744:Drivers/STM32F4xx_HAL_Driver/Src/stm32f4xx_hal_spi.c **** #if (USE_HAL_SPI_REGISTER_CALLBACKS == 1U)
3745:Drivers/STM32F4xx_HAL_Driver/Src/stm32f4xx_hal_spi.c ****       hspi->ErrorCallback(hspi);
3746:Drivers/STM32F4xx_HAL_Driver/Src/stm32f4xx_hal_spi.c **** #else
3747:Drivers/STM32F4xx_HAL_Driver/Src/stm32f4xx_hal_spi.c ****       HAL_SPI_ErrorCallback(hspi);
3748:Drivers/STM32F4xx_HAL_Driver/Src/stm32f4xx_hal_spi.c **** #endif /* USE_HAL_SPI_REGISTER_CALLBACKS */
3749:Drivers/STM32F4xx_HAL_Driver/Src/stm32f4xx_hal_spi.c ****     }
3750:Drivers/STM32F4xx_HAL_Driver/Src/stm32f4xx_hal_spi.c **** #if (USE_SPI_CRC != 0U)
3751:Drivers/STM32F4xx_HAL_Driver/Src/stm32f4xx_hal_spi.c ****   }
3752:Drivers/STM32F4xx_HAL_Driver/Src/stm32f4xx_hal_spi.c **** #endif /* USE_SPI_CRC */
3753:Drivers/STM32F4xx_HAL_Driver/Src/stm32f4xx_hal_spi.c **** }
3754:Drivers/STM32F4xx_HAL_Driver/Src/stm32f4xx_hal_spi.c **** 
3755:Drivers/STM32F4xx_HAL_Driver/Src/stm32f4xx_hal_spi.c **** /**
3756:Drivers/STM32F4xx_HAL_Driver/Src/stm32f4xx_hal_spi.c ****   * @brief  Handle the end of the RX transaction.
3757:Drivers/STM32F4xx_HAL_Driver/Src/stm32f4xx_hal_spi.c ****   * @param  hspi pointer to a SPI_HandleTypeDef structure that contains
3758:Drivers/STM32F4xx_HAL_Driver/Src/stm32f4xx_hal_spi.c ****   *               the configuration information for SPI module.
3759:Drivers/STM32F4xx_HAL_Driver/Src/stm32f4xx_hal_spi.c ****   * @retval None
3760:Drivers/STM32F4xx_HAL_Driver/Src/stm32f4xx_hal_spi.c ****   */
3761:Drivers/STM32F4xx_HAL_Driver/Src/stm32f4xx_hal_spi.c **** static void SPI_CloseRx_ISR(SPI_HandleTypeDef *hspi)
3762:Drivers/STM32F4xx_HAL_Driver/Src/stm32f4xx_hal_spi.c **** {
3763:Drivers/STM32F4xx_HAL_Driver/Src/stm32f4xx_hal_spi.c ****   /* Disable RXNE and ERR interrupt */
3764:Drivers/STM32F4xx_HAL_Driver/Src/stm32f4xx_hal_spi.c ****   __HAL_SPI_DISABLE_IT(hspi, (SPI_IT_RXNE | SPI_IT_ERR));
3765:Drivers/STM32F4xx_HAL_Driver/Src/stm32f4xx_hal_spi.c **** 
3766:Drivers/STM32F4xx_HAL_Driver/Src/stm32f4xx_hal_spi.c ****   /* Check the end of the transaction */
3767:Drivers/STM32F4xx_HAL_Driver/Src/stm32f4xx_hal_spi.c ****   if (SPI_EndRxTransaction(hspi, SPI_DEFAULT_TIMEOUT, HAL_GetTick()) != HAL_OK)
3768:Drivers/STM32F4xx_HAL_Driver/Src/stm32f4xx_hal_spi.c ****   {
3769:Drivers/STM32F4xx_HAL_Driver/Src/stm32f4xx_hal_spi.c ****     SET_BIT(hspi->ErrorCode, HAL_SPI_ERROR_FLAG);
3770:Drivers/STM32F4xx_HAL_Driver/Src/stm32f4xx_hal_spi.c ****   }
3771:Drivers/STM32F4xx_HAL_Driver/Src/stm32f4xx_hal_spi.c **** 
3772:Drivers/STM32F4xx_HAL_Driver/Src/stm32f4xx_hal_spi.c ****   /* Clear overrun flag in 2 Lines communication mode because received is not read */
3773:Drivers/STM32F4xx_HAL_Driver/Src/stm32f4xx_hal_spi.c ****   if (hspi->Init.Direction == SPI_DIRECTION_2LINES)
3774:Drivers/STM32F4xx_HAL_Driver/Src/stm32f4xx_hal_spi.c ****   {
3775:Drivers/STM32F4xx_HAL_Driver/Src/stm32f4xx_hal_spi.c ****     __HAL_SPI_CLEAR_OVRFLAG(hspi);
3776:Drivers/STM32F4xx_HAL_Driver/Src/stm32f4xx_hal_spi.c ****   }
3777:Drivers/STM32F4xx_HAL_Driver/Src/stm32f4xx_hal_spi.c ****   hspi->State = HAL_SPI_STATE_READY;
3778:Drivers/STM32F4xx_HAL_Driver/Src/stm32f4xx_hal_spi.c **** 
3779:Drivers/STM32F4xx_HAL_Driver/Src/stm32f4xx_hal_spi.c **** #if (USE_SPI_CRC != 0U)
3780:Drivers/STM32F4xx_HAL_Driver/Src/stm32f4xx_hal_spi.c ****   /* Check if CRC error occurred */
3781:Drivers/STM32F4xx_HAL_Driver/Src/stm32f4xx_hal_spi.c ****   if (__HAL_SPI_GET_FLAG(hspi, SPI_FLAG_CRCERR) != RESET)
3782:Drivers/STM32F4xx_HAL_Driver/Src/stm32f4xx_hal_spi.c ****   {
3783:Drivers/STM32F4xx_HAL_Driver/Src/stm32f4xx_hal_spi.c ****     SET_BIT(hspi->ErrorCode, HAL_SPI_ERROR_CRC);
3784:Drivers/STM32F4xx_HAL_Driver/Src/stm32f4xx_hal_spi.c ****     __HAL_SPI_CLEAR_CRCERRFLAG(hspi);
3785:Drivers/STM32F4xx_HAL_Driver/Src/stm32f4xx_hal_spi.c ****     /* Call user error callback */
3786:Drivers/STM32F4xx_HAL_Driver/Src/stm32f4xx_hal_spi.c **** #if (USE_HAL_SPI_REGISTER_CALLBACKS == 1U)
3787:Drivers/STM32F4xx_HAL_Driver/Src/stm32f4xx_hal_spi.c ****     hspi->ErrorCallback(hspi);
3788:Drivers/STM32F4xx_HAL_Driver/Src/stm32f4xx_hal_spi.c **** #else
3789:Drivers/STM32F4xx_HAL_Driver/Src/stm32f4xx_hal_spi.c ****     HAL_SPI_ErrorCallback(hspi);
3790:Drivers/STM32F4xx_HAL_Driver/Src/stm32f4xx_hal_spi.c **** #endif /* USE_HAL_SPI_REGISTER_CALLBACKS */
3791:Drivers/STM32F4xx_HAL_Driver/Src/stm32f4xx_hal_spi.c ****   }
3792:Drivers/STM32F4xx_HAL_Driver/Src/stm32f4xx_hal_spi.c ****   else
ARM GAS  C:\Users\10369\AppData\Local\Temp\ccy9FUfH.s 			page 68


3793:Drivers/STM32F4xx_HAL_Driver/Src/stm32f4xx_hal_spi.c ****   {
3794:Drivers/STM32F4xx_HAL_Driver/Src/stm32f4xx_hal_spi.c **** #endif /* USE_SPI_CRC */
3795:Drivers/STM32F4xx_HAL_Driver/Src/stm32f4xx_hal_spi.c ****     if (hspi->ErrorCode == HAL_SPI_ERROR_NONE)
3796:Drivers/STM32F4xx_HAL_Driver/Src/stm32f4xx_hal_spi.c ****     {
3797:Drivers/STM32F4xx_HAL_Driver/Src/stm32f4xx_hal_spi.c ****       /* Call user Rx complete callback */
3798:Drivers/STM32F4xx_HAL_Driver/Src/stm32f4xx_hal_spi.c **** #if (USE_HAL_SPI_REGISTER_CALLBACKS == 1U)
3799:Drivers/STM32F4xx_HAL_Driver/Src/stm32f4xx_hal_spi.c ****       hspi->RxCpltCallback(hspi);
3800:Drivers/STM32F4xx_HAL_Driver/Src/stm32f4xx_hal_spi.c **** #else
3801:Drivers/STM32F4xx_HAL_Driver/Src/stm32f4xx_hal_spi.c ****       HAL_SPI_RxCpltCallback(hspi);
3802:Drivers/STM32F4xx_HAL_Driver/Src/stm32f4xx_hal_spi.c **** #endif /* USE_HAL_SPI_REGISTER_CALLBACKS */
3803:Drivers/STM32F4xx_HAL_Driver/Src/stm32f4xx_hal_spi.c ****     }
3804:Drivers/STM32F4xx_HAL_Driver/Src/stm32f4xx_hal_spi.c ****     else
3805:Drivers/STM32F4xx_HAL_Driver/Src/stm32f4xx_hal_spi.c ****     {
3806:Drivers/STM32F4xx_HAL_Driver/Src/stm32f4xx_hal_spi.c ****       /* Call user error callback */
3807:Drivers/STM32F4xx_HAL_Driver/Src/stm32f4xx_hal_spi.c **** #if (USE_HAL_SPI_REGISTER_CALLBACKS == 1U)
3808:Drivers/STM32F4xx_HAL_Driver/Src/stm32f4xx_hal_spi.c ****       hspi->ErrorCallback(hspi);
3809:Drivers/STM32F4xx_HAL_Driver/Src/stm32f4xx_hal_spi.c **** #else
3810:Drivers/STM32F4xx_HAL_Driver/Src/stm32f4xx_hal_spi.c ****       HAL_SPI_ErrorCallback(hspi);
3811:Drivers/STM32F4xx_HAL_Driver/Src/stm32f4xx_hal_spi.c **** #endif /* USE_HAL_SPI_REGISTER_CALLBACKS */
3812:Drivers/STM32F4xx_HAL_Driver/Src/stm32f4xx_hal_spi.c ****     }
3813:Drivers/STM32F4xx_HAL_Driver/Src/stm32f4xx_hal_spi.c **** #if (USE_SPI_CRC != 0U)
3814:Drivers/STM32F4xx_HAL_Driver/Src/stm32f4xx_hal_spi.c ****   }
3815:Drivers/STM32F4xx_HAL_Driver/Src/stm32f4xx_hal_spi.c **** #endif /* USE_SPI_CRC */
3816:Drivers/STM32F4xx_HAL_Driver/Src/stm32f4xx_hal_spi.c **** }
3817:Drivers/STM32F4xx_HAL_Driver/Src/stm32f4xx_hal_spi.c **** 
3818:Drivers/STM32F4xx_HAL_Driver/Src/stm32f4xx_hal_spi.c **** /**
3819:Drivers/STM32F4xx_HAL_Driver/Src/stm32f4xx_hal_spi.c ****   * @brief  Handle the end of the TX transaction.
3820:Drivers/STM32F4xx_HAL_Driver/Src/stm32f4xx_hal_spi.c ****   * @param  hspi pointer to a SPI_HandleTypeDef structure that contains
3821:Drivers/STM32F4xx_HAL_Driver/Src/stm32f4xx_hal_spi.c ****   *               the configuration information for SPI module.
3822:Drivers/STM32F4xx_HAL_Driver/Src/stm32f4xx_hal_spi.c ****   * @retval None
3823:Drivers/STM32F4xx_HAL_Driver/Src/stm32f4xx_hal_spi.c ****   */
3824:Drivers/STM32F4xx_HAL_Driver/Src/stm32f4xx_hal_spi.c **** static void SPI_CloseTx_ISR(SPI_HandleTypeDef *hspi)
3825:Drivers/STM32F4xx_HAL_Driver/Src/stm32f4xx_hal_spi.c **** {
3826:Drivers/STM32F4xx_HAL_Driver/Src/stm32f4xx_hal_spi.c ****   uint32_t tickstart;
3827:Drivers/STM32F4xx_HAL_Driver/Src/stm32f4xx_hal_spi.c ****   __IO uint32_t count = SPI_DEFAULT_TIMEOUT * (SystemCoreClock / 24U / 1000U);
3828:Drivers/STM32F4xx_HAL_Driver/Src/stm32f4xx_hal_spi.c **** 
3829:Drivers/STM32F4xx_HAL_Driver/Src/stm32f4xx_hal_spi.c ****   /* Init tickstart for timeout management*/
3830:Drivers/STM32F4xx_HAL_Driver/Src/stm32f4xx_hal_spi.c ****   tickstart = HAL_GetTick();
3831:Drivers/STM32F4xx_HAL_Driver/Src/stm32f4xx_hal_spi.c **** 
3832:Drivers/STM32F4xx_HAL_Driver/Src/stm32f4xx_hal_spi.c ****   /* Wait until TXE flag is set */
3833:Drivers/STM32F4xx_HAL_Driver/Src/stm32f4xx_hal_spi.c ****   do
3834:Drivers/STM32F4xx_HAL_Driver/Src/stm32f4xx_hal_spi.c ****   {
3835:Drivers/STM32F4xx_HAL_Driver/Src/stm32f4xx_hal_spi.c ****     if (count == 0U)
3836:Drivers/STM32F4xx_HAL_Driver/Src/stm32f4xx_hal_spi.c ****     {
3837:Drivers/STM32F4xx_HAL_Driver/Src/stm32f4xx_hal_spi.c ****       SET_BIT(hspi->ErrorCode, HAL_SPI_ERROR_FLAG);
3838:Drivers/STM32F4xx_HAL_Driver/Src/stm32f4xx_hal_spi.c ****       break;
3839:Drivers/STM32F4xx_HAL_Driver/Src/stm32f4xx_hal_spi.c ****     }
3840:Drivers/STM32F4xx_HAL_Driver/Src/stm32f4xx_hal_spi.c ****     count--;
3841:Drivers/STM32F4xx_HAL_Driver/Src/stm32f4xx_hal_spi.c ****   } while ((hspi->Instance->SR & SPI_FLAG_TXE) == RESET);
3842:Drivers/STM32F4xx_HAL_Driver/Src/stm32f4xx_hal_spi.c **** 
3843:Drivers/STM32F4xx_HAL_Driver/Src/stm32f4xx_hal_spi.c ****   /* Disable TXE and ERR interrupt */
3844:Drivers/STM32F4xx_HAL_Driver/Src/stm32f4xx_hal_spi.c ****   __HAL_SPI_DISABLE_IT(hspi, (SPI_IT_TXE | SPI_IT_ERR));
3845:Drivers/STM32F4xx_HAL_Driver/Src/stm32f4xx_hal_spi.c **** 
3846:Drivers/STM32F4xx_HAL_Driver/Src/stm32f4xx_hal_spi.c ****   /* Check the end of the transaction */
3847:Drivers/STM32F4xx_HAL_Driver/Src/stm32f4xx_hal_spi.c ****   if (SPI_EndRxTxTransaction(hspi, SPI_DEFAULT_TIMEOUT, tickstart) != HAL_OK)
3848:Drivers/STM32F4xx_HAL_Driver/Src/stm32f4xx_hal_spi.c ****   {
3849:Drivers/STM32F4xx_HAL_Driver/Src/stm32f4xx_hal_spi.c ****     SET_BIT(hspi->ErrorCode, HAL_SPI_ERROR_FLAG);
ARM GAS  C:\Users\10369\AppData\Local\Temp\ccy9FUfH.s 			page 69


3850:Drivers/STM32F4xx_HAL_Driver/Src/stm32f4xx_hal_spi.c ****   }
3851:Drivers/STM32F4xx_HAL_Driver/Src/stm32f4xx_hal_spi.c **** 
3852:Drivers/STM32F4xx_HAL_Driver/Src/stm32f4xx_hal_spi.c ****   /* Clear overrun flag in 2 Lines communication mode because received is not read */
3853:Drivers/STM32F4xx_HAL_Driver/Src/stm32f4xx_hal_spi.c ****   if (hspi->Init.Direction == SPI_DIRECTION_2LINES)
3854:Drivers/STM32F4xx_HAL_Driver/Src/stm32f4xx_hal_spi.c ****   {
3855:Drivers/STM32F4xx_HAL_Driver/Src/stm32f4xx_hal_spi.c ****     __HAL_SPI_CLEAR_OVRFLAG(hspi);
3856:Drivers/STM32F4xx_HAL_Driver/Src/stm32f4xx_hal_spi.c ****   }
3857:Drivers/STM32F4xx_HAL_Driver/Src/stm32f4xx_hal_spi.c **** 
3858:Drivers/STM32F4xx_HAL_Driver/Src/stm32f4xx_hal_spi.c ****   hspi->State = HAL_SPI_STATE_READY;
3859:Drivers/STM32F4xx_HAL_Driver/Src/stm32f4xx_hal_spi.c ****   if (hspi->ErrorCode != HAL_SPI_ERROR_NONE)
3860:Drivers/STM32F4xx_HAL_Driver/Src/stm32f4xx_hal_spi.c ****   {
3861:Drivers/STM32F4xx_HAL_Driver/Src/stm32f4xx_hal_spi.c ****     /* Call user error callback */
3862:Drivers/STM32F4xx_HAL_Driver/Src/stm32f4xx_hal_spi.c **** #if (USE_HAL_SPI_REGISTER_CALLBACKS == 1U)
3863:Drivers/STM32F4xx_HAL_Driver/Src/stm32f4xx_hal_spi.c ****     hspi->ErrorCallback(hspi);
3864:Drivers/STM32F4xx_HAL_Driver/Src/stm32f4xx_hal_spi.c **** #else
3865:Drivers/STM32F4xx_HAL_Driver/Src/stm32f4xx_hal_spi.c ****     HAL_SPI_ErrorCallback(hspi);
3866:Drivers/STM32F4xx_HAL_Driver/Src/stm32f4xx_hal_spi.c **** #endif /* USE_HAL_SPI_REGISTER_CALLBACKS */
3867:Drivers/STM32F4xx_HAL_Driver/Src/stm32f4xx_hal_spi.c ****   }
3868:Drivers/STM32F4xx_HAL_Driver/Src/stm32f4xx_hal_spi.c ****   else
3869:Drivers/STM32F4xx_HAL_Driver/Src/stm32f4xx_hal_spi.c ****   {
3870:Drivers/STM32F4xx_HAL_Driver/Src/stm32f4xx_hal_spi.c ****     /* Call user Rx complete callback */
3871:Drivers/STM32F4xx_HAL_Driver/Src/stm32f4xx_hal_spi.c **** #if (USE_HAL_SPI_REGISTER_CALLBACKS == 1U)
3872:Drivers/STM32F4xx_HAL_Driver/Src/stm32f4xx_hal_spi.c ****     hspi->TxCpltCallback(hspi);
3873:Drivers/STM32F4xx_HAL_Driver/Src/stm32f4xx_hal_spi.c **** #else
3874:Drivers/STM32F4xx_HAL_Driver/Src/stm32f4xx_hal_spi.c ****     HAL_SPI_TxCpltCallback(hspi);
3875:Drivers/STM32F4xx_HAL_Driver/Src/stm32f4xx_hal_spi.c **** #endif /* USE_HAL_SPI_REGISTER_CALLBACKS */
3876:Drivers/STM32F4xx_HAL_Driver/Src/stm32f4xx_hal_spi.c ****   }
3877:Drivers/STM32F4xx_HAL_Driver/Src/stm32f4xx_hal_spi.c **** }
3878:Drivers/STM32F4xx_HAL_Driver/Src/stm32f4xx_hal_spi.c **** 
3879:Drivers/STM32F4xx_HAL_Driver/Src/stm32f4xx_hal_spi.c **** /**
3880:Drivers/STM32F4xx_HAL_Driver/Src/stm32f4xx_hal_spi.c ****   * @brief  Handle abort a Rx transaction.
3881:Drivers/STM32F4xx_HAL_Driver/Src/stm32f4xx_hal_spi.c ****   * @param  hspi pointer to a SPI_HandleTypeDef structure that contains
3882:Drivers/STM32F4xx_HAL_Driver/Src/stm32f4xx_hal_spi.c ****   *               the configuration information for SPI module.
3883:Drivers/STM32F4xx_HAL_Driver/Src/stm32f4xx_hal_spi.c ****   * @retval None
3884:Drivers/STM32F4xx_HAL_Driver/Src/stm32f4xx_hal_spi.c ****   */
3885:Drivers/STM32F4xx_HAL_Driver/Src/stm32f4xx_hal_spi.c **** static void SPI_AbortRx_ISR(SPI_HandleTypeDef *hspi)
3886:Drivers/STM32F4xx_HAL_Driver/Src/stm32f4xx_hal_spi.c **** {
  29              		.loc 1 3886 1 view -0
  30              		.cfi_startproc
  31              		@ args = 0, pretend = 0, frame = 8
  32              		@ frame_needed = 0, uses_anonymous_args = 0
  33              		@ link register save eliminated.
  34              		.loc 1 3886 1 is_stmt 0 view .LVU1
  35 0000 82B0     		sub	sp, sp, #8
  36              	.LCFI0:
  37              		.cfi_def_cfa_offset 8
3887:Drivers/STM32F4xx_HAL_Driver/Src/stm32f4xx_hal_spi.c ****   __IO uint32_t tmpreg = 0U;
  38              		.loc 1 3887 3 is_stmt 1 view .LVU2
  39              		.loc 1 3887 17 is_stmt 0 view .LVU3
  40 0002 0023     		movs	r3, #0
  41 0004 0193     		str	r3, [sp, #4]
3888:Drivers/STM32F4xx_HAL_Driver/Src/stm32f4xx_hal_spi.c ****   __IO uint32_t count = SPI_DEFAULT_TIMEOUT * (SystemCoreClock / 24U / 1000U);
  42              		.loc 1 3888 3 is_stmt 1 view .LVU4
  43              		.loc 1 3888 70 is_stmt 0 view .LVU5
  44 0006 164B     		ldr	r3, .L7
  45 0008 1B68     		ldr	r3, [r3]
  46 000a 164A     		ldr	r2, .L7+4
ARM GAS  C:\Users\10369\AppData\Local\Temp\ccy9FUfH.s 			page 70


  47 000c A2FB0323 		umull	r2, r3, r2, r3
  48 0010 5B0A     		lsrs	r3, r3, #9
  49              		.loc 1 3888 45 view .LVU6
  50 0012 6422     		movs	r2, #100
  51 0014 02FB03F3 		mul	r3, r2, r3
  52              		.loc 1 3888 17 view .LVU7
  53 0018 0093     		str	r3, [sp]
  54              	.L4:
3889:Drivers/STM32F4xx_HAL_Driver/Src/stm32f4xx_hal_spi.c **** 
3890:Drivers/STM32F4xx_HAL_Driver/Src/stm32f4xx_hal_spi.c ****   /* Wait until TXE flag is set */
3891:Drivers/STM32F4xx_HAL_Driver/Src/stm32f4xx_hal_spi.c ****   do
  55              		.loc 1 3891 3 is_stmt 1 view .LVU8
3892:Drivers/STM32F4xx_HAL_Driver/Src/stm32f4xx_hal_spi.c ****   {
3893:Drivers/STM32F4xx_HAL_Driver/Src/stm32f4xx_hal_spi.c ****     if (count == 0U)
  56              		.loc 1 3893 5 view .LVU9
  57              		.loc 1 3893 15 is_stmt 0 view .LVU10
  58 001a 009B     		ldr	r3, [sp]
  59              		.loc 1 3893 8 view .LVU11
  60 001c 43B1     		cbz	r3, .L6
3894:Drivers/STM32F4xx_HAL_Driver/Src/stm32f4xx_hal_spi.c ****     {
3895:Drivers/STM32F4xx_HAL_Driver/Src/stm32f4xx_hal_spi.c ****       SET_BIT(hspi->ErrorCode, HAL_SPI_ERROR_ABORT);
3896:Drivers/STM32F4xx_HAL_Driver/Src/stm32f4xx_hal_spi.c ****       break;
3897:Drivers/STM32F4xx_HAL_Driver/Src/stm32f4xx_hal_spi.c ****     }
3898:Drivers/STM32F4xx_HAL_Driver/Src/stm32f4xx_hal_spi.c ****     count--;
  61              		.loc 1 3898 5 is_stmt 1 view .LVU12
  62              		.loc 1 3898 10 is_stmt 0 view .LVU13
  63 001e 009B     		ldr	r3, [sp]
  64 0020 013B     		subs	r3, r3, #1
  65 0022 0093     		str	r3, [sp]
3899:Drivers/STM32F4xx_HAL_Driver/Src/stm32f4xx_hal_spi.c ****   } while ((hspi->Instance->SR & SPI_FLAG_TXE) == RESET);
  66              		.loc 1 3899 48 is_stmt 1 view .LVU14
  67              		.loc 1 3899 17 is_stmt 0 view .LVU15
  68 0024 0368     		ldr	r3, [r0]
  69              		.loc 1 3899 27 view .LVU16
  70 0026 9B68     		ldr	r3, [r3, #8]
  71              		.loc 1 3899 48 view .LVU17
  72 0028 13F0020F 		tst	r3, #2
  73 002c F5D0     		beq	.L4
  74 002e 03E0     		b	.L3
  75              	.L6:
3895:Drivers/STM32F4xx_HAL_Driver/Src/stm32f4xx_hal_spi.c ****       break;
  76              		.loc 1 3895 7 is_stmt 1 view .LVU18
  77 0030 436D     		ldr	r3, [r0, #84]
  78 0032 43F04003 		orr	r3, r3, #64
  79 0036 4365     		str	r3, [r0, #84]
3896:Drivers/STM32F4xx_HAL_Driver/Src/stm32f4xx_hal_spi.c ****     }
  80              		.loc 1 3896 7 view .LVU19
  81              	.L3:
3900:Drivers/STM32F4xx_HAL_Driver/Src/stm32f4xx_hal_spi.c **** 
3901:Drivers/STM32F4xx_HAL_Driver/Src/stm32f4xx_hal_spi.c ****   /* Disable SPI Peripheral */
3902:Drivers/STM32F4xx_HAL_Driver/Src/stm32f4xx_hal_spi.c ****   __HAL_SPI_DISABLE(hspi);
  82              		.loc 1 3902 3 view .LVU20
  83 0038 0268     		ldr	r2, [r0]
  84 003a 1368     		ldr	r3, [r2]
  85 003c 23F04003 		bic	r3, r3, #64
  86 0040 1360     		str	r3, [r2]
3903:Drivers/STM32F4xx_HAL_Driver/Src/stm32f4xx_hal_spi.c **** 
ARM GAS  C:\Users\10369\AppData\Local\Temp\ccy9FUfH.s 			page 71


3904:Drivers/STM32F4xx_HAL_Driver/Src/stm32f4xx_hal_spi.c ****   /* Disable TXEIE, RXNEIE and ERRIE(mode fault event, overrun error, TI frame error) interrupts */
3905:Drivers/STM32F4xx_HAL_Driver/Src/stm32f4xx_hal_spi.c ****   CLEAR_BIT(hspi->Instance->CR2, (SPI_CR2_TXEIE | SPI_CR2_RXNEIE | SPI_CR2_ERRIE));
  87              		.loc 1 3905 3 view .LVU21
  88 0042 0268     		ldr	r2, [r0]
  89 0044 5368     		ldr	r3, [r2, #4]
  90 0046 23F0E003 		bic	r3, r3, #224
  91 004a 5360     		str	r3, [r2, #4]
3906:Drivers/STM32F4xx_HAL_Driver/Src/stm32f4xx_hal_spi.c **** 
3907:Drivers/STM32F4xx_HAL_Driver/Src/stm32f4xx_hal_spi.c ****   /* Flush Data Register by a blank read */
3908:Drivers/STM32F4xx_HAL_Driver/Src/stm32f4xx_hal_spi.c ****   tmpreg = READ_REG(hspi->Instance->DR);
  92              		.loc 1 3908 3 view .LVU22
  93              		.loc 1 3908 12 is_stmt 0 view .LVU23
  94 004c 0368     		ldr	r3, [r0]
  95 004e DB68     		ldr	r3, [r3, #12]
  96              		.loc 1 3908 10 view .LVU24
  97 0050 0193     		str	r3, [sp, #4]
3909:Drivers/STM32F4xx_HAL_Driver/Src/stm32f4xx_hal_spi.c ****   /* To avoid GCC warning */
3910:Drivers/STM32F4xx_HAL_Driver/Src/stm32f4xx_hal_spi.c ****   UNUSED(tmpreg);
  98              		.loc 1 3910 3 is_stmt 1 view .LVU25
  99 0052 019B     		ldr	r3, [sp, #4]
3911:Drivers/STM32F4xx_HAL_Driver/Src/stm32f4xx_hal_spi.c **** 
3912:Drivers/STM32F4xx_HAL_Driver/Src/stm32f4xx_hal_spi.c ****   hspi->State = HAL_SPI_STATE_ABORT;
 100              		.loc 1 3912 3 view .LVU26
 101              		.loc 1 3912 15 is_stmt 0 view .LVU27
 102 0054 0723     		movs	r3, #7
 103 0056 80F85130 		strb	r3, [r0, #81]
3913:Drivers/STM32F4xx_HAL_Driver/Src/stm32f4xx_hal_spi.c **** }
 104              		.loc 1 3913 1 view .LVU28
 105 005a 02B0     		add	sp, sp, #8
 106              	.LCFI1:
 107              		.cfi_def_cfa_offset 0
 108              		@ sp needed
 109 005c 7047     		bx	lr
 110              	.L8:
 111 005e 00BF     		.align	2
 112              	.L7:
 113 0060 00000000 		.word	SystemCoreClock
 114 0064 F1197605 		.word	91625969
 115              		.cfi_endproc
 116              	.LFE187:
 118              		.section	.text.SPI_AbortTx_ISR,"ax",%progbits
 119              		.align	1
 120              		.syntax unified
 121              		.thumb
 122              		.thumb_func
 124              	SPI_AbortTx_ISR:
 125              	.LVL1:
 126              	.LFB188:
3914:Drivers/STM32F4xx_HAL_Driver/Src/stm32f4xx_hal_spi.c **** 
3915:Drivers/STM32F4xx_HAL_Driver/Src/stm32f4xx_hal_spi.c **** /**
3916:Drivers/STM32F4xx_HAL_Driver/Src/stm32f4xx_hal_spi.c ****   * @brief  Handle abort a Tx or Rx/Tx transaction.
3917:Drivers/STM32F4xx_HAL_Driver/Src/stm32f4xx_hal_spi.c ****   * @param  hspi pointer to a SPI_HandleTypeDef structure that contains
3918:Drivers/STM32F4xx_HAL_Driver/Src/stm32f4xx_hal_spi.c ****   *               the configuration information for SPI module.
3919:Drivers/STM32F4xx_HAL_Driver/Src/stm32f4xx_hal_spi.c ****   * @retval None
3920:Drivers/STM32F4xx_HAL_Driver/Src/stm32f4xx_hal_spi.c ****   */
3921:Drivers/STM32F4xx_HAL_Driver/Src/stm32f4xx_hal_spi.c **** static void SPI_AbortTx_ISR(SPI_HandleTypeDef *hspi)
3922:Drivers/STM32F4xx_HAL_Driver/Src/stm32f4xx_hal_spi.c **** {
ARM GAS  C:\Users\10369\AppData\Local\Temp\ccy9FUfH.s 			page 72


 127              		.loc 1 3922 1 is_stmt 1 view -0
 128              		.cfi_startproc
 129              		@ args = 0, pretend = 0, frame = 0
 130              		@ frame_needed = 0, uses_anonymous_args = 0
 131              		@ link register save eliminated.
3923:Drivers/STM32F4xx_HAL_Driver/Src/stm32f4xx_hal_spi.c ****   /* Disable TXEIE interrupt */
3924:Drivers/STM32F4xx_HAL_Driver/Src/stm32f4xx_hal_spi.c ****   CLEAR_BIT(hspi->Instance->CR2, (SPI_CR2_TXEIE));
 132              		.loc 1 3924 3 view .LVU30
 133 0000 0268     		ldr	r2, [r0]
 134 0002 5368     		ldr	r3, [r2, #4]
 135 0004 23F08003 		bic	r3, r3, #128
 136 0008 5360     		str	r3, [r2, #4]
3925:Drivers/STM32F4xx_HAL_Driver/Src/stm32f4xx_hal_spi.c **** 
3926:Drivers/STM32F4xx_HAL_Driver/Src/stm32f4xx_hal_spi.c ****   /* Disable SPI Peripheral */
3927:Drivers/STM32F4xx_HAL_Driver/Src/stm32f4xx_hal_spi.c ****   __HAL_SPI_DISABLE(hspi);
 137              		.loc 1 3927 3 view .LVU31
 138 000a 0268     		ldr	r2, [r0]
 139 000c 1368     		ldr	r3, [r2]
 140 000e 23F04003 		bic	r3, r3, #64
 141 0012 1360     		str	r3, [r2]
3928:Drivers/STM32F4xx_HAL_Driver/Src/stm32f4xx_hal_spi.c **** 
3929:Drivers/STM32F4xx_HAL_Driver/Src/stm32f4xx_hal_spi.c ****   hspi->State = HAL_SPI_STATE_ABORT;
 142              		.loc 1 3929 3 view .LVU32
 143              		.loc 1 3929 15 is_stmt 0 view .LVU33
 144 0014 0723     		movs	r3, #7
 145 0016 80F85130 		strb	r3, [r0, #81]
3930:Drivers/STM32F4xx_HAL_Driver/Src/stm32f4xx_hal_spi.c **** }
 146              		.loc 1 3930 1 view .LVU34
 147 001a 7047     		bx	lr
 148              		.cfi_endproc
 149              	.LFE188:
 151              		.section	.text.SPI_WaitFlagStateUntilTimeout,"ax",%progbits
 152              		.align	1
 153              		.syntax unified
 154              		.thumb
 155              		.thumb_func
 157              	SPI_WaitFlagStateUntilTimeout:
 158              	.LVL2:
 159              	.LFB181:
3499:Drivers/STM32F4xx_HAL_Driver/Src/stm32f4xx_hal_spi.c ****   __IO uint32_t count;
 160              		.loc 1 3499 1 is_stmt 1 view -0
 161              		.cfi_startproc
 162              		@ args = 4, pretend = 0, frame = 8
 163              		@ frame_needed = 0, uses_anonymous_args = 0
3499:Drivers/STM32F4xx_HAL_Driver/Src/stm32f4xx_hal_spi.c ****   __IO uint32_t count;
 164              		.loc 1 3499 1 is_stmt 0 view .LVU36
 165 0000 2DE9F047 		push	{r4, r5, r6, r7, r8, r9, r10, lr}
 166              	.LCFI2:
 167              		.cfi_def_cfa_offset 32
 168              		.cfi_offset 4, -32
 169              		.cfi_offset 5, -28
 170              		.cfi_offset 6, -24
 171              		.cfi_offset 7, -20
 172              		.cfi_offset 8, -16
 173              		.cfi_offset 9, -12
 174              		.cfi_offset 10, -8
 175              		.cfi_offset 14, -4
ARM GAS  C:\Users\10369\AppData\Local\Temp\ccy9FUfH.s 			page 73


 176 0004 82B0     		sub	sp, sp, #8
 177              	.LCFI3:
 178              		.cfi_def_cfa_offset 40
 179 0006 0546     		mov	r5, r0
 180 0008 8846     		mov	r8, r1
 181 000a 1746     		mov	r7, r2
 182 000c 1E46     		mov	r6, r3
3500:Drivers/STM32F4xx_HAL_Driver/Src/stm32f4xx_hal_spi.c ****   uint32_t tmp_timeout;
 183              		.loc 1 3500 3 is_stmt 1 view .LVU37
3501:Drivers/STM32F4xx_HAL_Driver/Src/stm32f4xx_hal_spi.c ****   uint32_t tmp_tickstart;
 184              		.loc 1 3501 3 view .LVU38
3502:Drivers/STM32F4xx_HAL_Driver/Src/stm32f4xx_hal_spi.c **** 
 185              		.loc 1 3502 3 view .LVU39
3505:Drivers/STM32F4xx_HAL_Driver/Src/stm32f4xx_hal_spi.c ****   tmp_tickstart = HAL_GetTick();
 186              		.loc 1 3505 3 view .LVU40
3505:Drivers/STM32F4xx_HAL_Driver/Src/stm32f4xx_hal_spi.c ****   tmp_tickstart = HAL_GetTick();
 187              		.loc 1 3505 30 is_stmt 0 view .LVU41
 188 000e FFF7FEFF 		bl	HAL_GetTick
 189              	.LVL3:
3505:Drivers/STM32F4xx_HAL_Driver/Src/stm32f4xx_hal_spi.c ****   tmp_tickstart = HAL_GetTick();
 190              		.loc 1 3505 44 discriminator 1 view .LVU42
 191 0012 0A9B     		ldr	r3, [sp, #40]
 192 0014 1B1A     		subs	r3, r3, r0
3505:Drivers/STM32F4xx_HAL_Driver/Src/stm32f4xx_hal_spi.c ****   tmp_tickstart = HAL_GetTick();
 193              		.loc 1 3505 17 discriminator 1 view .LVU43
 194 0016 03EB0609 		add	r9, r3, r6
 195              	.LVL4:
3506:Drivers/STM32F4xx_HAL_Driver/Src/stm32f4xx_hal_spi.c **** 
 196              		.loc 1 3506 3 is_stmt 1 view .LVU44
3506:Drivers/STM32F4xx_HAL_Driver/Src/stm32f4xx_hal_spi.c **** 
 197              		.loc 1 3506 19 is_stmt 0 view .LVU45
 198 001a FFF7FEFF 		bl	HAL_GetTick
 199              	.LVL5:
 200 001e 8246     		mov	r10, r0
 201              	.LVL6:
3509:Drivers/STM32F4xx_HAL_Driver/Src/stm32f4xx_hal_spi.c **** 
 202              		.loc 1 3509 3 is_stmt 1 view .LVU46
3509:Drivers/STM32F4xx_HAL_Driver/Src/stm32f4xx_hal_spi.c **** 
 203              		.loc 1 3509 43 is_stmt 0 view .LVU47
 204 0020 284B     		ldr	r3, .L27
 205 0022 1B68     		ldr	r3, [r3]
3509:Drivers/STM32F4xx_HAL_Driver/Src/stm32f4xx_hal_spi.c **** 
 206              		.loc 1 3509 50 view .LVU48
 207 0024 C3F3CB33 		ubfx	r3, r3, #15, #12
3509:Drivers/STM32F4xx_HAL_Driver/Src/stm32f4xx_hal_spi.c **** 
 208              		.loc 1 3509 23 view .LVU49
 209 0028 09FB03F3 		mul	r3, r9, r3
3509:Drivers/STM32F4xx_HAL_Driver/Src/stm32f4xx_hal_spi.c **** 
 210              		.loc 1 3509 9 view .LVU50
 211 002c 0193     		str	r3, [sp, #4]
3511:Drivers/STM32F4xx_HAL_Driver/Src/stm32f4xx_hal_spi.c ****   {
 212              		.loc 1 3511 3 is_stmt 1 view .LVU51
 213              	.LVL7:
 214              	.L12:
3511:Drivers/STM32F4xx_HAL_Driver/Src/stm32f4xx_hal_spi.c ****   {
 215              		.loc 1 3511 57 view .LVU52
3511:Drivers/STM32F4xx_HAL_Driver/Src/stm32f4xx_hal_spi.c ****   {
ARM GAS  C:\Users\10369\AppData\Local\Temp\ccy9FUfH.s 			page 74


 216              		.loc 1 3511 11 is_stmt 0 view .LVU53
 217 002e 2B68     		ldr	r3, [r5]
 218 0030 9C68     		ldr	r4, [r3, #8]
3511:Drivers/STM32F4xx_HAL_Driver/Src/stm32f4xx_hal_spi.c ****   {
 219              		.loc 1 3511 48 view .LVU54
 220 0032 38EA0404 		bics	r4, r8, r4
 221 0036 0CBF     		ite	eq
 222 0038 0123     		moveq	r3, #1
 223 003a 0023     		movne	r3, #0
3511:Drivers/STM32F4xx_HAL_Driver/Src/stm32f4xx_hal_spi.c ****   {
 224              		.loc 1 3511 57 view .LVU55
 225 003c BB42     		cmp	r3, r7
 226 003e 3DD0     		beq	.L22
3513:Drivers/STM32F4xx_HAL_Driver/Src/stm32f4xx_hal_spi.c ****     {
 227              		.loc 1 3513 5 is_stmt 1 view .LVU56
3513:Drivers/STM32F4xx_HAL_Driver/Src/stm32f4xx_hal_spi.c ****     {
 228              		.loc 1 3513 8 is_stmt 0 view .LVU57
 229 0040 B6F1FF3F 		cmp	r6, #-1
 230 0044 F3D0     		beq	.L12
3515:Drivers/STM32F4xx_HAL_Driver/Src/stm32f4xx_hal_spi.c ****       {
 231              		.loc 1 3515 7 is_stmt 1 view .LVU58
3515:Drivers/STM32F4xx_HAL_Driver/Src/stm32f4xx_hal_spi.c ****       {
 232              		.loc 1 3515 13 is_stmt 0 view .LVU59
 233 0046 FFF7FEFF 		bl	HAL_GetTick
 234              	.LVL8:
3515:Drivers/STM32F4xx_HAL_Driver/Src/stm32f4xx_hal_spi.c ****       {
 235              		.loc 1 3515 27 discriminator 1 view .LVU60
 236 004a A0EB0A00 		sub	r0, r0, r10
3515:Drivers/STM32F4xx_HAL_Driver/Src/stm32f4xx_hal_spi.c ****       {
 237              		.loc 1 3515 10 discriminator 1 view .LVU61
 238 004e 4845     		cmp	r0, r9
 239 0050 03D2     		bcs	.L23
3545:Drivers/STM32F4xx_HAL_Driver/Src/stm32f4xx_hal_spi.c ****       {
 240              		.loc 1 3545 7 is_stmt 1 view .LVU62
3545:Drivers/STM32F4xx_HAL_Driver/Src/stm32f4xx_hal_spi.c ****       {
 241              		.loc 1 3545 17 is_stmt 0 view .LVU63
 242 0052 019B     		ldr	r3, [sp, #4]
3545:Drivers/STM32F4xx_HAL_Driver/Src/stm32f4xx_hal_spi.c ****       {
 243              		.loc 1 3545 10 view .LVU64
 244 0054 73BB     		cbnz	r3, .L24
3547:Drivers/STM32F4xx_HAL_Driver/Src/stm32f4xx_hal_spi.c ****       }
 245              		.loc 1 3547 21 view .LVU65
 246 0056 9946     		mov	r9, r3
 247              	.LVL9:
3547:Drivers/STM32F4xx_HAL_Driver/Src/stm32f4xx_hal_spi.c ****       }
 248              		.loc 1 3547 21 view .LVU66
 249 0058 E9E7     		b	.L12
 250              	.LVL10:
 251              	.L23:
3522:Drivers/STM32F4xx_HAL_Driver/Src/stm32f4xx_hal_spi.c **** 
 252              		.loc 1 3522 9 is_stmt 1 view .LVU67
 253 005a 2A68     		ldr	r2, [r5]
 254 005c 5368     		ldr	r3, [r2, #4]
 255 005e 23F0E003 		bic	r3, r3, #224
 256 0062 5360     		str	r3, [r2, #4]
3524:Drivers/STM32F4xx_HAL_Driver/Src/stm32f4xx_hal_spi.c ****                                                      || (hspi->Init.Direction == SPI_DIRECTION_2LIN
 257              		.loc 1 3524 9 view .LVU68
ARM GAS  C:\Users\10369\AppData\Local\Temp\ccy9FUfH.s 			page 75


3524:Drivers/STM32F4xx_HAL_Driver/Src/stm32f4xx_hal_spi.c ****                                                      || (hspi->Init.Direction == SPI_DIRECTION_2LIN
 258              		.loc 1 3524 24 is_stmt 0 view .LVU69
 259 0064 6B68     		ldr	r3, [r5, #4]
3524:Drivers/STM32F4xx_HAL_Driver/Src/stm32f4xx_hal_spi.c ****                                                      || (hspi->Init.Direction == SPI_DIRECTION_2LIN
 260              		.loc 1 3524 12 view .LVU70
 261 0066 B3F5827F 		cmp	r3, #260
 262 006a 0BD0     		beq	.L25
 263              	.L14:
3532:Drivers/STM32F4xx_HAL_Driver/Src/stm32f4xx_hal_spi.c ****         {
 264              		.loc 1 3532 9 is_stmt 1 view .LVU71
3532:Drivers/STM32F4xx_HAL_Driver/Src/stm32f4xx_hal_spi.c ****         {
 265              		.loc 1 3532 23 is_stmt 0 view .LVU72
 266 006c AB6A     		ldr	r3, [r5, #40]
3532:Drivers/STM32F4xx_HAL_Driver/Src/stm32f4xx_hal_spi.c ****         {
 267              		.loc 1 3532 12 view .LVU73
 268 006e B3F5005F 		cmp	r3, #8192
 269 0072 14D0     		beq	.L26
 270              	.L16:
3534:Drivers/STM32F4xx_HAL_Driver/Src/stm32f4xx_hal_spi.c ****         }
 271              		.loc 1 3534 11 is_stmt 1 discriminator 1 view .LVU74
3537:Drivers/STM32F4xx_HAL_Driver/Src/stm32f4xx_hal_spi.c **** 
 272              		.loc 1 3537 9 view .LVU75
3537:Drivers/STM32F4xx_HAL_Driver/Src/stm32f4xx_hal_spi.c **** 
 273              		.loc 1 3537 21 is_stmt 0 view .LVU76
 274 0074 0123     		movs	r3, #1
 275 0076 85F85130 		strb	r3, [r5, #81]
3540:Drivers/STM32F4xx_HAL_Driver/Src/stm32f4xx_hal_spi.c **** 
 276              		.loc 1 3540 9 is_stmt 1 view .LVU77
3540:Drivers/STM32F4xx_HAL_Driver/Src/stm32f4xx_hal_spi.c **** 
 277              		.loc 1 3540 9 view .LVU78
 278 007a 0023     		movs	r3, #0
 279 007c 85F85030 		strb	r3, [r5, #80]
3540:Drivers/STM32F4xx_HAL_Driver/Src/stm32f4xx_hal_spi.c **** 
 280              		.loc 1 3540 9 view .LVU79
3542:Drivers/STM32F4xx_HAL_Driver/Src/stm32f4xx_hal_spi.c ****       }
 281              		.loc 1 3542 9 view .LVU80
3542:Drivers/STM32F4xx_HAL_Driver/Src/stm32f4xx_hal_spi.c ****       }
 282              		.loc 1 3542 16 is_stmt 0 view .LVU81
 283 0080 0320     		movs	r0, #3
 284 0082 1CE0     		b	.L17
 285              	.L25:
3524:Drivers/STM32F4xx_HAL_Driver/Src/stm32f4xx_hal_spi.c ****                                                      || (hspi->Init.Direction == SPI_DIRECTION_2LIN
 286              		.loc 1 3524 65 discriminator 1 view .LVU82
 287 0084 AB68     		ldr	r3, [r5, #8]
3524:Drivers/STM32F4xx_HAL_Driver/Src/stm32f4xx_hal_spi.c ****                                                      || (hspi->Init.Direction == SPI_DIRECTION_2LIN
 288              		.loc 1 3524 50 discriminator 1 view .LVU83
 289 0086 B3F5004F 		cmp	r3, #32768
 290 008a 02D0     		beq	.L15
3525:Drivers/STM32F4xx_HAL_Driver/Src/stm32f4xx_hal_spi.c ****         {
 291              		.loc 1 3525 54 view .LVU84
 292 008c B3F5806F 		cmp	r3, #1024
 293 0090 ECD1     		bne	.L14
 294              	.L15:
3528:Drivers/STM32F4xx_HAL_Driver/Src/stm32f4xx_hal_spi.c ****         }
 295              		.loc 1 3528 11 is_stmt 1 view .LVU85
 296 0092 2A68     		ldr	r2, [r5]
 297 0094 1368     		ldr	r3, [r2]
ARM GAS  C:\Users\10369\AppData\Local\Temp\ccy9FUfH.s 			page 76


 298 0096 23F04003 		bic	r3, r3, #64
 299 009a 1360     		str	r3, [r2]
 300 009c E6E7     		b	.L14
 301              	.L26:
3534:Drivers/STM32F4xx_HAL_Driver/Src/stm32f4xx_hal_spi.c ****         }
 302              		.loc 1 3534 11 view .LVU86
3534:Drivers/STM32F4xx_HAL_Driver/Src/stm32f4xx_hal_spi.c ****         }
 303              		.loc 1 3534 11 view .LVU87
 304 009e 2A68     		ldr	r2, [r5]
 305 00a0 1368     		ldr	r3, [r2]
 306 00a2 23F40053 		bic	r3, r3, #8192
 307 00a6 1360     		str	r3, [r2]
3534:Drivers/STM32F4xx_HAL_Driver/Src/stm32f4xx_hal_spi.c ****         }
 308              		.loc 1 3534 11 view .LVU88
 309 00a8 2A68     		ldr	r2, [r5]
 310 00aa 1368     		ldr	r3, [r2]
 311 00ac 43F40053 		orr	r3, r3, #8192
 312 00b0 1360     		str	r3, [r2]
 313 00b2 DFE7     		b	.L16
 314              	.L24:
3551:Drivers/STM32F4xx_HAL_Driver/Src/stm32f4xx_hal_spi.c ****       }
 315              		.loc 1 3551 9 view .LVU89
3551:Drivers/STM32F4xx_HAL_Driver/Src/stm32f4xx_hal_spi.c ****       }
 316              		.loc 1 3551 14 is_stmt 0 view .LVU90
 317 00b4 019B     		ldr	r3, [sp, #4]
 318 00b6 013B     		subs	r3, r3, #1
 319 00b8 0193     		str	r3, [sp, #4]
 320 00ba B8E7     		b	.L12
 321              	.L22:
3556:Drivers/STM32F4xx_HAL_Driver/Src/stm32f4xx_hal_spi.c **** }
 322              		.loc 1 3556 10 view .LVU91
 323 00bc 0020     		movs	r0, #0
 324              	.L17:
3557:Drivers/STM32F4xx_HAL_Driver/Src/stm32f4xx_hal_spi.c **** 
 325              		.loc 1 3557 1 view .LVU92
 326 00be 02B0     		add	sp, sp, #8
 327              	.LCFI4:
 328              		.cfi_def_cfa_offset 32
 329              		@ sp needed
 330 00c0 BDE8F087 		pop	{r4, r5, r6, r7, r8, r9, r10, pc}
 331              	.LVL11:
 332              	.L28:
3557:Drivers/STM32F4xx_HAL_Driver/Src/stm32f4xx_hal_spi.c **** 
 333              		.loc 1 3557 1 view .LVU93
 334              		.align	2
 335              	.L27:
 336 00c4 00000000 		.word	SystemCoreClock
 337              		.cfi_endproc
 338              	.LFE181:
 340              		.section	.text.SPI_EndRxTxTransaction,"ax",%progbits
 341              		.align	1
 342              		.syntax unified
 343              		.thumb
 344              		.thumb_func
 346              	SPI_EndRxTxTransaction:
 347              	.LVL12:
 348              	.LFB183:
ARM GAS  C:\Users\10369\AppData\Local\Temp\ccy9FUfH.s 			page 77


3618:Drivers/STM32F4xx_HAL_Driver/Src/stm32f4xx_hal_spi.c ****   __IO uint32_t count;
 349              		.loc 1 3618 1 is_stmt 1 view -0
 350              		.cfi_startproc
 351              		@ args = 0, pretend = 0, frame = 8
 352              		@ frame_needed = 0, uses_anonymous_args = 0
3618:Drivers/STM32F4xx_HAL_Driver/Src/stm32f4xx_hal_spi.c ****   __IO uint32_t count;
 353              		.loc 1 3618 1 is_stmt 0 view .LVU95
 354 0000 70B5     		push	{r4, r5, r6, lr}
 355              	.LCFI5:
 356              		.cfi_def_cfa_offset 16
 357              		.cfi_offset 4, -16
 358              		.cfi_offset 5, -12
 359              		.cfi_offset 6, -8
 360              		.cfi_offset 14, -4
 361 0002 84B0     		sub	sp, sp, #16
 362              	.LCFI6:
 363              		.cfi_def_cfa_offset 32
 364 0004 0446     		mov	r4, r0
 365 0006 0D46     		mov	r5, r1
 366 0008 1646     		mov	r6, r2
3619:Drivers/STM32F4xx_HAL_Driver/Src/stm32f4xx_hal_spi.c **** 
 367              		.loc 1 3619 3 is_stmt 1 view .LVU96
3622:Drivers/STM32F4xx_HAL_Driver/Src/stm32f4xx_hal_spi.c ****   {
 368              		.loc 1 3622 3 view .LVU97
3622:Drivers/STM32F4xx_HAL_Driver/Src/stm32f4xx_hal_spi.c ****   {
 369              		.loc 1 3622 7 is_stmt 0 view .LVU98
 370 000a 0092     		str	r2, [sp]
 371 000c 0B46     		mov	r3, r1
 372 000e 0122     		movs	r2, #1
 373              	.LVL13:
3622:Drivers/STM32F4xx_HAL_Driver/Src/stm32f4xx_hal_spi.c ****   {
 374              		.loc 1 3622 7 view .LVU99
 375 0010 0221     		movs	r1, #2
 376              	.LVL14:
3622:Drivers/STM32F4xx_HAL_Driver/Src/stm32f4xx_hal_spi.c ****   {
 377              		.loc 1 3622 7 view .LVU100
 378 0012 FFF7FEFF 		bl	SPI_WaitFlagStateUntilTimeout
 379              	.LVL15:
3622:Drivers/STM32F4xx_HAL_Driver/Src/stm32f4xx_hal_spi.c ****   {
 380              		.loc 1 3622 6 discriminator 1 view .LVU101
 381 0016 D0B9     		cbnz	r0, .L34
3629:Drivers/STM32F4xx_HAL_Driver/Src/stm32f4xx_hal_spi.c ****   /* Erratasheet: BSY bit may stay high at the end of a data transfer in Slave mode */
 382              		.loc 1 3629 3 is_stmt 1 view .LVU102
3629:Drivers/STM32F4xx_HAL_Driver/Src/stm32f4xx_hal_spi.c ****   /* Erratasheet: BSY bit may stay high at the end of a data transfer in Slave mode */
 383              		.loc 1 3629 68 is_stmt 0 view .LVU103
 384 0018 174B     		ldr	r3, .L36
 385 001a 1B68     		ldr	r3, [r3]
 386 001c 174A     		ldr	r2, .L36+4
 387 001e A2FB0323 		umull	r2, r3, r2, r3
 388 0022 5B0D     		lsrs	r3, r3, #21
3629:Drivers/STM32F4xx_HAL_Driver/Src/stm32f4xx_hal_spi.c ****   /* Erratasheet: BSY bit may stay high at the end of a data transfer in Slave mode */
 389              		.loc 1 3629 43 view .LVU104
 390 0024 4FF47A72 		mov	r2, #1000
 391 0028 02FB03F3 		mul	r3, r2, r3
3629:Drivers/STM32F4xx_HAL_Driver/Src/stm32f4xx_hal_spi.c ****   /* Erratasheet: BSY bit may stay high at the end of a data transfer in Slave mode */
 392              		.loc 1 3629 9 view .LVU105
 393 002c 0393     		str	r3, [sp, #12]
ARM GAS  C:\Users\10369\AppData\Local\Temp\ccy9FUfH.s 			page 78


3631:Drivers/STM32F4xx_HAL_Driver/Src/stm32f4xx_hal_spi.c ****   {
 394              		.loc 1 3631 3 is_stmt 1 view .LVU106
3631:Drivers/STM32F4xx_HAL_Driver/Src/stm32f4xx_hal_spi.c ****   {
 395              		.loc 1 3631 17 is_stmt 0 view .LVU107
 396 002e 6368     		ldr	r3, [r4, #4]
3631:Drivers/STM32F4xx_HAL_Driver/Src/stm32f4xx_hal_spi.c ****   {
 397              		.loc 1 3631 6 view .LVU108
 398 0030 B3F5827F 		cmp	r3, #260
 399 0034 11D0     		beq	.L35
 400              	.L32:
3647:Drivers/STM32F4xx_HAL_Driver/Src/stm32f4xx_hal_spi.c ****     {
 401              		.loc 1 3647 5 is_stmt 1 view .LVU109
3649:Drivers/STM32F4xx_HAL_Driver/Src/stm32f4xx_hal_spi.c ****       {
 402              		.loc 1 3649 7 view .LVU110
3649:Drivers/STM32F4xx_HAL_Driver/Src/stm32f4xx_hal_spi.c ****       {
 403              		.loc 1 3649 17 is_stmt 0 view .LVU111
 404 0036 039B     		ldr	r3, [sp, #12]
3649:Drivers/STM32F4xx_HAL_Driver/Src/stm32f4xx_hal_spi.c ****       {
 405              		.loc 1 3649 10 view .LVU112
 406 0038 3BB1     		cbz	r3, .L31
3653:Drivers/STM32F4xx_HAL_Driver/Src/stm32f4xx_hal_spi.c ****     } while (__HAL_SPI_GET_FLAG(hspi, SPI_FLAG_BSY) != RESET);
 407              		.loc 1 3653 7 is_stmt 1 view .LVU113
3653:Drivers/STM32F4xx_HAL_Driver/Src/stm32f4xx_hal_spi.c ****     } while (__HAL_SPI_GET_FLAG(hspi, SPI_FLAG_BSY) != RESET);
 408              		.loc 1 3653 12 is_stmt 0 view .LVU114
 409 003a 039B     		ldr	r3, [sp, #12]
 410 003c 013B     		subs	r3, r3, #1
 411 003e 0393     		str	r3, [sp, #12]
3654:Drivers/STM32F4xx_HAL_Driver/Src/stm32f4xx_hal_spi.c ****   }
 412              		.loc 1 3654 53 is_stmt 1 view .LVU115
3654:Drivers/STM32F4xx_HAL_Driver/Src/stm32f4xx_hal_spi.c ****   }
 413              		.loc 1 3654 14 is_stmt 0 view .LVU116
 414 0040 2368     		ldr	r3, [r4]
 415 0042 9B68     		ldr	r3, [r3, #8]
3654:Drivers/STM32F4xx_HAL_Driver/Src/stm32f4xx_hal_spi.c ****   }
 416              		.loc 1 3654 53 view .LVU117
 417 0044 13F0800F 		tst	r3, #128
 418 0048 F5D1     		bne	.L32
 419              	.L31:
3658:Drivers/STM32F4xx_HAL_Driver/Src/stm32f4xx_hal_spi.c **** 
 420              		.loc 1 3658 1 view .LVU118
 421 004a 04B0     		add	sp, sp, #16
 422              	.LCFI7:
 423              		.cfi_remember_state
 424              		.cfi_def_cfa_offset 16
 425              		@ sp needed
 426 004c 70BD     		pop	{r4, r5, r6, pc}
 427              	.LVL16:
 428              	.L34:
 429              	.LCFI8:
 430              		.cfi_restore_state
3624:Drivers/STM32F4xx_HAL_Driver/Src/stm32f4xx_hal_spi.c ****     return HAL_TIMEOUT;
 431              		.loc 1 3624 5 is_stmt 1 view .LVU119
 432 004e 636D     		ldr	r3, [r4, #84]
 433 0050 43F02003 		orr	r3, r3, #32
 434 0054 6365     		str	r3, [r4, #84]
3625:Drivers/STM32F4xx_HAL_Driver/Src/stm32f4xx_hal_spi.c ****   }
 435              		.loc 1 3625 5 view .LVU120
ARM GAS  C:\Users\10369\AppData\Local\Temp\ccy9FUfH.s 			page 79


3625:Drivers/STM32F4xx_HAL_Driver/Src/stm32f4xx_hal_spi.c ****   }
 436              		.loc 1 3625 12 is_stmt 0 view .LVU121
 437 0056 0320     		movs	r0, #3
 438 0058 F7E7     		b	.L31
 439              	.L35:
3634:Drivers/STM32F4xx_HAL_Driver/Src/stm32f4xx_hal_spi.c ****     {
 440              		.loc 1 3634 5 is_stmt 1 view .LVU122
3634:Drivers/STM32F4xx_HAL_Driver/Src/stm32f4xx_hal_spi.c ****     {
 441              		.loc 1 3634 9 is_stmt 0 view .LVU123
 442 005a 0096     		str	r6, [sp]
 443 005c 2B46     		mov	r3, r5
 444 005e 0022     		movs	r2, #0
 445 0060 8021     		movs	r1, #128
 446 0062 2046     		mov	r0, r4
 447 0064 FFF7FEFF 		bl	SPI_WaitFlagStateUntilTimeout
 448              	.LVL17:
3634:Drivers/STM32F4xx_HAL_Driver/Src/stm32f4xx_hal_spi.c ****     {
 449              		.loc 1 3634 8 discriminator 1 view .LVU124
 450 0068 0028     		cmp	r0, #0
 451 006a EED0     		beq	.L31
3636:Drivers/STM32F4xx_HAL_Driver/Src/stm32f4xx_hal_spi.c ****       return HAL_TIMEOUT;
 452              		.loc 1 3636 7 is_stmt 1 view .LVU125
 453 006c 636D     		ldr	r3, [r4, #84]
 454 006e 43F02003 		orr	r3, r3, #32
 455 0072 6365     		str	r3, [r4, #84]
3637:Drivers/STM32F4xx_HAL_Driver/Src/stm32f4xx_hal_spi.c ****     }
 456              		.loc 1 3637 7 view .LVU126
3637:Drivers/STM32F4xx_HAL_Driver/Src/stm32f4xx_hal_spi.c ****     }
 457              		.loc 1 3637 14 is_stmt 0 view .LVU127
 458 0074 0320     		movs	r0, #3
 459 0076 E8E7     		b	.L31
 460              	.L37:
 461              		.align	2
 462              	.L36:
 463 0078 00000000 		.word	SystemCoreClock
 464 007c 819F5E16 		.word	375299969
 465              		.cfi_endproc
 466              	.LFE183:
 468              		.section	.text.SPI_EndRxTransaction,"ax",%progbits
 469              		.align	1
 470              		.syntax unified
 471              		.thumb
 472              		.thumb_func
 474              	SPI_EndRxTransaction:
 475              	.LVL18:
 476              	.LFB182:
3568:Drivers/STM32F4xx_HAL_Driver/Src/stm32f4xx_hal_spi.c ****   if ((hspi->Init.Mode == SPI_MODE_MASTER) && ((hspi->Init.Direction == SPI_DIRECTION_1LINE)
 477              		.loc 1 3568 1 is_stmt 1 view -0
 478              		.cfi_startproc
 479              		@ args = 0, pretend = 0, frame = 0
 480              		@ frame_needed = 0, uses_anonymous_args = 0
3568:Drivers/STM32F4xx_HAL_Driver/Src/stm32f4xx_hal_spi.c ****   if ((hspi->Init.Mode == SPI_MODE_MASTER) && ((hspi->Init.Direction == SPI_DIRECTION_1LINE)
 481              		.loc 1 3568 1 is_stmt 0 view .LVU129
 482 0000 10B5     		push	{r4, lr}
 483              	.LCFI9:
 484              		.cfi_def_cfa_offset 8
 485              		.cfi_offset 4, -8
ARM GAS  C:\Users\10369\AppData\Local\Temp\ccy9FUfH.s 			page 80


 486              		.cfi_offset 14, -4
 487 0002 82B0     		sub	sp, sp, #8
 488              	.LCFI10:
 489              		.cfi_def_cfa_offset 16
 490 0004 0446     		mov	r4, r0
 491 0006 0B46     		mov	r3, r1
3569:Drivers/STM32F4xx_HAL_Driver/Src/stm32f4xx_hal_spi.c ****                                                || (hspi->Init.Direction == SPI_DIRECTION_2LINES_RXO
 492              		.loc 1 3569 3 is_stmt 1 view .LVU130
3569:Drivers/STM32F4xx_HAL_Driver/Src/stm32f4xx_hal_spi.c ****                                                || (hspi->Init.Direction == SPI_DIRECTION_2LINES_RXO
 493              		.loc 1 3569 18 is_stmt 0 view .LVU131
 494 0008 4168     		ldr	r1, [r0, #4]
 495              	.LVL19:
3569:Drivers/STM32F4xx_HAL_Driver/Src/stm32f4xx_hal_spi.c ****                                                || (hspi->Init.Direction == SPI_DIRECTION_2LINES_RXO
 496              		.loc 1 3569 6 view .LVU132
 497 000a B1F5827F 		cmp	r1, #260
 498 000e 14D0     		beq	.L45
 499              	.LVL20:
 500              	.L39:
3577:Drivers/STM32F4xx_HAL_Driver/Src/stm32f4xx_hal_spi.c ****   {
 501              		.loc 1 3577 3 is_stmt 1 view .LVU133
3577:Drivers/STM32F4xx_HAL_Driver/Src/stm32f4xx_hal_spi.c ****   {
 502              		.loc 1 3577 17 is_stmt 0 view .LVU134
 503 0010 6168     		ldr	r1, [r4, #4]
3577:Drivers/STM32F4xx_HAL_Driver/Src/stm32f4xx_hal_spi.c ****   {
 504              		.loc 1 3577 6 view .LVU135
 505 0012 B1F5827F 		cmp	r1, #260
 506 0016 2AD1     		bne	.L41
3579:Drivers/STM32F4xx_HAL_Driver/Src/stm32f4xx_hal_spi.c ****     {
 507              		.loc 1 3579 5 is_stmt 1 view .LVU136
3579:Drivers/STM32F4xx_HAL_Driver/Src/stm32f4xx_hal_spi.c ****     {
 508              		.loc 1 3579 19 is_stmt 0 view .LVU137
 509 0018 A168     		ldr	r1, [r4, #8]
3579:Drivers/STM32F4xx_HAL_Driver/Src/stm32f4xx_hal_spi.c ****     {
 510              		.loc 1 3579 8 view .LVU138
 511 001a B1F5806F 		cmp	r1, #1024
 512 001e 19D0     		beq	.L42
3582:Drivers/STM32F4xx_HAL_Driver/Src/stm32f4xx_hal_spi.c ****       {
 513              		.loc 1 3582 7 is_stmt 1 view .LVU139
3582:Drivers/STM32F4xx_HAL_Driver/Src/stm32f4xx_hal_spi.c ****       {
 514              		.loc 1 3582 11 is_stmt 0 view .LVU140
 515 0020 0092     		str	r2, [sp]
 516 0022 0022     		movs	r2, #0
 517              	.LVL21:
3582:Drivers/STM32F4xx_HAL_Driver/Src/stm32f4xx_hal_spi.c ****       {
 518              		.loc 1 3582 11 view .LVU141
 519 0024 8021     		movs	r1, #128
 520 0026 2046     		mov	r0, r4
 521 0028 FFF7FEFF 		bl	SPI_WaitFlagStateUntilTimeout
 522              	.LVL22:
3582:Drivers/STM32F4xx_HAL_Driver/Src/stm32f4xx_hal_spi.c ****       {
 523              		.loc 1 3582 10 discriminator 1 view .LVU142
 524 002c 30B3     		cbz	r0, .L43
3584:Drivers/STM32F4xx_HAL_Driver/Src/stm32f4xx_hal_spi.c ****         return HAL_TIMEOUT;
 525              		.loc 1 3584 9 is_stmt 1 view .LVU143
 526 002e 636D     		ldr	r3, [r4, #84]
 527 0030 43F02003 		orr	r3, r3, #32
 528 0034 6365     		str	r3, [r4, #84]
ARM GAS  C:\Users\10369\AppData\Local\Temp\ccy9FUfH.s 			page 81


3585:Drivers/STM32F4xx_HAL_Driver/Src/stm32f4xx_hal_spi.c ****       }
 529              		.loc 1 3585 9 view .LVU144
3585:Drivers/STM32F4xx_HAL_Driver/Src/stm32f4xx_hal_spi.c ****       }
 530              		.loc 1 3585 16 is_stmt 0 view .LVU145
 531 0036 0320     		movs	r0, #3
 532 0038 20E0     		b	.L43
 533              	.LVL23:
 534              	.L45:
3569:Drivers/STM32F4xx_HAL_Driver/Src/stm32f4xx_hal_spi.c ****                                                || (hspi->Init.Direction == SPI_DIRECTION_2LINES_RXO
 535              		.loc 1 3569 59 discriminator 1 view .LVU146
 536 003a 8168     		ldr	r1, [r0, #8]
3569:Drivers/STM32F4xx_HAL_Driver/Src/stm32f4xx_hal_spi.c ****                                                || (hspi->Init.Direction == SPI_DIRECTION_2LINES_RXO
 537              		.loc 1 3569 44 discriminator 1 view .LVU147
 538 003c B1F5004F 		cmp	r1, #32768
 539 0040 02D0     		beq	.L40
3570:Drivers/STM32F4xx_HAL_Driver/Src/stm32f4xx_hal_spi.c ****   {
 540              		.loc 1 3570 48 view .LVU148
 541 0042 B1F5806F 		cmp	r1, #1024
 542 0046 E3D1     		bne	.L39
 543              	.L40:
3573:Drivers/STM32F4xx_HAL_Driver/Src/stm32f4xx_hal_spi.c ****   }
 544              		.loc 1 3573 5 is_stmt 1 view .LVU149
 545 0048 2068     		ldr	r0, [r4]
 546              	.LVL24:
3573:Drivers/STM32F4xx_HAL_Driver/Src/stm32f4xx_hal_spi.c ****   }
 547              		.loc 1 3573 5 is_stmt 0 view .LVU150
 548 004a 0168     		ldr	r1, [r0]
 549 004c 21F04001 		bic	r1, r1, #64
 550 0050 0160     		str	r1, [r0]
 551 0052 DDE7     		b	.L39
 552              	.L42:
3591:Drivers/STM32F4xx_HAL_Driver/Src/stm32f4xx_hal_spi.c ****       {
 553              		.loc 1 3591 7 is_stmt 1 view .LVU151
3591:Drivers/STM32F4xx_HAL_Driver/Src/stm32f4xx_hal_spi.c ****       {
 554              		.loc 1 3591 11 is_stmt 0 view .LVU152
 555 0054 0092     		str	r2, [sp]
 556 0056 0022     		movs	r2, #0
 557              	.LVL25:
3591:Drivers/STM32F4xx_HAL_Driver/Src/stm32f4xx_hal_spi.c ****       {
 558              		.loc 1 3591 11 view .LVU153
 559 0058 0121     		movs	r1, #1
 560 005a 2046     		mov	r0, r4
 561 005c FFF7FEFF 		bl	SPI_WaitFlagStateUntilTimeout
 562              	.LVL26:
3591:Drivers/STM32F4xx_HAL_Driver/Src/stm32f4xx_hal_spi.c ****       {
 563              		.loc 1 3591 10 discriminator 1 view .LVU154
 564 0060 60B1     		cbz	r0, .L43
3593:Drivers/STM32F4xx_HAL_Driver/Src/stm32f4xx_hal_spi.c ****         return HAL_TIMEOUT;
 565              		.loc 1 3593 9 is_stmt 1 view .LVU155
 566 0062 636D     		ldr	r3, [r4, #84]
 567 0064 43F02003 		orr	r3, r3, #32
 568 0068 6365     		str	r3, [r4, #84]
3594:Drivers/STM32F4xx_HAL_Driver/Src/stm32f4xx_hal_spi.c ****       }
 569              		.loc 1 3594 9 view .LVU156
3594:Drivers/STM32F4xx_HAL_Driver/Src/stm32f4xx_hal_spi.c ****       }
 570              		.loc 1 3594 16 is_stmt 0 view .LVU157
 571 006a 0320     		movs	r0, #3
ARM GAS  C:\Users\10369\AppData\Local\Temp\ccy9FUfH.s 			page 82


 572 006c 06E0     		b	.L43
 573              	.LVL27:
 574              	.L41:
3601:Drivers/STM32F4xx_HAL_Driver/Src/stm32f4xx_hal_spi.c ****     {
 575              		.loc 1 3601 5 is_stmt 1 view .LVU158
3601:Drivers/STM32F4xx_HAL_Driver/Src/stm32f4xx_hal_spi.c ****     {
 576              		.loc 1 3601 9 is_stmt 0 view .LVU159
 577 006e 0092     		str	r2, [sp]
 578 0070 0022     		movs	r2, #0
 579              	.LVL28:
3601:Drivers/STM32F4xx_HAL_Driver/Src/stm32f4xx_hal_spi.c ****     {
 580              		.loc 1 3601 9 view .LVU160
 581 0072 0121     		movs	r1, #1
 582 0074 2046     		mov	r0, r4
 583 0076 FFF7FEFF 		bl	SPI_WaitFlagStateUntilTimeout
 584              	.LVL29:
3601:Drivers/STM32F4xx_HAL_Driver/Src/stm32f4xx_hal_spi.c ****     {
 585              		.loc 1 3601 8 discriminator 1 view .LVU161
 586 007a 08B9     		cbnz	r0, .L46
 587              	.L43:
3608:Drivers/STM32F4xx_HAL_Driver/Src/stm32f4xx_hal_spi.c **** 
 588              		.loc 1 3608 1 view .LVU162
 589 007c 02B0     		add	sp, sp, #8
 590              	.LCFI11:
 591              		.cfi_remember_state
 592              		.cfi_def_cfa_offset 8
 593              		@ sp needed
 594 007e 10BD     		pop	{r4, pc}
 595              	.LVL30:
 596              	.L46:
 597              	.LCFI12:
 598              		.cfi_restore_state
3603:Drivers/STM32F4xx_HAL_Driver/Src/stm32f4xx_hal_spi.c ****       return HAL_TIMEOUT;
 599              		.loc 1 3603 7 is_stmt 1 view .LVU163
 600 0080 636D     		ldr	r3, [r4, #84]
 601 0082 43F02003 		orr	r3, r3, #32
 602 0086 6365     		str	r3, [r4, #84]
3604:Drivers/STM32F4xx_HAL_Driver/Src/stm32f4xx_hal_spi.c ****     }
 603              		.loc 1 3604 7 view .LVU164
3604:Drivers/STM32F4xx_HAL_Driver/Src/stm32f4xx_hal_spi.c ****     }
 604              		.loc 1 3604 14 is_stmt 0 view .LVU165
 605 0088 0320     		movs	r0, #3
 606 008a F7E7     		b	.L43
 607              		.cfi_endproc
 608              	.LFE182:
 610              		.section	.text.HAL_SPI_MspInit,"ax",%progbits
 611              		.align	1
 612              		.weak	HAL_SPI_MspInit
 613              		.syntax unified
 614              		.thumb
 615              		.thumb_func
 617              	HAL_SPI_MspInit:
 618              	.LVL31:
 619              	.LFB136:
 484:Drivers/STM32F4xx_HAL_Driver/Src/stm32f4xx_hal_spi.c ****   /* Prevent unused argument(s) compilation warning */
 620              		.loc 1 484 1 is_stmt 1 view -0
 621              		.cfi_startproc
ARM GAS  C:\Users\10369\AppData\Local\Temp\ccy9FUfH.s 			page 83


 622              		@ args = 0, pretend = 0, frame = 0
 623              		@ frame_needed = 0, uses_anonymous_args = 0
 624              		@ link register save eliminated.
 486:Drivers/STM32F4xx_HAL_Driver/Src/stm32f4xx_hal_spi.c **** 
 625              		.loc 1 486 3 view .LVU167
 491:Drivers/STM32F4xx_HAL_Driver/Src/stm32f4xx_hal_spi.c **** 
 626              		.loc 1 491 1 is_stmt 0 view .LVU168
 627 0000 7047     		bx	lr
 628              		.cfi_endproc
 629              	.LFE136:
 631              		.section	.text.HAL_SPI_Init,"ax",%progbits
 632              		.align	1
 633              		.global	HAL_SPI_Init
 634              		.syntax unified
 635              		.thumb
 636              		.thumb_func
 638              	HAL_SPI_Init:
 639              	.LVL32:
 640              	.LFB134:
 314:Drivers/STM32F4xx_HAL_Driver/Src/stm32f4xx_hal_spi.c ****   /* Check the SPI handle allocation */
 641              		.loc 1 314 1 is_stmt 1 view -0
 642              		.cfi_startproc
 643              		@ args = 0, pretend = 0, frame = 0
 644              		@ frame_needed = 0, uses_anonymous_args = 0
 316:Drivers/STM32F4xx_HAL_Driver/Src/stm32f4xx_hal_spi.c ****   {
 645              		.loc 1 316 3 view .LVU170
 316:Drivers/STM32F4xx_HAL_Driver/Src/stm32f4xx_hal_spi.c ****   {
 646              		.loc 1 316 6 is_stmt 0 view .LVU171
 647 0000 0028     		cmp	r0, #0
 648 0002 5AD0     		beq	.L53
 314:Drivers/STM32F4xx_HAL_Driver/Src/stm32f4xx_hal_spi.c ****   /* Check the SPI handle allocation */
 649              		.loc 1 314 1 view .LVU172
 650 0004 10B5     		push	{r4, lr}
 651              	.LCFI13:
 652              		.cfi_def_cfa_offset 8
 653              		.cfi_offset 4, -8
 654              		.cfi_offset 14, -4
 655 0006 0446     		mov	r4, r0
 322:Drivers/STM32F4xx_HAL_Driver/Src/stm32f4xx_hal_spi.c ****   assert_param(IS_SPI_MODE(hspi->Init.Mode));
 656              		.loc 1 322 3 is_stmt 1 view .LVU173
 323:Drivers/STM32F4xx_HAL_Driver/Src/stm32f4xx_hal_spi.c ****   assert_param(IS_SPI_DIRECTION(hspi->Init.Direction));
 657              		.loc 1 323 3 view .LVU174
 324:Drivers/STM32F4xx_HAL_Driver/Src/stm32f4xx_hal_spi.c ****   assert_param(IS_SPI_DATASIZE(hspi->Init.DataSize));
 658              		.loc 1 324 3 view .LVU175
 325:Drivers/STM32F4xx_HAL_Driver/Src/stm32f4xx_hal_spi.c ****   assert_param(IS_SPI_NSS(hspi->Init.NSS));
 659              		.loc 1 325 3 view .LVU176
 326:Drivers/STM32F4xx_HAL_Driver/Src/stm32f4xx_hal_spi.c ****   assert_param(IS_SPI_BAUDRATE_PRESCALER(hspi->Init.BaudRatePrescaler));
 660              		.loc 1 326 3 view .LVU177
 327:Drivers/STM32F4xx_HAL_Driver/Src/stm32f4xx_hal_spi.c ****   assert_param(IS_SPI_FIRST_BIT(hspi->Init.FirstBit));
 661              		.loc 1 327 3 view .LVU178
 328:Drivers/STM32F4xx_HAL_Driver/Src/stm32f4xx_hal_spi.c ****   assert_param(IS_SPI_TIMODE(hspi->Init.TIMode));
 662              		.loc 1 328 3 view .LVU179
 329:Drivers/STM32F4xx_HAL_Driver/Src/stm32f4xx_hal_spi.c ****   if (hspi->Init.TIMode == SPI_TIMODE_DISABLE)
 663              		.loc 1 329 3 view .LVU180
 330:Drivers/STM32F4xx_HAL_Driver/Src/stm32f4xx_hal_spi.c ****   {
 664              		.loc 1 330 3 view .LVU181
 330:Drivers/STM32F4xx_HAL_Driver/Src/stm32f4xx_hal_spi.c ****   {
ARM GAS  C:\Users\10369\AppData\Local\Temp\ccy9FUfH.s 			page 84


 665              		.loc 1 330 17 is_stmt 0 view .LVU182
 666 0008 436A     		ldr	r3, [r0, #36]
 330:Drivers/STM32F4xx_HAL_Driver/Src/stm32f4xx_hal_spi.c ****   {
 667              		.loc 1 330 6 view .LVU183
 668 000a 33B9     		cbnz	r3, .L50
 332:Drivers/STM32F4xx_HAL_Driver/Src/stm32f4xx_hal_spi.c ****     assert_param(IS_SPI_CPHA(hspi->Init.CLKPhase));
 669              		.loc 1 332 5 is_stmt 1 view .LVU184
 333:Drivers/STM32F4xx_HAL_Driver/Src/stm32f4xx_hal_spi.c **** 
 670              		.loc 1 333 5 view .LVU185
 335:Drivers/STM32F4xx_HAL_Driver/Src/stm32f4xx_hal_spi.c ****     {
 671              		.loc 1 335 5 view .LVU186
 335:Drivers/STM32F4xx_HAL_Driver/Src/stm32f4xx_hal_spi.c ****     {
 672              		.loc 1 335 19 is_stmt 0 view .LVU187
 673 000c 4368     		ldr	r3, [r0, #4]
 335:Drivers/STM32F4xx_HAL_Driver/Src/stm32f4xx_hal_spi.c ****     {
 674              		.loc 1 335 8 view .LVU188
 675 000e B3F5827F 		cmp	r3, #260
 676 0012 05D0     		beq	.L51
 342:Drivers/STM32F4xx_HAL_Driver/Src/stm32f4xx_hal_spi.c ****     }
 677              		.loc 1 342 7 is_stmt 1 view .LVU189
 342:Drivers/STM32F4xx_HAL_Driver/Src/stm32f4xx_hal_spi.c ****     }
 678              		.loc 1 342 36 is_stmt 0 view .LVU190
 679 0014 0023     		movs	r3, #0
 680 0016 C361     		str	r3, [r0, #28]
 681 0018 02E0     		b	.L51
 682              	.L50:
 347:Drivers/STM32F4xx_HAL_Driver/Src/stm32f4xx_hal_spi.c **** 
 683              		.loc 1 347 5 is_stmt 1 view .LVU191
 350:Drivers/STM32F4xx_HAL_Driver/Src/stm32f4xx_hal_spi.c ****     hspi->Init.CLKPhase    = SPI_PHASE_1EDGE;
 684              		.loc 1 350 5 view .LVU192
 350:Drivers/STM32F4xx_HAL_Driver/Src/stm32f4xx_hal_spi.c ****     hspi->Init.CLKPhase    = SPI_PHASE_1EDGE;
 685              		.loc 1 350 28 is_stmt 0 view .LVU193
 686 001a 0023     		movs	r3, #0
 687 001c 0361     		str	r3, [r0, #16]
 351:Drivers/STM32F4xx_HAL_Driver/Src/stm32f4xx_hal_spi.c ****   }
 688              		.loc 1 351 5 is_stmt 1 view .LVU194
 351:Drivers/STM32F4xx_HAL_Driver/Src/stm32f4xx_hal_spi.c ****   }
 689              		.loc 1 351 28 is_stmt 0 view .LVU195
 690 001e 4361     		str	r3, [r0, #20]
 691              	.L51:
 360:Drivers/STM32F4xx_HAL_Driver/Src/stm32f4xx_hal_spi.c **** #endif /* USE_SPI_CRC */
 692              		.loc 1 360 3 is_stmt 1 view .LVU196
 360:Drivers/STM32F4xx_HAL_Driver/Src/stm32f4xx_hal_spi.c **** #endif /* USE_SPI_CRC */
 693              		.loc 1 360 29 is_stmt 0 view .LVU197
 694 0020 0023     		movs	r3, #0
 695 0022 A362     		str	r3, [r4, #40]
 363:Drivers/STM32F4xx_HAL_Driver/Src/stm32f4xx_hal_spi.c ****   {
 696              		.loc 1 363 3 is_stmt 1 view .LVU198
 363:Drivers/STM32F4xx_HAL_Driver/Src/stm32f4xx_hal_spi.c ****   {
 697              		.loc 1 363 11 is_stmt 0 view .LVU199
 698 0024 94F85130 		ldrb	r3, [r4, #81]	@ zero_extendqisi2
 363:Drivers/STM32F4xx_HAL_Driver/Src/stm32f4xx_hal_spi.c ****   {
 699              		.loc 1 363 6 view .LVU200
 700 0028 002B     		cmp	r3, #0
 701 002a 40D0     		beq	.L58
 702              	.LVL33:
 703              	.L52:
ARM GAS  C:\Users\10369\AppData\Local\Temp\ccy9FUfH.s 			page 85


 392:Drivers/STM32F4xx_HAL_Driver/Src/stm32f4xx_hal_spi.c **** 
 704              		.loc 1 392 3 is_stmt 1 view .LVU201
 392:Drivers/STM32F4xx_HAL_Driver/Src/stm32f4xx_hal_spi.c **** 
 705              		.loc 1 392 15 is_stmt 0 view .LVU202
 706 002c 0223     		movs	r3, #2
 707 002e 84F85130 		strb	r3, [r4, #81]
 395:Drivers/STM32F4xx_HAL_Driver/Src/stm32f4xx_hal_spi.c **** 
 708              		.loc 1 395 3 is_stmt 1 view .LVU203
 709 0032 2268     		ldr	r2, [r4]
 710 0034 1368     		ldr	r3, [r2]
 711 0036 23F04003 		bic	r3, r3, #64
 712 003a 1360     		str	r3, [r2]
 400:Drivers/STM32F4xx_HAL_Driver/Src/stm32f4xx_hal_spi.c ****                                   (hspi->Init.Direction & (SPI_CR1_RXONLY | SPI_CR1_BIDIMODE)) |
 713              		.loc 1 400 3 view .LVU204
 714 003c 6368     		ldr	r3, [r4, #4]
 715 003e 03F48273 		and	r3, r3, #260
 716 0042 A268     		ldr	r2, [r4, #8]
 717 0044 02F40442 		and	r2, r2, #33792
 718 0048 1343     		orrs	r3, r3, r2
 719 004a E268     		ldr	r2, [r4, #12]
 720 004c 02F40062 		and	r2, r2, #2048
 721 0050 1343     		orrs	r3, r3, r2
 722 0052 2269     		ldr	r2, [r4, #16]
 723 0054 02F00202 		and	r2, r2, #2
 724 0058 1343     		orrs	r3, r3, r2
 725 005a 6269     		ldr	r2, [r4, #20]
 726 005c 02F00102 		and	r2, r2, #1
 727 0060 1343     		orrs	r3, r3, r2
 728 0062 A269     		ldr	r2, [r4, #24]
 729 0064 02F40072 		and	r2, r2, #512
 730 0068 1343     		orrs	r3, r3, r2
 731 006a E269     		ldr	r2, [r4, #28]
 732 006c 02F03802 		and	r2, r2, #56
 733 0070 1343     		orrs	r3, r3, r2
 734 0072 226A     		ldr	r2, [r4, #32]
 735 0074 02F08002 		and	r2, r2, #128
 736 0078 1343     		orrs	r3, r3, r2
 737 007a A26A     		ldr	r2, [r4, #40]
 738 007c 02F40052 		and	r2, r2, #8192
 739 0080 2168     		ldr	r1, [r4]
 740 0082 1343     		orrs	r3, r3, r2
 741 0084 0B60     		str	r3, [r1]
 411:Drivers/STM32F4xx_HAL_Driver/Src/stm32f4xx_hal_spi.c **** 
 742              		.loc 1 411 3 view .LVU205
 743 0086 638B     		ldrh	r3, [r4, #26]
 744 0088 03F00403 		and	r3, r3, #4
 745 008c 626A     		ldr	r2, [r4, #36]
 746 008e 02F01002 		and	r2, r2, #16
 747 0092 2168     		ldr	r1, [r4]
 748 0094 1343     		orrs	r3, r3, r2
 749 0096 4B60     		str	r3, [r1, #4]
 424:Drivers/STM32F4xx_HAL_Driver/Src/stm32f4xx_hal_spi.c **** #endif /* SPI_I2SCFGR_I2SMOD */
 750              		.loc 1 424 3 view .LVU206
 751 0098 2268     		ldr	r2, [r4]
 752 009a D369     		ldr	r3, [r2, #28]
 753 009c 23F40063 		bic	r3, r3, #2048
 754 00a0 D361     		str	r3, [r2, #28]
ARM GAS  C:\Users\10369\AppData\Local\Temp\ccy9FUfH.s 			page 86


 427:Drivers/STM32F4xx_HAL_Driver/Src/stm32f4xx_hal_spi.c ****   hspi->State     = HAL_SPI_STATE_READY;
 755              		.loc 1 427 3 view .LVU207
 427:Drivers/STM32F4xx_HAL_Driver/Src/stm32f4xx_hal_spi.c ****   hspi->State     = HAL_SPI_STATE_READY;
 756              		.loc 1 427 19 is_stmt 0 view .LVU208
 757 00a2 0020     		movs	r0, #0
 758 00a4 6065     		str	r0, [r4, #84]
 428:Drivers/STM32F4xx_HAL_Driver/Src/stm32f4xx_hal_spi.c **** 
 759              		.loc 1 428 3 is_stmt 1 view .LVU209
 428:Drivers/STM32F4xx_HAL_Driver/Src/stm32f4xx_hal_spi.c **** 
 760              		.loc 1 428 19 is_stmt 0 view .LVU210
 761 00a6 0123     		movs	r3, #1
 762 00a8 84F85130 		strb	r3, [r4, #81]
 430:Drivers/STM32F4xx_HAL_Driver/Src/stm32f4xx_hal_spi.c **** }
 763              		.loc 1 430 3 is_stmt 1 view .LVU211
 431:Drivers/STM32F4xx_HAL_Driver/Src/stm32f4xx_hal_spi.c **** 
 764              		.loc 1 431 1 is_stmt 0 view .LVU212
 765 00ac 10BD     		pop	{r4, pc}
 766              	.LVL34:
 767              	.L58:
 366:Drivers/STM32F4xx_HAL_Driver/Src/stm32f4xx_hal_spi.c **** 
 768              		.loc 1 366 5 is_stmt 1 view .LVU213
 366:Drivers/STM32F4xx_HAL_Driver/Src/stm32f4xx_hal_spi.c **** 
 769              		.loc 1 366 16 is_stmt 0 view .LVU214
 770 00ae 84F85030 		strb	r3, [r4, #80]
 388:Drivers/STM32F4xx_HAL_Driver/Src/stm32f4xx_hal_spi.c **** #endif /* USE_HAL_SPI_REGISTER_CALLBACKS */
 771              		.loc 1 388 5 is_stmt 1 view .LVU215
 772 00b2 2046     		mov	r0, r4
 773              	.LVL35:
 388:Drivers/STM32F4xx_HAL_Driver/Src/stm32f4xx_hal_spi.c **** #endif /* USE_HAL_SPI_REGISTER_CALLBACKS */
 774              		.loc 1 388 5 is_stmt 0 view .LVU216
 775 00b4 FFF7FEFF 		bl	HAL_SPI_MspInit
 776              	.LVL36:
 777 00b8 B8E7     		b	.L52
 778              	.LVL37:
 779              	.L53:
 780              	.LCFI14:
 781              		.cfi_def_cfa_offset 0
 782              		.cfi_restore 4
 783              		.cfi_restore 14
 318:Drivers/STM32F4xx_HAL_Driver/Src/stm32f4xx_hal_spi.c ****   }
 784              		.loc 1 318 12 view .LVU217
 785 00ba 0120     		movs	r0, #1
 786              	.LVL38:
 431:Drivers/STM32F4xx_HAL_Driver/Src/stm32f4xx_hal_spi.c **** 
 787              		.loc 1 431 1 view .LVU218
 788 00bc 7047     		bx	lr
 789              		.cfi_endproc
 790              	.LFE134:
 792              		.section	.text.HAL_SPI_MspDeInit,"ax",%progbits
 793              		.align	1
 794              		.weak	HAL_SPI_MspDeInit
 795              		.syntax unified
 796              		.thumb
 797              		.thumb_func
 799              	HAL_SPI_MspDeInit:
 800              	.LVL39:
 801              	.LFB137:
ARM GAS  C:\Users\10369\AppData\Local\Temp\ccy9FUfH.s 			page 87


 500:Drivers/STM32F4xx_HAL_Driver/Src/stm32f4xx_hal_spi.c ****   /* Prevent unused argument(s) compilation warning */
 802              		.loc 1 500 1 is_stmt 1 view -0
 803              		.cfi_startproc
 804              		@ args = 0, pretend = 0, frame = 0
 805              		@ frame_needed = 0, uses_anonymous_args = 0
 806              		@ link register save eliminated.
 502:Drivers/STM32F4xx_HAL_Driver/Src/stm32f4xx_hal_spi.c **** 
 807              		.loc 1 502 3 view .LVU220
 507:Drivers/STM32F4xx_HAL_Driver/Src/stm32f4xx_hal_spi.c **** 
 808              		.loc 1 507 1 is_stmt 0 view .LVU221
 809 0000 7047     		bx	lr
 810              		.cfi_endproc
 811              	.LFE137:
 813              		.section	.text.HAL_SPI_DeInit,"ax",%progbits
 814              		.align	1
 815              		.global	HAL_SPI_DeInit
 816              		.syntax unified
 817              		.thumb
 818              		.thumb_func
 820              	HAL_SPI_DeInit:
 821              	.LVL40:
 822              	.LFB135:
 440:Drivers/STM32F4xx_HAL_Driver/Src/stm32f4xx_hal_spi.c ****   /* Check the SPI handle allocation */
 823              		.loc 1 440 1 is_stmt 1 view -0
 824              		.cfi_startproc
 825              		@ args = 0, pretend = 0, frame = 0
 826              		@ frame_needed = 0, uses_anonymous_args = 0
 442:Drivers/STM32F4xx_HAL_Driver/Src/stm32f4xx_hal_spi.c ****   {
 827              		.loc 1 442 3 view .LVU223
 442:Drivers/STM32F4xx_HAL_Driver/Src/stm32f4xx_hal_spi.c ****   {
 828              		.loc 1 442 6 is_stmt 0 view .LVU224
 829 0000 90B1     		cbz	r0, .L62
 440:Drivers/STM32F4xx_HAL_Driver/Src/stm32f4xx_hal_spi.c ****   /* Check the SPI handle allocation */
 830              		.loc 1 440 1 view .LVU225
 831 0002 10B5     		push	{r4, lr}
 832              	.LCFI15:
 833              		.cfi_def_cfa_offset 8
 834              		.cfi_offset 4, -8
 835              		.cfi_offset 14, -4
 836 0004 0446     		mov	r4, r0
 448:Drivers/STM32F4xx_HAL_Driver/Src/stm32f4xx_hal_spi.c **** 
 837              		.loc 1 448 3 is_stmt 1 view .LVU226
 450:Drivers/STM32F4xx_HAL_Driver/Src/stm32f4xx_hal_spi.c **** 
 838              		.loc 1 450 3 view .LVU227
 450:Drivers/STM32F4xx_HAL_Driver/Src/stm32f4xx_hal_spi.c **** 
 839              		.loc 1 450 15 is_stmt 0 view .LVU228
 840 0006 0223     		movs	r3, #2
 841 0008 80F85130 		strb	r3, [r0, #81]
 453:Drivers/STM32F4xx_HAL_Driver/Src/stm32f4xx_hal_spi.c **** 
 842              		.loc 1 453 3 is_stmt 1 view .LVU229
 843 000c 0268     		ldr	r2, [r0]
 844 000e 1368     		ldr	r3, [r2]
 845 0010 23F04003 		bic	r3, r3, #64
 846 0014 1360     		str	r3, [r2]
 465:Drivers/STM32F4xx_HAL_Driver/Src/stm32f4xx_hal_spi.c **** #endif /* USE_HAL_SPI_REGISTER_CALLBACKS */
 847              		.loc 1 465 3 view .LVU230
 848 0016 FFF7FEFF 		bl	HAL_SPI_MspDeInit
ARM GAS  C:\Users\10369\AppData\Local\Temp\ccy9FUfH.s 			page 88


 849              	.LVL41:
 468:Drivers/STM32F4xx_HAL_Driver/Src/stm32f4xx_hal_spi.c ****   hspi->State = HAL_SPI_STATE_RESET;
 850              		.loc 1 468 3 view .LVU231
 468:Drivers/STM32F4xx_HAL_Driver/Src/stm32f4xx_hal_spi.c ****   hspi->State = HAL_SPI_STATE_RESET;
 851              		.loc 1 468 19 is_stmt 0 view .LVU232
 852 001a 0020     		movs	r0, #0
 853 001c 6065     		str	r0, [r4, #84]
 469:Drivers/STM32F4xx_HAL_Driver/Src/stm32f4xx_hal_spi.c **** 
 854              		.loc 1 469 3 is_stmt 1 view .LVU233
 469:Drivers/STM32F4xx_HAL_Driver/Src/stm32f4xx_hal_spi.c **** 
 855              		.loc 1 469 15 is_stmt 0 view .LVU234
 856 001e 84F85100 		strb	r0, [r4, #81]
 472:Drivers/STM32F4xx_HAL_Driver/Src/stm32f4xx_hal_spi.c **** 
 857              		.loc 1 472 3 is_stmt 1 view .LVU235
 472:Drivers/STM32F4xx_HAL_Driver/Src/stm32f4xx_hal_spi.c **** 
 858              		.loc 1 472 3 view .LVU236
 859 0022 84F85000 		strb	r0, [r4, #80]
 472:Drivers/STM32F4xx_HAL_Driver/Src/stm32f4xx_hal_spi.c **** 
 860              		.loc 1 472 3 view .LVU237
 474:Drivers/STM32F4xx_HAL_Driver/Src/stm32f4xx_hal_spi.c **** }
 861              		.loc 1 474 3 view .LVU238
 475:Drivers/STM32F4xx_HAL_Driver/Src/stm32f4xx_hal_spi.c **** 
 862              		.loc 1 475 1 is_stmt 0 view .LVU239
 863 0026 10BD     		pop	{r4, pc}
 864              	.LVL42:
 865              	.L62:
 866              	.LCFI16:
 867              		.cfi_def_cfa_offset 0
 868              		.cfi_restore 4
 869              		.cfi_restore 14
 444:Drivers/STM32F4xx_HAL_Driver/Src/stm32f4xx_hal_spi.c ****   }
 870              		.loc 1 444 12 view .LVU240
 871 0028 0120     		movs	r0, #1
 872              	.LVL43:
 475:Drivers/STM32F4xx_HAL_Driver/Src/stm32f4xx_hal_spi.c **** 
 873              		.loc 1 475 1 view .LVU241
 874 002a 7047     		bx	lr
 875              		.cfi_endproc
 876              	.LFE135:
 878              		.section	.text.HAL_SPI_Transmit,"ax",%progbits
 879              		.align	1
 880              		.global	HAL_SPI_Transmit
 881              		.syntax unified
 882              		.thumb
 883              		.thumb_func
 885              	HAL_SPI_Transmit:
 886              	.LVL44:
 887              	.LFB138:
 772:Drivers/STM32F4xx_HAL_Driver/Src/stm32f4xx_hal_spi.c ****   uint32_t tickstart;
 888              		.loc 1 772 1 is_stmt 1 view -0
 889              		.cfi_startproc
 890              		@ args = 0, pretend = 0, frame = 8
 891              		@ frame_needed = 0, uses_anonymous_args = 0
 772:Drivers/STM32F4xx_HAL_Driver/Src/stm32f4xx_hal_spi.c ****   uint32_t tickstart;
 892              		.loc 1 772 1 is_stmt 0 view .LVU243
 893 0000 2DE9F043 		push	{r4, r5, r6, r7, r8, r9, lr}
 894              	.LCFI17:
ARM GAS  C:\Users\10369\AppData\Local\Temp\ccy9FUfH.s 			page 89


 895              		.cfi_def_cfa_offset 28
 896              		.cfi_offset 4, -28
 897              		.cfi_offset 5, -24
 898              		.cfi_offset 6, -20
 899              		.cfi_offset 7, -16
 900              		.cfi_offset 8, -12
 901              		.cfi_offset 9, -8
 902              		.cfi_offset 14, -4
 903 0004 83B0     		sub	sp, sp, #12
 904              	.LCFI18:
 905              		.cfi_def_cfa_offset 40
 906 0006 0446     		mov	r4, r0
 907 0008 8946     		mov	r9, r1
 908 000a 9046     		mov	r8, r2
 909 000c 1D46     		mov	r5, r3
 773:Drivers/STM32F4xx_HAL_Driver/Src/stm32f4xx_hal_spi.c ****   uint16_t initial_TxXferCount;
 910              		.loc 1 773 3 is_stmt 1 view .LVU244
 774:Drivers/STM32F4xx_HAL_Driver/Src/stm32f4xx_hal_spi.c **** 
 911              		.loc 1 774 3 view .LVU245
 777:Drivers/STM32F4xx_HAL_Driver/Src/stm32f4xx_hal_spi.c **** 
 912              		.loc 1 777 3 view .LVU246
 780:Drivers/STM32F4xx_HAL_Driver/Src/stm32f4xx_hal_spi.c ****   initial_TxXferCount = Size;
 913              		.loc 1 780 3 view .LVU247
 780:Drivers/STM32F4xx_HAL_Driver/Src/stm32f4xx_hal_spi.c ****   initial_TxXferCount = Size;
 914              		.loc 1 780 15 is_stmt 0 view .LVU248
 915 000e FFF7FEFF 		bl	HAL_GetTick
 916              	.LVL45:
 781:Drivers/STM32F4xx_HAL_Driver/Src/stm32f4xx_hal_spi.c **** 
 917              		.loc 1 781 3 is_stmt 1 view .LVU249
 783:Drivers/STM32F4xx_HAL_Driver/Src/stm32f4xx_hal_spi.c ****   {
 918              		.loc 1 783 3 view .LVU250
 783:Drivers/STM32F4xx_HAL_Driver/Src/stm32f4xx_hal_spi.c ****   {
 919              		.loc 1 783 11 is_stmt 0 view .LVU251
 920 0012 94F85130 		ldrb	r3, [r4, #81]	@ zero_extendqisi2
 783:Drivers/STM32F4xx_HAL_Driver/Src/stm32f4xx_hal_spi.c ****   {
 921              		.loc 1 783 6 view .LVU252
 922 0016 012B     		cmp	r3, #1
 923 0018 40F0CD80 		bne	.L91
 924 001c 0646     		mov	r6, r0
 925 001e DFB2     		uxtb	r7, r3
 788:Drivers/STM32F4xx_HAL_Driver/Src/stm32f4xx_hal_spi.c ****   {
 926              		.loc 1 788 3 is_stmt 1 view .LVU253
 788:Drivers/STM32F4xx_HAL_Driver/Src/stm32f4xx_hal_spi.c ****   {
 927              		.loc 1 788 6 is_stmt 0 view .LVU254
 928 0020 B9F1000F 		cmp	r9, #0
 929 0024 00F0C880 		beq	.L68
 788:Drivers/STM32F4xx_HAL_Driver/Src/stm32f4xx_hal_spi.c ****   {
 930              		.loc 1 788 23 discriminator 1 view .LVU255
 931 0028 B8F1000F 		cmp	r8, #0
 932 002c 00F0C480 		beq	.L68
 794:Drivers/STM32F4xx_HAL_Driver/Src/stm32f4xx_hal_spi.c **** 
 933              		.loc 1 794 3 is_stmt 1 view .LVU256
 794:Drivers/STM32F4xx_HAL_Driver/Src/stm32f4xx_hal_spi.c **** 
 934              		.loc 1 794 3 view .LVU257
 935 0030 94F85030 		ldrb	r3, [r4, #80]	@ zero_extendqisi2
 936 0034 012B     		cmp	r3, #1
 937 0036 00F0C380 		beq	.L92
ARM GAS  C:\Users\10369\AppData\Local\Temp\ccy9FUfH.s 			page 90


 794:Drivers/STM32F4xx_HAL_Driver/Src/stm32f4xx_hal_spi.c **** 
 938              		.loc 1 794 3 discriminator 2 view .LVU258
 939 003a 0123     		movs	r3, #1
 940 003c 84F85030 		strb	r3, [r4, #80]
 794:Drivers/STM32F4xx_HAL_Driver/Src/stm32f4xx_hal_spi.c **** 
 941              		.loc 1 794 3 view .LVU259
 797:Drivers/STM32F4xx_HAL_Driver/Src/stm32f4xx_hal_spi.c ****   hspi->ErrorCode   = HAL_SPI_ERROR_NONE;
 942              		.loc 1 797 3 view .LVU260
 797:Drivers/STM32F4xx_HAL_Driver/Src/stm32f4xx_hal_spi.c ****   hspi->ErrorCode   = HAL_SPI_ERROR_NONE;
 943              		.loc 1 797 21 is_stmt 0 view .LVU261
 944 0040 0323     		movs	r3, #3
 945 0042 84F85130 		strb	r3, [r4, #81]
 798:Drivers/STM32F4xx_HAL_Driver/Src/stm32f4xx_hal_spi.c ****   hspi->pTxBuffPtr  = (const uint8_t *)pData;
 946              		.loc 1 798 3 is_stmt 1 view .LVU262
 798:Drivers/STM32F4xx_HAL_Driver/Src/stm32f4xx_hal_spi.c ****   hspi->pTxBuffPtr  = (const uint8_t *)pData;
 947              		.loc 1 798 21 is_stmt 0 view .LVU263
 948 0046 0023     		movs	r3, #0
 949 0048 6365     		str	r3, [r4, #84]
 799:Drivers/STM32F4xx_HAL_Driver/Src/stm32f4xx_hal_spi.c ****   hspi->TxXferSize  = Size;
 950              		.loc 1 799 3 is_stmt 1 view .LVU264
 799:Drivers/STM32F4xx_HAL_Driver/Src/stm32f4xx_hal_spi.c ****   hspi->TxXferSize  = Size;
 951              		.loc 1 799 21 is_stmt 0 view .LVU265
 952 004a C4F83090 		str	r9, [r4, #48]
 800:Drivers/STM32F4xx_HAL_Driver/Src/stm32f4xx_hal_spi.c ****   hspi->TxXferCount = Size;
 953              		.loc 1 800 3 is_stmt 1 view .LVU266
 800:Drivers/STM32F4xx_HAL_Driver/Src/stm32f4xx_hal_spi.c ****   hspi->TxXferCount = Size;
 954              		.loc 1 800 21 is_stmt 0 view .LVU267
 955 004e A4F83480 		strh	r8, [r4, #52]	@ movhi
 801:Drivers/STM32F4xx_HAL_Driver/Src/stm32f4xx_hal_spi.c **** 
 956              		.loc 1 801 3 is_stmt 1 view .LVU268
 801:Drivers/STM32F4xx_HAL_Driver/Src/stm32f4xx_hal_spi.c **** 
 957              		.loc 1 801 21 is_stmt 0 view .LVU269
 958 0052 A4F83680 		strh	r8, [r4, #54]	@ movhi
 804:Drivers/STM32F4xx_HAL_Driver/Src/stm32f4xx_hal_spi.c ****   hspi->RxXferSize  = 0U;
 959              		.loc 1 804 3 is_stmt 1 view .LVU270
 804:Drivers/STM32F4xx_HAL_Driver/Src/stm32f4xx_hal_spi.c ****   hspi->RxXferSize  = 0U;
 960              		.loc 1 804 21 is_stmt 0 view .LVU271
 961 0056 A363     		str	r3, [r4, #56]
 805:Drivers/STM32F4xx_HAL_Driver/Src/stm32f4xx_hal_spi.c ****   hspi->RxXferCount = 0U;
 962              		.loc 1 805 3 is_stmt 1 view .LVU272
 805:Drivers/STM32F4xx_HAL_Driver/Src/stm32f4xx_hal_spi.c ****   hspi->RxXferCount = 0U;
 963              		.loc 1 805 21 is_stmt 0 view .LVU273
 964 0058 A387     		strh	r3, [r4, #60]	@ movhi
 806:Drivers/STM32F4xx_HAL_Driver/Src/stm32f4xx_hal_spi.c ****   hspi->TxISR       = NULL;
 965              		.loc 1 806 3 is_stmt 1 view .LVU274
 806:Drivers/STM32F4xx_HAL_Driver/Src/stm32f4xx_hal_spi.c ****   hspi->TxISR       = NULL;
 966              		.loc 1 806 21 is_stmt 0 view .LVU275
 967 005a E387     		strh	r3, [r4, #62]	@ movhi
 807:Drivers/STM32F4xx_HAL_Driver/Src/stm32f4xx_hal_spi.c ****   hspi->RxISR       = NULL;
 968              		.loc 1 807 3 is_stmt 1 view .LVU276
 807:Drivers/STM32F4xx_HAL_Driver/Src/stm32f4xx_hal_spi.c ****   hspi->RxISR       = NULL;
 969              		.loc 1 807 21 is_stmt 0 view .LVU277
 970 005c 6364     		str	r3, [r4, #68]
 808:Drivers/STM32F4xx_HAL_Driver/Src/stm32f4xx_hal_spi.c **** 
 971              		.loc 1 808 3 is_stmt 1 view .LVU278
 808:Drivers/STM32F4xx_HAL_Driver/Src/stm32f4xx_hal_spi.c **** 
 972              		.loc 1 808 21 is_stmt 0 view .LVU279
ARM GAS  C:\Users\10369\AppData\Local\Temp\ccy9FUfH.s 			page 91


 973 005e 2364     		str	r3, [r4, #64]
 811:Drivers/STM32F4xx_HAL_Driver/Src/stm32f4xx_hal_spi.c ****   {
 974              		.loc 1 811 3 is_stmt 1 view .LVU280
 811:Drivers/STM32F4xx_HAL_Driver/Src/stm32f4xx_hal_spi.c ****   {
 975              		.loc 1 811 17 is_stmt 0 view .LVU281
 976 0060 A368     		ldr	r3, [r4, #8]
 811:Drivers/STM32F4xx_HAL_Driver/Src/stm32f4xx_hal_spi.c ****   {
 977              		.loc 1 811 6 view .LVU282
 978 0062 B3F5004F 		cmp	r3, #32768
 979 0066 1ED0     		beq	.L95
 980              	.L69:
 827:Drivers/STM32F4xx_HAL_Driver/Src/stm32f4xx_hal_spi.c ****   {
 981              		.loc 1 827 3 is_stmt 1 view .LVU283
 827:Drivers/STM32F4xx_HAL_Driver/Src/stm32f4xx_hal_spi.c ****   {
 982              		.loc 1 827 12 is_stmt 0 view .LVU284
 983 0068 2368     		ldr	r3, [r4]
 827:Drivers/STM32F4xx_HAL_Driver/Src/stm32f4xx_hal_spi.c ****   {
 984              		.loc 1 827 22 view .LVU285
 985 006a 1A68     		ldr	r2, [r3]
 827:Drivers/STM32F4xx_HAL_Driver/Src/stm32f4xx_hal_spi.c ****   {
 986              		.loc 1 827 6 view .LVU286
 987 006c 12F0400F 		tst	r2, #64
 988 0070 03D1     		bne	.L70
 830:Drivers/STM32F4xx_HAL_Driver/Src/stm32f4xx_hal_spi.c ****   }
 989              		.loc 1 830 5 is_stmt 1 view .LVU287
 990 0072 1A68     		ldr	r2, [r3]
 991 0074 42F04002 		orr	r2, r2, #64
 992 0078 1A60     		str	r2, [r3]
 993              	.L70:
 834:Drivers/STM32F4xx_HAL_Driver/Src/stm32f4xx_hal_spi.c ****   {
 994              		.loc 1 834 3 view .LVU288
 834:Drivers/STM32F4xx_HAL_Driver/Src/stm32f4xx_hal_spi.c ****   {
 995              		.loc 1 834 17 is_stmt 0 view .LVU289
 996 007a E368     		ldr	r3, [r4, #12]
 834:Drivers/STM32F4xx_HAL_Driver/Src/stm32f4xx_hal_spi.c ****   {
 997              		.loc 1 834 6 view .LVU290
 998 007c B3F5006F 		cmp	r3, #2048
 999 0080 1CD0     		beq	.L96
 867:Drivers/STM32F4xx_HAL_Driver/Src/stm32f4xx_hal_spi.c ****     {
 1000              		.loc 1 867 5 is_stmt 1 view .LVU291
 867:Drivers/STM32F4xx_HAL_Driver/Src/stm32f4xx_hal_spi.c ****     {
 1001              		.loc 1 867 20 is_stmt 0 view .LVU292
 1002 0082 6368     		ldr	r3, [r4, #4]
 867:Drivers/STM32F4xx_HAL_Driver/Src/stm32f4xx_hal_spi.c ****     {
 1003              		.loc 1 867 8 view .LVU293
 1004 0084 13B1     		cbz	r3, .L81
 867:Drivers/STM32F4xx_HAL_Driver/Src/stm32f4xx_hal_spi.c ****     {
 1005              		.loc 1 867 45 discriminator 1 view .LVU294
 1006 0086 B8F1010F 		cmp	r8, #1
 1007 008a 5FD1     		bne	.L87
 1008              	.L81:
 869:Drivers/STM32F4xx_HAL_Driver/Src/stm32f4xx_hal_spi.c ****       hspi->pTxBuffPtr += sizeof(uint8_t);
 1009              		.loc 1 869 7 is_stmt 1 view .LVU295
 869:Drivers/STM32F4xx_HAL_Driver/Src/stm32f4xx_hal_spi.c ****       hspi->pTxBuffPtr += sizeof(uint8_t);
 1010              		.loc 1 869 71 is_stmt 0 view .LVU296
 1011 008c 226B     		ldr	r2, [r4, #48]
 869:Drivers/STM32F4xx_HAL_Driver/Src/stm32f4xx_hal_spi.c ****       hspi->pTxBuffPtr += sizeof(uint8_t);
ARM GAS  C:\Users\10369\AppData\Local\Temp\ccy9FUfH.s 			page 92


 1012              		.loc 1 869 30 view .LVU297
 1013 008e 2368     		ldr	r3, [r4]
 869:Drivers/STM32F4xx_HAL_Driver/Src/stm32f4xx_hal_spi.c ****       hspi->pTxBuffPtr += sizeof(uint8_t);
 1014              		.loc 1 869 48 view .LVU298
 1015 0090 1278     		ldrb	r2, [r2]	@ zero_extendqisi2
 869:Drivers/STM32F4xx_HAL_Driver/Src/stm32f4xx_hal_spi.c ****       hspi->pTxBuffPtr += sizeof(uint8_t);
 1016              		.loc 1 869 46 view .LVU299
 1017 0092 1A73     		strb	r2, [r3, #12]
 870:Drivers/STM32F4xx_HAL_Driver/Src/stm32f4xx_hal_spi.c ****       hspi->TxXferCount--;
 1018              		.loc 1 870 7 is_stmt 1 view .LVU300
 870:Drivers/STM32F4xx_HAL_Driver/Src/stm32f4xx_hal_spi.c ****       hspi->TxXferCount--;
 1019              		.loc 1 870 11 is_stmt 0 view .LVU301
 1020 0094 236B     		ldr	r3, [r4, #48]
 870:Drivers/STM32F4xx_HAL_Driver/Src/stm32f4xx_hal_spi.c ****       hspi->TxXferCount--;
 1021              		.loc 1 870 24 view .LVU302
 1022 0096 0133     		adds	r3, r3, #1
 1023 0098 2363     		str	r3, [r4, #48]
 871:Drivers/STM32F4xx_HAL_Driver/Src/stm32f4xx_hal_spi.c ****     }
 1024              		.loc 1 871 7 is_stmt 1 view .LVU303
 871:Drivers/STM32F4xx_HAL_Driver/Src/stm32f4xx_hal_spi.c ****     }
 1025              		.loc 1 871 11 is_stmt 0 view .LVU304
 1026 009a E38E     		ldrh	r3, [r4, #54]
 1027 009c 9BB2     		uxth	r3, r3
 871:Drivers/STM32F4xx_HAL_Driver/Src/stm32f4xx_hal_spi.c ****     }
 1028              		.loc 1 871 24 view .LVU305
 1029 009e 013B     		subs	r3, r3, #1
 1030 00a0 9BB2     		uxth	r3, r3
 1031 00a2 E386     		strh	r3, [r4, #54]	@ movhi
 1032 00a4 52E0     		b	.L87
 1033              	.L95:
 814:Drivers/STM32F4xx_HAL_Driver/Src/stm32f4xx_hal_spi.c ****     SPI_1LINE_TX(hspi);
 1034              		.loc 1 814 5 is_stmt 1 view .LVU306
 1035 00a6 2268     		ldr	r2, [r4]
 1036 00a8 1368     		ldr	r3, [r2]
 1037 00aa 23F04003 		bic	r3, r3, #64
 1038 00ae 1360     		str	r3, [r2]
 815:Drivers/STM32F4xx_HAL_Driver/Src/stm32f4xx_hal_spi.c ****   }
 1039              		.loc 1 815 5 view .LVU307
 1040 00b0 2268     		ldr	r2, [r4]
 1041 00b2 1368     		ldr	r3, [r2]
 1042 00b4 43F48043 		orr	r3, r3, #16384
 1043 00b8 1360     		str	r3, [r2]
 1044 00ba D5E7     		b	.L69
 1045              	.L96:
 836:Drivers/STM32F4xx_HAL_Driver/Src/stm32f4xx_hal_spi.c ****     {
 1046              		.loc 1 836 5 view .LVU308
 836:Drivers/STM32F4xx_HAL_Driver/Src/stm32f4xx_hal_spi.c ****     {
 1047              		.loc 1 836 20 is_stmt 0 view .LVU309
 1048 00bc 6368     		ldr	r3, [r4, #4]
 836:Drivers/STM32F4xx_HAL_Driver/Src/stm32f4xx_hal_spi.c ****     {
 1049              		.loc 1 836 8 view .LVU310
 1050 00be 13B1     		cbz	r3, .L72
 836:Drivers/STM32F4xx_HAL_Driver/Src/stm32f4xx_hal_spi.c ****     {
 1051              		.loc 1 836 45 discriminator 1 view .LVU311
 1052 00c0 B8F1010F 		cmp	r8, #1
 1053 00c4 15D1     		bne	.L78
 1054              	.L72:
ARM GAS  C:\Users\10369\AppData\Local\Temp\ccy9FUfH.s 			page 93


 838:Drivers/STM32F4xx_HAL_Driver/Src/stm32f4xx_hal_spi.c ****       hspi->pTxBuffPtr += sizeof(uint16_t);
 1055              		.loc 1 838 7 is_stmt 1 view .LVU312
 838:Drivers/STM32F4xx_HAL_Driver/Src/stm32f4xx_hal_spi.c ****       hspi->pTxBuffPtr += sizeof(uint16_t);
 1056              		.loc 1 838 52 is_stmt 0 view .LVU313
 1057 00c6 226B     		ldr	r2, [r4, #48]
 838:Drivers/STM32F4xx_HAL_Driver/Src/stm32f4xx_hal_spi.c ****       hspi->pTxBuffPtr += sizeof(uint16_t);
 1058              		.loc 1 838 11 view .LVU314
 1059 00c8 2368     		ldr	r3, [r4]
 838:Drivers/STM32F4xx_HAL_Driver/Src/stm32f4xx_hal_spi.c ****       hspi->pTxBuffPtr += sizeof(uint16_t);
 1060              		.loc 1 838 28 view .LVU315
 1061 00ca 1288     		ldrh	r2, [r2]
 838:Drivers/STM32F4xx_HAL_Driver/Src/stm32f4xx_hal_spi.c ****       hspi->pTxBuffPtr += sizeof(uint16_t);
 1062              		.loc 1 838 26 view .LVU316
 1063 00cc DA60     		str	r2, [r3, #12]
 839:Drivers/STM32F4xx_HAL_Driver/Src/stm32f4xx_hal_spi.c ****       hspi->TxXferCount--;
 1064              		.loc 1 839 7 is_stmt 1 view .LVU317
 839:Drivers/STM32F4xx_HAL_Driver/Src/stm32f4xx_hal_spi.c ****       hspi->TxXferCount--;
 1065              		.loc 1 839 11 is_stmt 0 view .LVU318
 1066 00ce 236B     		ldr	r3, [r4, #48]
 839:Drivers/STM32F4xx_HAL_Driver/Src/stm32f4xx_hal_spi.c ****       hspi->TxXferCount--;
 1067              		.loc 1 839 24 view .LVU319
 1068 00d0 0233     		adds	r3, r3, #2
 1069 00d2 2363     		str	r3, [r4, #48]
 840:Drivers/STM32F4xx_HAL_Driver/Src/stm32f4xx_hal_spi.c ****     }
 1070              		.loc 1 840 7 is_stmt 1 view .LVU320
 840:Drivers/STM32F4xx_HAL_Driver/Src/stm32f4xx_hal_spi.c ****     }
 1071              		.loc 1 840 11 is_stmt 0 view .LVU321
 1072 00d4 E38E     		ldrh	r3, [r4, #54]
 1073 00d6 9BB2     		uxth	r3, r3
 840:Drivers/STM32F4xx_HAL_Driver/Src/stm32f4xx_hal_spi.c ****     }
 1074              		.loc 1 840 24 view .LVU322
 1075 00d8 013B     		subs	r3, r3, #1
 1076 00da 9BB2     		uxth	r3, r3
 1077 00dc E386     		strh	r3, [r4, #54]	@ movhi
 1078 00de 08E0     		b	.L78
 1079              	.LVL46:
 1080              	.L74:
 855:Drivers/STM32F4xx_HAL_Driver/Src/stm32f4xx_hal_spi.c ****         {
 1081              		.loc 1 855 9 is_stmt 1 view .LVU323
 855:Drivers/STM32F4xx_HAL_Driver/Src/stm32f4xx_hal_spi.c ****         {
 1082              		.loc 1 855 16 is_stmt 0 view .LVU324
 1083 00e0 FFF7FEFF 		bl	HAL_GetTick
 1084              	.LVL47:
 855:Drivers/STM32F4xx_HAL_Driver/Src/stm32f4xx_hal_spi.c ****         {
 1085              		.loc 1 855 30 discriminator 1 view .LVU325
 1086 00e4 801B     		subs	r0, r0, r6
 855:Drivers/STM32F4xx_HAL_Driver/Src/stm32f4xx_hal_spi.c ****         {
 1087              		.loc 1 855 12 discriminator 1 view .LVU326
 1088 00e6 A842     		cmp	r0, r5
 1089 00e8 02D3     		bcc	.L76
 855:Drivers/STM32F4xx_HAL_Driver/Src/stm32f4xx_hal_spi.c ****         {
 1090              		.loc 1 855 56 discriminator 1 view .LVU327
 1091 00ea B5F1FF3F 		cmp	r5, #-1
 1092 00ee 15D1     		bne	.L77
 1093              	.L76:
 855:Drivers/STM32F4xx_HAL_Driver/Src/stm32f4xx_hal_spi.c ****         {
 1094              		.loc 1 855 87 discriminator 3 view .LVU328
ARM GAS  C:\Users\10369\AppData\Local\Temp\ccy9FUfH.s 			page 94


 1095 00f0 A5B1     		cbz	r5, .L77
 1096              	.L78:
 843:Drivers/STM32F4xx_HAL_Driver/Src/stm32f4xx_hal_spi.c ****     {
 1097              		.loc 1 843 30 is_stmt 1 view .LVU329
 843:Drivers/STM32F4xx_HAL_Driver/Src/stm32f4xx_hal_spi.c ****     {
 1098              		.loc 1 843 16 is_stmt 0 view .LVU330
 1099 00f2 E38E     		ldrh	r3, [r4, #54]
 1100 00f4 9BB2     		uxth	r3, r3
 843:Drivers/STM32F4xx_HAL_Driver/Src/stm32f4xx_hal_spi.c ****     {
 1101              		.loc 1 843 30 view .LVU331
 1102 00f6 002B     		cmp	r3, #0
 1103 00f8 42D0     		beq	.L80
 846:Drivers/STM32F4xx_HAL_Driver/Src/stm32f4xx_hal_spi.c ****       {
 1104              		.loc 1 846 7 is_stmt 1 view .LVU332
 846:Drivers/STM32F4xx_HAL_Driver/Src/stm32f4xx_hal_spi.c ****       {
 1105              		.loc 1 846 11 is_stmt 0 view .LVU333
 1106 00fa 2368     		ldr	r3, [r4]
 1107 00fc 9A68     		ldr	r2, [r3, #8]
 846:Drivers/STM32F4xx_HAL_Driver/Src/stm32f4xx_hal_spi.c ****       {
 1108              		.loc 1 846 10 view .LVU334
 1109 00fe 12F0020F 		tst	r2, #2
 1110 0102 EDD0     		beq	.L74
 848:Drivers/STM32F4xx_HAL_Driver/Src/stm32f4xx_hal_spi.c ****         hspi->pTxBuffPtr += sizeof(uint16_t);
 1111              		.loc 1 848 9 is_stmt 1 view .LVU335
 848:Drivers/STM32F4xx_HAL_Driver/Src/stm32f4xx_hal_spi.c ****         hspi->pTxBuffPtr += sizeof(uint16_t);
 1112              		.loc 1 848 54 is_stmt 0 view .LVU336
 1113 0104 226B     		ldr	r2, [r4, #48]
 848:Drivers/STM32F4xx_HAL_Driver/Src/stm32f4xx_hal_spi.c ****         hspi->pTxBuffPtr += sizeof(uint16_t);
 1114              		.loc 1 848 30 view .LVU337
 1115 0106 1288     		ldrh	r2, [r2]
 848:Drivers/STM32F4xx_HAL_Driver/Src/stm32f4xx_hal_spi.c ****         hspi->pTxBuffPtr += sizeof(uint16_t);
 1116              		.loc 1 848 28 view .LVU338
 1117 0108 DA60     		str	r2, [r3, #12]
 849:Drivers/STM32F4xx_HAL_Driver/Src/stm32f4xx_hal_spi.c ****         hspi->TxXferCount--;
 1118              		.loc 1 849 9 is_stmt 1 view .LVU339
 849:Drivers/STM32F4xx_HAL_Driver/Src/stm32f4xx_hal_spi.c ****         hspi->TxXferCount--;
 1119              		.loc 1 849 13 is_stmt 0 view .LVU340
 1120 010a 236B     		ldr	r3, [r4, #48]
 849:Drivers/STM32F4xx_HAL_Driver/Src/stm32f4xx_hal_spi.c ****         hspi->TxXferCount--;
 1121              		.loc 1 849 26 view .LVU341
 1122 010c 0233     		adds	r3, r3, #2
 1123 010e 2363     		str	r3, [r4, #48]
 850:Drivers/STM32F4xx_HAL_Driver/Src/stm32f4xx_hal_spi.c ****       }
 1124              		.loc 1 850 9 is_stmt 1 view .LVU342
 850:Drivers/STM32F4xx_HAL_Driver/Src/stm32f4xx_hal_spi.c ****       }
 1125              		.loc 1 850 13 is_stmt 0 view .LVU343
 1126 0110 E38E     		ldrh	r3, [r4, #54]
 1127 0112 9BB2     		uxth	r3, r3
 850:Drivers/STM32F4xx_HAL_Driver/Src/stm32f4xx_hal_spi.c ****       }
 1128              		.loc 1 850 26 view .LVU344
 1129 0114 013B     		subs	r3, r3, #1
 1130 0116 9BB2     		uxth	r3, r3
 1131 0118 E386     		strh	r3, [r4, #54]	@ movhi
 1132 011a EAE7     		b	.L78
 1133              	.L77:
 857:Drivers/STM32F4xx_HAL_Driver/Src/stm32f4xx_hal_spi.c ****           __HAL_UNLOCK(hspi);
 1134              		.loc 1 857 11 is_stmt 1 view .LVU345
ARM GAS  C:\Users\10369\AppData\Local\Temp\ccy9FUfH.s 			page 95


 857:Drivers/STM32F4xx_HAL_Driver/Src/stm32f4xx_hal_spi.c ****           __HAL_UNLOCK(hspi);
 1135              		.loc 1 857 23 is_stmt 0 view .LVU346
 1136 011c 0123     		movs	r3, #1
 1137 011e 84F85130 		strb	r3, [r4, #81]
 858:Drivers/STM32F4xx_HAL_Driver/Src/stm32f4xx_hal_spi.c ****           return HAL_TIMEOUT;
 1138              		.loc 1 858 11 is_stmt 1 view .LVU347
 858:Drivers/STM32F4xx_HAL_Driver/Src/stm32f4xx_hal_spi.c ****           return HAL_TIMEOUT;
 1139              		.loc 1 858 11 view .LVU348
 1140 0122 0023     		movs	r3, #0
 1141 0124 84F85030 		strb	r3, [r4, #80]
 858:Drivers/STM32F4xx_HAL_Driver/Src/stm32f4xx_hal_spi.c ****           return HAL_TIMEOUT;
 1142              		.loc 1 858 11 view .LVU349
 859:Drivers/STM32F4xx_HAL_Driver/Src/stm32f4xx_hal_spi.c ****         }
 1143              		.loc 1 859 11 view .LVU350
 859:Drivers/STM32F4xx_HAL_Driver/Src/stm32f4xx_hal_spi.c ****         }
 1144              		.loc 1 859 18 is_stmt 0 view .LVU351
 1145 0128 0327     		movs	r7, #3
 1146 012a 45E0     		b	.L68
 1147              	.L97:
 878:Drivers/STM32F4xx_HAL_Driver/Src/stm32f4xx_hal_spi.c ****         hspi->pTxBuffPtr += sizeof(uint8_t);
 1148              		.loc 1 878 9 is_stmt 1 view .LVU352
 878:Drivers/STM32F4xx_HAL_Driver/Src/stm32f4xx_hal_spi.c ****         hspi->pTxBuffPtr += sizeof(uint8_t);
 1149              		.loc 1 878 73 is_stmt 0 view .LVU353
 1150 012c 226B     		ldr	r2, [r4, #48]
 878:Drivers/STM32F4xx_HAL_Driver/Src/stm32f4xx_hal_spi.c ****         hspi->pTxBuffPtr += sizeof(uint8_t);
 1151              		.loc 1 878 50 view .LVU354
 1152 012e 1278     		ldrb	r2, [r2]	@ zero_extendqisi2
 878:Drivers/STM32F4xx_HAL_Driver/Src/stm32f4xx_hal_spi.c ****         hspi->pTxBuffPtr += sizeof(uint8_t);
 1153              		.loc 1 878 48 view .LVU355
 1154 0130 1A73     		strb	r2, [r3, #12]
 879:Drivers/STM32F4xx_HAL_Driver/Src/stm32f4xx_hal_spi.c ****         hspi->TxXferCount--;
 1155              		.loc 1 879 9 is_stmt 1 view .LVU356
 879:Drivers/STM32F4xx_HAL_Driver/Src/stm32f4xx_hal_spi.c ****         hspi->TxXferCount--;
 1156              		.loc 1 879 13 is_stmt 0 view .LVU357
 1157 0132 236B     		ldr	r3, [r4, #48]
 879:Drivers/STM32F4xx_HAL_Driver/Src/stm32f4xx_hal_spi.c ****         hspi->TxXferCount--;
 1158              		.loc 1 879 26 view .LVU358
 1159 0134 0133     		adds	r3, r3, #1
 1160 0136 2363     		str	r3, [r4, #48]
 880:Drivers/STM32F4xx_HAL_Driver/Src/stm32f4xx_hal_spi.c ****       }
 1161              		.loc 1 880 9 is_stmt 1 view .LVU359
 880:Drivers/STM32F4xx_HAL_Driver/Src/stm32f4xx_hal_spi.c ****       }
 1162              		.loc 1 880 13 is_stmt 0 view .LVU360
 1163 0138 B4F836C0 		ldrh	ip, [r4, #54]
 1164 013c 1FFA8CFC 		uxth	ip, ip
 880:Drivers/STM32F4xx_HAL_Driver/Src/stm32f4xx_hal_spi.c ****       }
 1165              		.loc 1 880 26 view .LVU361
 1166 0140 0CF1FF3C 		add	ip, ip, #-1
 1167 0144 1FFA8CFC 		uxth	ip, ip
 1168 0148 A4F836C0 		strh	ip, [r4, #54]	@ movhi
 1169              	.L87:
 873:Drivers/STM32F4xx_HAL_Driver/Src/stm32f4xx_hal_spi.c ****     {
 1170              		.loc 1 873 30 is_stmt 1 view .LVU362
 873:Drivers/STM32F4xx_HAL_Driver/Src/stm32f4xx_hal_spi.c ****     {
 1171              		.loc 1 873 16 is_stmt 0 view .LVU363
 1172 014c E38E     		ldrh	r3, [r4, #54]
 1173 014e 9BB2     		uxth	r3, r3
ARM GAS  C:\Users\10369\AppData\Local\Temp\ccy9FUfH.s 			page 96


 873:Drivers/STM32F4xx_HAL_Driver/Src/stm32f4xx_hal_spi.c ****     {
 1174              		.loc 1 873 30 view .LVU364
 1175 0150 B3B1     		cbz	r3, .L80
 876:Drivers/STM32F4xx_HAL_Driver/Src/stm32f4xx_hal_spi.c ****       {
 1176              		.loc 1 876 7 is_stmt 1 view .LVU365
 876:Drivers/STM32F4xx_HAL_Driver/Src/stm32f4xx_hal_spi.c ****       {
 1177              		.loc 1 876 11 is_stmt 0 view .LVU366
 1178 0152 2368     		ldr	r3, [r4]
 1179 0154 9A68     		ldr	r2, [r3, #8]
 876:Drivers/STM32F4xx_HAL_Driver/Src/stm32f4xx_hal_spi.c ****       {
 1180              		.loc 1 876 10 view .LVU367
 1181 0156 12F0020F 		tst	r2, #2
 1182 015a E7D1     		bne	.L97
 885:Drivers/STM32F4xx_HAL_Driver/Src/stm32f4xx_hal_spi.c ****         {
 1183              		.loc 1 885 9 is_stmt 1 view .LVU368
 885:Drivers/STM32F4xx_HAL_Driver/Src/stm32f4xx_hal_spi.c ****         {
 1184              		.loc 1 885 16 is_stmt 0 view .LVU369
 1185 015c FFF7FEFF 		bl	HAL_GetTick
 1186              	.LVL48:
 885:Drivers/STM32F4xx_HAL_Driver/Src/stm32f4xx_hal_spi.c ****         {
 1187              		.loc 1 885 30 discriminator 1 view .LVU370
 1188 0160 801B     		subs	r0, r0, r6
 885:Drivers/STM32F4xx_HAL_Driver/Src/stm32f4xx_hal_spi.c ****         {
 1189              		.loc 1 885 12 discriminator 1 view .LVU371
 1190 0162 A842     		cmp	r0, r5
 1191 0164 02D3     		bcc	.L85
 885:Drivers/STM32F4xx_HAL_Driver/Src/stm32f4xx_hal_spi.c ****         {
 1192              		.loc 1 885 56 discriminator 1 view .LVU372
 1193 0166 B5F1FF3F 		cmp	r5, #-1
 1194 016a 01D1     		bne	.L86
 1195              	.L85:
 885:Drivers/STM32F4xx_HAL_Driver/Src/stm32f4xx_hal_spi.c ****         {
 1196              		.loc 1 885 87 discriminator 3 view .LVU373
 1197 016c 002D     		cmp	r5, #0
 1198 016e EDD1     		bne	.L87
 1199              	.L86:
 887:Drivers/STM32F4xx_HAL_Driver/Src/stm32f4xx_hal_spi.c ****           __HAL_UNLOCK(hspi);
 1200              		.loc 1 887 11 is_stmt 1 view .LVU374
 887:Drivers/STM32F4xx_HAL_Driver/Src/stm32f4xx_hal_spi.c ****           __HAL_UNLOCK(hspi);
 1201              		.loc 1 887 23 is_stmt 0 view .LVU375
 1202 0170 0123     		movs	r3, #1
 1203 0172 84F85130 		strb	r3, [r4, #81]
 888:Drivers/STM32F4xx_HAL_Driver/Src/stm32f4xx_hal_spi.c ****           return HAL_TIMEOUT;
 1204              		.loc 1 888 11 is_stmt 1 view .LVU376
 888:Drivers/STM32F4xx_HAL_Driver/Src/stm32f4xx_hal_spi.c ****           return HAL_TIMEOUT;
 1205              		.loc 1 888 11 view .LVU377
 1206 0176 0023     		movs	r3, #0
 1207 0178 84F85030 		strb	r3, [r4, #80]
 888:Drivers/STM32F4xx_HAL_Driver/Src/stm32f4xx_hal_spi.c ****           return HAL_TIMEOUT;
 1208              		.loc 1 888 11 view .LVU378
 889:Drivers/STM32F4xx_HAL_Driver/Src/stm32f4xx_hal_spi.c ****         }
 1209              		.loc 1 889 11 view .LVU379
 889:Drivers/STM32F4xx_HAL_Driver/Src/stm32f4xx_hal_spi.c ****         }
 1210              		.loc 1 889 18 is_stmt 0 view .LVU380
 1211 017c 0327     		movs	r7, #3
 1212 017e 1BE0     		b	.L68
 1213              	.L80:
ARM GAS  C:\Users\10369\AppData\Local\Temp\ccy9FUfH.s 			page 97


 903:Drivers/STM32F4xx_HAL_Driver/Src/stm32f4xx_hal_spi.c ****   {
 1214              		.loc 1 903 3 is_stmt 1 view .LVU381
 903:Drivers/STM32F4xx_HAL_Driver/Src/stm32f4xx_hal_spi.c ****   {
 1215              		.loc 1 903 7 is_stmt 0 view .LVU382
 1216 0180 3246     		mov	r2, r6
 1217 0182 2946     		mov	r1, r5
 1218 0184 2046     		mov	r0, r4
 1219 0186 FFF7FEFF 		bl	SPI_EndRxTxTransaction
 1220              	.LVL49:
 903:Drivers/STM32F4xx_HAL_Driver/Src/stm32f4xx_hal_spi.c ****   {
 1221              		.loc 1 903 6 discriminator 1 view .LVU383
 1222 018a 08B1     		cbz	r0, .L89
 905:Drivers/STM32F4xx_HAL_Driver/Src/stm32f4xx_hal_spi.c ****   }
 1223              		.loc 1 905 5 is_stmt 1 view .LVU384
 905:Drivers/STM32F4xx_HAL_Driver/Src/stm32f4xx_hal_spi.c ****   }
 1224              		.loc 1 905 21 is_stmt 0 view .LVU385
 1225 018c 2023     		movs	r3, #32
 1226 018e 6365     		str	r3, [r4, #84]
 1227              	.L89:
 909:Drivers/STM32F4xx_HAL_Driver/Src/stm32f4xx_hal_spi.c ****   {
 1228              		.loc 1 909 3 is_stmt 1 view .LVU386
 909:Drivers/STM32F4xx_HAL_Driver/Src/stm32f4xx_hal_spi.c ****   {
 1229              		.loc 1 909 17 is_stmt 0 view .LVU387
 1230 0190 A368     		ldr	r3, [r4, #8]
 909:Drivers/STM32F4xx_HAL_Driver/Src/stm32f4xx_hal_spi.c ****   {
 1231              		.loc 1 909 6 view .LVU388
 1232 0192 33B9     		cbnz	r3, .L90
 911:Drivers/STM32F4xx_HAL_Driver/Src/stm32f4xx_hal_spi.c ****   }
 1233              		.loc 1 911 5 is_stmt 1 view .LVU389
 1234              	.LBB2:
 911:Drivers/STM32F4xx_HAL_Driver/Src/stm32f4xx_hal_spi.c ****   }
 1235              		.loc 1 911 5 view .LVU390
 1236 0194 0193     		str	r3, [sp, #4]
 911:Drivers/STM32F4xx_HAL_Driver/Src/stm32f4xx_hal_spi.c ****   }
 1237              		.loc 1 911 5 view .LVU391
 1238 0196 2368     		ldr	r3, [r4]
 1239 0198 DA68     		ldr	r2, [r3, #12]
 1240 019a 0192     		str	r2, [sp, #4]
 911:Drivers/STM32F4xx_HAL_Driver/Src/stm32f4xx_hal_spi.c ****   }
 1241              		.loc 1 911 5 view .LVU392
 1242 019c 9B68     		ldr	r3, [r3, #8]
 1243 019e 0193     		str	r3, [sp, #4]
 911:Drivers/STM32F4xx_HAL_Driver/Src/stm32f4xx_hal_spi.c ****   }
 1244              		.loc 1 911 5 view .LVU393
 1245 01a0 019B     		ldr	r3, [sp, #4]
 1246              	.L90:
 1247              	.LBE2:
 911:Drivers/STM32F4xx_HAL_Driver/Src/stm32f4xx_hal_spi.c ****   }
 1248              		.loc 1 911 5 discriminator 1 view .LVU394
 914:Drivers/STM32F4xx_HAL_Driver/Src/stm32f4xx_hal_spi.c ****   /* Process Unlocked */
 1249              		.loc 1 914 3 view .LVU395
 914:Drivers/STM32F4xx_HAL_Driver/Src/stm32f4xx_hal_spi.c ****   /* Process Unlocked */
 1250              		.loc 1 914 15 is_stmt 0 view .LVU396
 1251 01a2 0123     		movs	r3, #1
 1252 01a4 84F85130 		strb	r3, [r4, #81]
 916:Drivers/STM32F4xx_HAL_Driver/Src/stm32f4xx_hal_spi.c **** 
 1253              		.loc 1 916 3 is_stmt 1 view .LVU397
ARM GAS  C:\Users\10369\AppData\Local\Temp\ccy9FUfH.s 			page 98


 916:Drivers/STM32F4xx_HAL_Driver/Src/stm32f4xx_hal_spi.c **** 
 1254              		.loc 1 916 3 view .LVU398
 1255 01a8 0023     		movs	r3, #0
 1256 01aa 84F85030 		strb	r3, [r4, #80]
 916:Drivers/STM32F4xx_HAL_Driver/Src/stm32f4xx_hal_spi.c **** 
 1257              		.loc 1 916 3 view .LVU399
 918:Drivers/STM32F4xx_HAL_Driver/Src/stm32f4xx_hal_spi.c ****   {
 1258              		.loc 1 918 3 view .LVU400
 918:Drivers/STM32F4xx_HAL_Driver/Src/stm32f4xx_hal_spi.c ****   {
 1259              		.loc 1 918 11 is_stmt 0 view .LVU401
 1260 01ae 636D     		ldr	r3, [r4, #84]
 918:Drivers/STM32F4xx_HAL_Driver/Src/stm32f4xx_hal_spi.c ****   {
 1261              		.loc 1 918 6 view .LVU402
 1262 01b0 13B9     		cbnz	r3, .L68
 924:Drivers/STM32F4xx_HAL_Driver/Src/stm32f4xx_hal_spi.c ****   }
 1263              		.loc 1 924 12 view .LVU403
 1264 01b2 0027     		movs	r7, #0
 1265 01b4 00E0     		b	.L68
 1266              	.LVL50:
 1267              	.L91:
 785:Drivers/STM32F4xx_HAL_Driver/Src/stm32f4xx_hal_spi.c ****   }
 1268              		.loc 1 785 12 view .LVU404
 1269 01b6 0227     		movs	r7, #2
 1270              	.LVL51:
 1271              	.L68:
 926:Drivers/STM32F4xx_HAL_Driver/Src/stm32f4xx_hal_spi.c **** 
 1272              		.loc 1 926 1 view .LVU405
 1273 01b8 3846     		mov	r0, r7
 1274 01ba 03B0     		add	sp, sp, #12
 1275              	.LCFI19:
 1276              		.cfi_remember_state
 1277              		.cfi_def_cfa_offset 28
 1278              		@ sp needed
 1279 01bc BDE8F083 		pop	{r4, r5, r6, r7, r8, r9, pc}
 1280              	.LVL52:
 1281              	.L92:
 1282              	.LCFI20:
 1283              		.cfi_restore_state
 794:Drivers/STM32F4xx_HAL_Driver/Src/stm32f4xx_hal_spi.c **** 
 1284              		.loc 1 794 3 discriminator 1 view .LVU406
 1285 01c0 0227     		movs	r7, #2
 1286 01c2 F9E7     		b	.L68
 1287              		.cfi_endproc
 1288              	.LFE138:
 1290              		.section	.text.HAL_SPI_TransmitReceive,"ax",%progbits
 1291              		.align	1
 1292              		.global	HAL_SPI_TransmitReceive
 1293              		.syntax unified
 1294              		.thumb
 1295              		.thumb_func
 1297              	HAL_SPI_TransmitReceive:
 1298              	.LVL53:
 1299              	.LFB140:
1142:Drivers/STM32F4xx_HAL_Driver/Src/stm32f4xx_hal_spi.c ****   uint16_t             initial_TxXferCount;
 1300              		.loc 1 1142 1 is_stmt 1 view -0
 1301              		.cfi_startproc
 1302              		@ args = 4, pretend = 0, frame = 8
ARM GAS  C:\Users\10369\AppData\Local\Temp\ccy9FUfH.s 			page 99


 1303              		@ frame_needed = 0, uses_anonymous_args = 0
1142:Drivers/STM32F4xx_HAL_Driver/Src/stm32f4xx_hal_spi.c ****   uint16_t             initial_TxXferCount;
 1304              		.loc 1 1142 1 is_stmt 0 view .LVU408
 1305 0000 2DE9F043 		push	{r4, r5, r6, r7, r8, r9, lr}
 1306              	.LCFI21:
 1307              		.cfi_def_cfa_offset 28
 1308              		.cfi_offset 4, -28
 1309              		.cfi_offset 5, -24
 1310              		.cfi_offset 6, -20
 1311              		.cfi_offset 7, -16
 1312              		.cfi_offset 8, -12
 1313              		.cfi_offset 9, -8
 1314              		.cfi_offset 14, -4
 1315 0004 83B0     		sub	sp, sp, #12
 1316              	.LCFI22:
 1317              		.cfi_def_cfa_offset 40
 1318 0006 0446     		mov	r4, r0
 1319 0008 8846     		mov	r8, r1
 1320 000a 9146     		mov	r9, r2
 1321 000c 1F46     		mov	r7, r3
 1322 000e 0A9D     		ldr	r5, [sp, #40]
1143:Drivers/STM32F4xx_HAL_Driver/Src/stm32f4xx_hal_spi.c ****   uint32_t             tmp_mode;
 1323              		.loc 1 1143 3 is_stmt 1 view .LVU409
1144:Drivers/STM32F4xx_HAL_Driver/Src/stm32f4xx_hal_spi.c ****   HAL_SPI_StateTypeDef tmp_state;
 1324              		.loc 1 1144 3 view .LVU410
1145:Drivers/STM32F4xx_HAL_Driver/Src/stm32f4xx_hal_spi.c ****   uint32_t             tickstart;
 1325              		.loc 1 1145 3 view .LVU411
1146:Drivers/STM32F4xx_HAL_Driver/Src/stm32f4xx_hal_spi.c **** #if (USE_SPI_CRC != 0U)
 1326              		.loc 1 1146 3 view .LVU412
1152:Drivers/STM32F4xx_HAL_Driver/Src/stm32f4xx_hal_spi.c **** 
 1327              		.loc 1 1152 3 view .LVU413
 1328              	.LVL54:
1155:Drivers/STM32F4xx_HAL_Driver/Src/stm32f4xx_hal_spi.c **** 
 1329              		.loc 1 1155 3 view .LVU414
1158:Drivers/STM32F4xx_HAL_Driver/Src/stm32f4xx_hal_spi.c **** 
 1330              		.loc 1 1158 3 view .LVU415
1158:Drivers/STM32F4xx_HAL_Driver/Src/stm32f4xx_hal_spi.c **** 
 1331              		.loc 1 1158 15 is_stmt 0 view .LVU416
 1332 0010 FFF7FEFF 		bl	HAL_GetTick
 1333              	.LVL55:
1158:Drivers/STM32F4xx_HAL_Driver/Src/stm32f4xx_hal_spi.c **** 
 1334              		.loc 1 1158 15 view .LVU417
 1335 0014 0646     		mov	r6, r0
 1336              	.LVL56:
1161:Drivers/STM32F4xx_HAL_Driver/Src/stm32f4xx_hal_spi.c ****   tmp_mode            = hspi->Init.Mode;
 1337              		.loc 1 1161 3 is_stmt 1 view .LVU418
1161:Drivers/STM32F4xx_HAL_Driver/Src/stm32f4xx_hal_spi.c ****   tmp_mode            = hspi->Init.Mode;
 1338              		.loc 1 1161 23 is_stmt 0 view .LVU419
 1339 0016 94F85130 		ldrb	r3, [r4, #81]	@ zero_extendqisi2
 1340              	.LVL57:
1162:Drivers/STM32F4xx_HAL_Driver/Src/stm32f4xx_hal_spi.c ****   initial_TxXferCount = Size;
 1341              		.loc 1 1162 3 is_stmt 1 view .LVU420
1162:Drivers/STM32F4xx_HAL_Driver/Src/stm32f4xx_hal_spi.c ****   initial_TxXferCount = Size;
 1342              		.loc 1 1162 23 is_stmt 0 view .LVU421
 1343 001a 6268     		ldr	r2, [r4, #4]
 1344              	.LVL58:
1163:Drivers/STM32F4xx_HAL_Driver/Src/stm32f4xx_hal_spi.c **** 
ARM GAS  C:\Users\10369\AppData\Local\Temp\ccy9FUfH.s 			page 100


 1345              		.loc 1 1163 3 is_stmt 1 view .LVU422
1165:Drivers/STM32F4xx_HAL_Driver/Src/stm32f4xx_hal_spi.c ****         ((tmp_mode == SPI_MODE_MASTER) && (hspi->Init.Direction == SPI_DIRECTION_2LINES) &&
 1346              		.loc 1 1165 3 view .LVU423
1165:Drivers/STM32F4xx_HAL_Driver/Src/stm32f4xx_hal_spi.c ****         ((tmp_mode == SPI_MODE_MASTER) && (hspi->Init.Direction == SPI_DIRECTION_2LINES) &&
 1347              		.loc 1 1165 6 is_stmt 0 view .LVU424
 1348 001c 012B     		cmp	r3, #1
 1349 001e 0BD0     		beq	.L99
 1350 0020 D9B2     		uxtb	r1, r3
1165:Drivers/STM32F4xx_HAL_Driver/Src/stm32f4xx_hal_spi.c ****         ((tmp_mode == SPI_MODE_MASTER) && (hspi->Init.Direction == SPI_DIRECTION_2LINES) &&
 1351              		.loc 1 1165 7 discriminator 1 view .LVU425
 1352 0022 B2F5827F 		cmp	r2, #260
 1353 0026 40F00481 		bne	.L121
1166:Drivers/STM32F4xx_HAL_Driver/Src/stm32f4xx_hal_spi.c ****          (tmp_state == HAL_SPI_STATE_BUSY_RX))))
 1354              		.loc 1 1166 54 view .LVU426
 1355 002a A368     		ldr	r3, [r4, #8]
 1356              	.LVL59:
1166:Drivers/STM32F4xx_HAL_Driver/Src/stm32f4xx_hal_spi.c ****          (tmp_state == HAL_SPI_STATE_BUSY_RX))))
 1357              		.loc 1 1166 40 view .LVU427
 1358 002c 002B     		cmp	r3, #0
 1359 002e 40F00481 		bne	.L122
1166:Drivers/STM32F4xx_HAL_Driver/Src/stm32f4xx_hal_spi.c ****          (tmp_state == HAL_SPI_STATE_BUSY_RX))))
 1360              		.loc 1 1166 90 discriminator 1 view .LVU428
 1361 0032 0429     		cmp	r1, #4
 1362 0034 40F00381 		bne	.L123
 1363              	.LVL60:
 1364              	.L99:
1172:Drivers/STM32F4xx_HAL_Driver/Src/stm32f4xx_hal_spi.c ****   {
 1365              		.loc 1 1172 3 is_stmt 1 view .LVU429
1172:Drivers/STM32F4xx_HAL_Driver/Src/stm32f4xx_hal_spi.c ****   {
 1366              		.loc 1 1172 6 is_stmt 0 view .LVU430
 1367 0038 B8F1000F 		cmp	r8, #0
 1368 003c 00F00181 		beq	.L124
1172:Drivers/STM32F4xx_HAL_Driver/Src/stm32f4xx_hal_spi.c ****   {
 1369              		.loc 1 1172 25 discriminator 1 view .LVU431
 1370 0040 B9F1000F 		cmp	r9, #0
 1371 0044 00F0FF80 		beq	.L125
1172:Drivers/STM32F4xx_HAL_Driver/Src/stm32f4xx_hal_spi.c ****   {
 1372              		.loc 1 1172 46 discriminator 2 view .LVU432
 1373 0048 002F     		cmp	r7, #0
 1374 004a 00F0FE80 		beq	.L126
1178:Drivers/STM32F4xx_HAL_Driver/Src/stm32f4xx_hal_spi.c **** 
 1375              		.loc 1 1178 3 is_stmt 1 view .LVU433
1178:Drivers/STM32F4xx_HAL_Driver/Src/stm32f4xx_hal_spi.c **** 
 1376              		.loc 1 1178 3 view .LVU434
 1377 004e 94F85030 		ldrb	r3, [r4, #80]	@ zero_extendqisi2
 1378 0052 012B     		cmp	r3, #1
 1379 0054 00F0FB80 		beq	.L127
1178:Drivers/STM32F4xx_HAL_Driver/Src/stm32f4xx_hal_spi.c **** 
 1380              		.loc 1 1178 3 discriminator 2 view .LVU435
 1381 0058 0123     		movs	r3, #1
 1382 005a 84F85030 		strb	r3, [r4, #80]
1178:Drivers/STM32F4xx_HAL_Driver/Src/stm32f4xx_hal_spi.c **** 
 1383              		.loc 1 1178 3 view .LVU436
1181:Drivers/STM32F4xx_HAL_Driver/Src/stm32f4xx_hal_spi.c ****   {
 1384              		.loc 1 1181 3 view .LVU437
1181:Drivers/STM32F4xx_HAL_Driver/Src/stm32f4xx_hal_spi.c ****   {
 1385              		.loc 1 1181 11 is_stmt 0 view .LVU438
ARM GAS  C:\Users\10369\AppData\Local\Temp\ccy9FUfH.s 			page 101


 1386 005e 94F85130 		ldrb	r3, [r4, #81]	@ zero_extendqisi2
1181:Drivers/STM32F4xx_HAL_Driver/Src/stm32f4xx_hal_spi.c ****   {
 1387              		.loc 1 1181 6 view .LVU439
 1388 0062 042B     		cmp	r3, #4
 1389 0064 02D0     		beq	.L101
1183:Drivers/STM32F4xx_HAL_Driver/Src/stm32f4xx_hal_spi.c ****   }
 1390              		.loc 1 1183 5 is_stmt 1 view .LVU440
1183:Drivers/STM32F4xx_HAL_Driver/Src/stm32f4xx_hal_spi.c ****   }
 1391              		.loc 1 1183 17 is_stmt 0 view .LVU441
 1392 0066 0523     		movs	r3, #5
 1393 0068 84F85130 		strb	r3, [r4, #81]
 1394              	.L101:
1187:Drivers/STM32F4xx_HAL_Driver/Src/stm32f4xx_hal_spi.c ****   hspi->pRxBuffPtr  = (uint8_t *)pRxData;
 1395              		.loc 1 1187 3 is_stmt 1 view .LVU442
1187:Drivers/STM32F4xx_HAL_Driver/Src/stm32f4xx_hal_spi.c ****   hspi->pRxBuffPtr  = (uint8_t *)pRxData;
 1396              		.loc 1 1187 21 is_stmt 0 view .LVU443
 1397 006c 0023     		movs	r3, #0
 1398 006e 6365     		str	r3, [r4, #84]
1188:Drivers/STM32F4xx_HAL_Driver/Src/stm32f4xx_hal_spi.c ****   hspi->RxXferCount = Size;
 1399              		.loc 1 1188 3 is_stmt 1 view .LVU444
1188:Drivers/STM32F4xx_HAL_Driver/Src/stm32f4xx_hal_spi.c ****   hspi->RxXferCount = Size;
 1400              		.loc 1 1188 21 is_stmt 0 view .LVU445
 1401 0070 C4F83890 		str	r9, [r4, #56]
1189:Drivers/STM32F4xx_HAL_Driver/Src/stm32f4xx_hal_spi.c ****   hspi->RxXferSize  = Size;
 1402              		.loc 1 1189 3 is_stmt 1 view .LVU446
1189:Drivers/STM32F4xx_HAL_Driver/Src/stm32f4xx_hal_spi.c ****   hspi->RxXferSize  = Size;
 1403              		.loc 1 1189 21 is_stmt 0 view .LVU447
 1404 0074 E787     		strh	r7, [r4, #62]	@ movhi
1190:Drivers/STM32F4xx_HAL_Driver/Src/stm32f4xx_hal_spi.c ****   hspi->pTxBuffPtr  = (const uint8_t *)pTxData;
 1405              		.loc 1 1190 3 is_stmt 1 view .LVU448
1190:Drivers/STM32F4xx_HAL_Driver/Src/stm32f4xx_hal_spi.c ****   hspi->pTxBuffPtr  = (const uint8_t *)pTxData;
 1406              		.loc 1 1190 21 is_stmt 0 view .LVU449
 1407 0076 A787     		strh	r7, [r4, #60]	@ movhi
1191:Drivers/STM32F4xx_HAL_Driver/Src/stm32f4xx_hal_spi.c ****   hspi->TxXferCount = Size;
 1408              		.loc 1 1191 3 is_stmt 1 view .LVU450
1191:Drivers/STM32F4xx_HAL_Driver/Src/stm32f4xx_hal_spi.c ****   hspi->TxXferCount = Size;
 1409              		.loc 1 1191 21 is_stmt 0 view .LVU451
 1410 0078 C4F83080 		str	r8, [r4, #48]
1192:Drivers/STM32F4xx_HAL_Driver/Src/stm32f4xx_hal_spi.c ****   hspi->TxXferSize  = Size;
 1411              		.loc 1 1192 3 is_stmt 1 view .LVU452
1192:Drivers/STM32F4xx_HAL_Driver/Src/stm32f4xx_hal_spi.c ****   hspi->TxXferSize  = Size;
 1412              		.loc 1 1192 21 is_stmt 0 view .LVU453
 1413 007c E786     		strh	r7, [r4, #54]	@ movhi
1193:Drivers/STM32F4xx_HAL_Driver/Src/stm32f4xx_hal_spi.c **** 
 1414              		.loc 1 1193 3 is_stmt 1 view .LVU454
1193:Drivers/STM32F4xx_HAL_Driver/Src/stm32f4xx_hal_spi.c **** 
 1415              		.loc 1 1193 21 is_stmt 0 view .LVU455
 1416 007e A786     		strh	r7, [r4, #52]	@ movhi
1196:Drivers/STM32F4xx_HAL_Driver/Src/stm32f4xx_hal_spi.c ****   hspi->TxISR       = NULL;
 1417              		.loc 1 1196 3 is_stmt 1 view .LVU456
1196:Drivers/STM32F4xx_HAL_Driver/Src/stm32f4xx_hal_spi.c ****   hspi->TxISR       = NULL;
 1418              		.loc 1 1196 21 is_stmt 0 view .LVU457
 1419 0080 2364     		str	r3, [r4, #64]
1197:Drivers/STM32F4xx_HAL_Driver/Src/stm32f4xx_hal_spi.c **** 
 1420              		.loc 1 1197 3 is_stmt 1 view .LVU458
1197:Drivers/STM32F4xx_HAL_Driver/Src/stm32f4xx_hal_spi.c **** 
 1421              		.loc 1 1197 21 is_stmt 0 view .LVU459
ARM GAS  C:\Users\10369\AppData\Local\Temp\ccy9FUfH.s 			page 102


 1422 0082 6364     		str	r3, [r4, #68]
1208:Drivers/STM32F4xx_HAL_Driver/Src/stm32f4xx_hal_spi.c ****   {
 1423              		.loc 1 1208 3 is_stmt 1 view .LVU460
1208:Drivers/STM32F4xx_HAL_Driver/Src/stm32f4xx_hal_spi.c ****   {
 1424              		.loc 1 1208 12 is_stmt 0 view .LVU461
 1425 0084 2368     		ldr	r3, [r4]
1208:Drivers/STM32F4xx_HAL_Driver/Src/stm32f4xx_hal_spi.c ****   {
 1426              		.loc 1 1208 22 view .LVU462
 1427 0086 1A68     		ldr	r2, [r3]
 1428              	.LVL61:
1208:Drivers/STM32F4xx_HAL_Driver/Src/stm32f4xx_hal_spi.c ****   {
 1429              		.loc 1 1208 6 view .LVU463
 1430 0088 12F0400F 		tst	r2, #64
 1431 008c 03D1     		bne	.L102
1211:Drivers/STM32F4xx_HAL_Driver/Src/stm32f4xx_hal_spi.c ****   }
 1432              		.loc 1 1211 5 is_stmt 1 view .LVU464
 1433 008e 1A68     		ldr	r2, [r3]
 1434 0090 42F04002 		orr	r2, r2, #64
 1435 0094 1A60     		str	r2, [r3]
 1436              	.LVL62:
 1437              	.L102:
1215:Drivers/STM32F4xx_HAL_Driver/Src/stm32f4xx_hal_spi.c ****   {
 1438              		.loc 1 1215 3 view .LVU465
1215:Drivers/STM32F4xx_HAL_Driver/Src/stm32f4xx_hal_spi.c ****   {
 1439              		.loc 1 1215 17 is_stmt 0 view .LVU466
 1440 0096 E368     		ldr	r3, [r4, #12]
1215:Drivers/STM32F4xx_HAL_Driver/Src/stm32f4xx_hal_spi.c ****   {
 1441              		.loc 1 1215 6 view .LVU467
 1442 0098 B3F5006F 		cmp	r3, #2048
 1443 009c 11D0     		beq	.L129
1272:Drivers/STM32F4xx_HAL_Driver/Src/stm32f4xx_hal_spi.c ****     {
 1444              		.loc 1 1272 5 is_stmt 1 view .LVU468
1272:Drivers/STM32F4xx_HAL_Driver/Src/stm32f4xx_hal_spi.c ****     {
 1445              		.loc 1 1272 20 is_stmt 0 view .LVU469
 1446 009e 6368     		ldr	r3, [r4, #4]
1272:Drivers/STM32F4xx_HAL_Driver/Src/stm32f4xx_hal_spi.c ****     {
 1447              		.loc 1 1272 8 view .LVU470
 1448 00a0 0BB1     		cbz	r3, .L111
1272:Drivers/STM32F4xx_HAL_Driver/Src/stm32f4xx_hal_spi.c ****     {
 1449              		.loc 1 1272 45 discriminator 1 view .LVU471
 1450 00a2 012F     		cmp	r7, #1
 1451 00a4 0BD1     		bne	.L112
 1452              	.L111:
1274:Drivers/STM32F4xx_HAL_Driver/Src/stm32f4xx_hal_spi.c ****       hspi->pTxBuffPtr += sizeof(uint8_t);
 1453              		.loc 1 1274 7 is_stmt 1 view .LVU472
1274:Drivers/STM32F4xx_HAL_Driver/Src/stm32f4xx_hal_spi.c ****       hspi->pTxBuffPtr += sizeof(uint8_t);
 1454              		.loc 1 1274 71 is_stmt 0 view .LVU473
 1455 00a6 226B     		ldr	r2, [r4, #48]
1274:Drivers/STM32F4xx_HAL_Driver/Src/stm32f4xx_hal_spi.c ****       hspi->pTxBuffPtr += sizeof(uint8_t);
 1456              		.loc 1 1274 30 view .LVU474
 1457 00a8 2368     		ldr	r3, [r4]
1274:Drivers/STM32F4xx_HAL_Driver/Src/stm32f4xx_hal_spi.c ****       hspi->pTxBuffPtr += sizeof(uint8_t);
 1458              		.loc 1 1274 48 view .LVU475
 1459 00aa 1278     		ldrb	r2, [r2]	@ zero_extendqisi2
1274:Drivers/STM32F4xx_HAL_Driver/Src/stm32f4xx_hal_spi.c ****       hspi->pTxBuffPtr += sizeof(uint8_t);
 1460              		.loc 1 1274 46 view .LVU476
 1461 00ac 1A73     		strb	r2, [r3, #12]
ARM GAS  C:\Users\10369\AppData\Local\Temp\ccy9FUfH.s 			page 103


1275:Drivers/STM32F4xx_HAL_Driver/Src/stm32f4xx_hal_spi.c ****       hspi->TxXferCount--;
 1462              		.loc 1 1275 7 is_stmt 1 view .LVU477
1275:Drivers/STM32F4xx_HAL_Driver/Src/stm32f4xx_hal_spi.c ****       hspi->TxXferCount--;
 1463              		.loc 1 1275 11 is_stmt 0 view .LVU478
 1464 00ae 236B     		ldr	r3, [r4, #48]
1275:Drivers/STM32F4xx_HAL_Driver/Src/stm32f4xx_hal_spi.c ****       hspi->TxXferCount--;
 1465              		.loc 1 1275 24 view .LVU479
 1466 00b0 0133     		adds	r3, r3, #1
 1467 00b2 2363     		str	r3, [r4, #48]
1276:Drivers/STM32F4xx_HAL_Driver/Src/stm32f4xx_hal_spi.c **** 
 1468              		.loc 1 1276 7 is_stmt 1 view .LVU480
1276:Drivers/STM32F4xx_HAL_Driver/Src/stm32f4xx_hal_spi.c **** 
 1469              		.loc 1 1276 11 is_stmt 0 view .LVU481
 1470 00b4 E38E     		ldrh	r3, [r4, #54]
 1471 00b6 9BB2     		uxth	r3, r3
1276:Drivers/STM32F4xx_HAL_Driver/Src/stm32f4xx_hal_spi.c **** 
 1472              		.loc 1 1276 24 view .LVU482
 1473 00b8 013B     		subs	r3, r3, #1
 1474 00ba 9BB2     		uxth	r3, r3
 1475 00bc E386     		strh	r3, [r4, #54]	@ movhi
 1476              	.L112:
1313:Drivers/STM32F4xx_HAL_Driver/Src/stm32f4xx_hal_spi.c ****       }
 1477              		.loc 1 1313 19 view .LVU483
 1478 00be 0127     		movs	r7, #1
 1479              	.LVL63:
1313:Drivers/STM32F4xx_HAL_Driver/Src/stm32f4xx_hal_spi.c ****       }
 1480              		.loc 1 1313 19 view .LVU484
 1481 00c0 71E0     		b	.L117
 1482              	.LVL64:
 1483              	.L129:
1217:Drivers/STM32F4xx_HAL_Driver/Src/stm32f4xx_hal_spi.c ****     {
 1484              		.loc 1 1217 5 is_stmt 1 view .LVU485
1217:Drivers/STM32F4xx_HAL_Driver/Src/stm32f4xx_hal_spi.c ****     {
 1485              		.loc 1 1217 20 is_stmt 0 view .LVU486
 1486 00c2 6368     		ldr	r3, [r4, #4]
1217:Drivers/STM32F4xx_HAL_Driver/Src/stm32f4xx_hal_spi.c ****     {
 1487              		.loc 1 1217 8 view .LVU487
 1488 00c4 0BB1     		cbz	r3, .L104
1217:Drivers/STM32F4xx_HAL_Driver/Src/stm32f4xx_hal_spi.c ****     {
 1489              		.loc 1 1217 45 discriminator 1 view .LVU488
 1490 00c6 012F     		cmp	r7, #1
 1491 00c8 0BD1     		bne	.L105
 1492              	.L104:
1219:Drivers/STM32F4xx_HAL_Driver/Src/stm32f4xx_hal_spi.c ****       hspi->pTxBuffPtr += sizeof(uint16_t);
 1493              		.loc 1 1219 7 is_stmt 1 view .LVU489
1219:Drivers/STM32F4xx_HAL_Driver/Src/stm32f4xx_hal_spi.c ****       hspi->pTxBuffPtr += sizeof(uint16_t);
 1494              		.loc 1 1219 52 is_stmt 0 view .LVU490
 1495 00ca 226B     		ldr	r2, [r4, #48]
1219:Drivers/STM32F4xx_HAL_Driver/Src/stm32f4xx_hal_spi.c ****       hspi->pTxBuffPtr += sizeof(uint16_t);
 1496              		.loc 1 1219 11 view .LVU491
 1497 00cc 2368     		ldr	r3, [r4]
1219:Drivers/STM32F4xx_HAL_Driver/Src/stm32f4xx_hal_spi.c ****       hspi->pTxBuffPtr += sizeof(uint16_t);
 1498              		.loc 1 1219 28 view .LVU492
 1499 00ce 1288     		ldrh	r2, [r2]
1219:Drivers/STM32F4xx_HAL_Driver/Src/stm32f4xx_hal_spi.c ****       hspi->pTxBuffPtr += sizeof(uint16_t);
 1500              		.loc 1 1219 26 view .LVU493
 1501 00d0 DA60     		str	r2, [r3, #12]
ARM GAS  C:\Users\10369\AppData\Local\Temp\ccy9FUfH.s 			page 104


1220:Drivers/STM32F4xx_HAL_Driver/Src/stm32f4xx_hal_spi.c ****       hspi->TxXferCount--;
 1502              		.loc 1 1220 7 is_stmt 1 view .LVU494
1220:Drivers/STM32F4xx_HAL_Driver/Src/stm32f4xx_hal_spi.c ****       hspi->TxXferCount--;
 1503              		.loc 1 1220 11 is_stmt 0 view .LVU495
 1504 00d2 236B     		ldr	r3, [r4, #48]
1220:Drivers/STM32F4xx_HAL_Driver/Src/stm32f4xx_hal_spi.c ****       hspi->TxXferCount--;
 1505              		.loc 1 1220 24 view .LVU496
 1506 00d4 0233     		adds	r3, r3, #2
 1507 00d6 2363     		str	r3, [r4, #48]
1221:Drivers/STM32F4xx_HAL_Driver/Src/stm32f4xx_hal_spi.c **** 
 1508              		.loc 1 1221 7 is_stmt 1 view .LVU497
1221:Drivers/STM32F4xx_HAL_Driver/Src/stm32f4xx_hal_spi.c **** 
 1509              		.loc 1 1221 11 is_stmt 0 view .LVU498
 1510 00d8 E38E     		ldrh	r3, [r4, #54]
 1511 00da 9BB2     		uxth	r3, r3
1221:Drivers/STM32F4xx_HAL_Driver/Src/stm32f4xx_hal_spi.c **** 
 1512              		.loc 1 1221 24 view .LVU499
 1513 00dc 013B     		subs	r3, r3, #1
 1514 00de 9BB2     		uxth	r3, r3
 1515 00e0 E386     		strh	r3, [r4, #54]	@ movhi
 1516              	.L105:
1259:Drivers/STM32F4xx_HAL_Driver/Src/stm32f4xx_hal_spi.c ****       }
 1517              		.loc 1 1259 19 view .LVU500
 1518 00e2 0127     		movs	r7, #1
 1519              	.LVL65:
1259:Drivers/STM32F4xx_HAL_Driver/Src/stm32f4xx_hal_spi.c ****       }
 1520              		.loc 1 1259 19 view .LVU501
 1521 00e4 1BE0     		b	.L108
 1522              	.LVL66:
 1523              	.L106:
1253:Drivers/STM32F4xx_HAL_Driver/Src/stm32f4xx_hal_spi.c ****       {
 1524              		.loc 1 1253 7 is_stmt 1 view .LVU502
1253:Drivers/STM32F4xx_HAL_Driver/Src/stm32f4xx_hal_spi.c ****       {
 1525              		.loc 1 1253 12 is_stmt 0 view .LVU503
 1526 00e6 2368     		ldr	r3, [r4]
 1527 00e8 9A68     		ldr	r2, [r3, #8]
1253:Drivers/STM32F4xx_HAL_Driver/Src/stm32f4xx_hal_spi.c ****       {
 1528              		.loc 1 1253 10 view .LVU504
 1529 00ea 12F0010F 		tst	r2, #1
 1530 00ee 0ED0     		beq	.L107
1253:Drivers/STM32F4xx_HAL_Driver/Src/stm32f4xx_hal_spi.c ****       {
 1531              		.loc 1 1253 61 discriminator 1 view .LVU505
 1532 00f0 E28F     		ldrh	r2, [r4, #62]
 1533 00f2 92B2     		uxth	r2, r2
1253:Drivers/STM32F4xx_HAL_Driver/Src/stm32f4xx_hal_spi.c ****       {
 1534              		.loc 1 1253 53 discriminator 1 view .LVU506
 1535 00f4 5AB1     		cbz	r2, .L107
1255:Drivers/STM32F4xx_HAL_Driver/Src/stm32f4xx_hal_spi.c ****         hspi->pRxBuffPtr += sizeof(uint16_t);
 1536              		.loc 1 1255 9 is_stmt 1 view .LVU507
1255:Drivers/STM32F4xx_HAL_Driver/Src/stm32f4xx_hal_spi.c ****         hspi->pRxBuffPtr += sizeof(uint16_t);
 1537              		.loc 1 1255 67 is_stmt 0 view .LVU508
 1538 00f6 DA68     		ldr	r2, [r3, #12]
1255:Drivers/STM32F4xx_HAL_Driver/Src/stm32f4xx_hal_spi.c ****         hspi->pRxBuffPtr += sizeof(uint16_t);
 1539              		.loc 1 1255 27 view .LVU509
 1540 00f8 A36B     		ldr	r3, [r4, #56]
1255:Drivers/STM32F4xx_HAL_Driver/Src/stm32f4xx_hal_spi.c ****         hspi->pRxBuffPtr += sizeof(uint16_t);
 1541              		.loc 1 1255 41 view .LVU510
ARM GAS  C:\Users\10369\AppData\Local\Temp\ccy9FUfH.s 			page 105


 1542 00fa 1A80     		strh	r2, [r3]	@ movhi
1256:Drivers/STM32F4xx_HAL_Driver/Src/stm32f4xx_hal_spi.c ****         hspi->RxXferCount--;
 1543              		.loc 1 1256 9 is_stmt 1 view .LVU511
1256:Drivers/STM32F4xx_HAL_Driver/Src/stm32f4xx_hal_spi.c ****         hspi->RxXferCount--;
 1544              		.loc 1 1256 13 is_stmt 0 view .LVU512
 1545 00fc A36B     		ldr	r3, [r4, #56]
1256:Drivers/STM32F4xx_HAL_Driver/Src/stm32f4xx_hal_spi.c ****         hspi->RxXferCount--;
 1546              		.loc 1 1256 26 view .LVU513
 1547 00fe 0233     		adds	r3, r3, #2
 1548 0100 A363     		str	r3, [r4, #56]
1257:Drivers/STM32F4xx_HAL_Driver/Src/stm32f4xx_hal_spi.c ****         /* Next Data is a Transmission (Tx). Tx is allowed */
 1549              		.loc 1 1257 9 is_stmt 1 view .LVU514
1257:Drivers/STM32F4xx_HAL_Driver/Src/stm32f4xx_hal_spi.c ****         /* Next Data is a Transmission (Tx). Tx is allowed */
 1550              		.loc 1 1257 13 is_stmt 0 view .LVU515
 1551 0102 E38F     		ldrh	r3, [r4, #62]
 1552 0104 9BB2     		uxth	r3, r3
1257:Drivers/STM32F4xx_HAL_Driver/Src/stm32f4xx_hal_spi.c ****         /* Next Data is a Transmission (Tx). Tx is allowed */
 1553              		.loc 1 1257 26 view .LVU516
 1554 0106 013B     		subs	r3, r3, #1
 1555 0108 9BB2     		uxth	r3, r3
 1556 010a E387     		strh	r3, [r4, #62]	@ movhi
1259:Drivers/STM32F4xx_HAL_Driver/Src/stm32f4xx_hal_spi.c ****       }
 1557              		.loc 1 1259 9 is_stmt 1 view .LVU517
 1558              	.LVL67:
1259:Drivers/STM32F4xx_HAL_Driver/Src/stm32f4xx_hal_spi.c ****       }
 1559              		.loc 1 1259 19 is_stmt 0 view .LVU518
 1560 010c 0127     		movs	r7, #1
 1561              	.LVL68:
 1562              	.L107:
1261:Drivers/STM32F4xx_HAL_Driver/Src/stm32f4xx_hal_spi.c ****       {
 1563              		.loc 1 1261 7 is_stmt 1 view .LVU519
1261:Drivers/STM32F4xx_HAL_Driver/Src/stm32f4xx_hal_spi.c ****       {
 1564              		.loc 1 1261 13 is_stmt 0 view .LVU520
 1565 010e FFF7FEFF 		bl	HAL_GetTick
 1566              	.LVL69:
1261:Drivers/STM32F4xx_HAL_Driver/Src/stm32f4xx_hal_spi.c ****       {
 1567              		.loc 1 1261 27 discriminator 1 view .LVU521
 1568 0112 801B     		subs	r0, r0, r6
1261:Drivers/STM32F4xx_HAL_Driver/Src/stm32f4xx_hal_spi.c ****       {
 1569              		.loc 1 1261 10 discriminator 1 view .LVU522
 1570 0114 A842     		cmp	r0, r5
 1571 0116 02D3     		bcc	.L108
1261:Drivers/STM32F4xx_HAL_Driver/Src/stm32f4xx_hal_spi.c ****       {
 1572              		.loc 1 1261 53 discriminator 1 view .LVU523
 1573 0118 B5F1FF3F 		cmp	r5, #-1
 1574 011c 1ED1     		bne	.L130
 1575              	.LVL70:
 1576              	.L108:
1232:Drivers/STM32F4xx_HAL_Driver/Src/stm32f4xx_hal_spi.c ****     {
 1577              		.loc 1 1232 37 is_stmt 1 view .LVU524
1232:Drivers/STM32F4xx_HAL_Driver/Src/stm32f4xx_hal_spi.c ****     {
 1578              		.loc 1 1232 17 is_stmt 0 view .LVU525
 1579 011e E38E     		ldrh	r3, [r4, #54]
 1580 0120 9BB2     		uxth	r3, r3
1232:Drivers/STM32F4xx_HAL_Driver/Src/stm32f4xx_hal_spi.c ****     {
 1581              		.loc 1 1232 37 view .LVU526
 1582 0122 1BB9     		cbnz	r3, .L109
ARM GAS  C:\Users\10369\AppData\Local\Temp\ccy9FUfH.s 			page 106


1232:Drivers/STM32F4xx_HAL_Driver/Src/stm32f4xx_hal_spi.c ****     {
 1583              		.loc 1 1232 45 discriminator 1 view .LVU527
 1584 0124 E38F     		ldrh	r3, [r4, #62]
 1585 0126 9BB2     		uxth	r3, r3
1232:Drivers/STM32F4xx_HAL_Driver/Src/stm32f4xx_hal_spi.c ****     {
 1586              		.loc 1 1232 37 discriminator 1 view .LVU528
 1587 0128 002B     		cmp	r3, #0
 1588 012a 62D0     		beq	.L110
 1589              	.L109:
1235:Drivers/STM32F4xx_HAL_Driver/Src/stm32f4xx_hal_spi.c ****       {
 1590              		.loc 1 1235 7 is_stmt 1 view .LVU529
1235:Drivers/STM32F4xx_HAL_Driver/Src/stm32f4xx_hal_spi.c ****       {
 1591              		.loc 1 1235 12 is_stmt 0 view .LVU530
 1592 012c 2368     		ldr	r3, [r4]
 1593 012e 9A68     		ldr	r2, [r3, #8]
1235:Drivers/STM32F4xx_HAL_Driver/Src/stm32f4xx_hal_spi.c ****       {
 1594              		.loc 1 1235 10 view .LVU531
 1595 0130 12F0020F 		tst	r2, #2
 1596 0134 D7D0     		beq	.L106
1235:Drivers/STM32F4xx_HAL_Driver/Src/stm32f4xx_hal_spi.c ****       {
 1597              		.loc 1 1235 60 discriminator 1 view .LVU532
 1598 0136 E28E     		ldrh	r2, [r4, #54]
 1599 0138 92B2     		uxth	r2, r2
1235:Drivers/STM32F4xx_HAL_Driver/Src/stm32f4xx_hal_spi.c ****       {
 1600              		.loc 1 1235 52 discriminator 1 view .LVU533
 1601 013a 002A     		cmp	r2, #0
 1602 013c D3D0     		beq	.L106
1235:Drivers/STM32F4xx_HAL_Driver/Src/stm32f4xx_hal_spi.c ****       {
 1603              		.loc 1 1235 80 discriminator 2 view .LVU534
 1604 013e 002F     		cmp	r7, #0
 1605 0140 D1D0     		beq	.L106
1237:Drivers/STM32F4xx_HAL_Driver/Src/stm32f4xx_hal_spi.c ****         hspi->pTxBuffPtr += sizeof(uint16_t);
 1606              		.loc 1 1237 9 is_stmt 1 view .LVU535
1237:Drivers/STM32F4xx_HAL_Driver/Src/stm32f4xx_hal_spi.c ****         hspi->pTxBuffPtr += sizeof(uint16_t);
 1607              		.loc 1 1237 54 is_stmt 0 view .LVU536
 1608 0142 226B     		ldr	r2, [r4, #48]
1237:Drivers/STM32F4xx_HAL_Driver/Src/stm32f4xx_hal_spi.c ****         hspi->pTxBuffPtr += sizeof(uint16_t);
 1609              		.loc 1 1237 30 view .LVU537
 1610 0144 1288     		ldrh	r2, [r2]
1237:Drivers/STM32F4xx_HAL_Driver/Src/stm32f4xx_hal_spi.c ****         hspi->pTxBuffPtr += sizeof(uint16_t);
 1611              		.loc 1 1237 28 view .LVU538
 1612 0146 DA60     		str	r2, [r3, #12]
1238:Drivers/STM32F4xx_HAL_Driver/Src/stm32f4xx_hal_spi.c ****         hspi->TxXferCount--;
 1613              		.loc 1 1238 9 is_stmt 1 view .LVU539
1238:Drivers/STM32F4xx_HAL_Driver/Src/stm32f4xx_hal_spi.c ****         hspi->TxXferCount--;
 1614              		.loc 1 1238 13 is_stmt 0 view .LVU540
 1615 0148 236B     		ldr	r3, [r4, #48]
1238:Drivers/STM32F4xx_HAL_Driver/Src/stm32f4xx_hal_spi.c ****         hspi->TxXferCount--;
 1616              		.loc 1 1238 26 view .LVU541
 1617 014a 0233     		adds	r3, r3, #2
 1618 014c 2363     		str	r3, [r4, #48]
1239:Drivers/STM32F4xx_HAL_Driver/Src/stm32f4xx_hal_spi.c ****         /* Next Data is a reception (Rx). Tx not allowed */
 1619              		.loc 1 1239 9 is_stmt 1 view .LVU542
1239:Drivers/STM32F4xx_HAL_Driver/Src/stm32f4xx_hal_spi.c ****         /* Next Data is a reception (Rx). Tx not allowed */
 1620              		.loc 1 1239 13 is_stmt 0 view .LVU543
 1621 014e E38E     		ldrh	r3, [r4, #54]
 1622 0150 9BB2     		uxth	r3, r3
ARM GAS  C:\Users\10369\AppData\Local\Temp\ccy9FUfH.s 			page 107


1239:Drivers/STM32F4xx_HAL_Driver/Src/stm32f4xx_hal_spi.c ****         /* Next Data is a reception (Rx). Tx not allowed */
 1623              		.loc 1 1239 26 view .LVU544
 1624 0152 013B     		subs	r3, r3, #1
 1625 0154 9BB2     		uxth	r3, r3
 1626 0156 E386     		strh	r3, [r4, #54]	@ movhi
1241:Drivers/STM32F4xx_HAL_Driver/Src/stm32f4xx_hal_spi.c **** 
 1627              		.loc 1 1241 9 is_stmt 1 view .LVU545
 1628              	.LVL71:
1241:Drivers/STM32F4xx_HAL_Driver/Src/stm32f4xx_hal_spi.c **** 
 1629              		.loc 1 1241 19 is_stmt 0 view .LVU546
 1630 0158 0027     		movs	r7, #0
 1631 015a C4E7     		b	.L106
 1632              	.LVL72:
 1633              	.L130:
1263:Drivers/STM32F4xx_HAL_Driver/Src/stm32f4xx_hal_spi.c ****         __HAL_UNLOCK(hspi);
 1634              		.loc 1 1263 9 is_stmt 1 view .LVU547
1263:Drivers/STM32F4xx_HAL_Driver/Src/stm32f4xx_hal_spi.c ****         __HAL_UNLOCK(hspi);
 1635              		.loc 1 1263 21 is_stmt 0 view .LVU548
 1636 015c 0123     		movs	r3, #1
 1637 015e 84F85130 		strb	r3, [r4, #81]
1264:Drivers/STM32F4xx_HAL_Driver/Src/stm32f4xx_hal_spi.c ****         return HAL_TIMEOUT;
 1638              		.loc 1 1264 9 is_stmt 1 view .LVU549
1264:Drivers/STM32F4xx_HAL_Driver/Src/stm32f4xx_hal_spi.c ****         return HAL_TIMEOUT;
 1639              		.loc 1 1264 9 view .LVU550
 1640 0162 0023     		movs	r3, #0
 1641 0164 84F85030 		strb	r3, [r4, #80]
1264:Drivers/STM32F4xx_HAL_Driver/Src/stm32f4xx_hal_spi.c ****         return HAL_TIMEOUT;
 1642              		.loc 1 1264 9 view .LVU551
1265:Drivers/STM32F4xx_HAL_Driver/Src/stm32f4xx_hal_spi.c ****       }
 1643              		.loc 1 1265 9 view .LVU552
1265:Drivers/STM32F4xx_HAL_Driver/Src/stm32f4xx_hal_spi.c ****       }
 1644              		.loc 1 1265 16 is_stmt 0 view .LVU553
 1645 0168 0320     		movs	r0, #3
 1646 016a 63E0     		b	.L100
 1647              	.LVL73:
 1648              	.L113:
1307:Drivers/STM32F4xx_HAL_Driver/Src/stm32f4xx_hal_spi.c ****       {
 1649              		.loc 1 1307 7 is_stmt 1 view .LVU554
1307:Drivers/STM32F4xx_HAL_Driver/Src/stm32f4xx_hal_spi.c ****       {
 1650              		.loc 1 1307 12 is_stmt 0 view .LVU555
 1651 016c 2368     		ldr	r3, [r4]
 1652 016e 9A68     		ldr	r2, [r3, #8]
1307:Drivers/STM32F4xx_HAL_Driver/Src/stm32f4xx_hal_spi.c ****       {
 1653              		.loc 1 1307 10 view .LVU556
 1654 0170 12F0010F 		tst	r2, #1
 1655 0174 0ED0     		beq	.L114
1307:Drivers/STM32F4xx_HAL_Driver/Src/stm32f4xx_hal_spi.c ****       {
 1656              		.loc 1 1307 61 discriminator 1 view .LVU557
 1657 0176 E28F     		ldrh	r2, [r4, #62]
 1658 0178 92B2     		uxth	r2, r2
1307:Drivers/STM32F4xx_HAL_Driver/Src/stm32f4xx_hal_spi.c ****       {
 1659              		.loc 1 1307 53 discriminator 1 view .LVU558
 1660 017a 5AB1     		cbz	r2, .L114
1309:Drivers/STM32F4xx_HAL_Driver/Src/stm32f4xx_hal_spi.c ****         hspi->pRxBuffPtr++;
 1661              		.loc 1 1309 9 is_stmt 1 view .LVU559
1309:Drivers/STM32F4xx_HAL_Driver/Src/stm32f4xx_hal_spi.c ****         hspi->pRxBuffPtr++;
 1662              		.loc 1 1309 56 is_stmt 0 view .LVU560
ARM GAS  C:\Users\10369\AppData\Local\Temp\ccy9FUfH.s 			page 108


 1663 017c DA68     		ldr	r2, [r3, #12]
1309:Drivers/STM32F4xx_HAL_Driver/Src/stm32f4xx_hal_spi.c ****         hspi->pRxBuffPtr++;
 1664              		.loc 1 1309 26 view .LVU561
 1665 017e A36B     		ldr	r3, [r4, #56]
1309:Drivers/STM32F4xx_HAL_Driver/Src/stm32f4xx_hal_spi.c ****         hspi->pRxBuffPtr++;
 1666              		.loc 1 1309 40 view .LVU562
 1667 0180 1A70     		strb	r2, [r3]
1310:Drivers/STM32F4xx_HAL_Driver/Src/stm32f4xx_hal_spi.c ****         hspi->RxXferCount--;
 1668              		.loc 1 1310 9 is_stmt 1 view .LVU563
1310:Drivers/STM32F4xx_HAL_Driver/Src/stm32f4xx_hal_spi.c ****         hspi->RxXferCount--;
 1669              		.loc 1 1310 13 is_stmt 0 view .LVU564
 1670 0182 A36B     		ldr	r3, [r4, #56]
1310:Drivers/STM32F4xx_HAL_Driver/Src/stm32f4xx_hal_spi.c ****         hspi->RxXferCount--;
 1671              		.loc 1 1310 25 view .LVU565
 1672 0184 0133     		adds	r3, r3, #1
 1673 0186 A363     		str	r3, [r4, #56]
1311:Drivers/STM32F4xx_HAL_Driver/Src/stm32f4xx_hal_spi.c ****         /* Next Data is a Transmission (Tx). Tx is allowed */
 1674              		.loc 1 1311 9 is_stmt 1 view .LVU566
1311:Drivers/STM32F4xx_HAL_Driver/Src/stm32f4xx_hal_spi.c ****         /* Next Data is a Transmission (Tx). Tx is allowed */
 1675              		.loc 1 1311 13 is_stmt 0 view .LVU567
 1676 0188 E38F     		ldrh	r3, [r4, #62]
 1677 018a 9BB2     		uxth	r3, r3
1311:Drivers/STM32F4xx_HAL_Driver/Src/stm32f4xx_hal_spi.c ****         /* Next Data is a Transmission (Tx). Tx is allowed */
 1678              		.loc 1 1311 26 view .LVU568
 1679 018c 013B     		subs	r3, r3, #1
 1680 018e 9BB2     		uxth	r3, r3
 1681 0190 E387     		strh	r3, [r4, #62]	@ movhi
1313:Drivers/STM32F4xx_HAL_Driver/Src/stm32f4xx_hal_spi.c ****       }
 1682              		.loc 1 1313 9 is_stmt 1 view .LVU569
 1683              	.LVL74:
1313:Drivers/STM32F4xx_HAL_Driver/Src/stm32f4xx_hal_spi.c ****       }
 1684              		.loc 1 1313 19 is_stmt 0 view .LVU570
 1685 0192 0127     		movs	r7, #1
 1686              	.LVL75:
 1687              	.L114:
1315:Drivers/STM32F4xx_HAL_Driver/Src/stm32f4xx_hal_spi.c ****       {
 1688              		.loc 1 1315 7 is_stmt 1 view .LVU571
1315:Drivers/STM32F4xx_HAL_Driver/Src/stm32f4xx_hal_spi.c ****       {
 1689              		.loc 1 1315 14 is_stmt 0 view .LVU572
 1690 0194 FFF7FEFF 		bl	HAL_GetTick
 1691              	.LVL76:
1315:Drivers/STM32F4xx_HAL_Driver/Src/stm32f4xx_hal_spi.c ****       {
 1692              		.loc 1 1315 28 discriminator 1 view .LVU573
 1693 0198 831B     		subs	r3, r0, r6
1315:Drivers/STM32F4xx_HAL_Driver/Src/stm32f4xx_hal_spi.c ****       {
 1694              		.loc 1 1315 10 discriminator 1 view .LVU574
 1695 019a AB42     		cmp	r3, r5
 1696 019c 02D3     		bcc	.L115
1315:Drivers/STM32F4xx_HAL_Driver/Src/stm32f4xx_hal_spi.c ****       {
 1697              		.loc 1 1315 54 discriminator 1 view .LVU575
 1698 019e B5F1FF3F 		cmp	r5, #-1
 1699 01a2 1ED1     		bne	.L116
 1700              	.L115:
1315:Drivers/STM32F4xx_HAL_Driver/Src/stm32f4xx_hal_spi.c ****       {
 1701              		.loc 1 1315 87 discriminator 3 view .LVU576
 1702 01a4 EDB1     		cbz	r5, .L116
 1703              	.LVL77:
ARM GAS  C:\Users\10369\AppData\Local\Temp\ccy9FUfH.s 			page 109


 1704              	.L117:
1286:Drivers/STM32F4xx_HAL_Driver/Src/stm32f4xx_hal_spi.c ****     {
 1705              		.loc 1 1286 37 is_stmt 1 view .LVU577
1286:Drivers/STM32F4xx_HAL_Driver/Src/stm32f4xx_hal_spi.c ****     {
 1706              		.loc 1 1286 17 is_stmt 0 view .LVU578
 1707 01a6 E38E     		ldrh	r3, [r4, #54]
 1708 01a8 9BB2     		uxth	r3, r3
1286:Drivers/STM32F4xx_HAL_Driver/Src/stm32f4xx_hal_spi.c ****     {
 1709              		.loc 1 1286 37 view .LVU579
 1710 01aa 13B9     		cbnz	r3, .L118
1286:Drivers/STM32F4xx_HAL_Driver/Src/stm32f4xx_hal_spi.c ****     {
 1711              		.loc 1 1286 45 discriminator 1 view .LVU580
 1712 01ac E38F     		ldrh	r3, [r4, #62]
 1713 01ae 9BB2     		uxth	r3, r3
1286:Drivers/STM32F4xx_HAL_Driver/Src/stm32f4xx_hal_spi.c ****     {
 1714              		.loc 1 1286 37 discriminator 1 view .LVU581
 1715 01b0 FBB1     		cbz	r3, .L110
 1716              	.L118:
1289:Drivers/STM32F4xx_HAL_Driver/Src/stm32f4xx_hal_spi.c ****       {
 1717              		.loc 1 1289 7 is_stmt 1 view .LVU582
1289:Drivers/STM32F4xx_HAL_Driver/Src/stm32f4xx_hal_spi.c ****       {
 1718              		.loc 1 1289 12 is_stmt 0 view .LVU583
 1719 01b2 2368     		ldr	r3, [r4]
 1720 01b4 9A68     		ldr	r2, [r3, #8]
1289:Drivers/STM32F4xx_HAL_Driver/Src/stm32f4xx_hal_spi.c ****       {
 1721              		.loc 1 1289 10 view .LVU584
 1722 01b6 12F0020F 		tst	r2, #2
 1723 01ba D7D0     		beq	.L113
1289:Drivers/STM32F4xx_HAL_Driver/Src/stm32f4xx_hal_spi.c ****       {
 1724              		.loc 1 1289 60 discriminator 1 view .LVU585
 1725 01bc E28E     		ldrh	r2, [r4, #54]
 1726 01be 92B2     		uxth	r2, r2
1289:Drivers/STM32F4xx_HAL_Driver/Src/stm32f4xx_hal_spi.c ****       {
 1727              		.loc 1 1289 52 discriminator 1 view .LVU586
 1728 01c0 002A     		cmp	r2, #0
 1729 01c2 D3D0     		beq	.L113
1289:Drivers/STM32F4xx_HAL_Driver/Src/stm32f4xx_hal_spi.c ****       {
 1730              		.loc 1 1289 80 discriminator 2 view .LVU587
 1731 01c4 002F     		cmp	r7, #0
 1732 01c6 D1D0     		beq	.L113
1291:Drivers/STM32F4xx_HAL_Driver/Src/stm32f4xx_hal_spi.c ****         hspi->pTxBuffPtr++;
 1733              		.loc 1 1291 9 is_stmt 1 view .LVU588
1291:Drivers/STM32F4xx_HAL_Driver/Src/stm32f4xx_hal_spi.c ****         hspi->pTxBuffPtr++;
 1734              		.loc 1 1291 71 is_stmt 0 view .LVU589
 1735 01c8 226B     		ldr	r2, [r4, #48]
1291:Drivers/STM32F4xx_HAL_Driver/Src/stm32f4xx_hal_spi.c ****         hspi->pTxBuffPtr++;
 1736              		.loc 1 1291 48 view .LVU590
 1737 01ca 1278     		ldrb	r2, [r2]	@ zero_extendqisi2
1291:Drivers/STM32F4xx_HAL_Driver/Src/stm32f4xx_hal_spi.c ****         hspi->pTxBuffPtr++;
 1738              		.loc 1 1291 46 view .LVU591
 1739 01cc 1A73     		strb	r2, [r3, #12]
1292:Drivers/STM32F4xx_HAL_Driver/Src/stm32f4xx_hal_spi.c ****         hspi->TxXferCount--;
 1740              		.loc 1 1292 9 is_stmt 1 view .LVU592
1292:Drivers/STM32F4xx_HAL_Driver/Src/stm32f4xx_hal_spi.c ****         hspi->TxXferCount--;
 1741              		.loc 1 1292 13 is_stmt 0 view .LVU593
 1742 01ce 236B     		ldr	r3, [r4, #48]
1292:Drivers/STM32F4xx_HAL_Driver/Src/stm32f4xx_hal_spi.c ****         hspi->TxXferCount--;
ARM GAS  C:\Users\10369\AppData\Local\Temp\ccy9FUfH.s 			page 110


 1743              		.loc 1 1292 25 view .LVU594
 1744 01d0 0133     		adds	r3, r3, #1
 1745 01d2 2363     		str	r3, [r4, #48]
1293:Drivers/STM32F4xx_HAL_Driver/Src/stm32f4xx_hal_spi.c ****         /* Next Data is a reception (Rx). Tx not allowed */
 1746              		.loc 1 1293 9 is_stmt 1 view .LVU595
1293:Drivers/STM32F4xx_HAL_Driver/Src/stm32f4xx_hal_spi.c ****         /* Next Data is a reception (Rx). Tx not allowed */
 1747              		.loc 1 1293 13 is_stmt 0 view .LVU596
 1748 01d4 E38E     		ldrh	r3, [r4, #54]
 1749 01d6 9BB2     		uxth	r3, r3
1293:Drivers/STM32F4xx_HAL_Driver/Src/stm32f4xx_hal_spi.c ****         /* Next Data is a reception (Rx). Tx not allowed */
 1750              		.loc 1 1293 26 view .LVU597
 1751 01d8 013B     		subs	r3, r3, #1
 1752 01da 9BB2     		uxth	r3, r3
 1753 01dc E386     		strh	r3, [r4, #54]	@ movhi
1295:Drivers/STM32F4xx_HAL_Driver/Src/stm32f4xx_hal_spi.c **** 
 1754              		.loc 1 1295 9 is_stmt 1 view .LVU598
 1755              	.LVL78:
1295:Drivers/STM32F4xx_HAL_Driver/Src/stm32f4xx_hal_spi.c **** 
 1756              		.loc 1 1295 19 is_stmt 0 view .LVU599
 1757 01de 0027     		movs	r7, #0
 1758 01e0 C4E7     		b	.L113
 1759              	.LVL79:
 1760              	.L116:
1317:Drivers/STM32F4xx_HAL_Driver/Src/stm32f4xx_hal_spi.c ****         __HAL_UNLOCK(hspi);
 1761              		.loc 1 1317 9 is_stmt 1 view .LVU600
1317:Drivers/STM32F4xx_HAL_Driver/Src/stm32f4xx_hal_spi.c ****         __HAL_UNLOCK(hspi);
 1762              		.loc 1 1317 21 is_stmt 0 view .LVU601
 1763 01e2 0123     		movs	r3, #1
 1764 01e4 84F85130 		strb	r3, [r4, #81]
1318:Drivers/STM32F4xx_HAL_Driver/Src/stm32f4xx_hal_spi.c ****         return HAL_TIMEOUT;
 1765              		.loc 1 1318 9 is_stmt 1 view .LVU602
1318:Drivers/STM32F4xx_HAL_Driver/Src/stm32f4xx_hal_spi.c ****         return HAL_TIMEOUT;
 1766              		.loc 1 1318 9 view .LVU603
 1767 01e8 0023     		movs	r3, #0
 1768 01ea 84F85030 		strb	r3, [r4, #80]
1318:Drivers/STM32F4xx_HAL_Driver/Src/stm32f4xx_hal_spi.c ****         return HAL_TIMEOUT;
 1769              		.loc 1 1318 9 view .LVU604
1319:Drivers/STM32F4xx_HAL_Driver/Src/stm32f4xx_hal_spi.c ****       }
 1770              		.loc 1 1319 9 view .LVU605
1319:Drivers/STM32F4xx_HAL_Driver/Src/stm32f4xx_hal_spi.c ****       }
 1771              		.loc 1 1319 16 is_stmt 0 view .LVU606
 1772 01ee 0320     		movs	r0, #3
 1773 01f0 20E0     		b	.L100
 1774              	.L110:
1355:Drivers/STM32F4xx_HAL_Driver/Src/stm32f4xx_hal_spi.c ****   {
 1775              		.loc 1 1355 3 is_stmt 1 view .LVU607
1355:Drivers/STM32F4xx_HAL_Driver/Src/stm32f4xx_hal_spi.c ****   {
 1776              		.loc 1 1355 7 is_stmt 0 view .LVU608
 1777 01f2 3246     		mov	r2, r6
 1778 01f4 2946     		mov	r1, r5
 1779 01f6 2046     		mov	r0, r4
 1780 01f8 FFF7FEFF 		bl	SPI_EndRxTxTransaction
 1781              	.LVL80:
1355:Drivers/STM32F4xx_HAL_Driver/Src/stm32f4xx_hal_spi.c ****   {
 1782              		.loc 1 1355 6 discriminator 1 view .LVU609
 1783 01fc 90B9     		cbnz	r0, .L131
1363:Drivers/STM32F4xx_HAL_Driver/Src/stm32f4xx_hal_spi.c ****   {
ARM GAS  C:\Users\10369\AppData\Local\Temp\ccy9FUfH.s 			page 111


 1784              		.loc 1 1363 3 is_stmt 1 view .LVU610
1363:Drivers/STM32F4xx_HAL_Driver/Src/stm32f4xx_hal_spi.c ****   {
 1785              		.loc 1 1363 17 is_stmt 0 view .LVU611
 1786 01fe A368     		ldr	r3, [r4, #8]
1363:Drivers/STM32F4xx_HAL_Driver/Src/stm32f4xx_hal_spi.c ****   {
 1787              		.loc 1 1363 6 view .LVU612
 1788 0200 33B9     		cbnz	r3, .L120
1365:Drivers/STM32F4xx_HAL_Driver/Src/stm32f4xx_hal_spi.c ****   }
 1789              		.loc 1 1365 5 is_stmt 1 view .LVU613
 1790              	.LBB3:
1365:Drivers/STM32F4xx_HAL_Driver/Src/stm32f4xx_hal_spi.c ****   }
 1791              		.loc 1 1365 5 view .LVU614
 1792 0202 0193     		str	r3, [sp, #4]
1365:Drivers/STM32F4xx_HAL_Driver/Src/stm32f4xx_hal_spi.c ****   }
 1793              		.loc 1 1365 5 view .LVU615
 1794 0204 2368     		ldr	r3, [r4]
 1795 0206 DA68     		ldr	r2, [r3, #12]
 1796 0208 0192     		str	r2, [sp, #4]
1365:Drivers/STM32F4xx_HAL_Driver/Src/stm32f4xx_hal_spi.c ****   }
 1797              		.loc 1 1365 5 view .LVU616
 1798 020a 9B68     		ldr	r3, [r3, #8]
 1799 020c 0193     		str	r3, [sp, #4]
1365:Drivers/STM32F4xx_HAL_Driver/Src/stm32f4xx_hal_spi.c ****   }
 1800              		.loc 1 1365 5 view .LVU617
 1801 020e 019B     		ldr	r3, [sp, #4]
 1802              	.L120:
 1803              	.LBE3:
1365:Drivers/STM32F4xx_HAL_Driver/Src/stm32f4xx_hal_spi.c ****   }
 1804              		.loc 1 1365 5 discriminator 1 view .LVU618
1369:Drivers/STM32F4xx_HAL_Driver/Src/stm32f4xx_hal_spi.c ****   /* Unlock the process */
 1805              		.loc 1 1369 3 view .LVU619
1369:Drivers/STM32F4xx_HAL_Driver/Src/stm32f4xx_hal_spi.c ****   /* Unlock the process */
 1806              		.loc 1 1369 15 is_stmt 0 view .LVU620
 1807 0210 0123     		movs	r3, #1
 1808 0212 84F85130 		strb	r3, [r4, #81]
1371:Drivers/STM32F4xx_HAL_Driver/Src/stm32f4xx_hal_spi.c **** 
 1809              		.loc 1 1371 3 is_stmt 1 view .LVU621
1371:Drivers/STM32F4xx_HAL_Driver/Src/stm32f4xx_hal_spi.c **** 
 1810              		.loc 1 1371 3 view .LVU622
 1811 0216 0023     		movs	r3, #0
 1812 0218 84F85030 		strb	r3, [r4, #80]
1371:Drivers/STM32F4xx_HAL_Driver/Src/stm32f4xx_hal_spi.c **** 
 1813              		.loc 1 1371 3 view .LVU623
1373:Drivers/STM32F4xx_HAL_Driver/Src/stm32f4xx_hal_spi.c ****   {
 1814              		.loc 1 1373 3 view .LVU624
1373:Drivers/STM32F4xx_HAL_Driver/Src/stm32f4xx_hal_spi.c ****   {
 1815              		.loc 1 1373 11 is_stmt 0 view .LVU625
 1816 021c 636D     		ldr	r3, [r4, #84]
1373:Drivers/STM32F4xx_HAL_Driver/Src/stm32f4xx_hal_spi.c ****   {
 1817              		.loc 1 1373 6 view .LVU626
 1818 021e 4BB1     		cbz	r3, .L100
1375:Drivers/STM32F4xx_HAL_Driver/Src/stm32f4xx_hal_spi.c ****   }
 1819              		.loc 1 1375 12 view .LVU627
 1820 0220 0120     		movs	r0, #1
 1821 0222 07E0     		b	.L100
 1822              	.L131:
1357:Drivers/STM32F4xx_HAL_Driver/Src/stm32f4xx_hal_spi.c ****     __HAL_UNLOCK(hspi);
ARM GAS  C:\Users\10369\AppData\Local\Temp\ccy9FUfH.s 			page 112


 1823              		.loc 1 1357 5 is_stmt 1 view .LVU628
1357:Drivers/STM32F4xx_HAL_Driver/Src/stm32f4xx_hal_spi.c ****     __HAL_UNLOCK(hspi);
 1824              		.loc 1 1357 21 is_stmt 0 view .LVU629
 1825 0224 2023     		movs	r3, #32
 1826 0226 6365     		str	r3, [r4, #84]
1358:Drivers/STM32F4xx_HAL_Driver/Src/stm32f4xx_hal_spi.c ****     return HAL_ERROR;
 1827              		.loc 1 1358 5 is_stmt 1 view .LVU630
1358:Drivers/STM32F4xx_HAL_Driver/Src/stm32f4xx_hal_spi.c ****     return HAL_ERROR;
 1828              		.loc 1 1358 5 view .LVU631
 1829 0228 0023     		movs	r3, #0
 1830 022a 84F85030 		strb	r3, [r4, #80]
1358:Drivers/STM32F4xx_HAL_Driver/Src/stm32f4xx_hal_spi.c ****     return HAL_ERROR;
 1831              		.loc 1 1358 5 view .LVU632
1359:Drivers/STM32F4xx_HAL_Driver/Src/stm32f4xx_hal_spi.c ****   }
 1832              		.loc 1 1359 5 view .LVU633
1359:Drivers/STM32F4xx_HAL_Driver/Src/stm32f4xx_hal_spi.c ****   }
 1833              		.loc 1 1359 12 is_stmt 0 view .LVU634
 1834 022e 0120     		movs	r0, #1
 1835 0230 00E0     		b	.L100
 1836              	.LVL81:
 1837              	.L121:
1169:Drivers/STM32F4xx_HAL_Driver/Src/stm32f4xx_hal_spi.c ****   }
 1838              		.loc 1 1169 12 view .LVU635
 1839 0232 0220     		movs	r0, #2
 1840              	.LVL82:
 1841              	.L100:
1381:Drivers/STM32F4xx_HAL_Driver/Src/stm32f4xx_hal_spi.c **** 
 1842              		.loc 1 1381 1 view .LVU636
 1843 0234 03B0     		add	sp, sp, #12
 1844              	.LCFI23:
 1845              		.cfi_remember_state
 1846              		.cfi_def_cfa_offset 28
 1847              		@ sp needed
 1848 0236 BDE8F083 		pop	{r4, r5, r6, r7, r8, r9, pc}
 1849              	.LVL83:
 1850              	.L122:
 1851              	.LCFI24:
 1852              		.cfi_restore_state
1169:Drivers/STM32F4xx_HAL_Driver/Src/stm32f4xx_hal_spi.c ****   }
 1853              		.loc 1 1169 12 view .LVU637
 1854 023a 0220     		movs	r0, #2
 1855              	.LVL84:
1169:Drivers/STM32F4xx_HAL_Driver/Src/stm32f4xx_hal_spi.c ****   }
 1856              		.loc 1 1169 12 view .LVU638
 1857 023c FAE7     		b	.L100
 1858              	.LVL85:
 1859              	.L123:
1169:Drivers/STM32F4xx_HAL_Driver/Src/stm32f4xx_hal_spi.c ****   }
 1860              		.loc 1 1169 12 view .LVU639
 1861 023e 0220     		movs	r0, #2
 1862              	.LVL86:
1169:Drivers/STM32F4xx_HAL_Driver/Src/stm32f4xx_hal_spi.c ****   }
 1863              		.loc 1 1169 12 view .LVU640
 1864 0240 F8E7     		b	.L100
 1865              	.LVL87:
 1866              	.L124:
1174:Drivers/STM32F4xx_HAL_Driver/Src/stm32f4xx_hal_spi.c ****   }
ARM GAS  C:\Users\10369\AppData\Local\Temp\ccy9FUfH.s 			page 113


 1867              		.loc 1 1174 12 view .LVU641
 1868 0242 0120     		movs	r0, #1
 1869              	.LVL88:
1174:Drivers/STM32F4xx_HAL_Driver/Src/stm32f4xx_hal_spi.c ****   }
 1870              		.loc 1 1174 12 view .LVU642
 1871 0244 F6E7     		b	.L100
 1872              	.LVL89:
 1873              	.L125:
1174:Drivers/STM32F4xx_HAL_Driver/Src/stm32f4xx_hal_spi.c ****   }
 1874              		.loc 1 1174 12 view .LVU643
 1875 0246 0120     		movs	r0, #1
 1876              	.LVL90:
1174:Drivers/STM32F4xx_HAL_Driver/Src/stm32f4xx_hal_spi.c ****   }
 1877              		.loc 1 1174 12 view .LVU644
 1878 0248 F4E7     		b	.L100
 1879              	.LVL91:
 1880              	.L126:
1174:Drivers/STM32F4xx_HAL_Driver/Src/stm32f4xx_hal_spi.c ****   }
 1881              		.loc 1 1174 12 view .LVU645
 1882 024a 0120     		movs	r0, #1
 1883              	.LVL92:
1174:Drivers/STM32F4xx_HAL_Driver/Src/stm32f4xx_hal_spi.c ****   }
 1884              		.loc 1 1174 12 view .LVU646
 1885 024c F2E7     		b	.L100
 1886              	.LVL93:
 1887              	.L127:
1178:Drivers/STM32F4xx_HAL_Driver/Src/stm32f4xx_hal_spi.c **** 
 1888              		.loc 1 1178 3 discriminator 1 view .LVU647
 1889 024e 0220     		movs	r0, #2
 1890              	.LVL94:
1178:Drivers/STM32F4xx_HAL_Driver/Src/stm32f4xx_hal_spi.c **** 
 1891              		.loc 1 1178 3 discriminator 1 view .LVU648
 1892 0250 F0E7     		b	.L100
 1893              		.cfi_endproc
 1894              	.LFE140:
 1896              		.section	.text.HAL_SPI_Receive,"ax",%progbits
 1897              		.align	1
 1898              		.global	HAL_SPI_Receive
 1899              		.syntax unified
 1900              		.thumb
 1901              		.thumb_func
 1903              	HAL_SPI_Receive:
 1904              	.LVL95:
 1905              	.LFB139:
 941:Drivers/STM32F4xx_HAL_Driver/Src/stm32f4xx_hal_spi.c **** #if (USE_SPI_CRC != 0U)
 1906              		.loc 1 941 1 is_stmt 1 view -0
 1907              		.cfi_startproc
 1908              		@ args = 0, pretend = 0, frame = 0
 1909              		@ frame_needed = 0, uses_anonymous_args = 0
 941:Drivers/STM32F4xx_HAL_Driver/Src/stm32f4xx_hal_spi.c **** #if (USE_SPI_CRC != 0U)
 1910              		.loc 1 941 1 is_stmt 0 view .LVU650
 1911 0000 2DE9F043 		push	{r4, r5, r6, r7, r8, r9, lr}
 1912              	.LCFI25:
 1913              		.cfi_def_cfa_offset 28
 1914              		.cfi_offset 4, -28
 1915              		.cfi_offset 5, -24
 1916              		.cfi_offset 6, -20
ARM GAS  C:\Users\10369\AppData\Local\Temp\ccy9FUfH.s 			page 114


 1917              		.cfi_offset 7, -16
 1918              		.cfi_offset 8, -12
 1919              		.cfi_offset 9, -8
 1920              		.cfi_offset 14, -4
 1921 0004 83B0     		sub	sp, sp, #12
 1922              	.LCFI26:
 1923              		.cfi_def_cfa_offset 40
 1924 0006 1D46     		mov	r5, r3
 945:Drivers/STM32F4xx_HAL_Driver/Src/stm32f4xx_hal_spi.c **** 
 1925              		.loc 1 945 3 is_stmt 1 view .LVU651
 947:Drivers/STM32F4xx_HAL_Driver/Src/stm32f4xx_hal_spi.c ****   {
 1926              		.loc 1 947 3 view .LVU652
 947:Drivers/STM32F4xx_HAL_Driver/Src/stm32f4xx_hal_spi.c ****   {
 1927              		.loc 1 947 11 is_stmt 0 view .LVU653
 1928 0008 90F85130 		ldrb	r3, [r0, #81]	@ zero_extendqisi2
 1929              	.LVL96:
 947:Drivers/STM32F4xx_HAL_Driver/Src/stm32f4xx_hal_spi.c ****   {
 1930              		.loc 1 947 6 view .LVU654
 1931 000c 012B     		cmp	r3, #1
 1932 000e 40F0B280 		bne	.L151
 1933 0012 0446     		mov	r4, r0
 1934 0014 8946     		mov	r9, r1
 1935 0016 9046     		mov	r8, r2
 1936 0018 DFB2     		uxtb	r7, r3
 952:Drivers/STM32F4xx_HAL_Driver/Src/stm32f4xx_hal_spi.c ****   {
 1937              		.loc 1 952 3 is_stmt 1 view .LVU655
 952:Drivers/STM32F4xx_HAL_Driver/Src/stm32f4xx_hal_spi.c ****   {
 1938              		.loc 1 952 6 is_stmt 0 view .LVU656
 1939 001a 0029     		cmp	r1, #0
 1940 001c 00F0AC80 		beq	.L133
 952:Drivers/STM32F4xx_HAL_Driver/Src/stm32f4xx_hal_spi.c ****   {
 1941              		.loc 1 952 23 discriminator 1 view .LVU657
 1942 0020 002A     		cmp	r2, #0
 1943 0022 00F0A980 		beq	.L133
 957:Drivers/STM32F4xx_HAL_Driver/Src/stm32f4xx_hal_spi.c ****   {
 1944              		.loc 1 957 3 is_stmt 1 view .LVU658
 957:Drivers/STM32F4xx_HAL_Driver/Src/stm32f4xx_hal_spi.c ****   {
 1945              		.loc 1 957 18 is_stmt 0 view .LVU659
 1946 0026 4368     		ldr	r3, [r0, #4]
 957:Drivers/STM32F4xx_HAL_Driver/Src/stm32f4xx_hal_spi.c ****   {
 1947              		.loc 1 957 6 view .LVU660
 1948 0028 B3F5827F 		cmp	r3, #260
 1949 002c 01D1     		bne	.L134
 957:Drivers/STM32F4xx_HAL_Driver/Src/stm32f4xx_hal_spi.c ****   {
 1950              		.loc 1 957 58 discriminator 1 view .LVU661
 1951 002e 8368     		ldr	r3, [r0, #8]
 957:Drivers/STM32F4xx_HAL_Driver/Src/stm32f4xx_hal_spi.c ****   {
 1952              		.loc 1 957 44 discriminator 1 view .LVU662
 1953 0030 53B3     		cbz	r3, .L155
 1954              	.L134:
 965:Drivers/STM32F4xx_HAL_Driver/Src/stm32f4xx_hal_spi.c **** 
 1955              		.loc 1 965 3 is_stmt 1 view .LVU663
 965:Drivers/STM32F4xx_HAL_Driver/Src/stm32f4xx_hal_spi.c **** 
 1956              		.loc 1 965 15 is_stmt 0 view .LVU664
 1957 0032 FFF7FEFF 		bl	HAL_GetTick
 1958              	.LVL97:
 965:Drivers/STM32F4xx_HAL_Driver/Src/stm32f4xx_hal_spi.c **** 
ARM GAS  C:\Users\10369\AppData\Local\Temp\ccy9FUfH.s 			page 115


 1959              		.loc 1 965 15 view .LVU665
 1960 0036 0646     		mov	r6, r0
 1961              	.LVL98:
 968:Drivers/STM32F4xx_HAL_Driver/Src/stm32f4xx_hal_spi.c **** 
 1962              		.loc 1 968 3 is_stmt 1 view .LVU666
 968:Drivers/STM32F4xx_HAL_Driver/Src/stm32f4xx_hal_spi.c **** 
 1963              		.loc 1 968 3 view .LVU667
 1964 0038 94F85030 		ldrb	r3, [r4, #80]	@ zero_extendqisi2
 1965 003c 012B     		cmp	r3, #1
 1966 003e 00F09F80 		beq	.L152
 968:Drivers/STM32F4xx_HAL_Driver/Src/stm32f4xx_hal_spi.c **** 
 1967              		.loc 1 968 3 discriminator 2 view .LVU668
 1968 0042 0123     		movs	r3, #1
 1969 0044 84F85030 		strb	r3, [r4, #80]
 968:Drivers/STM32F4xx_HAL_Driver/Src/stm32f4xx_hal_spi.c **** 
 1970              		.loc 1 968 3 view .LVU669
 971:Drivers/STM32F4xx_HAL_Driver/Src/stm32f4xx_hal_spi.c ****   hspi->ErrorCode   = HAL_SPI_ERROR_NONE;
 1971              		.loc 1 971 3 view .LVU670
 971:Drivers/STM32F4xx_HAL_Driver/Src/stm32f4xx_hal_spi.c ****   hspi->ErrorCode   = HAL_SPI_ERROR_NONE;
 1972              		.loc 1 971 21 is_stmt 0 view .LVU671
 1973 0048 0423     		movs	r3, #4
 1974 004a 84F85130 		strb	r3, [r4, #81]
 972:Drivers/STM32F4xx_HAL_Driver/Src/stm32f4xx_hal_spi.c ****   hspi->pRxBuffPtr  = (uint8_t *)pData;
 1975              		.loc 1 972 3 is_stmt 1 view .LVU672
 972:Drivers/STM32F4xx_HAL_Driver/Src/stm32f4xx_hal_spi.c ****   hspi->pRxBuffPtr  = (uint8_t *)pData;
 1976              		.loc 1 972 21 is_stmt 0 view .LVU673
 1977 004e 0023     		movs	r3, #0
 1978 0050 6365     		str	r3, [r4, #84]
 973:Drivers/STM32F4xx_HAL_Driver/Src/stm32f4xx_hal_spi.c ****   hspi->RxXferSize  = Size;
 1979              		.loc 1 973 3 is_stmt 1 view .LVU674
 973:Drivers/STM32F4xx_HAL_Driver/Src/stm32f4xx_hal_spi.c ****   hspi->RxXferSize  = Size;
 1980              		.loc 1 973 21 is_stmt 0 view .LVU675
 1981 0052 C4F83890 		str	r9, [r4, #56]
 974:Drivers/STM32F4xx_HAL_Driver/Src/stm32f4xx_hal_spi.c ****   hspi->RxXferCount = Size;
 1982              		.loc 1 974 3 is_stmt 1 view .LVU676
 974:Drivers/STM32F4xx_HAL_Driver/Src/stm32f4xx_hal_spi.c ****   hspi->RxXferCount = Size;
 1983              		.loc 1 974 21 is_stmt 0 view .LVU677
 1984 0056 A4F83C80 		strh	r8, [r4, #60]	@ movhi
 975:Drivers/STM32F4xx_HAL_Driver/Src/stm32f4xx_hal_spi.c **** 
 1985              		.loc 1 975 3 is_stmt 1 view .LVU678
 975:Drivers/STM32F4xx_HAL_Driver/Src/stm32f4xx_hal_spi.c **** 
 1986              		.loc 1 975 21 is_stmt 0 view .LVU679
 1987 005a A4F83E80 		strh	r8, [r4, #62]	@ movhi
 978:Drivers/STM32F4xx_HAL_Driver/Src/stm32f4xx_hal_spi.c ****   hspi->TxXferSize  = 0U;
 1988              		.loc 1 978 3 is_stmt 1 view .LVU680
 978:Drivers/STM32F4xx_HAL_Driver/Src/stm32f4xx_hal_spi.c ****   hspi->TxXferSize  = 0U;
 1989              		.loc 1 978 21 is_stmt 0 view .LVU681
 1990 005e 2363     		str	r3, [r4, #48]
 979:Drivers/STM32F4xx_HAL_Driver/Src/stm32f4xx_hal_spi.c ****   hspi->TxXferCount = 0U;
 1991              		.loc 1 979 3 is_stmt 1 view .LVU682
 979:Drivers/STM32F4xx_HAL_Driver/Src/stm32f4xx_hal_spi.c ****   hspi->TxXferCount = 0U;
 1992              		.loc 1 979 21 is_stmt 0 view .LVU683
 1993 0060 A386     		strh	r3, [r4, #52]	@ movhi
 980:Drivers/STM32F4xx_HAL_Driver/Src/stm32f4xx_hal_spi.c ****   hspi->RxISR       = NULL;
 1994              		.loc 1 980 3 is_stmt 1 view .LVU684
 980:Drivers/STM32F4xx_HAL_Driver/Src/stm32f4xx_hal_spi.c ****   hspi->RxISR       = NULL;
 1995              		.loc 1 980 21 is_stmt 0 view .LVU685
ARM GAS  C:\Users\10369\AppData\Local\Temp\ccy9FUfH.s 			page 116


 1996 0062 E386     		strh	r3, [r4, #54]	@ movhi
 981:Drivers/STM32F4xx_HAL_Driver/Src/stm32f4xx_hal_spi.c ****   hspi->TxISR       = NULL;
 1997              		.loc 1 981 3 is_stmt 1 view .LVU686
 981:Drivers/STM32F4xx_HAL_Driver/Src/stm32f4xx_hal_spi.c ****   hspi->TxISR       = NULL;
 1998              		.loc 1 981 21 is_stmt 0 view .LVU687
 1999 0064 2364     		str	r3, [r4, #64]
 982:Drivers/STM32F4xx_HAL_Driver/Src/stm32f4xx_hal_spi.c **** 
 2000              		.loc 1 982 3 is_stmt 1 view .LVU688
 982:Drivers/STM32F4xx_HAL_Driver/Src/stm32f4xx_hal_spi.c **** 
 2001              		.loc 1 982 21 is_stmt 0 view .LVU689
 2002 0066 6364     		str	r3, [r4, #68]
 995:Drivers/STM32F4xx_HAL_Driver/Src/stm32f4xx_hal_spi.c ****   {
 2003              		.loc 1 995 3 is_stmt 1 view .LVU690
 995:Drivers/STM32F4xx_HAL_Driver/Src/stm32f4xx_hal_spi.c ****   {
 2004              		.loc 1 995 17 is_stmt 0 view .LVU691
 2005 0068 A368     		ldr	r3, [r4, #8]
 995:Drivers/STM32F4xx_HAL_Driver/Src/stm32f4xx_hal_spi.c ****   {
 2006              		.loc 1 995 6 view .LVU692
 2007 006a B3F5004F 		cmp	r3, #32768
 2008 006e 15D0     		beq	.L156
 2009              	.L135:
1003:Drivers/STM32F4xx_HAL_Driver/Src/stm32f4xx_hal_spi.c ****   {
 2010              		.loc 1 1003 3 is_stmt 1 view .LVU693
1003:Drivers/STM32F4xx_HAL_Driver/Src/stm32f4xx_hal_spi.c ****   {
 2011              		.loc 1 1003 12 is_stmt 0 view .LVU694
 2012 0070 2368     		ldr	r3, [r4]
1003:Drivers/STM32F4xx_HAL_Driver/Src/stm32f4xx_hal_spi.c ****   {
 2013              		.loc 1 1003 22 view .LVU695
 2014 0072 1A68     		ldr	r2, [r3]
1003:Drivers/STM32F4xx_HAL_Driver/Src/stm32f4xx_hal_spi.c ****   {
 2015              		.loc 1 1003 6 view .LVU696
 2016 0074 12F0400F 		tst	r2, #64
 2017 0078 03D1     		bne	.L136
1006:Drivers/STM32F4xx_HAL_Driver/Src/stm32f4xx_hal_spi.c ****   }
 2018              		.loc 1 1006 5 is_stmt 1 view .LVU697
 2019 007a 1A68     		ldr	r2, [r3]
 2020 007c 42F04002 		orr	r2, r2, #64
 2021 0080 1A60     		str	r2, [r3]
 2022              	.L136:
1010:Drivers/STM32F4xx_HAL_Driver/Src/stm32f4xx_hal_spi.c ****   {
 2023              		.loc 1 1010 3 view .LVU698
1010:Drivers/STM32F4xx_HAL_Driver/Src/stm32f4xx_hal_spi.c ****   {
 2024              		.loc 1 1010 17 is_stmt 0 view .LVU699
 2025 0082 E368     		ldr	r3, [r4, #12]
1010:Drivers/STM32F4xx_HAL_Driver/Src/stm32f4xx_hal_spi.c ****   {
 2026              		.loc 1 1010 6 view .LVU700
 2027 0084 F3B1     		cbz	r3, .L137
 2028 0086 43E0     		b	.L138
 2029              	.LVL99:
 2030              	.L155:
 959:Drivers/STM32F4xx_HAL_Driver/Src/stm32f4xx_hal_spi.c ****     /* Call transmit-receive function to send Dummy data on Tx line and generate clock on CLK line 
 2031              		.loc 1 959 5 is_stmt 1 view .LVU701
 959:Drivers/STM32F4xx_HAL_Driver/Src/stm32f4xx_hal_spi.c ****     /* Call transmit-receive function to send Dummy data on Tx line and generate clock on CLK line 
 2032              		.loc 1 959 17 is_stmt 0 view .LVU702
 2033 0088 0423     		movs	r3, #4
 2034 008a 80F85130 		strb	r3, [r0, #81]
 961:Drivers/STM32F4xx_HAL_Driver/Src/stm32f4xx_hal_spi.c ****   }
ARM GAS  C:\Users\10369\AppData\Local\Temp\ccy9FUfH.s 			page 117


 2035              		.loc 1 961 5 is_stmt 1 view .LVU703
 961:Drivers/STM32F4xx_HAL_Driver/Src/stm32f4xx_hal_spi.c ****   }
 2036              		.loc 1 961 12 is_stmt 0 view .LVU704
 2037 008e 0095     		str	r5, [sp]
 2038 0090 1346     		mov	r3, r2
 2039 0092 0A46     		mov	r2, r1
 2040              	.LVL100:
 961:Drivers/STM32F4xx_HAL_Driver/Src/stm32f4xx_hal_spi.c ****   }
 2041              		.loc 1 961 12 view .LVU705
 2042 0094 FFF7FEFF 		bl	HAL_SPI_TransmitReceive
 2043              	.LVL101:
 961:Drivers/STM32F4xx_HAL_Driver/Src/stm32f4xx_hal_spi.c ****   }
 2044              		.loc 1 961 12 view .LVU706
 2045 0098 0746     		mov	r7, r0
 2046 009a 6DE0     		b	.L133
 2047              	.LVL102:
 2048              	.L156:
 998:Drivers/STM32F4xx_HAL_Driver/Src/stm32f4xx_hal_spi.c ****     SPI_1LINE_RX(hspi);
 2049              		.loc 1 998 5 is_stmt 1 view .LVU707
 2050 009c 2268     		ldr	r2, [r4]
 2051 009e 1368     		ldr	r3, [r2]
 2052 00a0 23F04003 		bic	r3, r3, #64
 2053 00a4 1360     		str	r3, [r2]
 999:Drivers/STM32F4xx_HAL_Driver/Src/stm32f4xx_hal_spi.c ****   }
 2054              		.loc 1 999 5 view .LVU708
 2055 00a6 2268     		ldr	r2, [r4]
 2056 00a8 1368     		ldr	r3, [r2]
 2057 00aa 23F48043 		bic	r3, r3, #16384
 2058 00ae 1360     		str	r3, [r2]
 2059 00b0 DEE7     		b	.L135
 2060              	.LVL103:
 2061              	.L139:
1026:Drivers/STM32F4xx_HAL_Driver/Src/stm32f4xx_hal_spi.c ****         {
 2062              		.loc 1 1026 9 view .LVU709
1026:Drivers/STM32F4xx_HAL_Driver/Src/stm32f4xx_hal_spi.c ****         {
 2063              		.loc 1 1026 16 is_stmt 0 view .LVU710
 2064 00b2 FFF7FEFF 		bl	HAL_GetTick
 2065              	.LVL104:
1026:Drivers/STM32F4xx_HAL_Driver/Src/stm32f4xx_hal_spi.c ****         {
 2066              		.loc 1 1026 30 discriminator 1 view .LVU711
 2067 00b6 801B     		subs	r0, r0, r6
1026:Drivers/STM32F4xx_HAL_Driver/Src/stm32f4xx_hal_spi.c ****         {
 2068              		.loc 1 1026 12 discriminator 1 view .LVU712
 2069 00b8 A842     		cmp	r0, r5
 2070 00ba 02D3     		bcc	.L141
1026:Drivers/STM32F4xx_HAL_Driver/Src/stm32f4xx_hal_spi.c ****         {
 2071              		.loc 1 1026 56 discriminator 1 view .LVU713
 2072 00bc B5F1FF3F 		cmp	r5, #-1
 2073 00c0 15D1     		bne	.L142
 2074              	.L141:
1026:Drivers/STM32F4xx_HAL_Driver/Src/stm32f4xx_hal_spi.c ****         {
 2075              		.loc 1 1026 87 discriminator 3 view .LVU714
 2076 00c2 A5B1     		cbz	r5, .L142
 2077              	.L137:
1013:Drivers/STM32F4xx_HAL_Driver/Src/stm32f4xx_hal_spi.c ****     {
 2078              		.loc 1 1013 30 is_stmt 1 view .LVU715
1013:Drivers/STM32F4xx_HAL_Driver/Src/stm32f4xx_hal_spi.c ****     {
ARM GAS  C:\Users\10369\AppData\Local\Temp\ccy9FUfH.s 			page 118


 2079              		.loc 1 1013 16 is_stmt 0 view .LVU716
 2080 00c4 E38F     		ldrh	r3, [r4, #62]
 2081 00c6 9BB2     		uxth	r3, r3
1013:Drivers/STM32F4xx_HAL_Driver/Src/stm32f4xx_hal_spi.c ****     {
 2082              		.loc 1 1013 30 view .LVU717
 2083 00c8 002B     		cmp	r3, #0
 2084 00ca 42D0     		beq	.L144
1016:Drivers/STM32F4xx_HAL_Driver/Src/stm32f4xx_hal_spi.c ****       {
 2085              		.loc 1 1016 7 is_stmt 1 view .LVU718
1016:Drivers/STM32F4xx_HAL_Driver/Src/stm32f4xx_hal_spi.c ****       {
 2086              		.loc 1 1016 11 is_stmt 0 view .LVU719
 2087 00cc 2368     		ldr	r3, [r4]
 2088 00ce 9A68     		ldr	r2, [r3, #8]
1016:Drivers/STM32F4xx_HAL_Driver/Src/stm32f4xx_hal_spi.c ****       {
 2089              		.loc 1 1016 10 view .LVU720
 2090 00d0 12F0010F 		tst	r2, #1
 2091 00d4 EDD0     		beq	.L139
1019:Drivers/STM32F4xx_HAL_Driver/Src/stm32f4xx_hal_spi.c ****         hspi->pRxBuffPtr += sizeof(uint8_t);
 2092              		.loc 1 1019 9 is_stmt 1 view .LVU721
1019:Drivers/STM32F4xx_HAL_Driver/Src/stm32f4xx_hal_spi.c ****         hspi->pRxBuffPtr += sizeof(uint8_t);
 2093              		.loc 1 1019 27 is_stmt 0 view .LVU722
 2094 00d6 A26B     		ldr	r2, [r4, #56]
1019:Drivers/STM32F4xx_HAL_Driver/Src/stm32f4xx_hal_spi.c ****         hspi->pRxBuffPtr += sizeof(uint8_t);
 2095              		.loc 1 1019 43 view .LVU723
 2096 00d8 1B7B     		ldrb	r3, [r3, #12]	@ zero_extendqisi2
1019:Drivers/STM32F4xx_HAL_Driver/Src/stm32f4xx_hal_spi.c ****         hspi->pRxBuffPtr += sizeof(uint8_t);
 2097              		.loc 1 1019 41 view .LVU724
 2098 00da 1370     		strb	r3, [r2]
1020:Drivers/STM32F4xx_HAL_Driver/Src/stm32f4xx_hal_spi.c ****         hspi->RxXferCount--;
 2099              		.loc 1 1020 9 is_stmt 1 view .LVU725
1020:Drivers/STM32F4xx_HAL_Driver/Src/stm32f4xx_hal_spi.c ****         hspi->RxXferCount--;
 2100              		.loc 1 1020 13 is_stmt 0 view .LVU726
 2101 00dc A36B     		ldr	r3, [r4, #56]
1020:Drivers/STM32F4xx_HAL_Driver/Src/stm32f4xx_hal_spi.c ****         hspi->RxXferCount--;
 2102              		.loc 1 1020 26 view .LVU727
 2103 00de 0133     		adds	r3, r3, #1
 2104 00e0 A363     		str	r3, [r4, #56]
1021:Drivers/STM32F4xx_HAL_Driver/Src/stm32f4xx_hal_spi.c ****       }
 2105              		.loc 1 1021 9 is_stmt 1 view .LVU728
1021:Drivers/STM32F4xx_HAL_Driver/Src/stm32f4xx_hal_spi.c ****       }
 2106              		.loc 1 1021 13 is_stmt 0 view .LVU729
 2107 00e2 E38F     		ldrh	r3, [r4, #62]
 2108 00e4 9BB2     		uxth	r3, r3
1021:Drivers/STM32F4xx_HAL_Driver/Src/stm32f4xx_hal_spi.c ****       }
 2109              		.loc 1 1021 26 view .LVU730
 2110 00e6 013B     		subs	r3, r3, #1
 2111 00e8 9BB2     		uxth	r3, r3
 2112 00ea E387     		strh	r3, [r4, #62]	@ movhi
 2113 00ec EAE7     		b	.L137
 2114              	.L142:
1028:Drivers/STM32F4xx_HAL_Driver/Src/stm32f4xx_hal_spi.c ****           __HAL_UNLOCK(hspi);
 2115              		.loc 1 1028 11 is_stmt 1 view .LVU731
1028:Drivers/STM32F4xx_HAL_Driver/Src/stm32f4xx_hal_spi.c ****           __HAL_UNLOCK(hspi);
 2116              		.loc 1 1028 23 is_stmt 0 view .LVU732
 2117 00ee 0123     		movs	r3, #1
 2118 00f0 84F85130 		strb	r3, [r4, #81]
1029:Drivers/STM32F4xx_HAL_Driver/Src/stm32f4xx_hal_spi.c ****           return HAL_TIMEOUT;
ARM GAS  C:\Users\10369\AppData\Local\Temp\ccy9FUfH.s 			page 119


 2119              		.loc 1 1029 11 is_stmt 1 view .LVU733
1029:Drivers/STM32F4xx_HAL_Driver/Src/stm32f4xx_hal_spi.c ****           return HAL_TIMEOUT;
 2120              		.loc 1 1029 11 view .LVU734
 2121 00f4 0023     		movs	r3, #0
 2122 00f6 84F85030 		strb	r3, [r4, #80]
1029:Drivers/STM32F4xx_HAL_Driver/Src/stm32f4xx_hal_spi.c ****           return HAL_TIMEOUT;
 2123              		.loc 1 1029 11 view .LVU735
1030:Drivers/STM32F4xx_HAL_Driver/Src/stm32f4xx_hal_spi.c ****         }
 2124              		.loc 1 1030 11 view .LVU736
1030:Drivers/STM32F4xx_HAL_Driver/Src/stm32f4xx_hal_spi.c ****         }
 2125              		.loc 1 1030 18 is_stmt 0 view .LVU737
 2126 00fa 0327     		movs	r7, #3
 2127 00fc 3CE0     		b	.L133
 2128              	.L145:
1050:Drivers/STM32F4xx_HAL_Driver/Src/stm32f4xx_hal_spi.c ****         {
 2129              		.loc 1 1050 9 is_stmt 1 view .LVU738
1050:Drivers/STM32F4xx_HAL_Driver/Src/stm32f4xx_hal_spi.c ****         {
 2130              		.loc 1 1050 16 is_stmt 0 view .LVU739
 2131 00fe FFF7FEFF 		bl	HAL_GetTick
 2132              	.LVL105:
1050:Drivers/STM32F4xx_HAL_Driver/Src/stm32f4xx_hal_spi.c ****         {
 2133              		.loc 1 1050 30 discriminator 1 view .LVU740
 2134 0102 801B     		subs	r0, r0, r6
1050:Drivers/STM32F4xx_HAL_Driver/Src/stm32f4xx_hal_spi.c ****         {
 2135              		.loc 1 1050 12 discriminator 1 view .LVU741
 2136 0104 A842     		cmp	r0, r5
 2137 0106 02D3     		bcc	.L147
1050:Drivers/STM32F4xx_HAL_Driver/Src/stm32f4xx_hal_spi.c ****         {
 2138              		.loc 1 1050 56 discriminator 1 view .LVU742
 2139 0108 B5F1FF3F 		cmp	r5, #-1
 2140 010c 19D1     		bne	.L148
 2141              	.L147:
1050:Drivers/STM32F4xx_HAL_Driver/Src/stm32f4xx_hal_spi.c ****         {
 2142              		.loc 1 1050 87 discriminator 3 view .LVU743
 2143 010e C5B1     		cbz	r5, .L148
 2144              	.L138:
1038:Drivers/STM32F4xx_HAL_Driver/Src/stm32f4xx_hal_spi.c ****     {
 2145              		.loc 1 1038 30 is_stmt 1 view .LVU744
1038:Drivers/STM32F4xx_HAL_Driver/Src/stm32f4xx_hal_spi.c ****     {
 2146              		.loc 1 1038 16 is_stmt 0 view .LVU745
 2147 0110 E38F     		ldrh	r3, [r4, #62]
 2148 0112 9BB2     		uxth	r3, r3
1038:Drivers/STM32F4xx_HAL_Driver/Src/stm32f4xx_hal_spi.c ****     {
 2149              		.loc 1 1038 30 view .LVU746
 2150 0114 EBB1     		cbz	r3, .L144
1041:Drivers/STM32F4xx_HAL_Driver/Src/stm32f4xx_hal_spi.c ****       {
 2151              		.loc 1 1041 7 is_stmt 1 view .LVU747
1041:Drivers/STM32F4xx_HAL_Driver/Src/stm32f4xx_hal_spi.c ****       {
 2152              		.loc 1 1041 11 is_stmt 0 view .LVU748
 2153 0116 2368     		ldr	r3, [r4]
 2154 0118 9A68     		ldr	r2, [r3, #8]
1041:Drivers/STM32F4xx_HAL_Driver/Src/stm32f4xx_hal_spi.c ****       {
 2155              		.loc 1 1041 10 view .LVU749
 2156 011a 12F0010F 		tst	r2, #1
 2157 011e EED0     		beq	.L145
1043:Drivers/STM32F4xx_HAL_Driver/Src/stm32f4xx_hal_spi.c ****         hspi->pRxBuffPtr += sizeof(uint16_t);
 2158              		.loc 1 1043 9 is_stmt 1 view .LVU750
ARM GAS  C:\Users\10369\AppData\Local\Temp\ccy9FUfH.s 			page 120


1043:Drivers/STM32F4xx_HAL_Driver/Src/stm32f4xx_hal_spi.c ****         hspi->pRxBuffPtr += sizeof(uint16_t);
 2159              		.loc 1 1043 67 is_stmt 0 view .LVU751
 2160 0120 DA68     		ldr	r2, [r3, #12]
1043:Drivers/STM32F4xx_HAL_Driver/Src/stm32f4xx_hal_spi.c ****         hspi->pRxBuffPtr += sizeof(uint16_t);
 2161              		.loc 1 1043 27 view .LVU752
 2162 0122 A36B     		ldr	r3, [r4, #56]
1043:Drivers/STM32F4xx_HAL_Driver/Src/stm32f4xx_hal_spi.c ****         hspi->pRxBuffPtr += sizeof(uint16_t);
 2163              		.loc 1 1043 41 view .LVU753
 2164 0124 1A80     		strh	r2, [r3]	@ movhi
1044:Drivers/STM32F4xx_HAL_Driver/Src/stm32f4xx_hal_spi.c ****         hspi->RxXferCount--;
 2165              		.loc 1 1044 9 is_stmt 1 view .LVU754
1044:Drivers/STM32F4xx_HAL_Driver/Src/stm32f4xx_hal_spi.c ****         hspi->RxXferCount--;
 2166              		.loc 1 1044 13 is_stmt 0 view .LVU755
 2167 0126 A36B     		ldr	r3, [r4, #56]
1044:Drivers/STM32F4xx_HAL_Driver/Src/stm32f4xx_hal_spi.c ****         hspi->RxXferCount--;
 2168              		.loc 1 1044 26 view .LVU756
 2169 0128 0233     		adds	r3, r3, #2
 2170 012a A363     		str	r3, [r4, #56]
1045:Drivers/STM32F4xx_HAL_Driver/Src/stm32f4xx_hal_spi.c ****       }
 2171              		.loc 1 1045 9 is_stmt 1 view .LVU757
1045:Drivers/STM32F4xx_HAL_Driver/Src/stm32f4xx_hal_spi.c ****       }
 2172              		.loc 1 1045 13 is_stmt 0 view .LVU758
 2173 012c B4F83EC0 		ldrh	ip, [r4, #62]
 2174 0130 1FFA8CFC 		uxth	ip, ip
1045:Drivers/STM32F4xx_HAL_Driver/Src/stm32f4xx_hal_spi.c ****       }
 2175              		.loc 1 1045 26 view .LVU759
 2176 0134 0CF1FF3C 		add	ip, ip, #-1
 2177 0138 1FFA8CFC 		uxth	ip, ip
 2178 013c A4F83EC0 		strh	ip, [r4, #62]	@ movhi
 2179 0140 E6E7     		b	.L138
 2180              	.L148:
1052:Drivers/STM32F4xx_HAL_Driver/Src/stm32f4xx_hal_spi.c ****           __HAL_UNLOCK(hspi);
 2181              		.loc 1 1052 11 is_stmt 1 view .LVU760
1052:Drivers/STM32F4xx_HAL_Driver/Src/stm32f4xx_hal_spi.c ****           __HAL_UNLOCK(hspi);
 2182              		.loc 1 1052 23 is_stmt 0 view .LVU761
 2183 0142 0123     		movs	r3, #1
 2184 0144 84F85130 		strb	r3, [r4, #81]
1053:Drivers/STM32F4xx_HAL_Driver/Src/stm32f4xx_hal_spi.c ****           return HAL_TIMEOUT;
 2185              		.loc 1 1053 11 is_stmt 1 view .LVU762
1053:Drivers/STM32F4xx_HAL_Driver/Src/stm32f4xx_hal_spi.c ****           return HAL_TIMEOUT;
 2186              		.loc 1 1053 11 view .LVU763
 2187 0148 0023     		movs	r3, #0
 2188 014a 84F85030 		strb	r3, [r4, #80]
1053:Drivers/STM32F4xx_HAL_Driver/Src/stm32f4xx_hal_spi.c ****           return HAL_TIMEOUT;
 2189              		.loc 1 1053 11 view .LVU764
1054:Drivers/STM32F4xx_HAL_Driver/Src/stm32f4xx_hal_spi.c ****         }
 2190              		.loc 1 1054 11 view .LVU765
1054:Drivers/STM32F4xx_HAL_Driver/Src/stm32f4xx_hal_spi.c ****         }
 2191              		.loc 1 1054 18 is_stmt 0 view .LVU766
 2192 014e 0327     		movs	r7, #3
 2193 0150 12E0     		b	.L133
 2194              	.L144:
1103:Drivers/STM32F4xx_HAL_Driver/Src/stm32f4xx_hal_spi.c ****   {
 2195              		.loc 1 1103 3 is_stmt 1 view .LVU767
1103:Drivers/STM32F4xx_HAL_Driver/Src/stm32f4xx_hal_spi.c ****   {
 2196              		.loc 1 1103 7 is_stmt 0 view .LVU768
 2197 0152 3246     		mov	r2, r6
ARM GAS  C:\Users\10369\AppData\Local\Temp\ccy9FUfH.s 			page 121


 2198 0154 2946     		mov	r1, r5
 2199 0156 2046     		mov	r0, r4
 2200 0158 FFF7FEFF 		bl	SPI_EndRxTransaction
 2201              	.LVL106:
1103:Drivers/STM32F4xx_HAL_Driver/Src/stm32f4xx_hal_spi.c ****   {
 2202              		.loc 1 1103 6 discriminator 1 view .LVU769
 2203 015c 08B1     		cbz	r0, .L150
1105:Drivers/STM32F4xx_HAL_Driver/Src/stm32f4xx_hal_spi.c ****   }
 2204              		.loc 1 1105 5 is_stmt 1 view .LVU770
1105:Drivers/STM32F4xx_HAL_Driver/Src/stm32f4xx_hal_spi.c ****   }
 2205              		.loc 1 1105 21 is_stmt 0 view .LVU771
 2206 015e 2023     		movs	r3, #32
 2207 0160 6365     		str	r3, [r4, #84]
 2208              	.L150:
1117:Drivers/STM32F4xx_HAL_Driver/Src/stm32f4xx_hal_spi.c ****   /* Unlock the process */
 2209              		.loc 1 1117 3 is_stmt 1 view .LVU772
1117:Drivers/STM32F4xx_HAL_Driver/Src/stm32f4xx_hal_spi.c ****   /* Unlock the process */
 2210              		.loc 1 1117 15 is_stmt 0 view .LVU773
 2211 0162 0123     		movs	r3, #1
 2212 0164 84F85130 		strb	r3, [r4, #81]
1119:Drivers/STM32F4xx_HAL_Driver/Src/stm32f4xx_hal_spi.c ****   if (hspi->ErrorCode != HAL_SPI_ERROR_NONE)
 2213              		.loc 1 1119 3 is_stmt 1 view .LVU774
1119:Drivers/STM32F4xx_HAL_Driver/Src/stm32f4xx_hal_spi.c ****   if (hspi->ErrorCode != HAL_SPI_ERROR_NONE)
 2214              		.loc 1 1119 3 view .LVU775
 2215 0168 0023     		movs	r3, #0
 2216 016a 84F85030 		strb	r3, [r4, #80]
1119:Drivers/STM32F4xx_HAL_Driver/Src/stm32f4xx_hal_spi.c ****   if (hspi->ErrorCode != HAL_SPI_ERROR_NONE)
 2217              		.loc 1 1119 3 view .LVU776
1120:Drivers/STM32F4xx_HAL_Driver/Src/stm32f4xx_hal_spi.c ****   {
 2218              		.loc 1 1120 3 view .LVU777
1120:Drivers/STM32F4xx_HAL_Driver/Src/stm32f4xx_hal_spi.c ****   {
 2219              		.loc 1 1120 11 is_stmt 0 view .LVU778
 2220 016e 636D     		ldr	r3, [r4, #84]
1120:Drivers/STM32F4xx_HAL_Driver/Src/stm32f4xx_hal_spi.c ****   {
 2221              		.loc 1 1120 6 view .LVU779
 2222 0170 13B9     		cbnz	r3, .L133
1126:Drivers/STM32F4xx_HAL_Driver/Src/stm32f4xx_hal_spi.c ****   }
 2223              		.loc 1 1126 12 view .LVU780
 2224 0172 0027     		movs	r7, #0
 2225 0174 00E0     		b	.L133
 2226              	.LVL107:
 2227              	.L151:
 949:Drivers/STM32F4xx_HAL_Driver/Src/stm32f4xx_hal_spi.c ****   }
 2228              		.loc 1 949 12 view .LVU781
 2229 0176 0227     		movs	r7, #2
 2230              	.LVL108:
 2231              	.L133:
1128:Drivers/STM32F4xx_HAL_Driver/Src/stm32f4xx_hal_spi.c **** 
 2232              		.loc 1 1128 1 view .LVU782
 2233 0178 3846     		mov	r0, r7
 2234 017a 03B0     		add	sp, sp, #12
 2235              	.LCFI27:
 2236              		.cfi_remember_state
 2237              		.cfi_def_cfa_offset 28
 2238              		@ sp needed
 2239 017c BDE8F083 		pop	{r4, r5, r6, r7, r8, r9, pc}
 2240              	.LVL109:
ARM GAS  C:\Users\10369\AppData\Local\Temp\ccy9FUfH.s 			page 122


 2241              	.L152:
 2242              	.LCFI28:
 2243              		.cfi_restore_state
 968:Drivers/STM32F4xx_HAL_Driver/Src/stm32f4xx_hal_spi.c **** 
 2244              		.loc 1 968 3 discriminator 1 view .LVU783
 2245 0180 0227     		movs	r7, #2
 2246 0182 F9E7     		b	.L133
 2247              		.cfi_endproc
 2248              	.LFE139:
 2250              		.section	.text.HAL_SPI_Transmit_IT,"ax",%progbits
 2251              		.align	1
 2252              		.global	HAL_SPI_Transmit_IT
 2253              		.syntax unified
 2254              		.thumb
 2255              		.thumb_func
 2257              	HAL_SPI_Transmit_IT:
 2258              	.LVL110:
 2259              	.LFB141:
1392:Drivers/STM32F4xx_HAL_Driver/Src/stm32f4xx_hal_spi.c **** 
 2260              		.loc 1 1392 1 is_stmt 1 view -0
 2261              		.cfi_startproc
 2262              		@ args = 0, pretend = 0, frame = 0
 2263              		@ frame_needed = 0, uses_anonymous_args = 0
 2264              		@ link register save eliminated.
1395:Drivers/STM32F4xx_HAL_Driver/Src/stm32f4xx_hal_spi.c **** 
 2265              		.loc 1 1395 3 view .LVU785
1398:Drivers/STM32F4xx_HAL_Driver/Src/stm32f4xx_hal_spi.c ****   {
 2266              		.loc 1 1398 3 view .LVU786
1398:Drivers/STM32F4xx_HAL_Driver/Src/stm32f4xx_hal_spi.c ****   {
 2267              		.loc 1 1398 6 is_stmt 0 view .LVU787
 2268 0000 0029     		cmp	r1, #0
 2269 0002 44D0     		beq	.L163
1392:Drivers/STM32F4xx_HAL_Driver/Src/stm32f4xx_hal_spi.c **** 
 2270              		.loc 1 1392 1 view .LVU788
 2271 0004 10B4     		push	{r4}
 2272              	.LCFI29:
 2273              		.cfi_def_cfa_offset 4
 2274              		.cfi_offset 4, -4
1398:Drivers/STM32F4xx_HAL_Driver/Src/stm32f4xx_hal_spi.c ****   {
 2275              		.loc 1 1398 23 discriminator 1 view .LVU789
 2276 0006 002A     		cmp	r2, #0
 2277 0008 43D0     		beq	.L164
1403:Drivers/STM32F4xx_HAL_Driver/Src/stm32f4xx_hal_spi.c ****   {
 2278              		.loc 1 1403 3 is_stmt 1 view .LVU790
1403:Drivers/STM32F4xx_HAL_Driver/Src/stm32f4xx_hal_spi.c ****   {
 2279              		.loc 1 1403 11 is_stmt 0 view .LVU791
 2280 000a 90F85130 		ldrb	r3, [r0, #81]	@ zero_extendqisi2
1403:Drivers/STM32F4xx_HAL_Driver/Src/stm32f4xx_hal_spi.c ****   {
 2281              		.loc 1 1403 6 view .LVU792
 2282 000e 012B     		cmp	r3, #1
 2283 0010 41D1     		bne	.L165
1409:Drivers/STM32F4xx_HAL_Driver/Src/stm32f4xx_hal_spi.c **** 
 2284              		.loc 1 1409 3 is_stmt 1 view .LVU793
1409:Drivers/STM32F4xx_HAL_Driver/Src/stm32f4xx_hal_spi.c **** 
 2285              		.loc 1 1409 3 view .LVU794
 2286 0012 90F85030 		ldrb	r3, [r0, #80]	@ zero_extendqisi2
 2287 0016 012B     		cmp	r3, #1
ARM GAS  C:\Users\10369\AppData\Local\Temp\ccy9FUfH.s 			page 123


 2288 0018 3FD0     		beq	.L166
1409:Drivers/STM32F4xx_HAL_Driver/Src/stm32f4xx_hal_spi.c **** 
 2289              		.loc 1 1409 3 discriminator 2 view .LVU795
 2290 001a 0123     		movs	r3, #1
 2291 001c 80F85030 		strb	r3, [r0, #80]
1409:Drivers/STM32F4xx_HAL_Driver/Src/stm32f4xx_hal_spi.c **** 
 2292              		.loc 1 1409 3 view .LVU796
1412:Drivers/STM32F4xx_HAL_Driver/Src/stm32f4xx_hal_spi.c ****   hspi->ErrorCode   = HAL_SPI_ERROR_NONE;
 2293              		.loc 1 1412 3 view .LVU797
1412:Drivers/STM32F4xx_HAL_Driver/Src/stm32f4xx_hal_spi.c ****   hspi->ErrorCode   = HAL_SPI_ERROR_NONE;
 2294              		.loc 1 1412 21 is_stmt 0 view .LVU798
 2295 0020 0323     		movs	r3, #3
 2296 0022 80F85130 		strb	r3, [r0, #81]
1413:Drivers/STM32F4xx_HAL_Driver/Src/stm32f4xx_hal_spi.c ****   hspi->pTxBuffPtr  = (const uint8_t *)pData;
 2297              		.loc 1 1413 3 is_stmt 1 view .LVU799
1413:Drivers/STM32F4xx_HAL_Driver/Src/stm32f4xx_hal_spi.c ****   hspi->pTxBuffPtr  = (const uint8_t *)pData;
 2298              		.loc 1 1413 21 is_stmt 0 view .LVU800
 2299 0026 0023     		movs	r3, #0
 2300 0028 4365     		str	r3, [r0, #84]
1414:Drivers/STM32F4xx_HAL_Driver/Src/stm32f4xx_hal_spi.c ****   hspi->TxXferSize  = Size;
 2301              		.loc 1 1414 3 is_stmt 1 view .LVU801
1414:Drivers/STM32F4xx_HAL_Driver/Src/stm32f4xx_hal_spi.c ****   hspi->TxXferSize  = Size;
 2302              		.loc 1 1414 21 is_stmt 0 view .LVU802
 2303 002a 0163     		str	r1, [r0, #48]
1415:Drivers/STM32F4xx_HAL_Driver/Src/stm32f4xx_hal_spi.c ****   hspi->TxXferCount = Size;
 2304              		.loc 1 1415 3 is_stmt 1 view .LVU803
1415:Drivers/STM32F4xx_HAL_Driver/Src/stm32f4xx_hal_spi.c ****   hspi->TxXferCount = Size;
 2305              		.loc 1 1415 21 is_stmt 0 view .LVU804
 2306 002c 8286     		strh	r2, [r0, #52]	@ movhi
1416:Drivers/STM32F4xx_HAL_Driver/Src/stm32f4xx_hal_spi.c **** 
 2307              		.loc 1 1416 3 is_stmt 1 view .LVU805
1416:Drivers/STM32F4xx_HAL_Driver/Src/stm32f4xx_hal_spi.c **** 
 2308              		.loc 1 1416 21 is_stmt 0 view .LVU806
 2309 002e C286     		strh	r2, [r0, #54]	@ movhi
1419:Drivers/STM32F4xx_HAL_Driver/Src/stm32f4xx_hal_spi.c ****   hspi->RxXferSize  = 0U;
 2310              		.loc 1 1419 3 is_stmt 1 view .LVU807
1419:Drivers/STM32F4xx_HAL_Driver/Src/stm32f4xx_hal_spi.c ****   hspi->RxXferSize  = 0U;
 2311              		.loc 1 1419 21 is_stmt 0 view .LVU808
 2312 0030 8363     		str	r3, [r0, #56]
1420:Drivers/STM32F4xx_HAL_Driver/Src/stm32f4xx_hal_spi.c ****   hspi->RxXferCount = 0U;
 2313              		.loc 1 1420 3 is_stmt 1 view .LVU809
1420:Drivers/STM32F4xx_HAL_Driver/Src/stm32f4xx_hal_spi.c ****   hspi->RxXferCount = 0U;
 2314              		.loc 1 1420 21 is_stmt 0 view .LVU810
 2315 0032 8387     		strh	r3, [r0, #60]	@ movhi
1421:Drivers/STM32F4xx_HAL_Driver/Src/stm32f4xx_hal_spi.c ****   hspi->RxISR       = NULL;
 2316              		.loc 1 1421 3 is_stmt 1 view .LVU811
1421:Drivers/STM32F4xx_HAL_Driver/Src/stm32f4xx_hal_spi.c ****   hspi->RxISR       = NULL;
 2317              		.loc 1 1421 21 is_stmt 0 view .LVU812
 2318 0034 C387     		strh	r3, [r0, #62]	@ movhi
1422:Drivers/STM32F4xx_HAL_Driver/Src/stm32f4xx_hal_spi.c **** 
 2319              		.loc 1 1422 3 is_stmt 1 view .LVU813
1422:Drivers/STM32F4xx_HAL_Driver/Src/stm32f4xx_hal_spi.c **** 
 2320              		.loc 1 1422 21 is_stmt 0 view .LVU814
 2321 0036 0364     		str	r3, [r0, #64]
1425:Drivers/STM32F4xx_HAL_Driver/Src/stm32f4xx_hal_spi.c ****   {
 2322              		.loc 1 1425 3 is_stmt 1 view .LVU815
1425:Drivers/STM32F4xx_HAL_Driver/Src/stm32f4xx_hal_spi.c ****   {
ARM GAS  C:\Users\10369\AppData\Local\Temp\ccy9FUfH.s 			page 124


 2323              		.loc 1 1425 17 is_stmt 0 view .LVU816
 2324 0038 C368     		ldr	r3, [r0, #12]
1425:Drivers/STM32F4xx_HAL_Driver/Src/stm32f4xx_hal_spi.c ****   {
 2325              		.loc 1 1425 6 view .LVU817
 2326 003a D3B1     		cbz	r3, .L159
1427:Drivers/STM32F4xx_HAL_Driver/Src/stm32f4xx_hal_spi.c ****   }
 2327              		.loc 1 1427 5 is_stmt 1 view .LVU818
1427:Drivers/STM32F4xx_HAL_Driver/Src/stm32f4xx_hal_spi.c ****   }
 2328              		.loc 1 1427 17 is_stmt 0 view .LVU819
 2329 003c 184B     		ldr	r3, .L172
 2330 003e 4364     		str	r3, [r0, #68]
 2331              	.L160:
1435:Drivers/STM32F4xx_HAL_Driver/Src/stm32f4xx_hal_spi.c ****   {
 2332              		.loc 1 1435 3 is_stmt 1 view .LVU820
1435:Drivers/STM32F4xx_HAL_Driver/Src/stm32f4xx_hal_spi.c ****   {
 2333              		.loc 1 1435 17 is_stmt 0 view .LVU821
 2334 0040 8368     		ldr	r3, [r0, #8]
1435:Drivers/STM32F4xx_HAL_Driver/Src/stm32f4xx_hal_spi.c ****   {
 2335              		.loc 1 1435 6 view .LVU822
 2336 0042 B3F5004F 		cmp	r3, #32768
 2337 0046 17D0     		beq	.L171
 2338              	.LVL111:
 2339              	.L161:
1451:Drivers/STM32F4xx_HAL_Driver/Src/stm32f4xx_hal_spi.c ****   {
 2340              		.loc 1 1451 3 is_stmt 1 view .LVU823
1451:Drivers/STM32F4xx_HAL_Driver/Src/stm32f4xx_hal_spi.c ****   {
 2341              		.loc 1 1451 12 is_stmt 0 view .LVU824
 2342 0048 0368     		ldr	r3, [r0]
1451:Drivers/STM32F4xx_HAL_Driver/Src/stm32f4xx_hal_spi.c ****   {
 2343              		.loc 1 1451 22 view .LVU825
 2344 004a 1A68     		ldr	r2, [r3]
1451:Drivers/STM32F4xx_HAL_Driver/Src/stm32f4xx_hal_spi.c ****   {
 2345              		.loc 1 1451 6 view .LVU826
 2346 004c 12F0400F 		tst	r2, #64
 2347 0050 03D1     		bne	.L162
1454:Drivers/STM32F4xx_HAL_Driver/Src/stm32f4xx_hal_spi.c ****   }
 2348              		.loc 1 1454 5 is_stmt 1 view .LVU827
 2349 0052 1A68     		ldr	r2, [r3]
 2350 0054 42F04002 		orr	r2, r2, #64
 2351 0058 1A60     		str	r2, [r3]
 2352              	.L162:
1458:Drivers/STM32F4xx_HAL_Driver/Src/stm32f4xx_hal_spi.c ****   /* Enable TXE and ERR interrupt */
 2353              		.loc 1 1458 3 view .LVU828
1458:Drivers/STM32F4xx_HAL_Driver/Src/stm32f4xx_hal_spi.c ****   /* Enable TXE and ERR interrupt */
 2354              		.loc 1 1458 3 view .LVU829
 2355 005a 0023     		movs	r3, #0
 2356 005c 80F85030 		strb	r3, [r0, #80]
1458:Drivers/STM32F4xx_HAL_Driver/Src/stm32f4xx_hal_spi.c ****   /* Enable TXE and ERR interrupt */
 2357              		.loc 1 1458 3 view .LVU830
1460:Drivers/STM32F4xx_HAL_Driver/Src/stm32f4xx_hal_spi.c **** 
 2358              		.loc 1 1460 3 view .LVU831
 2359 0060 0168     		ldr	r1, [r0]
 2360              	.LVL112:
1460:Drivers/STM32F4xx_HAL_Driver/Src/stm32f4xx_hal_spi.c **** 
 2361              		.loc 1 1460 3 is_stmt 0 view .LVU832
 2362 0062 4A68     		ldr	r2, [r1, #4]
 2363 0064 42F0A002 		orr	r2, r2, #160
ARM GAS  C:\Users\10369\AppData\Local\Temp\ccy9FUfH.s 			page 125


 2364 0068 4A60     		str	r2, [r1, #4]
1462:Drivers/STM32F4xx_HAL_Driver/Src/stm32f4xx_hal_spi.c **** }
 2365              		.loc 1 1462 3 is_stmt 1 view .LVU833
1462:Drivers/STM32F4xx_HAL_Driver/Src/stm32f4xx_hal_spi.c **** }
 2366              		.loc 1 1462 10 is_stmt 0 view .LVU834
 2367 006a 1846     		mov	r0, r3
 2368              	.LVL113:
 2369              	.L158:
1463:Drivers/STM32F4xx_HAL_Driver/Src/stm32f4xx_hal_spi.c **** 
 2370              		.loc 1 1463 1 view .LVU835
 2371 006c 5DF8044B 		ldr	r4, [sp], #4
 2372              	.LCFI30:
 2373              		.cfi_remember_state
 2374              		.cfi_restore 4
 2375              		.cfi_def_cfa_offset 0
 2376 0070 7047     		bx	lr
 2377              	.LVL114:
 2378              	.L159:
 2379              	.LCFI31:
 2380              		.cfi_restore_state
1431:Drivers/STM32F4xx_HAL_Driver/Src/stm32f4xx_hal_spi.c ****   }
 2381              		.loc 1 1431 5 is_stmt 1 view .LVU836
1431:Drivers/STM32F4xx_HAL_Driver/Src/stm32f4xx_hal_spi.c ****   }
 2382              		.loc 1 1431 17 is_stmt 0 view .LVU837
 2383 0072 0C4B     		ldr	r3, .L172+4
 2384 0074 4364     		str	r3, [r0, #68]
 2385 0076 E3E7     		b	.L160
 2386              	.L171:
1438:Drivers/STM32F4xx_HAL_Driver/Src/stm32f4xx_hal_spi.c ****     SPI_1LINE_TX(hspi);
 2387              		.loc 1 1438 5 is_stmt 1 view .LVU838
 2388 0078 0268     		ldr	r2, [r0]
 2389              	.LVL115:
1438:Drivers/STM32F4xx_HAL_Driver/Src/stm32f4xx_hal_spi.c ****     SPI_1LINE_TX(hspi);
 2390              		.loc 1 1438 5 is_stmt 0 view .LVU839
 2391 007a 1368     		ldr	r3, [r2]
 2392 007c 23F04003 		bic	r3, r3, #64
 2393 0080 1360     		str	r3, [r2]
 2394              	.LVL116:
1439:Drivers/STM32F4xx_HAL_Driver/Src/stm32f4xx_hal_spi.c ****   }
 2395              		.loc 1 1439 5 is_stmt 1 view .LVU840
 2396 0082 0268     		ldr	r2, [r0]
 2397 0084 1368     		ldr	r3, [r2]
 2398 0086 43F48043 		orr	r3, r3, #16384
 2399 008a 1360     		str	r3, [r2]
 2400 008c DCE7     		b	.L161
 2401              	.LVL117:
 2402              	.L163:
 2403              	.LCFI32:
 2404              		.cfi_def_cfa_offset 0
 2405              		.cfi_restore 4
1400:Drivers/STM32F4xx_HAL_Driver/Src/stm32f4xx_hal_spi.c ****   }
 2406              		.loc 1 1400 12 is_stmt 0 view .LVU841
 2407 008e 0120     		movs	r0, #1
 2408              	.LVL118:
1463:Drivers/STM32F4xx_HAL_Driver/Src/stm32f4xx_hal_spi.c **** 
 2409              		.loc 1 1463 1 view .LVU842
 2410 0090 7047     		bx	lr
ARM GAS  C:\Users\10369\AppData\Local\Temp\ccy9FUfH.s 			page 126


 2411              	.LVL119:
 2412              	.L164:
 2413              	.LCFI33:
 2414              		.cfi_def_cfa_offset 4
 2415              		.cfi_offset 4, -4
1400:Drivers/STM32F4xx_HAL_Driver/Src/stm32f4xx_hal_spi.c ****   }
 2416              		.loc 1 1400 12 view .LVU843
 2417 0092 0120     		movs	r0, #1
 2418              	.LVL120:
1400:Drivers/STM32F4xx_HAL_Driver/Src/stm32f4xx_hal_spi.c ****   }
 2419              		.loc 1 1400 12 view .LVU844
 2420 0094 EAE7     		b	.L158
 2421              	.LVL121:
 2422              	.L165:
1405:Drivers/STM32F4xx_HAL_Driver/Src/stm32f4xx_hal_spi.c ****   }
 2423              		.loc 1 1405 12 view .LVU845
 2424 0096 0220     		movs	r0, #2
 2425              	.LVL122:
1405:Drivers/STM32F4xx_HAL_Driver/Src/stm32f4xx_hal_spi.c ****   }
 2426              		.loc 1 1405 12 view .LVU846
 2427 0098 E8E7     		b	.L158
 2428              	.LVL123:
 2429              	.L166:
1409:Drivers/STM32F4xx_HAL_Driver/Src/stm32f4xx_hal_spi.c **** 
 2430              		.loc 1 1409 3 discriminator 1 view .LVU847
 2431 009a 0220     		movs	r0, #2
 2432              	.LVL124:
1409:Drivers/STM32F4xx_HAL_Driver/Src/stm32f4xx_hal_spi.c **** 
 2433              		.loc 1 1409 3 discriminator 1 view .LVU848
 2434 009c E6E7     		b	.L158
 2435              	.L173:
 2436 009e 00BF     		.align	2
 2437              	.L172:
 2438 00a0 00000000 		.word	SPI_TxISR_16BIT
 2439 00a4 00000000 		.word	SPI_TxISR_8BIT
 2440              		.cfi_endproc
 2441              	.LFE141:
 2443              		.section	.text.HAL_SPI_TransmitReceive_IT,"ax",%progbits
 2444              		.align	1
 2445              		.global	HAL_SPI_TransmitReceive_IT
 2446              		.syntax unified
 2447              		.thumb
 2448              		.thumb_func
 2450              	HAL_SPI_TransmitReceive_IT:
 2451              	.LVL125:
 2452              	.LFB143:
1566:Drivers/STM32F4xx_HAL_Driver/Src/stm32f4xx_hal_spi.c ****   uint32_t             tmp_mode;
 2453              		.loc 1 1566 1 is_stmt 1 view -0
 2454              		.cfi_startproc
 2455              		@ args = 0, pretend = 0, frame = 0
 2456              		@ frame_needed = 0, uses_anonymous_args = 0
1566:Drivers/STM32F4xx_HAL_Driver/Src/stm32f4xx_hal_spi.c ****   uint32_t             tmp_mode;
 2457              		.loc 1 1566 1 is_stmt 0 view .LVU850
 2458 0000 10B5     		push	{r4, lr}
 2459              	.LCFI34:
 2460              		.cfi_def_cfa_offset 8
 2461              		.cfi_offset 4, -8
ARM GAS  C:\Users\10369\AppData\Local\Temp\ccy9FUfH.s 			page 127


 2462              		.cfi_offset 14, -4
1567:Drivers/STM32F4xx_HAL_Driver/Src/stm32f4xx_hal_spi.c ****   HAL_SPI_StateTypeDef tmp_state;
 2463              		.loc 1 1567 3 is_stmt 1 view .LVU851
1568:Drivers/STM32F4xx_HAL_Driver/Src/stm32f4xx_hal_spi.c **** 
 2464              		.loc 1 1568 3 view .LVU852
1571:Drivers/STM32F4xx_HAL_Driver/Src/stm32f4xx_hal_spi.c **** 
 2465              		.loc 1 1571 3 view .LVU853
1574:Drivers/STM32F4xx_HAL_Driver/Src/stm32f4xx_hal_spi.c ****   tmp_mode            = hspi->Init.Mode;
 2466              		.loc 1 1574 3 view .LVU854
1574:Drivers/STM32F4xx_HAL_Driver/Src/stm32f4xx_hal_spi.c ****   tmp_mode            = hspi->Init.Mode;
 2467              		.loc 1 1574 23 is_stmt 0 view .LVU855
 2468 0002 90F851C0 		ldrb	ip, [r0, #81]	@ zero_extendqisi2
 2469              	.LVL126:
1575:Drivers/STM32F4xx_HAL_Driver/Src/stm32f4xx_hal_spi.c **** 
 2470              		.loc 1 1575 3 is_stmt 1 view .LVU856
1575:Drivers/STM32F4xx_HAL_Driver/Src/stm32f4xx_hal_spi.c **** 
 2471              		.loc 1 1575 23 is_stmt 0 view .LVU857
 2472 0006 4468     		ldr	r4, [r0, #4]
 2473              	.LVL127:
1577:Drivers/STM32F4xx_HAL_Driver/Src/stm32f4xx_hal_spi.c ****         ((tmp_mode == SPI_MODE_MASTER) && (hspi->Init.Direction == SPI_DIRECTION_2LINES) &&
 2474              		.loc 1 1577 3 is_stmt 1 view .LVU858
1577:Drivers/STM32F4xx_HAL_Driver/Src/stm32f4xx_hal_spi.c ****         ((tmp_mode == SPI_MODE_MASTER) && (hspi->Init.Direction == SPI_DIRECTION_2LINES) &&
 2475              		.loc 1 1577 6 is_stmt 0 view .LVU859
 2476 0008 BCF1010F 		cmp	ip, #1
 2477 000c 0AD0     		beq	.L175
 2478 000e 5FFA8CFE 		uxtb	lr, ip
1577:Drivers/STM32F4xx_HAL_Driver/Src/stm32f4xx_hal_spi.c ****         ((tmp_mode == SPI_MODE_MASTER) && (hspi->Init.Direction == SPI_DIRECTION_2LINES) &&
 2479              		.loc 1 1577 7 discriminator 1 view .LVU860
 2480 0012 B4F5827F 		cmp	r4, #260
 2481 0016 3FD1     		bne	.L181
1578:Drivers/STM32F4xx_HAL_Driver/Src/stm32f4xx_hal_spi.c ****          (tmp_state == HAL_SPI_STATE_BUSY_RX))))
 2482              		.loc 1 1578 54 view .LVU861
 2483 0018 8468     		ldr	r4, [r0, #8]
 2484              	.LVL128:
1578:Drivers/STM32F4xx_HAL_Driver/Src/stm32f4xx_hal_spi.c ****          (tmp_state == HAL_SPI_STATE_BUSY_RX))))
 2485              		.loc 1 1578 40 view .LVU862
 2486 001a 002C     		cmp	r4, #0
 2487 001c 3ED1     		bne	.L182
1578:Drivers/STM32F4xx_HAL_Driver/Src/stm32f4xx_hal_spi.c ****          (tmp_state == HAL_SPI_STATE_BUSY_RX))))
 2488              		.loc 1 1578 90 discriminator 1 view .LVU863
 2489 001e BEF1040F 		cmp	lr, #4
 2490 0022 3DD1     		bne	.L183
 2491              	.L175:
1584:Drivers/STM32F4xx_HAL_Driver/Src/stm32f4xx_hal_spi.c ****   {
 2492              		.loc 1 1584 3 is_stmt 1 view .LVU864
1584:Drivers/STM32F4xx_HAL_Driver/Src/stm32f4xx_hal_spi.c ****   {
 2493              		.loc 1 1584 6 is_stmt 0 view .LVU865
 2494 0024 0029     		cmp	r1, #0
 2495 0026 3DD0     		beq	.L184
1584:Drivers/STM32F4xx_HAL_Driver/Src/stm32f4xx_hal_spi.c ****   {
 2496              		.loc 1 1584 25 discriminator 1 view .LVU866
 2497 0028 002A     		cmp	r2, #0
 2498 002a 3DD0     		beq	.L185
1584:Drivers/STM32F4xx_HAL_Driver/Src/stm32f4xx_hal_spi.c ****   {
 2499              		.loc 1 1584 46 discriminator 2 view .LVU867
 2500 002c 002B     		cmp	r3, #0
 2501 002e 3DD0     		beq	.L186
ARM GAS  C:\Users\10369\AppData\Local\Temp\ccy9FUfH.s 			page 128


1590:Drivers/STM32F4xx_HAL_Driver/Src/stm32f4xx_hal_spi.c **** 
 2502              		.loc 1 1590 3 is_stmt 1 view .LVU868
1590:Drivers/STM32F4xx_HAL_Driver/Src/stm32f4xx_hal_spi.c **** 
 2503              		.loc 1 1590 3 view .LVU869
 2504 0030 90F85040 		ldrb	r4, [r0, #80]	@ zero_extendqisi2
 2505 0034 012C     		cmp	r4, #1
 2506 0036 3BD0     		beq	.L187
1590:Drivers/STM32F4xx_HAL_Driver/Src/stm32f4xx_hal_spi.c **** 
 2507              		.loc 1 1590 3 discriminator 2 view .LVU870
 2508 0038 0124     		movs	r4, #1
 2509 003a 80F85040 		strb	r4, [r0, #80]
1590:Drivers/STM32F4xx_HAL_Driver/Src/stm32f4xx_hal_spi.c **** 
 2510              		.loc 1 1590 3 view .LVU871
1593:Drivers/STM32F4xx_HAL_Driver/Src/stm32f4xx_hal_spi.c ****   {
 2511              		.loc 1 1593 3 view .LVU872
1593:Drivers/STM32F4xx_HAL_Driver/Src/stm32f4xx_hal_spi.c ****   {
 2512              		.loc 1 1593 11 is_stmt 0 view .LVU873
 2513 003e 90F85140 		ldrb	r4, [r0, #81]	@ zero_extendqisi2
1593:Drivers/STM32F4xx_HAL_Driver/Src/stm32f4xx_hal_spi.c ****   {
 2514              		.loc 1 1593 6 view .LVU874
 2515 0042 042C     		cmp	r4, #4
 2516 0044 02D0     		beq	.L177
1595:Drivers/STM32F4xx_HAL_Driver/Src/stm32f4xx_hal_spi.c ****   }
 2517              		.loc 1 1595 5 is_stmt 1 view .LVU875
1595:Drivers/STM32F4xx_HAL_Driver/Src/stm32f4xx_hal_spi.c ****   }
 2518              		.loc 1 1595 17 is_stmt 0 view .LVU876
 2519 0046 0524     		movs	r4, #5
 2520 0048 80F85140 		strb	r4, [r0, #81]
 2521              	.L177:
1599:Drivers/STM32F4xx_HAL_Driver/Src/stm32f4xx_hal_spi.c ****   hspi->pTxBuffPtr  = (const uint8_t *)pTxData;
 2522              		.loc 1 1599 3 is_stmt 1 view .LVU877
1599:Drivers/STM32F4xx_HAL_Driver/Src/stm32f4xx_hal_spi.c ****   hspi->pTxBuffPtr  = (const uint8_t *)pTxData;
 2523              		.loc 1 1599 21 is_stmt 0 view .LVU878
 2524 004c 0024     		movs	r4, #0
 2525 004e 4465     		str	r4, [r0, #84]
1600:Drivers/STM32F4xx_HAL_Driver/Src/stm32f4xx_hal_spi.c ****   hspi->TxXferSize  = Size;
 2526              		.loc 1 1600 3 is_stmt 1 view .LVU879
1600:Drivers/STM32F4xx_HAL_Driver/Src/stm32f4xx_hal_spi.c ****   hspi->TxXferSize  = Size;
 2527              		.loc 1 1600 21 is_stmt 0 view .LVU880
 2528 0050 0163     		str	r1, [r0, #48]
1601:Drivers/STM32F4xx_HAL_Driver/Src/stm32f4xx_hal_spi.c ****   hspi->TxXferCount = Size;
 2529              		.loc 1 1601 3 is_stmt 1 view .LVU881
1601:Drivers/STM32F4xx_HAL_Driver/Src/stm32f4xx_hal_spi.c ****   hspi->TxXferCount = Size;
 2530              		.loc 1 1601 21 is_stmt 0 view .LVU882
 2531 0052 8386     		strh	r3, [r0, #52]	@ movhi
1602:Drivers/STM32F4xx_HAL_Driver/Src/stm32f4xx_hal_spi.c ****   hspi->pRxBuffPtr  = (uint8_t *)pRxData;
 2532              		.loc 1 1602 3 is_stmt 1 view .LVU883
1602:Drivers/STM32F4xx_HAL_Driver/Src/stm32f4xx_hal_spi.c ****   hspi->pRxBuffPtr  = (uint8_t *)pRxData;
 2533              		.loc 1 1602 21 is_stmt 0 view .LVU884
 2534 0054 C386     		strh	r3, [r0, #54]	@ movhi
1603:Drivers/STM32F4xx_HAL_Driver/Src/stm32f4xx_hal_spi.c ****   hspi->RxXferSize  = Size;
 2535              		.loc 1 1603 3 is_stmt 1 view .LVU885
1603:Drivers/STM32F4xx_HAL_Driver/Src/stm32f4xx_hal_spi.c ****   hspi->RxXferSize  = Size;
 2536              		.loc 1 1603 21 is_stmt 0 view .LVU886
 2537 0056 8263     		str	r2, [r0, #56]
1604:Drivers/STM32F4xx_HAL_Driver/Src/stm32f4xx_hal_spi.c ****   hspi->RxXferCount = Size;
 2538              		.loc 1 1604 3 is_stmt 1 view .LVU887
ARM GAS  C:\Users\10369\AppData\Local\Temp\ccy9FUfH.s 			page 129


1604:Drivers/STM32F4xx_HAL_Driver/Src/stm32f4xx_hal_spi.c ****   hspi->RxXferCount = Size;
 2539              		.loc 1 1604 21 is_stmt 0 view .LVU888
 2540 0058 8387     		strh	r3, [r0, #60]	@ movhi
1605:Drivers/STM32F4xx_HAL_Driver/Src/stm32f4xx_hal_spi.c **** 
 2541              		.loc 1 1605 3 is_stmt 1 view .LVU889
1605:Drivers/STM32F4xx_HAL_Driver/Src/stm32f4xx_hal_spi.c **** 
 2542              		.loc 1 1605 21 is_stmt 0 view .LVU890
 2543 005a C387     		strh	r3, [r0, #62]	@ movhi
1608:Drivers/STM32F4xx_HAL_Driver/Src/stm32f4xx_hal_spi.c ****   {
 2544              		.loc 1 1608 3 is_stmt 1 view .LVU891
1608:Drivers/STM32F4xx_HAL_Driver/Src/stm32f4xx_hal_spi.c ****   {
 2545              		.loc 1 1608 17 is_stmt 0 view .LVU892
 2546 005c C368     		ldr	r3, [r0, #12]
 2547              	.LVL129:
1608:Drivers/STM32F4xx_HAL_Driver/Src/stm32f4xx_hal_spi.c ****   {
 2548              		.loc 1 1608 6 view .LVU893
 2549 005e B3B1     		cbz	r3, .L178
1610:Drivers/STM32F4xx_HAL_Driver/Src/stm32f4xx_hal_spi.c ****     hspi->TxISR     = SPI_2linesTxISR_16BIT;
 2550              		.loc 1 1610 5 is_stmt 1 view .LVU894
1610:Drivers/STM32F4xx_HAL_Driver/Src/stm32f4xx_hal_spi.c ****     hspi->TxISR     = SPI_2linesTxISR_16BIT;
 2551              		.loc 1 1610 21 is_stmt 0 view .LVU895
 2552 0060 144B     		ldr	r3, .L189
 2553 0062 0364     		str	r3, [r0, #64]
1611:Drivers/STM32F4xx_HAL_Driver/Src/stm32f4xx_hal_spi.c ****   }
 2554              		.loc 1 1611 5 is_stmt 1 view .LVU896
1611:Drivers/STM32F4xx_HAL_Driver/Src/stm32f4xx_hal_spi.c ****   }
 2555              		.loc 1 1611 21 is_stmt 0 view .LVU897
 2556 0064 144B     		ldr	r3, .L189+4
 2557 0066 4364     		str	r3, [r0, #68]
 2558              	.L179:
1629:Drivers/STM32F4xx_HAL_Driver/Src/stm32f4xx_hal_spi.c ****   {
 2559              		.loc 1 1629 3 is_stmt 1 view .LVU898
1629:Drivers/STM32F4xx_HAL_Driver/Src/stm32f4xx_hal_spi.c ****   {
 2560              		.loc 1 1629 12 is_stmt 0 view .LVU899
 2561 0068 0368     		ldr	r3, [r0]
1629:Drivers/STM32F4xx_HAL_Driver/Src/stm32f4xx_hal_spi.c ****   {
 2562              		.loc 1 1629 22 view .LVU900
 2563 006a 1A68     		ldr	r2, [r3]
 2564              	.LVL130:
1629:Drivers/STM32F4xx_HAL_Driver/Src/stm32f4xx_hal_spi.c ****   {
 2565              		.loc 1 1629 6 view .LVU901
 2566 006c 12F0400F 		tst	r2, #64
 2567 0070 03D1     		bne	.L180
1632:Drivers/STM32F4xx_HAL_Driver/Src/stm32f4xx_hal_spi.c ****   }
 2568              		.loc 1 1632 5 is_stmt 1 view .LVU902
 2569 0072 1A68     		ldr	r2, [r3]
 2570 0074 42F04002 		orr	r2, r2, #64
 2571 0078 1A60     		str	r2, [r3]
 2572              	.LVL131:
 2573              	.L180:
1636:Drivers/STM32F4xx_HAL_Driver/Src/stm32f4xx_hal_spi.c ****   /* Enable TXE, RXNE and ERR interrupt */
 2574              		.loc 1 1636 3 view .LVU903
1636:Drivers/STM32F4xx_HAL_Driver/Src/stm32f4xx_hal_spi.c ****   /* Enable TXE, RXNE and ERR interrupt */
 2575              		.loc 1 1636 3 view .LVU904
 2576 007a 0023     		movs	r3, #0
 2577 007c 80F85030 		strb	r3, [r0, #80]
1636:Drivers/STM32F4xx_HAL_Driver/Src/stm32f4xx_hal_spi.c ****   /* Enable TXE, RXNE and ERR interrupt */
ARM GAS  C:\Users\10369\AppData\Local\Temp\ccy9FUfH.s 			page 130


 2578              		.loc 1 1636 3 view .LVU905
1638:Drivers/STM32F4xx_HAL_Driver/Src/stm32f4xx_hal_spi.c **** 
 2579              		.loc 1 1638 3 view .LVU906
 2580 0080 0168     		ldr	r1, [r0]
 2581              	.LVL132:
1638:Drivers/STM32F4xx_HAL_Driver/Src/stm32f4xx_hal_spi.c **** 
 2582              		.loc 1 1638 3 is_stmt 0 view .LVU907
 2583 0082 4A68     		ldr	r2, [r1, #4]
 2584 0084 42F0E002 		orr	r2, r2, #224
 2585 0088 4A60     		str	r2, [r1, #4]
1640:Drivers/STM32F4xx_HAL_Driver/Src/stm32f4xx_hal_spi.c **** }
 2586              		.loc 1 1640 3 is_stmt 1 view .LVU908
1640:Drivers/STM32F4xx_HAL_Driver/Src/stm32f4xx_hal_spi.c **** }
 2587              		.loc 1 1640 10 is_stmt 0 view .LVU909
 2588 008a 1846     		mov	r0, r3
 2589              	.LVL133:
1640:Drivers/STM32F4xx_HAL_Driver/Src/stm32f4xx_hal_spi.c **** }
 2590              		.loc 1 1640 10 view .LVU910
 2591 008c 05E0     		b	.L176
 2592              	.LVL134:
 2593              	.L178:
1615:Drivers/STM32F4xx_HAL_Driver/Src/stm32f4xx_hal_spi.c ****     hspi->TxISR     = SPI_2linesTxISR_8BIT;
 2594              		.loc 1 1615 5 is_stmt 1 view .LVU911
1615:Drivers/STM32F4xx_HAL_Driver/Src/stm32f4xx_hal_spi.c ****     hspi->TxISR     = SPI_2linesTxISR_8BIT;
 2595              		.loc 1 1615 21 is_stmt 0 view .LVU912
 2596 008e 0B4B     		ldr	r3, .L189+8
 2597 0090 0364     		str	r3, [r0, #64]
1616:Drivers/STM32F4xx_HAL_Driver/Src/stm32f4xx_hal_spi.c ****   }
 2598              		.loc 1 1616 5 is_stmt 1 view .LVU913
1616:Drivers/STM32F4xx_HAL_Driver/Src/stm32f4xx_hal_spi.c ****   }
 2599              		.loc 1 1616 21 is_stmt 0 view .LVU914
 2600 0092 0B4B     		ldr	r3, .L189+12
 2601 0094 4364     		str	r3, [r0, #68]
 2602 0096 E7E7     		b	.L179
 2603              	.LVL135:
 2604              	.L181:
1581:Drivers/STM32F4xx_HAL_Driver/Src/stm32f4xx_hal_spi.c ****   }
 2605              		.loc 1 1581 12 view .LVU915
 2606 0098 0220     		movs	r0, #2
 2607              	.LVL136:
 2608              	.L176:
1641:Drivers/STM32F4xx_HAL_Driver/Src/stm32f4xx_hal_spi.c **** 
 2609              		.loc 1 1641 1 view .LVU916
 2610 009a 10BD     		pop	{r4, pc}
 2611              	.LVL137:
 2612              	.L182:
1581:Drivers/STM32F4xx_HAL_Driver/Src/stm32f4xx_hal_spi.c ****   }
 2613              		.loc 1 1581 12 view .LVU917
 2614 009c 0220     		movs	r0, #2
 2615              	.LVL138:
1581:Drivers/STM32F4xx_HAL_Driver/Src/stm32f4xx_hal_spi.c ****   }
 2616              		.loc 1 1581 12 view .LVU918
 2617 009e FCE7     		b	.L176
 2618              	.LVL139:
 2619              	.L183:
1581:Drivers/STM32F4xx_HAL_Driver/Src/stm32f4xx_hal_spi.c ****   }
 2620              		.loc 1 1581 12 view .LVU919
ARM GAS  C:\Users\10369\AppData\Local\Temp\ccy9FUfH.s 			page 131


 2621 00a0 0220     		movs	r0, #2
 2622              	.LVL140:
1581:Drivers/STM32F4xx_HAL_Driver/Src/stm32f4xx_hal_spi.c ****   }
 2623              		.loc 1 1581 12 view .LVU920
 2624 00a2 FAE7     		b	.L176
 2625              	.LVL141:
 2626              	.L184:
1586:Drivers/STM32F4xx_HAL_Driver/Src/stm32f4xx_hal_spi.c ****   }
 2627              		.loc 1 1586 12 view .LVU921
 2628 00a4 0120     		movs	r0, #1
 2629              	.LVL142:
1586:Drivers/STM32F4xx_HAL_Driver/Src/stm32f4xx_hal_spi.c ****   }
 2630              		.loc 1 1586 12 view .LVU922
 2631 00a6 F8E7     		b	.L176
 2632              	.LVL143:
 2633              	.L185:
1586:Drivers/STM32F4xx_HAL_Driver/Src/stm32f4xx_hal_spi.c ****   }
 2634              		.loc 1 1586 12 view .LVU923
 2635 00a8 0120     		movs	r0, #1
 2636              	.LVL144:
1586:Drivers/STM32F4xx_HAL_Driver/Src/stm32f4xx_hal_spi.c ****   }
 2637              		.loc 1 1586 12 view .LVU924
 2638 00aa F6E7     		b	.L176
 2639              	.LVL145:
 2640              	.L186:
1586:Drivers/STM32F4xx_HAL_Driver/Src/stm32f4xx_hal_spi.c ****   }
 2641              		.loc 1 1586 12 view .LVU925
 2642 00ac 0120     		movs	r0, #1
 2643              	.LVL146:
1586:Drivers/STM32F4xx_HAL_Driver/Src/stm32f4xx_hal_spi.c ****   }
 2644              		.loc 1 1586 12 view .LVU926
 2645 00ae F4E7     		b	.L176
 2646              	.LVL147:
 2647              	.L187:
1590:Drivers/STM32F4xx_HAL_Driver/Src/stm32f4xx_hal_spi.c **** 
 2648              		.loc 1 1590 3 discriminator 1 view .LVU927
 2649 00b0 0220     		movs	r0, #2
 2650              	.LVL148:
1590:Drivers/STM32F4xx_HAL_Driver/Src/stm32f4xx_hal_spi.c **** 
 2651              		.loc 1 1590 3 discriminator 1 view .LVU928
 2652 00b2 F2E7     		b	.L176
 2653              	.L190:
 2654              		.align	2
 2655              	.L189:
 2656 00b4 00000000 		.word	SPI_2linesRxISR_16BIT
 2657 00b8 00000000 		.word	SPI_2linesTxISR_16BIT
 2658 00bc 00000000 		.word	SPI_2linesRxISR_8BIT
 2659 00c0 00000000 		.word	SPI_2linesTxISR_8BIT
 2660              		.cfi_endproc
 2661              	.LFE143:
 2663              		.section	.text.HAL_SPI_Receive_IT,"ax",%progbits
 2664              		.align	1
 2665              		.global	HAL_SPI_Receive_IT
 2666              		.syntax unified
 2667              		.thumb
 2668              		.thumb_func
 2670              	HAL_SPI_Receive_IT:
ARM GAS  C:\Users\10369\AppData\Local\Temp\ccy9FUfH.s 			page 132


 2671              	.LVL149:
 2672              	.LFB142:
1474:Drivers/STM32F4xx_HAL_Driver/Src/stm32f4xx_hal_spi.c **** 
 2673              		.loc 1 1474 1 is_stmt 1 view -0
 2674              		.cfi_startproc
 2675              		@ args = 0, pretend = 0, frame = 0
 2676              		@ frame_needed = 0, uses_anonymous_args = 0
1474:Drivers/STM32F4xx_HAL_Driver/Src/stm32f4xx_hal_spi.c **** 
 2677              		.loc 1 1474 1 is_stmt 0 view .LVU930
 2678 0000 08B5     		push	{r3, lr}
 2679              	.LCFI35:
 2680              		.cfi_def_cfa_offset 8
 2681              		.cfi_offset 3, -8
 2682              		.cfi_offset 14, -4
1476:Drivers/STM32F4xx_HAL_Driver/Src/stm32f4xx_hal_spi.c ****   {
 2683              		.loc 1 1476 3 is_stmt 1 view .LVU931
1476:Drivers/STM32F4xx_HAL_Driver/Src/stm32f4xx_hal_spi.c ****   {
 2684              		.loc 1 1476 11 is_stmt 0 view .LVU932
 2685 0002 90F85130 		ldrb	r3, [r0, #81]	@ zero_extendqisi2
1476:Drivers/STM32F4xx_HAL_Driver/Src/stm32f4xx_hal_spi.c ****   {
 2686              		.loc 1 1476 6 view .LVU933
 2687 0006 012B     		cmp	r3, #1
 2688 0008 5FD1     		bne	.L198
 2689 000a 8446     		mov	ip, r0
 2690 000c D8B2     		uxtb	r0, r3
 2691              	.LVL150:
1481:Drivers/STM32F4xx_HAL_Driver/Src/stm32f4xx_hal_spi.c ****   {
 2692              		.loc 1 1481 3 is_stmt 1 view .LVU934
1481:Drivers/STM32F4xx_HAL_Driver/Src/stm32f4xx_hal_spi.c ****   {
 2693              		.loc 1 1481 6 is_stmt 0 view .LVU935
 2694 000e 0029     		cmp	r1, #0
 2695 0010 5CD0     		beq	.L192
1481:Drivers/STM32F4xx_HAL_Driver/Src/stm32f4xx_hal_spi.c ****   {
 2696              		.loc 1 1481 23 discriminator 1 view .LVU936
 2697 0012 002A     		cmp	r2, #0
 2698 0014 5AD0     		beq	.L192
1486:Drivers/STM32F4xx_HAL_Driver/Src/stm32f4xx_hal_spi.c ****   {
 2699              		.loc 1 1486 3 is_stmt 1 view .LVU937
1486:Drivers/STM32F4xx_HAL_Driver/Src/stm32f4xx_hal_spi.c ****   {
 2700              		.loc 1 1486 18 is_stmt 0 view .LVU938
 2701 0016 DCF80800 		ldr	r0, [ip, #8]
1486:Drivers/STM32F4xx_HAL_Driver/Src/stm32f4xx_hal_spi.c ****   {
 2702              		.loc 1 1486 6 view .LVU939
 2703 001a 20B9     		cbnz	r0, .L193
1486:Drivers/STM32F4xx_HAL_Driver/Src/stm32f4xx_hal_spi.c ****   {
 2704              		.loc 1 1486 68 discriminator 1 view .LVU940
 2705 001c DCF80430 		ldr	r3, [ip, #4]
1486:Drivers/STM32F4xx_HAL_Driver/Src/stm32f4xx_hal_spi.c ****   {
 2706              		.loc 1 1486 54 discriminator 1 view .LVU941
 2707 0020 B3F5827F 		cmp	r3, #260
 2708 0024 37D0     		beq	.L201
 2709              	.L193:
1495:Drivers/STM32F4xx_HAL_Driver/Src/stm32f4xx_hal_spi.c **** 
 2710              		.loc 1 1495 3 is_stmt 1 view .LVU942
1495:Drivers/STM32F4xx_HAL_Driver/Src/stm32f4xx_hal_spi.c **** 
 2711              		.loc 1 1495 3 view .LVU943
 2712 0026 9CF85030 		ldrb	r3, [ip, #80]	@ zero_extendqisi2
ARM GAS  C:\Users\10369\AppData\Local\Temp\ccy9FUfH.s 			page 133


 2713 002a 012B     		cmp	r3, #1
 2714 002c 4FD0     		beq	.L199
1495:Drivers/STM32F4xx_HAL_Driver/Src/stm32f4xx_hal_spi.c **** 
 2715              		.loc 1 1495 3 discriminator 2 view .LVU944
 2716 002e 0123     		movs	r3, #1
 2717 0030 8CF85030 		strb	r3, [ip, #80]
1495:Drivers/STM32F4xx_HAL_Driver/Src/stm32f4xx_hal_spi.c **** 
 2718              		.loc 1 1495 3 view .LVU945
1498:Drivers/STM32F4xx_HAL_Driver/Src/stm32f4xx_hal_spi.c ****   hspi->ErrorCode   = HAL_SPI_ERROR_NONE;
 2719              		.loc 1 1498 3 view .LVU946
1498:Drivers/STM32F4xx_HAL_Driver/Src/stm32f4xx_hal_spi.c ****   hspi->ErrorCode   = HAL_SPI_ERROR_NONE;
 2720              		.loc 1 1498 21 is_stmt 0 view .LVU947
 2721 0034 0423     		movs	r3, #4
 2722 0036 8CF85130 		strb	r3, [ip, #81]
1499:Drivers/STM32F4xx_HAL_Driver/Src/stm32f4xx_hal_spi.c ****   hspi->pRxBuffPtr  = (uint8_t *)pData;
 2723              		.loc 1 1499 3 is_stmt 1 view .LVU948
1499:Drivers/STM32F4xx_HAL_Driver/Src/stm32f4xx_hal_spi.c ****   hspi->pRxBuffPtr  = (uint8_t *)pData;
 2724              		.loc 1 1499 21 is_stmt 0 view .LVU949
 2725 003a 0023     		movs	r3, #0
 2726 003c CCF85430 		str	r3, [ip, #84]
1500:Drivers/STM32F4xx_HAL_Driver/Src/stm32f4xx_hal_spi.c ****   hspi->RxXferSize  = Size;
 2727              		.loc 1 1500 3 is_stmt 1 view .LVU950
1500:Drivers/STM32F4xx_HAL_Driver/Src/stm32f4xx_hal_spi.c ****   hspi->RxXferSize  = Size;
 2728              		.loc 1 1500 21 is_stmt 0 view .LVU951
 2729 0040 CCF83810 		str	r1, [ip, #56]
1501:Drivers/STM32F4xx_HAL_Driver/Src/stm32f4xx_hal_spi.c ****   hspi->RxXferCount = Size;
 2730              		.loc 1 1501 3 is_stmt 1 view .LVU952
1501:Drivers/STM32F4xx_HAL_Driver/Src/stm32f4xx_hal_spi.c ****   hspi->RxXferCount = Size;
 2731              		.loc 1 1501 21 is_stmt 0 view .LVU953
 2732 0044 ACF83C20 		strh	r2, [ip, #60]	@ movhi
1502:Drivers/STM32F4xx_HAL_Driver/Src/stm32f4xx_hal_spi.c **** 
 2733              		.loc 1 1502 3 is_stmt 1 view .LVU954
1502:Drivers/STM32F4xx_HAL_Driver/Src/stm32f4xx_hal_spi.c **** 
 2734              		.loc 1 1502 21 is_stmt 0 view .LVU955
 2735 0048 ACF83E20 		strh	r2, [ip, #62]	@ movhi
1505:Drivers/STM32F4xx_HAL_Driver/Src/stm32f4xx_hal_spi.c ****   hspi->TxXferSize  = 0U;
 2736              		.loc 1 1505 3 is_stmt 1 view .LVU956
1505:Drivers/STM32F4xx_HAL_Driver/Src/stm32f4xx_hal_spi.c ****   hspi->TxXferSize  = 0U;
 2737              		.loc 1 1505 21 is_stmt 0 view .LVU957
 2738 004c CCF83030 		str	r3, [ip, #48]
1506:Drivers/STM32F4xx_HAL_Driver/Src/stm32f4xx_hal_spi.c ****   hspi->TxXferCount = 0U;
 2739              		.loc 1 1506 3 is_stmt 1 view .LVU958
1506:Drivers/STM32F4xx_HAL_Driver/Src/stm32f4xx_hal_spi.c ****   hspi->TxXferCount = 0U;
 2740              		.loc 1 1506 21 is_stmt 0 view .LVU959
 2741 0050 ACF83430 		strh	r3, [ip, #52]	@ movhi
1507:Drivers/STM32F4xx_HAL_Driver/Src/stm32f4xx_hal_spi.c ****   hspi->TxISR       = NULL;
 2742              		.loc 1 1507 3 is_stmt 1 view .LVU960
1507:Drivers/STM32F4xx_HAL_Driver/Src/stm32f4xx_hal_spi.c ****   hspi->TxISR       = NULL;
 2743              		.loc 1 1507 21 is_stmt 0 view .LVU961
 2744 0054 ACF83630 		strh	r3, [ip, #54]	@ movhi
1508:Drivers/STM32F4xx_HAL_Driver/Src/stm32f4xx_hal_spi.c **** 
 2745              		.loc 1 1508 3 is_stmt 1 view .LVU962
1508:Drivers/STM32F4xx_HAL_Driver/Src/stm32f4xx_hal_spi.c **** 
 2746              		.loc 1 1508 21 is_stmt 0 view .LVU963
 2747 0058 CCF84430 		str	r3, [ip, #68]
1511:Drivers/STM32F4xx_HAL_Driver/Src/stm32f4xx_hal_spi.c ****   {
 2748              		.loc 1 1511 3 is_stmt 1 view .LVU964
ARM GAS  C:\Users\10369\AppData\Local\Temp\ccy9FUfH.s 			page 134


1511:Drivers/STM32F4xx_HAL_Driver/Src/stm32f4xx_hal_spi.c ****   {
 2749              		.loc 1 1511 17 is_stmt 0 view .LVU965
 2750 005c DCF80C30 		ldr	r3, [ip, #12]
1511:Drivers/STM32F4xx_HAL_Driver/Src/stm32f4xx_hal_spi.c ****   {
 2751              		.loc 1 1511 6 view .LVU966
 2752 0060 13B3     		cbz	r3, .L194
1513:Drivers/STM32F4xx_HAL_Driver/Src/stm32f4xx_hal_spi.c ****   }
 2753              		.loc 1 1513 5 is_stmt 1 view .LVU967
1513:Drivers/STM32F4xx_HAL_Driver/Src/stm32f4xx_hal_spi.c ****   }
 2754              		.loc 1 1513 17 is_stmt 0 view .LVU968
 2755 0062 1C4B     		ldr	r3, .L203
 2756 0064 CCF84030 		str	r3, [ip, #64]
 2757              	.L195:
1521:Drivers/STM32F4xx_HAL_Driver/Src/stm32f4xx_hal_spi.c ****   {
 2758              		.loc 1 1521 3 is_stmt 1 view .LVU969
1521:Drivers/STM32F4xx_HAL_Driver/Src/stm32f4xx_hal_spi.c ****   {
 2759              		.loc 1 1521 6 is_stmt 0 view .LVU970
 2760 0068 B0F5004F 		cmp	r0, #32768
 2761 006c 20D0     		beq	.L202
 2762              	.LVL151:
 2763              	.L196:
1541:Drivers/STM32F4xx_HAL_Driver/Src/stm32f4xx_hal_spi.c ****   {
 2764              		.loc 1 1541 3 is_stmt 1 view .LVU971
1541:Drivers/STM32F4xx_HAL_Driver/Src/stm32f4xx_hal_spi.c ****   {
 2765              		.loc 1 1541 12 is_stmt 0 view .LVU972
 2766 006e DCF80030 		ldr	r3, [ip]
1541:Drivers/STM32F4xx_HAL_Driver/Src/stm32f4xx_hal_spi.c ****   {
 2767              		.loc 1 1541 22 view .LVU973
 2768 0072 1A68     		ldr	r2, [r3]
1541:Drivers/STM32F4xx_HAL_Driver/Src/stm32f4xx_hal_spi.c ****   {
 2769              		.loc 1 1541 6 view .LVU974
 2770 0074 12F0400F 		tst	r2, #64
 2771 0078 03D1     		bne	.L197
1544:Drivers/STM32F4xx_HAL_Driver/Src/stm32f4xx_hal_spi.c ****   }
 2772              		.loc 1 1544 5 is_stmt 1 view .LVU975
 2773 007a 1A68     		ldr	r2, [r3]
 2774 007c 42F04002 		orr	r2, r2, #64
 2775 0080 1A60     		str	r2, [r3]
 2776              	.L197:
1548:Drivers/STM32F4xx_HAL_Driver/Src/stm32f4xx_hal_spi.c ****   /* Enable RXNE and ERR interrupt */
 2777              		.loc 1 1548 3 view .LVU976
1548:Drivers/STM32F4xx_HAL_Driver/Src/stm32f4xx_hal_spi.c ****   /* Enable RXNE and ERR interrupt */
 2778              		.loc 1 1548 3 view .LVU977
 2779 0082 0020     		movs	r0, #0
 2780 0084 8CF85000 		strb	r0, [ip, #80]
1548:Drivers/STM32F4xx_HAL_Driver/Src/stm32f4xx_hal_spi.c ****   /* Enable RXNE and ERR interrupt */
 2781              		.loc 1 1548 3 view .LVU978
1550:Drivers/STM32F4xx_HAL_Driver/Src/stm32f4xx_hal_spi.c **** 
 2782              		.loc 1 1550 3 view .LVU979
 2783 0088 DCF80020 		ldr	r2, [ip]
 2784 008c 5368     		ldr	r3, [r2, #4]
 2785 008e 43F06003 		orr	r3, r3, #96
 2786 0092 5360     		str	r3, [r2, #4]
1552:Drivers/STM32F4xx_HAL_Driver/Src/stm32f4xx_hal_spi.c **** }
 2787              		.loc 1 1552 3 view .LVU980
1552:Drivers/STM32F4xx_HAL_Driver/Src/stm32f4xx_hal_spi.c **** }
 2788              		.loc 1 1552 10 is_stmt 0 view .LVU981
ARM GAS  C:\Users\10369\AppData\Local\Temp\ccy9FUfH.s 			page 135


 2789 0094 1AE0     		b	.L192
 2790              	.LVL152:
 2791              	.L201:
1488:Drivers/STM32F4xx_HAL_Driver/Src/stm32f4xx_hal_spi.c ****     /* Call transmit-receive function to send Dummy data on Tx line and generate clock on CLK line 
 2792              		.loc 1 1488 5 is_stmt 1 view .LVU982
1488:Drivers/STM32F4xx_HAL_Driver/Src/stm32f4xx_hal_spi.c ****     /* Call transmit-receive function to send Dummy data on Tx line and generate clock on CLK line 
 2793              		.loc 1 1488 17 is_stmt 0 view .LVU983
 2794 0096 0423     		movs	r3, #4
 2795 0098 8CF85130 		strb	r3, [ip, #81]
1490:Drivers/STM32F4xx_HAL_Driver/Src/stm32f4xx_hal_spi.c ****   }
 2796              		.loc 1 1490 5 is_stmt 1 view .LVU984
1490:Drivers/STM32F4xx_HAL_Driver/Src/stm32f4xx_hal_spi.c ****   }
 2797              		.loc 1 1490 12 is_stmt 0 view .LVU985
 2798 009c 1346     		mov	r3, r2
 2799 009e 0A46     		mov	r2, r1
 2800              	.LVL153:
1490:Drivers/STM32F4xx_HAL_Driver/Src/stm32f4xx_hal_spi.c ****   }
 2801              		.loc 1 1490 12 view .LVU986
 2802 00a0 6046     		mov	r0, ip
 2803 00a2 FFF7FEFF 		bl	HAL_SPI_TransmitReceive_IT
 2804              	.LVL154:
1490:Drivers/STM32F4xx_HAL_Driver/Src/stm32f4xx_hal_spi.c ****   }
 2805              		.loc 1 1490 12 view .LVU987
 2806 00a6 11E0     		b	.L192
 2807              	.LVL155:
 2808              	.L194:
1517:Drivers/STM32F4xx_HAL_Driver/Src/stm32f4xx_hal_spi.c ****   }
 2809              		.loc 1 1517 5 is_stmt 1 view .LVU988
1517:Drivers/STM32F4xx_HAL_Driver/Src/stm32f4xx_hal_spi.c ****   }
 2810              		.loc 1 1517 17 is_stmt 0 view .LVU989
 2811 00a8 0B4B     		ldr	r3, .L203+4
 2812 00aa CCF84030 		str	r3, [ip, #64]
 2813 00ae DBE7     		b	.L195
 2814              	.L202:
1524:Drivers/STM32F4xx_HAL_Driver/Src/stm32f4xx_hal_spi.c ****     SPI_1LINE_RX(hspi);
 2815              		.loc 1 1524 5 is_stmt 1 view .LVU990
 2816 00b0 DCF80020 		ldr	r2, [ip]
 2817              	.LVL156:
1524:Drivers/STM32F4xx_HAL_Driver/Src/stm32f4xx_hal_spi.c ****     SPI_1LINE_RX(hspi);
 2818              		.loc 1 1524 5 is_stmt 0 view .LVU991
 2819 00b4 1368     		ldr	r3, [r2]
 2820 00b6 23F04003 		bic	r3, r3, #64
 2821 00ba 1360     		str	r3, [r2]
 2822              	.LVL157:
1525:Drivers/STM32F4xx_HAL_Driver/Src/stm32f4xx_hal_spi.c ****   }
 2823              		.loc 1 1525 5 is_stmt 1 view .LVU992
 2824 00bc DCF80020 		ldr	r2, [ip]
 2825 00c0 1368     		ldr	r3, [r2]
 2826 00c2 23F48043 		bic	r3, r3, #16384
 2827 00c6 1360     		str	r3, [r2]
 2828 00c8 D1E7     		b	.L196
 2829              	.LVL158:
 2830              	.L198:
1478:Drivers/STM32F4xx_HAL_Driver/Src/stm32f4xx_hal_spi.c ****   }
 2831              		.loc 1 1478 12 is_stmt 0 view .LVU993
 2832 00ca 0220     		movs	r0, #2
 2833              	.LVL159:
ARM GAS  C:\Users\10369\AppData\Local\Temp\ccy9FUfH.s 			page 136


 2834              	.L192:
1553:Drivers/STM32F4xx_HAL_Driver/Src/stm32f4xx_hal_spi.c **** 
 2835              		.loc 1 1553 1 view .LVU994
 2836 00cc 08BD     		pop	{r3, pc}
 2837              	.LVL160:
 2838              	.L199:
1495:Drivers/STM32F4xx_HAL_Driver/Src/stm32f4xx_hal_spi.c **** 
 2839              		.loc 1 1495 3 discriminator 1 view .LVU995
 2840 00ce 0220     		movs	r0, #2
 2841 00d0 FCE7     		b	.L192
 2842              	.L204:
 2843 00d2 00BF     		.align	2
 2844              	.L203:
 2845 00d4 00000000 		.word	SPI_RxISR_16BIT
 2846 00d8 00000000 		.word	SPI_RxISR_8BIT
 2847              		.cfi_endproc
 2848              	.LFE142:
 2850              		.section	.text.HAL_SPI_Transmit_DMA,"ax",%progbits
 2851              		.align	1
 2852              		.global	HAL_SPI_Transmit_DMA
 2853              		.syntax unified
 2854              		.thumb
 2855              		.thumb_func
 2857              	HAL_SPI_Transmit_DMA:
 2858              	.LVL161:
 2859              	.LFB144:
1652:Drivers/STM32F4xx_HAL_Driver/Src/stm32f4xx_hal_spi.c **** 
 2860              		.loc 1 1652 1 is_stmt 1 view -0
 2861              		.cfi_startproc
 2862              		@ args = 0, pretend = 0, frame = 0
 2863              		@ frame_needed = 0, uses_anonymous_args = 0
1652:Drivers/STM32F4xx_HAL_Driver/Src/stm32f4xx_hal_spi.c **** 
 2864              		.loc 1 1652 1 is_stmt 0 view .LVU997
 2865 0000 38B5     		push	{r3, r4, r5, lr}
 2866              	.LCFI36:
 2867              		.cfi_def_cfa_offset 16
 2868              		.cfi_offset 3, -16
 2869              		.cfi_offset 4, -12
 2870              		.cfi_offset 5, -8
 2871              		.cfi_offset 14, -4
1655:Drivers/STM32F4xx_HAL_Driver/Src/stm32f4xx_hal_spi.c **** 
 2872              		.loc 1 1655 3 is_stmt 1 view .LVU998
1658:Drivers/STM32F4xx_HAL_Driver/Src/stm32f4xx_hal_spi.c **** 
 2873              		.loc 1 1658 3 view .LVU999
1660:Drivers/STM32F4xx_HAL_Driver/Src/stm32f4xx_hal_spi.c ****   {
 2874              		.loc 1 1660 3 view .LVU1000
1660:Drivers/STM32F4xx_HAL_Driver/Src/stm32f4xx_hal_spi.c ****   {
 2875              		.loc 1 1660 11 is_stmt 0 view .LVU1001
 2876 0002 90F85130 		ldrb	r3, [r0, #81]	@ zero_extendqisi2
1660:Drivers/STM32F4xx_HAL_Driver/Src/stm32f4xx_hal_spi.c ****   {
 2877              		.loc 1 1660 6 view .LVU1002
 2878 0006 012B     		cmp	r3, #1
 2879 0008 5ED1     		bne	.L210
 2880 000a 0446     		mov	r4, r0
 2881 000c DDB2     		uxtb	r5, r3
1665:Drivers/STM32F4xx_HAL_Driver/Src/stm32f4xx_hal_spi.c ****   {
 2882              		.loc 1 1665 3 is_stmt 1 view .LVU1003
ARM GAS  C:\Users\10369\AppData\Local\Temp\ccy9FUfH.s 			page 137


1665:Drivers/STM32F4xx_HAL_Driver/Src/stm32f4xx_hal_spi.c ****   {
 2883              		.loc 1 1665 6 is_stmt 0 view .LVU1004
 2884 000e 0029     		cmp	r1, #0
 2885 0010 5BD0     		beq	.L206
1665:Drivers/STM32F4xx_HAL_Driver/Src/stm32f4xx_hal_spi.c ****   {
 2886              		.loc 1 1665 23 discriminator 1 view .LVU1005
 2887 0012 002A     		cmp	r2, #0
 2888 0014 59D0     		beq	.L206
1671:Drivers/STM32F4xx_HAL_Driver/Src/stm32f4xx_hal_spi.c **** 
 2889              		.loc 1 1671 3 is_stmt 1 view .LVU1006
1671:Drivers/STM32F4xx_HAL_Driver/Src/stm32f4xx_hal_spi.c **** 
 2890              		.loc 1 1671 3 view .LVU1007
 2891 0016 90F85030 		ldrb	r3, [r0, #80]	@ zero_extendqisi2
 2892 001a 012B     		cmp	r3, #1
 2893 001c 57D0     		beq	.L211
1671:Drivers/STM32F4xx_HAL_Driver/Src/stm32f4xx_hal_spi.c **** 
 2894              		.loc 1 1671 3 discriminator 2 view .LVU1008
 2895 001e 0123     		movs	r3, #1
 2896 0020 80F85030 		strb	r3, [r0, #80]
1671:Drivers/STM32F4xx_HAL_Driver/Src/stm32f4xx_hal_spi.c **** 
 2897              		.loc 1 1671 3 view .LVU1009
1674:Drivers/STM32F4xx_HAL_Driver/Src/stm32f4xx_hal_spi.c ****   hspi->ErrorCode   = HAL_SPI_ERROR_NONE;
 2898              		.loc 1 1674 3 view .LVU1010
1674:Drivers/STM32F4xx_HAL_Driver/Src/stm32f4xx_hal_spi.c ****   hspi->ErrorCode   = HAL_SPI_ERROR_NONE;
 2899              		.loc 1 1674 21 is_stmt 0 view .LVU1011
 2900 0024 0323     		movs	r3, #3
 2901 0026 80F85130 		strb	r3, [r0, #81]
1675:Drivers/STM32F4xx_HAL_Driver/Src/stm32f4xx_hal_spi.c ****   hspi->pTxBuffPtr  = (const uint8_t *)pData;
 2902              		.loc 1 1675 3 is_stmt 1 view .LVU1012
1675:Drivers/STM32F4xx_HAL_Driver/Src/stm32f4xx_hal_spi.c ****   hspi->pTxBuffPtr  = (const uint8_t *)pData;
 2903              		.loc 1 1675 21 is_stmt 0 view .LVU1013
 2904 002a 0023     		movs	r3, #0
 2905 002c 4365     		str	r3, [r0, #84]
1676:Drivers/STM32F4xx_HAL_Driver/Src/stm32f4xx_hal_spi.c ****   hspi->TxXferSize  = Size;
 2906              		.loc 1 1676 3 is_stmt 1 view .LVU1014
1676:Drivers/STM32F4xx_HAL_Driver/Src/stm32f4xx_hal_spi.c ****   hspi->TxXferSize  = Size;
 2907              		.loc 1 1676 21 is_stmt 0 view .LVU1015
 2908 002e 0163     		str	r1, [r0, #48]
1677:Drivers/STM32F4xx_HAL_Driver/Src/stm32f4xx_hal_spi.c ****   hspi->TxXferCount = Size;
 2909              		.loc 1 1677 3 is_stmt 1 view .LVU1016
1677:Drivers/STM32F4xx_HAL_Driver/Src/stm32f4xx_hal_spi.c ****   hspi->TxXferCount = Size;
 2910              		.loc 1 1677 21 is_stmt 0 view .LVU1017
 2911 0030 8286     		strh	r2, [r0, #52]	@ movhi
1678:Drivers/STM32F4xx_HAL_Driver/Src/stm32f4xx_hal_spi.c **** 
 2912              		.loc 1 1678 3 is_stmt 1 view .LVU1018
1678:Drivers/STM32F4xx_HAL_Driver/Src/stm32f4xx_hal_spi.c **** 
 2913              		.loc 1 1678 21 is_stmt 0 view .LVU1019
 2914 0032 C286     		strh	r2, [r0, #54]	@ movhi
1681:Drivers/STM32F4xx_HAL_Driver/Src/stm32f4xx_hal_spi.c ****   hspi->TxISR       = NULL;
 2915              		.loc 1 1681 3 is_stmt 1 view .LVU1020
1681:Drivers/STM32F4xx_HAL_Driver/Src/stm32f4xx_hal_spi.c ****   hspi->TxISR       = NULL;
 2916              		.loc 1 1681 21 is_stmt 0 view .LVU1021
 2917 0034 8363     		str	r3, [r0, #56]
1682:Drivers/STM32F4xx_HAL_Driver/Src/stm32f4xx_hal_spi.c ****   hspi->RxISR       = NULL;
 2918              		.loc 1 1682 3 is_stmt 1 view .LVU1022
1682:Drivers/STM32F4xx_HAL_Driver/Src/stm32f4xx_hal_spi.c ****   hspi->RxISR       = NULL;
 2919              		.loc 1 1682 21 is_stmt 0 view .LVU1023
ARM GAS  C:\Users\10369\AppData\Local\Temp\ccy9FUfH.s 			page 138


 2920 0036 4364     		str	r3, [r0, #68]
1683:Drivers/STM32F4xx_HAL_Driver/Src/stm32f4xx_hal_spi.c ****   hspi->RxXferSize  = 0U;
 2921              		.loc 1 1683 3 is_stmt 1 view .LVU1024
1683:Drivers/STM32F4xx_HAL_Driver/Src/stm32f4xx_hal_spi.c ****   hspi->RxXferSize  = 0U;
 2922              		.loc 1 1683 21 is_stmt 0 view .LVU1025
 2923 0038 0364     		str	r3, [r0, #64]
1684:Drivers/STM32F4xx_HAL_Driver/Src/stm32f4xx_hal_spi.c ****   hspi->RxXferCount = 0U;
 2924              		.loc 1 1684 3 is_stmt 1 view .LVU1026
1684:Drivers/STM32F4xx_HAL_Driver/Src/stm32f4xx_hal_spi.c ****   hspi->RxXferCount = 0U;
 2925              		.loc 1 1684 21 is_stmt 0 view .LVU1027
 2926 003a 8387     		strh	r3, [r0, #60]	@ movhi
1685:Drivers/STM32F4xx_HAL_Driver/Src/stm32f4xx_hal_spi.c **** 
 2927              		.loc 1 1685 3 is_stmt 1 view .LVU1028
1685:Drivers/STM32F4xx_HAL_Driver/Src/stm32f4xx_hal_spi.c **** 
 2928              		.loc 1 1685 21 is_stmt 0 view .LVU1029
 2929 003c C387     		strh	r3, [r0, #62]	@ movhi
1688:Drivers/STM32F4xx_HAL_Driver/Src/stm32f4xx_hal_spi.c ****   {
 2930              		.loc 1 1688 3 is_stmt 1 view .LVU1030
1688:Drivers/STM32F4xx_HAL_Driver/Src/stm32f4xx_hal_spi.c ****   {
 2931              		.loc 1 1688 17 is_stmt 0 view .LVU1031
 2932 003e 8368     		ldr	r3, [r0, #8]
1688:Drivers/STM32F4xx_HAL_Driver/Src/stm32f4xx_hal_spi.c ****   {
 2933              		.loc 1 1688 6 view .LVU1032
 2934 0040 B3F5004F 		cmp	r3, #32768
 2935 0044 2DD0     		beq	.L213
 2936              	.LVL162:
 2937              	.L207:
1704:Drivers/STM32F4xx_HAL_Driver/Src/stm32f4xx_hal_spi.c **** 
 2938              		.loc 1 1704 3 is_stmt 1 view .LVU1033
1704:Drivers/STM32F4xx_HAL_Driver/Src/stm32f4xx_hal_spi.c **** 
 2939              		.loc 1 1704 7 is_stmt 0 view .LVU1034
 2940 0046 A36C     		ldr	r3, [r4, #72]
1704:Drivers/STM32F4xx_HAL_Driver/Src/stm32f4xx_hal_spi.c **** 
 2941              		.loc 1 1704 38 view .LVU1035
 2942 0048 224A     		ldr	r2, .L215
 2943 004a 1A64     		str	r2, [r3, #64]
1707:Drivers/STM32F4xx_HAL_Driver/Src/stm32f4xx_hal_spi.c **** 
 2944              		.loc 1 1707 3 is_stmt 1 view .LVU1036
1707:Drivers/STM32F4xx_HAL_Driver/Src/stm32f4xx_hal_spi.c **** 
 2945              		.loc 1 1707 7 is_stmt 0 view .LVU1037
 2946 004c A36C     		ldr	r3, [r4, #72]
1707:Drivers/STM32F4xx_HAL_Driver/Src/stm32f4xx_hal_spi.c **** 
 2947              		.loc 1 1707 34 view .LVU1038
 2948 004e 224A     		ldr	r2, .L215+4
 2949 0050 DA63     		str	r2, [r3, #60]
1710:Drivers/STM32F4xx_HAL_Driver/Src/stm32f4xx_hal_spi.c **** 
 2950              		.loc 1 1710 3 is_stmt 1 view .LVU1039
1710:Drivers/STM32F4xx_HAL_Driver/Src/stm32f4xx_hal_spi.c **** 
 2951              		.loc 1 1710 7 is_stmt 0 view .LVU1040
 2952 0052 A36C     		ldr	r3, [r4, #72]
1710:Drivers/STM32F4xx_HAL_Driver/Src/stm32f4xx_hal_spi.c **** 
 2953              		.loc 1 1710 35 view .LVU1041
 2954 0054 214A     		ldr	r2, .L215+8
 2955 0056 DA64     		str	r2, [r3, #76]
1713:Drivers/STM32F4xx_HAL_Driver/Src/stm32f4xx_hal_spi.c **** 
 2956              		.loc 1 1713 3 is_stmt 1 view .LVU1042
1713:Drivers/STM32F4xx_HAL_Driver/Src/stm32f4xx_hal_spi.c **** 
ARM GAS  C:\Users\10369\AppData\Local\Temp\ccy9FUfH.s 			page 139


 2957              		.loc 1 1713 7 is_stmt 0 view .LVU1043
 2958 0058 A36C     		ldr	r3, [r4, #72]
1713:Drivers/STM32F4xx_HAL_Driver/Src/stm32f4xx_hal_spi.c **** 
 2959              		.loc 1 1713 35 view .LVU1044
 2960 005a 0022     		movs	r2, #0
 2961 005c 1A65     		str	r2, [r3, #80]
1716:Drivers/STM32F4xx_HAL_Driver/Src/stm32f4xx_hal_spi.c ****                                  hspi->TxXferCount))
 2962              		.loc 1 1716 3 is_stmt 1 view .LVU1045
1716:Drivers/STM32F4xx_HAL_Driver/Src/stm32f4xx_hal_spi.c ****                                  hspi->TxXferCount))
 2963              		.loc 1 1716 91 is_stmt 0 view .LVU1046
 2964 005e 2268     		ldr	r2, [r4]
1717:Drivers/STM32F4xx_HAL_Driver/Src/stm32f4xx_hal_spi.c ****   {
 2965              		.loc 1 1717 38 view .LVU1047
 2966 0060 E38E     		ldrh	r3, [r4, #54]
1716:Drivers/STM32F4xx_HAL_Driver/Src/stm32f4xx_hal_spi.c ****                                  hspi->TxXferCount))
 2967              		.loc 1 1716 17 view .LVU1048
 2968 0062 9BB2     		uxth	r3, r3
 2969 0064 0C32     		adds	r2, r2, #12
 2970 0066 216B     		ldr	r1, [r4, #48]
 2971              	.LVL163:
1716:Drivers/STM32F4xx_HAL_Driver/Src/stm32f4xx_hal_spi.c ****                                  hspi->TxXferCount))
 2972              		.loc 1 1716 17 view .LVU1049
 2973 0068 A06C     		ldr	r0, [r4, #72]
 2974              	.LVL164:
1716:Drivers/STM32F4xx_HAL_Driver/Src/stm32f4xx_hal_spi.c ****                                  hspi->TxXferCount))
 2975              		.loc 1 1716 17 view .LVU1050
 2976 006a FFF7FEFF 		bl	HAL_DMA_Start_IT
 2977              	.LVL165:
1716:Drivers/STM32F4xx_HAL_Driver/Src/stm32f4xx_hal_spi.c ****                                  hspi->TxXferCount))
 2978              		.loc 1 1716 6 discriminator 1 view .LVU1051
 2979 006e 0146     		mov	r1, r0
 2980 0070 10BB     		cbnz	r0, .L214
1727:Drivers/STM32F4xx_HAL_Driver/Src/stm32f4xx_hal_spi.c ****   {
 2981              		.loc 1 1727 3 is_stmt 1 view .LVU1052
1727:Drivers/STM32F4xx_HAL_Driver/Src/stm32f4xx_hal_spi.c ****   {
 2982              		.loc 1 1727 12 is_stmt 0 view .LVU1053
 2983 0072 2368     		ldr	r3, [r4]
1727:Drivers/STM32F4xx_HAL_Driver/Src/stm32f4xx_hal_spi.c ****   {
 2984              		.loc 1 1727 22 view .LVU1054
 2985 0074 1A68     		ldr	r2, [r3]
1727:Drivers/STM32F4xx_HAL_Driver/Src/stm32f4xx_hal_spi.c ****   {
 2986              		.loc 1 1727 6 view .LVU1055
 2987 0076 12F0400F 		tst	r2, #64
 2988 007a 03D1     		bne	.L209
1730:Drivers/STM32F4xx_HAL_Driver/Src/stm32f4xx_hal_spi.c ****   }
 2989              		.loc 1 1730 5 is_stmt 1 view .LVU1056
 2990 007c 1A68     		ldr	r2, [r3]
 2991 007e 42F04002 		orr	r2, r2, #64
 2992 0082 1A60     		str	r2, [r3]
 2993              	.L209:
1734:Drivers/STM32F4xx_HAL_Driver/Src/stm32f4xx_hal_spi.c **** 
 2994              		.loc 1 1734 3 view .LVU1057
1734:Drivers/STM32F4xx_HAL_Driver/Src/stm32f4xx_hal_spi.c **** 
 2995              		.loc 1 1734 3 view .LVU1058
 2996 0084 0023     		movs	r3, #0
 2997 0086 84F85030 		strb	r3, [r4, #80]
1734:Drivers/STM32F4xx_HAL_Driver/Src/stm32f4xx_hal_spi.c **** 
ARM GAS  C:\Users\10369\AppData\Local\Temp\ccy9FUfH.s 			page 140


 2998              		.loc 1 1734 3 view .LVU1059
1737:Drivers/STM32F4xx_HAL_Driver/Src/stm32f4xx_hal_spi.c **** 
 2999              		.loc 1 1737 3 view .LVU1060
 3000 008a 2268     		ldr	r2, [r4]
 3001 008c 5368     		ldr	r3, [r2, #4]
 3002 008e 43F02003 		orr	r3, r3, #32
 3003 0092 5360     		str	r3, [r2, #4]
1740:Drivers/STM32F4xx_HAL_Driver/Src/stm32f4xx_hal_spi.c **** 
 3004              		.loc 1 1740 3 view .LVU1061
 3005 0094 2268     		ldr	r2, [r4]
 3006 0096 5368     		ldr	r3, [r2, #4]
 3007 0098 43F00203 		orr	r3, r3, #2
 3008 009c 5360     		str	r3, [r2, #4]
1742:Drivers/STM32F4xx_HAL_Driver/Src/stm32f4xx_hal_spi.c **** }
 3009              		.loc 1 1742 3 view .LVU1062
1742:Drivers/STM32F4xx_HAL_Driver/Src/stm32f4xx_hal_spi.c **** }
 3010              		.loc 1 1742 10 is_stmt 0 view .LVU1063
 3011 009e 0D46     		mov	r5, r1
 3012 00a0 13E0     		b	.L206
 3013              	.LVL166:
 3014              	.L213:
1691:Drivers/STM32F4xx_HAL_Driver/Src/stm32f4xx_hal_spi.c ****     SPI_1LINE_TX(hspi);
 3015              		.loc 1 1691 5 is_stmt 1 view .LVU1064
 3016 00a2 0268     		ldr	r2, [r0]
 3017              	.LVL167:
1691:Drivers/STM32F4xx_HAL_Driver/Src/stm32f4xx_hal_spi.c ****     SPI_1LINE_TX(hspi);
 3018              		.loc 1 1691 5 is_stmt 0 view .LVU1065
 3019 00a4 1368     		ldr	r3, [r2]
 3020 00a6 23F04003 		bic	r3, r3, #64
 3021 00aa 1360     		str	r3, [r2]
 3022              	.LVL168:
1692:Drivers/STM32F4xx_HAL_Driver/Src/stm32f4xx_hal_spi.c ****   }
 3023              		.loc 1 1692 5 is_stmt 1 view .LVU1066
 3024 00ac 0268     		ldr	r2, [r0]
 3025 00ae 1368     		ldr	r3, [r2]
 3026 00b0 43F48043 		orr	r3, r3, #16384
 3027 00b4 1360     		str	r3, [r2]
 3028 00b6 C6E7     		b	.L207
 3029              	.LVL169:
 3030              	.L214:
1720:Drivers/STM32F4xx_HAL_Driver/Src/stm32f4xx_hal_spi.c ****     /* Process Unlocked */
 3031              		.loc 1 1720 5 view .LVU1067
 3032 00b8 636D     		ldr	r3, [r4, #84]
 3033 00ba 43F01003 		orr	r3, r3, #16
 3034 00be 6365     		str	r3, [r4, #84]
1722:Drivers/STM32F4xx_HAL_Driver/Src/stm32f4xx_hal_spi.c ****     return HAL_ERROR;
 3035              		.loc 1 1722 5 view .LVU1068
1722:Drivers/STM32F4xx_HAL_Driver/Src/stm32f4xx_hal_spi.c ****     return HAL_ERROR;
 3036              		.loc 1 1722 5 view .LVU1069
 3037 00c0 0023     		movs	r3, #0
 3038 00c2 84F85030 		strb	r3, [r4, #80]
1722:Drivers/STM32F4xx_HAL_Driver/Src/stm32f4xx_hal_spi.c ****     return HAL_ERROR;
 3039              		.loc 1 1722 5 view .LVU1070
1723:Drivers/STM32F4xx_HAL_Driver/Src/stm32f4xx_hal_spi.c ****   }
 3040              		.loc 1 1723 5 view .LVU1071
1723:Drivers/STM32F4xx_HAL_Driver/Src/stm32f4xx_hal_spi.c ****   }
 3041              		.loc 1 1723 12 is_stmt 0 view .LVU1072
ARM GAS  C:\Users\10369\AppData\Local\Temp\ccy9FUfH.s 			page 141


 3042 00c6 00E0     		b	.L206
 3043              	.LVL170:
 3044              	.L210:
1662:Drivers/STM32F4xx_HAL_Driver/Src/stm32f4xx_hal_spi.c ****   }
 3045              		.loc 1 1662 12 view .LVU1073
 3046 00c8 0225     		movs	r5, #2
 3047              	.LVL171:
 3048              	.L206:
1743:Drivers/STM32F4xx_HAL_Driver/Src/stm32f4xx_hal_spi.c **** 
 3049              		.loc 1 1743 1 view .LVU1074
 3050 00ca 2846     		mov	r0, r5
 3051 00cc 38BD     		pop	{r3, r4, r5, pc}
 3052              	.LVL172:
 3053              	.L211:
1671:Drivers/STM32F4xx_HAL_Driver/Src/stm32f4xx_hal_spi.c **** 
 3054              		.loc 1 1671 3 discriminator 1 view .LVU1075
 3055 00ce 0225     		movs	r5, #2
 3056 00d0 FBE7     		b	.L206
 3057              	.L216:
 3058 00d2 00BF     		.align	2
 3059              	.L215:
 3060 00d4 00000000 		.word	SPI_DMAHalfTransmitCplt
 3061 00d8 00000000 		.word	SPI_DMATransmitCplt
 3062 00dc 00000000 		.word	SPI_DMAError
 3063              		.cfi_endproc
 3064              	.LFE144:
 3066              		.section	.text.HAL_SPI_TransmitReceive_DMA,"ax",%progbits
 3067              		.align	1
 3068              		.global	HAL_SPI_TransmitReceive_DMA
 3069              		.syntax unified
 3070              		.thumb
 3071              		.thumb_func
 3073              	HAL_SPI_TransmitReceive_DMA:
 3074              	.LVL173:
 3075              	.LFB146:
1867:Drivers/STM32F4xx_HAL_Driver/Src/stm32f4xx_hal_spi.c ****   uint32_t             tmp_mode;
 3076              		.loc 1 1867 1 is_stmt 1 view -0
 3077              		.cfi_startproc
 3078              		@ args = 0, pretend = 0, frame = 0
 3079              		@ frame_needed = 0, uses_anonymous_args = 0
1867:Drivers/STM32F4xx_HAL_Driver/Src/stm32f4xx_hal_spi.c ****   uint32_t             tmp_mode;
 3080              		.loc 1 1867 1 is_stmt 0 view .LVU1077
 3081 0000 38B5     		push	{r3, r4, r5, lr}
 3082              	.LCFI37:
 3083              		.cfi_def_cfa_offset 16
 3084              		.cfi_offset 3, -16
 3085              		.cfi_offset 4, -12
 3086              		.cfi_offset 5, -8
 3087              		.cfi_offset 14, -4
 3088 0002 0446     		mov	r4, r0
1868:Drivers/STM32F4xx_HAL_Driver/Src/stm32f4xx_hal_spi.c ****   HAL_SPI_StateTypeDef tmp_state;
 3089              		.loc 1 1868 3 is_stmt 1 view .LVU1078
1869:Drivers/STM32F4xx_HAL_Driver/Src/stm32f4xx_hal_spi.c **** 
 3090              		.loc 1 1869 3 view .LVU1079
1872:Drivers/STM32F4xx_HAL_Driver/Src/stm32f4xx_hal_spi.c ****   assert_param(IS_SPI_DMA_HANDLE(hspi->hdmatx));
 3091              		.loc 1 1872 3 view .LVU1080
1873:Drivers/STM32F4xx_HAL_Driver/Src/stm32f4xx_hal_spi.c **** 
ARM GAS  C:\Users\10369\AppData\Local\Temp\ccy9FUfH.s 			page 142


 3092              		.loc 1 1873 3 view .LVU1081
1876:Drivers/STM32F4xx_HAL_Driver/Src/stm32f4xx_hal_spi.c **** 
 3093              		.loc 1 1876 3 view .LVU1082
1879:Drivers/STM32F4xx_HAL_Driver/Src/stm32f4xx_hal_spi.c ****   tmp_mode            = hspi->Init.Mode;
 3094              		.loc 1 1879 3 view .LVU1083
1879:Drivers/STM32F4xx_HAL_Driver/Src/stm32f4xx_hal_spi.c ****   tmp_mode            = hspi->Init.Mode;
 3095              		.loc 1 1879 23 is_stmt 0 view .LVU1084
 3096 0004 90F85100 		ldrb	r0, [r0, #81]	@ zero_extendqisi2
 3097              	.LVL174:
1880:Drivers/STM32F4xx_HAL_Driver/Src/stm32f4xx_hal_spi.c **** 
 3098              		.loc 1 1880 3 is_stmt 1 view .LVU1085
1880:Drivers/STM32F4xx_HAL_Driver/Src/stm32f4xx_hal_spi.c **** 
 3099              		.loc 1 1880 23 is_stmt 0 view .LVU1086
 3100 0008 6568     		ldr	r5, [r4, #4]
 3101              	.LVL175:
1882:Drivers/STM32F4xx_HAL_Driver/Src/stm32f4xx_hal_spi.c ****         ((tmp_mode == SPI_MODE_MASTER) && (hspi->Init.Direction == SPI_DIRECTION_2LINES) &&
 3102              		.loc 1 1882 3 is_stmt 1 view .LVU1087
1882:Drivers/STM32F4xx_HAL_Driver/Src/stm32f4xx_hal_spi.c ****         ((tmp_mode == SPI_MODE_MASTER) && (hspi->Init.Direction == SPI_DIRECTION_2LINES) &&
 3103              		.loc 1 1882 6 is_stmt 0 view .LVU1088
 3104 000a 0128     		cmp	r0, #1
 3105 000c 0DD0     		beq	.L218
 3106 000e 5FFA80FC 		uxtb	ip, r0
1882:Drivers/STM32F4xx_HAL_Driver/Src/stm32f4xx_hal_spi.c ****         ((tmp_mode == SPI_MODE_MASTER) && (hspi->Init.Direction == SPI_DIRECTION_2LINES) &&
 3107              		.loc 1 1882 7 discriminator 1 view .LVU1089
 3108 0012 B5F5827F 		cmp	r5, #260
 3109 0016 40F08980 		bne	.L226
1883:Drivers/STM32F4xx_HAL_Driver/Src/stm32f4xx_hal_spi.c ****          (tmp_state == HAL_SPI_STATE_BUSY_RX))))
 3110              		.loc 1 1883 54 view .LVU1090
 3111 001a A068     		ldr	r0, [r4, #8]
 3112              	.LVL176:
1883:Drivers/STM32F4xx_HAL_Driver/Src/stm32f4xx_hal_spi.c ****          (tmp_state == HAL_SPI_STATE_BUSY_RX))))
 3113              		.loc 1 1883 40 view .LVU1091
 3114 001c 0028     		cmp	r0, #0
 3115 001e 40F08780 		bne	.L227
1883:Drivers/STM32F4xx_HAL_Driver/Src/stm32f4xx_hal_spi.c ****          (tmp_state == HAL_SPI_STATE_BUSY_RX))))
 3116              		.loc 1 1883 90 discriminator 1 view .LVU1092
 3117 0022 BCF1040F 		cmp	ip, #4
 3118 0026 40F08580 		bne	.L228
 3119              	.LVL177:
 3120              	.L218:
1889:Drivers/STM32F4xx_HAL_Driver/Src/stm32f4xx_hal_spi.c ****   {
 3121              		.loc 1 1889 3 is_stmt 1 view .LVU1093
1889:Drivers/STM32F4xx_HAL_Driver/Src/stm32f4xx_hal_spi.c ****   {
 3122              		.loc 1 1889 6 is_stmt 0 view .LVU1094
 3123 002a 0029     		cmp	r1, #0
 3124 002c 00F08480 		beq	.L229
1889:Drivers/STM32F4xx_HAL_Driver/Src/stm32f4xx_hal_spi.c ****   {
 3125              		.loc 1 1889 25 discriminator 1 view .LVU1095
 3126 0030 002A     		cmp	r2, #0
 3127 0032 00F08380 		beq	.L230
1889:Drivers/STM32F4xx_HAL_Driver/Src/stm32f4xx_hal_spi.c ****   {
 3128              		.loc 1 1889 46 discriminator 2 view .LVU1096
 3129 0036 002B     		cmp	r3, #0
 3130 0038 00F08280 		beq	.L231
1895:Drivers/STM32F4xx_HAL_Driver/Src/stm32f4xx_hal_spi.c **** 
 3131              		.loc 1 1895 3 is_stmt 1 view .LVU1097
1895:Drivers/STM32F4xx_HAL_Driver/Src/stm32f4xx_hal_spi.c **** 
ARM GAS  C:\Users\10369\AppData\Local\Temp\ccy9FUfH.s 			page 143


 3132              		.loc 1 1895 3 view .LVU1098
 3133 003c 94F85000 		ldrb	r0, [r4, #80]	@ zero_extendqisi2
 3134 0040 0128     		cmp	r0, #1
 3135 0042 7FD0     		beq	.L232
1895:Drivers/STM32F4xx_HAL_Driver/Src/stm32f4xx_hal_spi.c **** 
 3136              		.loc 1 1895 3 discriminator 2 view .LVU1099
 3137 0044 0120     		movs	r0, #1
 3138 0046 84F85000 		strb	r0, [r4, #80]
1895:Drivers/STM32F4xx_HAL_Driver/Src/stm32f4xx_hal_spi.c **** 
 3139              		.loc 1 1895 3 view .LVU1100
1898:Drivers/STM32F4xx_HAL_Driver/Src/stm32f4xx_hal_spi.c ****   {
 3140              		.loc 1 1898 3 view .LVU1101
1898:Drivers/STM32F4xx_HAL_Driver/Src/stm32f4xx_hal_spi.c ****   {
 3141              		.loc 1 1898 11 is_stmt 0 view .LVU1102
 3142 004a 94F85100 		ldrb	r0, [r4, #81]	@ zero_extendqisi2
1898:Drivers/STM32F4xx_HAL_Driver/Src/stm32f4xx_hal_spi.c ****   {
 3143              		.loc 1 1898 6 view .LVU1103
 3144 004e 0428     		cmp	r0, #4
 3145 0050 02D0     		beq	.L220
1900:Drivers/STM32F4xx_HAL_Driver/Src/stm32f4xx_hal_spi.c ****   }
 3146              		.loc 1 1900 5 is_stmt 1 view .LVU1104
1900:Drivers/STM32F4xx_HAL_Driver/Src/stm32f4xx_hal_spi.c ****   }
 3147              		.loc 1 1900 17 is_stmt 0 view .LVU1105
 3148 0052 0520     		movs	r0, #5
 3149 0054 84F85100 		strb	r0, [r4, #81]
 3150              	.L220:
1904:Drivers/STM32F4xx_HAL_Driver/Src/stm32f4xx_hal_spi.c ****   hspi->pTxBuffPtr  = (const uint8_t *)pTxData;
 3151              		.loc 1 1904 3 is_stmt 1 view .LVU1106
1904:Drivers/STM32F4xx_HAL_Driver/Src/stm32f4xx_hal_spi.c ****   hspi->pTxBuffPtr  = (const uint8_t *)pTxData;
 3152              		.loc 1 1904 21 is_stmt 0 view .LVU1107
 3153 0058 0020     		movs	r0, #0
 3154 005a 6065     		str	r0, [r4, #84]
1905:Drivers/STM32F4xx_HAL_Driver/Src/stm32f4xx_hal_spi.c ****   hspi->TxXferSize  = Size;
 3155              		.loc 1 1905 3 is_stmt 1 view .LVU1108
1905:Drivers/STM32F4xx_HAL_Driver/Src/stm32f4xx_hal_spi.c ****   hspi->TxXferSize  = Size;
 3156              		.loc 1 1905 21 is_stmt 0 view .LVU1109
 3157 005c 2163     		str	r1, [r4, #48]
1906:Drivers/STM32F4xx_HAL_Driver/Src/stm32f4xx_hal_spi.c ****   hspi->TxXferCount = Size;
 3158              		.loc 1 1906 3 is_stmt 1 view .LVU1110
1906:Drivers/STM32F4xx_HAL_Driver/Src/stm32f4xx_hal_spi.c ****   hspi->TxXferCount = Size;
 3159              		.loc 1 1906 21 is_stmt 0 view .LVU1111
 3160 005e A386     		strh	r3, [r4, #52]	@ movhi
1907:Drivers/STM32F4xx_HAL_Driver/Src/stm32f4xx_hal_spi.c ****   hspi->pRxBuffPtr  = (uint8_t *)pRxData;
 3161              		.loc 1 1907 3 is_stmt 1 view .LVU1112
1907:Drivers/STM32F4xx_HAL_Driver/Src/stm32f4xx_hal_spi.c ****   hspi->pRxBuffPtr  = (uint8_t *)pRxData;
 3162              		.loc 1 1907 21 is_stmt 0 view .LVU1113
 3163 0060 E386     		strh	r3, [r4, #54]	@ movhi
1908:Drivers/STM32F4xx_HAL_Driver/Src/stm32f4xx_hal_spi.c ****   hspi->RxXferSize  = Size;
 3164              		.loc 1 1908 3 is_stmt 1 view .LVU1114
1908:Drivers/STM32F4xx_HAL_Driver/Src/stm32f4xx_hal_spi.c ****   hspi->RxXferSize  = Size;
 3165              		.loc 1 1908 21 is_stmt 0 view .LVU1115
 3166 0062 A263     		str	r2, [r4, #56]
1909:Drivers/STM32F4xx_HAL_Driver/Src/stm32f4xx_hal_spi.c ****   hspi->RxXferCount = Size;
 3167              		.loc 1 1909 3 is_stmt 1 view .LVU1116
1909:Drivers/STM32F4xx_HAL_Driver/Src/stm32f4xx_hal_spi.c ****   hspi->RxXferCount = Size;
 3168              		.loc 1 1909 21 is_stmt 0 view .LVU1117
 3169 0064 A387     		strh	r3, [r4, #60]	@ movhi
ARM GAS  C:\Users\10369\AppData\Local\Temp\ccy9FUfH.s 			page 144


1910:Drivers/STM32F4xx_HAL_Driver/Src/stm32f4xx_hal_spi.c **** 
 3170              		.loc 1 1910 3 is_stmt 1 view .LVU1118
1910:Drivers/STM32F4xx_HAL_Driver/Src/stm32f4xx_hal_spi.c **** 
 3171              		.loc 1 1910 21 is_stmt 0 view .LVU1119
 3172 0066 E387     		strh	r3, [r4, #62]	@ movhi
1913:Drivers/STM32F4xx_HAL_Driver/Src/stm32f4xx_hal_spi.c ****   hspi->TxISR       = NULL;
 3173              		.loc 1 1913 3 is_stmt 1 view .LVU1120
1913:Drivers/STM32F4xx_HAL_Driver/Src/stm32f4xx_hal_spi.c ****   hspi->TxISR       = NULL;
 3174              		.loc 1 1913 21 is_stmt 0 view .LVU1121
 3175 0068 2064     		str	r0, [r4, #64]
1914:Drivers/STM32F4xx_HAL_Driver/Src/stm32f4xx_hal_spi.c **** 
 3176              		.loc 1 1914 3 is_stmt 1 view .LVU1122
1914:Drivers/STM32F4xx_HAL_Driver/Src/stm32f4xx_hal_spi.c **** 
 3177              		.loc 1 1914 21 is_stmt 0 view .LVU1123
 3178 006a 6064     		str	r0, [r4, #68]
1925:Drivers/STM32F4xx_HAL_Driver/Src/stm32f4xx_hal_spi.c ****   {
 3179              		.loc 1 1925 3 is_stmt 1 view .LVU1124
1925:Drivers/STM32F4xx_HAL_Driver/Src/stm32f4xx_hal_spi.c ****   {
 3180              		.loc 1 1925 11 is_stmt 0 view .LVU1125
 3181 006c 94F85130 		ldrb	r3, [r4, #81]	@ zero_extendqisi2
 3182              	.LVL178:
1925:Drivers/STM32F4xx_HAL_Driver/Src/stm32f4xx_hal_spi.c ****   {
 3183              		.loc 1 1925 6 view .LVU1126
 3184 0070 042B     		cmp	r3, #4
 3185 0072 1DD0     		beq	.L234
1934:Drivers/STM32F4xx_HAL_Driver/Src/stm32f4xx_hal_spi.c ****     hspi->hdmarx->XferCpltCallback     = SPI_DMATransmitReceiveCplt;
 3186              		.loc 1 1934 5 is_stmt 1 view .LVU1127
1934:Drivers/STM32F4xx_HAL_Driver/Src/stm32f4xx_hal_spi.c ****     hspi->hdmarx->XferCpltCallback     = SPI_DMATransmitReceiveCplt;
 3187              		.loc 1 1934 9 is_stmt 0 view .LVU1128
 3188 0074 E36C     		ldr	r3, [r4, #76]
1934:Drivers/STM32F4xx_HAL_Driver/Src/stm32f4xx_hal_spi.c ****     hspi->hdmarx->XferCpltCallback     = SPI_DMATransmitReceiveCplt;
 3189              		.loc 1 1934 40 view .LVU1129
 3190 0076 344A     		ldr	r2, .L236
 3191              	.LVL179:
1934:Drivers/STM32F4xx_HAL_Driver/Src/stm32f4xx_hal_spi.c ****     hspi->hdmarx->XferCpltCallback     = SPI_DMATransmitReceiveCplt;
 3192              		.loc 1 1934 40 view .LVU1130
 3193 0078 1A64     		str	r2, [r3, #64]
 3194              	.LVL180:
1935:Drivers/STM32F4xx_HAL_Driver/Src/stm32f4xx_hal_spi.c ****   }
 3195              		.loc 1 1935 5 is_stmt 1 view .LVU1131
1935:Drivers/STM32F4xx_HAL_Driver/Src/stm32f4xx_hal_spi.c ****   }
 3196              		.loc 1 1935 9 is_stmt 0 view .LVU1132
 3197 007a E36C     		ldr	r3, [r4, #76]
1935:Drivers/STM32F4xx_HAL_Driver/Src/stm32f4xx_hal_spi.c ****   }
 3198              		.loc 1 1935 40 view .LVU1133
 3199 007c 334A     		ldr	r2, .L236+4
 3200 007e DA63     		str	r2, [r3, #60]
 3201              	.L222:
1939:Drivers/STM32F4xx_HAL_Driver/Src/stm32f4xx_hal_spi.c **** 
 3202              		.loc 1 1939 3 is_stmt 1 view .LVU1134
1939:Drivers/STM32F4xx_HAL_Driver/Src/stm32f4xx_hal_spi.c **** 
 3203              		.loc 1 1939 7 is_stmt 0 view .LVU1135
 3204 0080 E36C     		ldr	r3, [r4, #76]
1939:Drivers/STM32F4xx_HAL_Driver/Src/stm32f4xx_hal_spi.c **** 
 3205              		.loc 1 1939 35 view .LVU1136
 3206 0082 334A     		ldr	r2, .L236+8
 3207 0084 DA64     		str	r2, [r3, #76]
ARM GAS  C:\Users\10369\AppData\Local\Temp\ccy9FUfH.s 			page 145


1942:Drivers/STM32F4xx_HAL_Driver/Src/stm32f4xx_hal_spi.c **** 
 3208              		.loc 1 1942 3 is_stmt 1 view .LVU1137
1942:Drivers/STM32F4xx_HAL_Driver/Src/stm32f4xx_hal_spi.c **** 
 3209              		.loc 1 1942 7 is_stmt 0 view .LVU1138
 3210 0086 E36C     		ldr	r3, [r4, #76]
1942:Drivers/STM32F4xx_HAL_Driver/Src/stm32f4xx_hal_spi.c **** 
 3211              		.loc 1 1942 35 view .LVU1139
 3212 0088 0022     		movs	r2, #0
 3213 008a 1A65     		str	r2, [r3, #80]
1945:Drivers/STM32F4xx_HAL_Driver/Src/stm32f4xx_hal_spi.c ****                                  hspi->RxXferCount))
 3214              		.loc 1 1945 3 is_stmt 1 view .LVU1140
1945:Drivers/STM32F4xx_HAL_Driver/Src/stm32f4xx_hal_spi.c ****                                  hspi->RxXferCount))
 3215              		.loc 1 1945 63 is_stmt 0 view .LVU1141
 3216 008c 2168     		ldr	r1, [r4]
 3217              	.LVL181:
1946:Drivers/STM32F4xx_HAL_Driver/Src/stm32f4xx_hal_spi.c ****   {
 3218              		.loc 1 1946 38 view .LVU1142
 3219 008e E38F     		ldrh	r3, [r4, #62]
1945:Drivers/STM32F4xx_HAL_Driver/Src/stm32f4xx_hal_spi.c ****                                  hspi->RxXferCount))
 3220              		.loc 1 1945 17 view .LVU1143
 3221 0090 9BB2     		uxth	r3, r3
 3222 0092 A26B     		ldr	r2, [r4, #56]
 3223 0094 0C31     		adds	r1, r1, #12
 3224 0096 E06C     		ldr	r0, [r4, #76]
 3225 0098 FFF7FEFF 		bl	HAL_DMA_Start_IT
 3226              	.LVL182:
1945:Drivers/STM32F4xx_HAL_Driver/Src/stm32f4xx_hal_spi.c ****                                  hspi->RxXferCount))
 3227              		.loc 1 1945 6 discriminator 1 view .LVU1144
 3228 009c 78B1     		cbz	r0, .L223
1949:Drivers/STM32F4xx_HAL_Driver/Src/stm32f4xx_hal_spi.c ****     /* Process Unlocked */
 3229              		.loc 1 1949 5 is_stmt 1 view .LVU1145
 3230 009e 636D     		ldr	r3, [r4, #84]
 3231 00a0 43F01003 		orr	r3, r3, #16
 3232 00a4 6365     		str	r3, [r4, #84]
1951:Drivers/STM32F4xx_HAL_Driver/Src/stm32f4xx_hal_spi.c ****     return HAL_ERROR;
 3233              		.loc 1 1951 5 view .LVU1146
1951:Drivers/STM32F4xx_HAL_Driver/Src/stm32f4xx_hal_spi.c ****     return HAL_ERROR;
 3234              		.loc 1 1951 5 view .LVU1147
 3235 00a6 0023     		movs	r3, #0
 3236 00a8 84F85030 		strb	r3, [r4, #80]
1951:Drivers/STM32F4xx_HAL_Driver/Src/stm32f4xx_hal_spi.c ****     return HAL_ERROR;
 3237              		.loc 1 1951 5 view .LVU1148
1952:Drivers/STM32F4xx_HAL_Driver/Src/stm32f4xx_hal_spi.c ****   }
 3238              		.loc 1 1952 5 view .LVU1149
1952:Drivers/STM32F4xx_HAL_Driver/Src/stm32f4xx_hal_spi.c ****   }
 3239              		.loc 1 1952 12 is_stmt 0 view .LVU1150
 3240 00ac 0120     		movs	r0, #1
 3241 00ae 3EE0     		b	.L219
 3242              	.LVL183:
 3243              	.L234:
1928:Drivers/STM32F4xx_HAL_Driver/Src/stm32f4xx_hal_spi.c ****     hspi->hdmarx->XferCpltCallback     = SPI_DMAReceiveCplt;
 3244              		.loc 1 1928 5 is_stmt 1 view .LVU1151
1928:Drivers/STM32F4xx_HAL_Driver/Src/stm32f4xx_hal_spi.c ****     hspi->hdmarx->XferCpltCallback     = SPI_DMAReceiveCplt;
 3245              		.loc 1 1928 9 is_stmt 0 view .LVU1152
 3246 00b0 E36C     		ldr	r3, [r4, #76]
1928:Drivers/STM32F4xx_HAL_Driver/Src/stm32f4xx_hal_spi.c ****     hspi->hdmarx->XferCpltCallback     = SPI_DMAReceiveCplt;
 3247              		.loc 1 1928 40 view .LVU1153
ARM GAS  C:\Users\10369\AppData\Local\Temp\ccy9FUfH.s 			page 146


 3248 00b2 284A     		ldr	r2, .L236+12
 3249              	.LVL184:
1928:Drivers/STM32F4xx_HAL_Driver/Src/stm32f4xx_hal_spi.c ****     hspi->hdmarx->XferCpltCallback     = SPI_DMAReceiveCplt;
 3250              		.loc 1 1928 40 view .LVU1154
 3251 00b4 1A64     		str	r2, [r3, #64]
 3252              	.LVL185:
1929:Drivers/STM32F4xx_HAL_Driver/Src/stm32f4xx_hal_spi.c ****   }
 3253              		.loc 1 1929 5 is_stmt 1 view .LVU1155
1929:Drivers/STM32F4xx_HAL_Driver/Src/stm32f4xx_hal_spi.c ****   }
 3254              		.loc 1 1929 9 is_stmt 0 view .LVU1156
 3255 00b6 E36C     		ldr	r3, [r4, #76]
1929:Drivers/STM32F4xx_HAL_Driver/Src/stm32f4xx_hal_spi.c ****   }
 3256              		.loc 1 1929 40 view .LVU1157
 3257 00b8 274A     		ldr	r2, .L236+16
 3258 00ba DA63     		str	r2, [r3, #60]
 3259 00bc E0E7     		b	.L222
 3260              	.LVL186:
 3261              	.L223:
1956:Drivers/STM32F4xx_HAL_Driver/Src/stm32f4xx_hal_spi.c **** 
 3262              		.loc 1 1956 3 is_stmt 1 view .LVU1158
 3263 00be 2268     		ldr	r2, [r4]
 3264 00c0 5368     		ldr	r3, [r2, #4]
 3265 00c2 43F00103 		orr	r3, r3, #1
 3266 00c6 5360     		str	r3, [r2, #4]
1960:Drivers/STM32F4xx_HAL_Driver/Src/stm32f4xx_hal_spi.c ****   hspi->hdmatx->XferCpltCallback     = NULL;
 3267              		.loc 1 1960 3 view .LVU1159
1960:Drivers/STM32F4xx_HAL_Driver/Src/stm32f4xx_hal_spi.c ****   hspi->hdmatx->XferCpltCallback     = NULL;
 3268              		.loc 1 1960 7 is_stmt 0 view .LVU1160
 3269 00c8 A26C     		ldr	r2, [r4, #72]
1960:Drivers/STM32F4xx_HAL_Driver/Src/stm32f4xx_hal_spi.c ****   hspi->hdmatx->XferCpltCallback     = NULL;
 3270              		.loc 1 1960 38 view .LVU1161
 3271 00ca 0023     		movs	r3, #0
 3272 00cc 1364     		str	r3, [r2, #64]
1961:Drivers/STM32F4xx_HAL_Driver/Src/stm32f4xx_hal_spi.c ****   hspi->hdmatx->XferErrorCallback    = NULL;
 3273              		.loc 1 1961 3 is_stmt 1 view .LVU1162
1961:Drivers/STM32F4xx_HAL_Driver/Src/stm32f4xx_hal_spi.c ****   hspi->hdmatx->XferErrorCallback    = NULL;
 3274              		.loc 1 1961 7 is_stmt 0 view .LVU1163
 3275 00ce A26C     		ldr	r2, [r4, #72]
1961:Drivers/STM32F4xx_HAL_Driver/Src/stm32f4xx_hal_spi.c ****   hspi->hdmatx->XferErrorCallback    = NULL;
 3276              		.loc 1 1961 38 view .LVU1164
 3277 00d0 D363     		str	r3, [r2, #60]
1962:Drivers/STM32F4xx_HAL_Driver/Src/stm32f4xx_hal_spi.c ****   hspi->hdmatx->XferAbortCallback    = NULL;
 3278              		.loc 1 1962 3 is_stmt 1 view .LVU1165
1962:Drivers/STM32F4xx_HAL_Driver/Src/stm32f4xx_hal_spi.c ****   hspi->hdmatx->XferAbortCallback    = NULL;
 3279              		.loc 1 1962 7 is_stmt 0 view .LVU1166
 3280 00d2 A26C     		ldr	r2, [r4, #72]
1962:Drivers/STM32F4xx_HAL_Driver/Src/stm32f4xx_hal_spi.c ****   hspi->hdmatx->XferAbortCallback    = NULL;
 3281              		.loc 1 1962 38 view .LVU1167
 3282 00d4 D364     		str	r3, [r2, #76]
1963:Drivers/STM32F4xx_HAL_Driver/Src/stm32f4xx_hal_spi.c **** 
 3283              		.loc 1 1963 3 is_stmt 1 view .LVU1168
1963:Drivers/STM32F4xx_HAL_Driver/Src/stm32f4xx_hal_spi.c **** 
 3284              		.loc 1 1963 7 is_stmt 0 view .LVU1169
 3285 00d6 A26C     		ldr	r2, [r4, #72]
1963:Drivers/STM32F4xx_HAL_Driver/Src/stm32f4xx_hal_spi.c **** 
 3286              		.loc 1 1963 38 view .LVU1170
 3287 00d8 1365     		str	r3, [r2, #80]
ARM GAS  C:\Users\10369\AppData\Local\Temp\ccy9FUfH.s 			page 147


1966:Drivers/STM32F4xx_HAL_Driver/Src/stm32f4xx_hal_spi.c ****                                  hspi->TxXferCount))
 3288              		.loc 1 1966 3 is_stmt 1 view .LVU1171
1966:Drivers/STM32F4xx_HAL_Driver/Src/stm32f4xx_hal_spi.c ****                                  hspi->TxXferCount))
 3289              		.loc 1 1966 91 is_stmt 0 view .LVU1172
 3290 00da 2268     		ldr	r2, [r4]
1967:Drivers/STM32F4xx_HAL_Driver/Src/stm32f4xx_hal_spi.c ****   {
 3291              		.loc 1 1967 38 view .LVU1173
 3292 00dc E38E     		ldrh	r3, [r4, #54]
1966:Drivers/STM32F4xx_HAL_Driver/Src/stm32f4xx_hal_spi.c ****                                  hspi->TxXferCount))
 3293              		.loc 1 1966 17 view .LVU1174
 3294 00de 9BB2     		uxth	r3, r3
 3295 00e0 0C32     		adds	r2, r2, #12
 3296 00e2 216B     		ldr	r1, [r4, #48]
 3297 00e4 A06C     		ldr	r0, [r4, #72]
 3298 00e6 FFF7FEFF 		bl	HAL_DMA_Start_IT
 3299              	.LVL187:
1966:Drivers/STM32F4xx_HAL_Driver/Src/stm32f4xx_hal_spi.c ****                                  hspi->TxXferCount))
 3300              		.loc 1 1966 6 discriminator 1 view .LVU1175
 3301 00ea B0B9     		cbnz	r0, .L235
1977:Drivers/STM32F4xx_HAL_Driver/Src/stm32f4xx_hal_spi.c ****   {
 3302              		.loc 1 1977 3 is_stmt 1 view .LVU1176
1977:Drivers/STM32F4xx_HAL_Driver/Src/stm32f4xx_hal_spi.c ****   {
 3303              		.loc 1 1977 12 is_stmt 0 view .LVU1177
 3304 00ec 2368     		ldr	r3, [r4]
1977:Drivers/STM32F4xx_HAL_Driver/Src/stm32f4xx_hal_spi.c ****   {
 3305              		.loc 1 1977 22 view .LVU1178
 3306 00ee 1A68     		ldr	r2, [r3]
1977:Drivers/STM32F4xx_HAL_Driver/Src/stm32f4xx_hal_spi.c ****   {
 3307              		.loc 1 1977 6 view .LVU1179
 3308 00f0 12F0400F 		tst	r2, #64
 3309 00f4 03D1     		bne	.L225
1980:Drivers/STM32F4xx_HAL_Driver/Src/stm32f4xx_hal_spi.c ****   }
 3310              		.loc 1 1980 5 is_stmt 1 view .LVU1180
 3311 00f6 1A68     		ldr	r2, [r3]
 3312 00f8 42F04002 		orr	r2, r2, #64
 3313 00fc 1A60     		str	r2, [r3]
 3314              	.L225:
1984:Drivers/STM32F4xx_HAL_Driver/Src/stm32f4xx_hal_spi.c **** 
 3315              		.loc 1 1984 3 view .LVU1181
1984:Drivers/STM32F4xx_HAL_Driver/Src/stm32f4xx_hal_spi.c **** 
 3316              		.loc 1 1984 3 view .LVU1182
 3317 00fe 0023     		movs	r3, #0
 3318 0100 84F85030 		strb	r3, [r4, #80]
1984:Drivers/STM32F4xx_HAL_Driver/Src/stm32f4xx_hal_spi.c **** 
 3319              		.loc 1 1984 3 view .LVU1183
1987:Drivers/STM32F4xx_HAL_Driver/Src/stm32f4xx_hal_spi.c **** 
 3320              		.loc 1 1987 3 view .LVU1184
 3321 0104 2268     		ldr	r2, [r4]
 3322 0106 5368     		ldr	r3, [r2, #4]
 3323 0108 43F02003 		orr	r3, r3, #32
 3324 010c 5360     		str	r3, [r2, #4]
1990:Drivers/STM32F4xx_HAL_Driver/Src/stm32f4xx_hal_spi.c **** 
 3325              		.loc 1 1990 3 view .LVU1185
 3326 010e 2268     		ldr	r2, [r4]
 3327 0110 5368     		ldr	r3, [r2, #4]
 3328 0112 43F00203 		orr	r3, r3, #2
 3329 0116 5360     		str	r3, [r2, #4]
ARM GAS  C:\Users\10369\AppData\Local\Temp\ccy9FUfH.s 			page 148


1992:Drivers/STM32F4xx_HAL_Driver/Src/stm32f4xx_hal_spi.c **** }
 3330              		.loc 1 1992 3 view .LVU1186
1992:Drivers/STM32F4xx_HAL_Driver/Src/stm32f4xx_hal_spi.c **** }
 3331              		.loc 1 1992 10 is_stmt 0 view .LVU1187
 3332 0118 09E0     		b	.L219
 3333              	.L235:
1970:Drivers/STM32F4xx_HAL_Driver/Src/stm32f4xx_hal_spi.c ****     /* Process Unlocked */
 3334              		.loc 1 1970 5 is_stmt 1 view .LVU1188
 3335 011a 636D     		ldr	r3, [r4, #84]
 3336 011c 43F01003 		orr	r3, r3, #16
 3337 0120 6365     		str	r3, [r4, #84]
1972:Drivers/STM32F4xx_HAL_Driver/Src/stm32f4xx_hal_spi.c ****     return HAL_ERROR;
 3338              		.loc 1 1972 5 view .LVU1189
1972:Drivers/STM32F4xx_HAL_Driver/Src/stm32f4xx_hal_spi.c ****     return HAL_ERROR;
 3339              		.loc 1 1972 5 view .LVU1190
 3340 0122 0023     		movs	r3, #0
 3341 0124 84F85030 		strb	r3, [r4, #80]
1972:Drivers/STM32F4xx_HAL_Driver/Src/stm32f4xx_hal_spi.c ****     return HAL_ERROR;
 3342              		.loc 1 1972 5 view .LVU1191
1973:Drivers/STM32F4xx_HAL_Driver/Src/stm32f4xx_hal_spi.c ****   }
 3343              		.loc 1 1973 5 view .LVU1192
1973:Drivers/STM32F4xx_HAL_Driver/Src/stm32f4xx_hal_spi.c ****   }
 3344              		.loc 1 1973 12 is_stmt 0 view .LVU1193
 3345 0128 0120     		movs	r0, #1
 3346 012a 00E0     		b	.L219
 3347              	.LVL188:
 3348              	.L226:
1886:Drivers/STM32F4xx_HAL_Driver/Src/stm32f4xx_hal_spi.c ****   }
 3349              		.loc 1 1886 12 view .LVU1194
 3350 012c 0220     		movs	r0, #2
 3351              	.LVL189:
 3352              	.L219:
1993:Drivers/STM32F4xx_HAL_Driver/Src/stm32f4xx_hal_spi.c **** 
 3353              		.loc 1 1993 1 view .LVU1195
 3354 012e 38BD     		pop	{r3, r4, r5, pc}
 3355              	.LVL190:
 3356              	.L227:
1886:Drivers/STM32F4xx_HAL_Driver/Src/stm32f4xx_hal_spi.c ****   }
 3357              		.loc 1 1886 12 view .LVU1196
 3358 0130 0220     		movs	r0, #2
 3359 0132 FCE7     		b	.L219
 3360              	.L228:
 3361 0134 0220     		movs	r0, #2
 3362 0136 FAE7     		b	.L219
 3363              	.LVL191:
 3364              	.L229:
1891:Drivers/STM32F4xx_HAL_Driver/Src/stm32f4xx_hal_spi.c ****   }
 3365              		.loc 1 1891 12 view .LVU1197
 3366 0138 0120     		movs	r0, #1
 3367 013a F8E7     		b	.L219
 3368              	.L230:
 3369 013c 0120     		movs	r0, #1
 3370 013e F6E7     		b	.L219
 3371              	.L231:
 3372 0140 0120     		movs	r0, #1
 3373 0142 F4E7     		b	.L219
 3374              	.L232:
ARM GAS  C:\Users\10369\AppData\Local\Temp\ccy9FUfH.s 			page 149


1895:Drivers/STM32F4xx_HAL_Driver/Src/stm32f4xx_hal_spi.c **** 
 3375              		.loc 1 1895 3 discriminator 1 view .LVU1198
 3376 0144 0220     		movs	r0, #2
 3377 0146 F2E7     		b	.L219
 3378              	.L237:
 3379              		.align	2
 3380              	.L236:
 3381 0148 00000000 		.word	SPI_DMAHalfTransmitReceiveCplt
 3382 014c 00000000 		.word	SPI_DMATransmitReceiveCplt
 3383 0150 00000000 		.word	SPI_DMAError
 3384 0154 00000000 		.word	SPI_DMAHalfReceiveCplt
 3385 0158 00000000 		.word	SPI_DMAReceiveCplt
 3386              		.cfi_endproc
 3387              	.LFE146:
 3389              		.section	.text.HAL_SPI_Receive_DMA,"ax",%progbits
 3390              		.align	1
 3391              		.global	HAL_SPI_Receive_DMA
 3392              		.syntax unified
 3393              		.thumb
 3394              		.thumb_func
 3396              	HAL_SPI_Receive_DMA:
 3397              	.LVL192:
 3398              	.LFB145:
1756:Drivers/STM32F4xx_HAL_Driver/Src/stm32f4xx_hal_spi.c ****   /* Check rx dma handle */
 3399              		.loc 1 1756 1 is_stmt 1 view -0
 3400              		.cfi_startproc
 3401              		@ args = 0, pretend = 0, frame = 0
 3402              		@ frame_needed = 0, uses_anonymous_args = 0
1756:Drivers/STM32F4xx_HAL_Driver/Src/stm32f4xx_hal_spi.c ****   /* Check rx dma handle */
 3403              		.loc 1 1756 1 is_stmt 0 view .LVU1200
 3404 0000 38B5     		push	{r3, r4, r5, lr}
 3405              	.LCFI38:
 3406              		.cfi_def_cfa_offset 16
 3407              		.cfi_offset 3, -16
 3408              		.cfi_offset 4, -12
 3409              		.cfi_offset 5, -8
 3410              		.cfi_offset 14, -4
1758:Drivers/STM32F4xx_HAL_Driver/Src/stm32f4xx_hal_spi.c **** 
 3411              		.loc 1 1758 3 is_stmt 1 view .LVU1201
1760:Drivers/STM32F4xx_HAL_Driver/Src/stm32f4xx_hal_spi.c ****   {
 3412              		.loc 1 1760 3 view .LVU1202
1760:Drivers/STM32F4xx_HAL_Driver/Src/stm32f4xx_hal_spi.c ****   {
 3413              		.loc 1 1760 11 is_stmt 0 view .LVU1203
 3414 0002 90F85130 		ldrb	r3, [r0, #81]	@ zero_extendqisi2
1760:Drivers/STM32F4xx_HAL_Driver/Src/stm32f4xx_hal_spi.c ****   {
 3415              		.loc 1 1760 6 view .LVU1204
 3416 0006 012B     		cmp	r3, #1
 3417 0008 6CD1     		bne	.L244
 3418 000a 0446     		mov	r4, r0
 3419 000c DDB2     		uxtb	r5, r3
1765:Drivers/STM32F4xx_HAL_Driver/Src/stm32f4xx_hal_spi.c ****   {
 3420              		.loc 1 1765 3 is_stmt 1 view .LVU1205
1765:Drivers/STM32F4xx_HAL_Driver/Src/stm32f4xx_hal_spi.c ****   {
 3421              		.loc 1 1765 6 is_stmt 0 view .LVU1206
 3422 000e 0029     		cmp	r1, #0
 3423 0010 69D0     		beq	.L239
1765:Drivers/STM32F4xx_HAL_Driver/Src/stm32f4xx_hal_spi.c ****   {
ARM GAS  C:\Users\10369\AppData\Local\Temp\ccy9FUfH.s 			page 150


 3424              		.loc 1 1765 23 discriminator 1 view .LVU1207
 3425 0012 002A     		cmp	r2, #0
 3426 0014 67D0     		beq	.L239
1770:Drivers/STM32F4xx_HAL_Driver/Src/stm32f4xx_hal_spi.c ****   {
 3427              		.loc 1 1770 3 is_stmt 1 view .LVU1208
1770:Drivers/STM32F4xx_HAL_Driver/Src/stm32f4xx_hal_spi.c ****   {
 3428              		.loc 1 1770 18 is_stmt 0 view .LVU1209
 3429 0016 8068     		ldr	r0, [r0, #8]
 3430              	.LVL193:
1770:Drivers/STM32F4xx_HAL_Driver/Src/stm32f4xx_hal_spi.c ****   {
 3431              		.loc 1 1770 6 view .LVU1210
 3432 0018 18B9     		cbnz	r0, .L240
1770:Drivers/STM32F4xx_HAL_Driver/Src/stm32f4xx_hal_spi.c ****   {
 3433              		.loc 1 1770 68 discriminator 1 view .LVU1211
 3434 001a 6368     		ldr	r3, [r4, #4]
1770:Drivers/STM32F4xx_HAL_Driver/Src/stm32f4xx_hal_spi.c ****   {
 3435              		.loc 1 1770 54 discriminator 1 view .LVU1212
 3436 001c B3F5827F 		cmp	r3, #260
 3437 0020 43D0     		beq	.L247
 3438              	.L240:
1782:Drivers/STM32F4xx_HAL_Driver/Src/stm32f4xx_hal_spi.c **** 
 3439              		.loc 1 1782 3 is_stmt 1 view .LVU1213
1782:Drivers/STM32F4xx_HAL_Driver/Src/stm32f4xx_hal_spi.c **** 
 3440              		.loc 1 1782 3 view .LVU1214
 3441 0022 94F85030 		ldrb	r3, [r4, #80]	@ zero_extendqisi2
 3442 0026 012B     		cmp	r3, #1
 3443 0028 5FD0     		beq	.L245
1782:Drivers/STM32F4xx_HAL_Driver/Src/stm32f4xx_hal_spi.c **** 
 3444              		.loc 1 1782 3 discriminator 2 view .LVU1215
 3445 002a 0123     		movs	r3, #1
 3446 002c 84F85030 		strb	r3, [r4, #80]
1782:Drivers/STM32F4xx_HAL_Driver/Src/stm32f4xx_hal_spi.c **** 
 3447              		.loc 1 1782 3 view .LVU1216
1785:Drivers/STM32F4xx_HAL_Driver/Src/stm32f4xx_hal_spi.c ****   hspi->ErrorCode   = HAL_SPI_ERROR_NONE;
 3448              		.loc 1 1785 3 view .LVU1217
1785:Drivers/STM32F4xx_HAL_Driver/Src/stm32f4xx_hal_spi.c ****   hspi->ErrorCode   = HAL_SPI_ERROR_NONE;
 3449              		.loc 1 1785 21 is_stmt 0 view .LVU1218
 3450 0030 0423     		movs	r3, #4
 3451 0032 84F85130 		strb	r3, [r4, #81]
1786:Drivers/STM32F4xx_HAL_Driver/Src/stm32f4xx_hal_spi.c ****   hspi->pRxBuffPtr  = (uint8_t *)pData;
 3452              		.loc 1 1786 3 is_stmt 1 view .LVU1219
1786:Drivers/STM32F4xx_HAL_Driver/Src/stm32f4xx_hal_spi.c ****   hspi->pRxBuffPtr  = (uint8_t *)pData;
 3453              		.loc 1 1786 21 is_stmt 0 view .LVU1220
 3454 0036 0023     		movs	r3, #0
 3455 0038 6365     		str	r3, [r4, #84]
1787:Drivers/STM32F4xx_HAL_Driver/Src/stm32f4xx_hal_spi.c ****   hspi->RxXferSize  = Size;
 3456              		.loc 1 1787 3 is_stmt 1 view .LVU1221
1787:Drivers/STM32F4xx_HAL_Driver/Src/stm32f4xx_hal_spi.c ****   hspi->RxXferSize  = Size;
 3457              		.loc 1 1787 21 is_stmt 0 view .LVU1222
 3458 003a A163     		str	r1, [r4, #56]
1788:Drivers/STM32F4xx_HAL_Driver/Src/stm32f4xx_hal_spi.c ****   hspi->RxXferCount = Size;
 3459              		.loc 1 1788 3 is_stmt 1 view .LVU1223
1788:Drivers/STM32F4xx_HAL_Driver/Src/stm32f4xx_hal_spi.c ****   hspi->RxXferCount = Size;
 3460              		.loc 1 1788 21 is_stmt 0 view .LVU1224
 3461 003c A287     		strh	r2, [r4, #60]	@ movhi
1789:Drivers/STM32F4xx_HAL_Driver/Src/stm32f4xx_hal_spi.c **** 
 3462              		.loc 1 1789 3 is_stmt 1 view .LVU1225
ARM GAS  C:\Users\10369\AppData\Local\Temp\ccy9FUfH.s 			page 151


1789:Drivers/STM32F4xx_HAL_Driver/Src/stm32f4xx_hal_spi.c **** 
 3463              		.loc 1 1789 21 is_stmt 0 view .LVU1226
 3464 003e E287     		strh	r2, [r4, #62]	@ movhi
1792:Drivers/STM32F4xx_HAL_Driver/Src/stm32f4xx_hal_spi.c ****   hspi->TxISR       = NULL;
 3465              		.loc 1 1792 3 is_stmt 1 view .LVU1227
1792:Drivers/STM32F4xx_HAL_Driver/Src/stm32f4xx_hal_spi.c ****   hspi->TxISR       = NULL;
 3466              		.loc 1 1792 21 is_stmt 0 view .LVU1228
 3467 0040 2364     		str	r3, [r4, #64]
1793:Drivers/STM32F4xx_HAL_Driver/Src/stm32f4xx_hal_spi.c ****   hspi->TxXferSize  = 0U;
 3468              		.loc 1 1793 3 is_stmt 1 view .LVU1229
1793:Drivers/STM32F4xx_HAL_Driver/Src/stm32f4xx_hal_spi.c ****   hspi->TxXferSize  = 0U;
 3469              		.loc 1 1793 21 is_stmt 0 view .LVU1230
 3470 0042 6364     		str	r3, [r4, #68]
1794:Drivers/STM32F4xx_HAL_Driver/Src/stm32f4xx_hal_spi.c ****   hspi->TxXferCount = 0U;
 3471              		.loc 1 1794 3 is_stmt 1 view .LVU1231
1794:Drivers/STM32F4xx_HAL_Driver/Src/stm32f4xx_hal_spi.c ****   hspi->TxXferCount = 0U;
 3472              		.loc 1 1794 21 is_stmt 0 view .LVU1232
 3473 0044 A386     		strh	r3, [r4, #52]	@ movhi
1795:Drivers/STM32F4xx_HAL_Driver/Src/stm32f4xx_hal_spi.c **** 
 3474              		.loc 1 1795 3 is_stmt 1 view .LVU1233
1795:Drivers/STM32F4xx_HAL_Driver/Src/stm32f4xx_hal_spi.c **** 
 3475              		.loc 1 1795 21 is_stmt 0 view .LVU1234
 3476 0046 E386     		strh	r3, [r4, #54]	@ movhi
1798:Drivers/STM32F4xx_HAL_Driver/Src/stm32f4xx_hal_spi.c ****   {
 3477              		.loc 1 1798 3 is_stmt 1 view .LVU1235
1798:Drivers/STM32F4xx_HAL_Driver/Src/stm32f4xx_hal_spi.c ****   {
 3478              		.loc 1 1798 6 is_stmt 0 view .LVU1236
 3479 0048 B0F5004F 		cmp	r0, #32768
 3480 004c 37D0     		beq	.L248
 3481              	.LVL194:
 3482              	.L241:
1814:Drivers/STM32F4xx_HAL_Driver/Src/stm32f4xx_hal_spi.c **** 
 3483              		.loc 1 1814 3 is_stmt 1 view .LVU1237
1814:Drivers/STM32F4xx_HAL_Driver/Src/stm32f4xx_hal_spi.c **** 
 3484              		.loc 1 1814 7 is_stmt 0 view .LVU1238
 3485 004e E36C     		ldr	r3, [r4, #76]
1814:Drivers/STM32F4xx_HAL_Driver/Src/stm32f4xx_hal_spi.c **** 
 3486              		.loc 1 1814 38 view .LVU1239
 3487 0050 274A     		ldr	r2, .L250
 3488 0052 1A64     		str	r2, [r3, #64]
1817:Drivers/STM32F4xx_HAL_Driver/Src/stm32f4xx_hal_spi.c **** 
 3489              		.loc 1 1817 3 is_stmt 1 view .LVU1240
1817:Drivers/STM32F4xx_HAL_Driver/Src/stm32f4xx_hal_spi.c **** 
 3490              		.loc 1 1817 7 is_stmt 0 view .LVU1241
 3491 0054 E36C     		ldr	r3, [r4, #76]
1817:Drivers/STM32F4xx_HAL_Driver/Src/stm32f4xx_hal_spi.c **** 
 3492              		.loc 1 1817 34 view .LVU1242
 3493 0056 274A     		ldr	r2, .L250+4
 3494 0058 DA63     		str	r2, [r3, #60]
1820:Drivers/STM32F4xx_HAL_Driver/Src/stm32f4xx_hal_spi.c **** 
 3495              		.loc 1 1820 3 is_stmt 1 view .LVU1243
1820:Drivers/STM32F4xx_HAL_Driver/Src/stm32f4xx_hal_spi.c **** 
 3496              		.loc 1 1820 7 is_stmt 0 view .LVU1244
 3497 005a E36C     		ldr	r3, [r4, #76]
1820:Drivers/STM32F4xx_HAL_Driver/Src/stm32f4xx_hal_spi.c **** 
 3498              		.loc 1 1820 35 view .LVU1245
 3499 005c 264A     		ldr	r2, .L250+8
ARM GAS  C:\Users\10369\AppData\Local\Temp\ccy9FUfH.s 			page 152


 3500 005e DA64     		str	r2, [r3, #76]
1823:Drivers/STM32F4xx_HAL_Driver/Src/stm32f4xx_hal_spi.c **** 
 3501              		.loc 1 1823 3 is_stmt 1 view .LVU1246
1823:Drivers/STM32F4xx_HAL_Driver/Src/stm32f4xx_hal_spi.c **** 
 3502              		.loc 1 1823 7 is_stmt 0 view .LVU1247
 3503 0060 E36C     		ldr	r3, [r4, #76]
1823:Drivers/STM32F4xx_HAL_Driver/Src/stm32f4xx_hal_spi.c **** 
 3504              		.loc 1 1823 35 view .LVU1248
 3505 0062 0022     		movs	r2, #0
 3506 0064 1A65     		str	r2, [r3, #80]
1826:Drivers/STM32F4xx_HAL_Driver/Src/stm32f4xx_hal_spi.c ****                                  hspi->RxXferCount))
 3507              		.loc 1 1826 3 is_stmt 1 view .LVU1249
1826:Drivers/STM32F4xx_HAL_Driver/Src/stm32f4xx_hal_spi.c ****                                  hspi->RxXferCount))
 3508              		.loc 1 1826 63 is_stmt 0 view .LVU1250
 3509 0066 2168     		ldr	r1, [r4]
 3510              	.LVL195:
1827:Drivers/STM32F4xx_HAL_Driver/Src/stm32f4xx_hal_spi.c ****   {
 3511              		.loc 1 1827 38 view .LVU1251
 3512 0068 E38F     		ldrh	r3, [r4, #62]
1826:Drivers/STM32F4xx_HAL_Driver/Src/stm32f4xx_hal_spi.c ****                                  hspi->RxXferCount))
 3513              		.loc 1 1826 17 view .LVU1252
 3514 006a 9BB2     		uxth	r3, r3
 3515 006c A26B     		ldr	r2, [r4, #56]
 3516 006e 0C31     		adds	r1, r1, #12
 3517 0070 E06C     		ldr	r0, [r4, #76]
 3518 0072 FFF7FEFF 		bl	HAL_DMA_Start_IT
 3519              	.LVL196:
1826:Drivers/STM32F4xx_HAL_Driver/Src/stm32f4xx_hal_spi.c ****                                  hspi->RxXferCount))
 3520              		.loc 1 1826 6 discriminator 1 view .LVU1253
 3521 0076 0146     		mov	r1, r0
 3522 0078 60BB     		cbnz	r0, .L249
1837:Drivers/STM32F4xx_HAL_Driver/Src/stm32f4xx_hal_spi.c ****   {
 3523              		.loc 1 1837 3 is_stmt 1 view .LVU1254
1837:Drivers/STM32F4xx_HAL_Driver/Src/stm32f4xx_hal_spi.c ****   {
 3524              		.loc 1 1837 12 is_stmt 0 view .LVU1255
 3525 007a 2368     		ldr	r3, [r4]
1837:Drivers/STM32F4xx_HAL_Driver/Src/stm32f4xx_hal_spi.c ****   {
 3526              		.loc 1 1837 22 view .LVU1256
 3527 007c 1A68     		ldr	r2, [r3]
1837:Drivers/STM32F4xx_HAL_Driver/Src/stm32f4xx_hal_spi.c ****   {
 3528              		.loc 1 1837 6 view .LVU1257
 3529 007e 12F0400F 		tst	r2, #64
 3530 0082 03D1     		bne	.L243
1840:Drivers/STM32F4xx_HAL_Driver/Src/stm32f4xx_hal_spi.c ****   }
 3531              		.loc 1 1840 5 is_stmt 1 view .LVU1258
 3532 0084 1A68     		ldr	r2, [r3]
 3533 0086 42F04002 		orr	r2, r2, #64
 3534 008a 1A60     		str	r2, [r3]
 3535              	.L243:
1844:Drivers/STM32F4xx_HAL_Driver/Src/stm32f4xx_hal_spi.c **** 
 3536              		.loc 1 1844 3 view .LVU1259
1844:Drivers/STM32F4xx_HAL_Driver/Src/stm32f4xx_hal_spi.c **** 
 3537              		.loc 1 1844 3 view .LVU1260
 3538 008c 0023     		movs	r3, #0
 3539 008e 84F85030 		strb	r3, [r4, #80]
1844:Drivers/STM32F4xx_HAL_Driver/Src/stm32f4xx_hal_spi.c **** 
 3540              		.loc 1 1844 3 view .LVU1261
ARM GAS  C:\Users\10369\AppData\Local\Temp\ccy9FUfH.s 			page 153


1847:Drivers/STM32F4xx_HAL_Driver/Src/stm32f4xx_hal_spi.c **** 
 3541              		.loc 1 1847 3 view .LVU1262
 3542 0092 2268     		ldr	r2, [r4]
 3543 0094 5368     		ldr	r3, [r2, #4]
 3544 0096 43F02003 		orr	r3, r3, #32
 3545 009a 5360     		str	r3, [r2, #4]
1850:Drivers/STM32F4xx_HAL_Driver/Src/stm32f4xx_hal_spi.c **** 
 3546              		.loc 1 1850 3 view .LVU1263
 3547 009c 2268     		ldr	r2, [r4]
 3548 009e 5368     		ldr	r3, [r2, #4]
 3549 00a0 43F00103 		orr	r3, r3, #1
 3550 00a4 5360     		str	r3, [r2, #4]
1852:Drivers/STM32F4xx_HAL_Driver/Src/stm32f4xx_hal_spi.c **** }
 3551              		.loc 1 1852 3 view .LVU1264
1852:Drivers/STM32F4xx_HAL_Driver/Src/stm32f4xx_hal_spi.c **** }
 3552              		.loc 1 1852 10 is_stmt 0 view .LVU1265
 3553 00a6 0D46     		mov	r5, r1
 3554 00a8 1DE0     		b	.L239
 3555              	.LVL197:
 3556              	.L247:
1772:Drivers/STM32F4xx_HAL_Driver/Src/stm32f4xx_hal_spi.c **** 
 3557              		.loc 1 1772 5 is_stmt 1 view .LVU1266
1772:Drivers/STM32F4xx_HAL_Driver/Src/stm32f4xx_hal_spi.c **** 
 3558              		.loc 1 1772 17 is_stmt 0 view .LVU1267
 3559 00aa 0423     		movs	r3, #4
 3560 00ac 84F85130 		strb	r3, [r4, #81]
1775:Drivers/STM32F4xx_HAL_Driver/Src/stm32f4xx_hal_spi.c **** 
 3561              		.loc 1 1775 5 is_stmt 1 view .LVU1268
1778:Drivers/STM32F4xx_HAL_Driver/Src/stm32f4xx_hal_spi.c ****   }
 3562              		.loc 1 1778 5 view .LVU1269
1778:Drivers/STM32F4xx_HAL_Driver/Src/stm32f4xx_hal_spi.c ****   }
 3563              		.loc 1 1778 12 is_stmt 0 view .LVU1270
 3564 00b0 1346     		mov	r3, r2
 3565 00b2 0A46     		mov	r2, r1
 3566              	.LVL198:
1778:Drivers/STM32F4xx_HAL_Driver/Src/stm32f4xx_hal_spi.c ****   }
 3567              		.loc 1 1778 12 view .LVU1271
 3568 00b4 2046     		mov	r0, r4
 3569 00b6 FFF7FEFF 		bl	HAL_SPI_TransmitReceive_DMA
 3570              	.LVL199:
1778:Drivers/STM32F4xx_HAL_Driver/Src/stm32f4xx_hal_spi.c ****   }
 3571              		.loc 1 1778 12 view .LVU1272
 3572 00ba 0546     		mov	r5, r0
 3573 00bc 13E0     		b	.L239
 3574              	.LVL200:
 3575              	.L248:
1801:Drivers/STM32F4xx_HAL_Driver/Src/stm32f4xx_hal_spi.c ****     SPI_1LINE_RX(hspi);
 3576              		.loc 1 1801 5 is_stmt 1 view .LVU1273
 3577 00be 2268     		ldr	r2, [r4]
 3578              	.LVL201:
1801:Drivers/STM32F4xx_HAL_Driver/Src/stm32f4xx_hal_spi.c ****     SPI_1LINE_RX(hspi);
 3579              		.loc 1 1801 5 is_stmt 0 view .LVU1274
 3580 00c0 1368     		ldr	r3, [r2]
 3581 00c2 23F04003 		bic	r3, r3, #64
 3582 00c6 1360     		str	r3, [r2]
 3583              	.LVL202:
1802:Drivers/STM32F4xx_HAL_Driver/Src/stm32f4xx_hal_spi.c ****   }
ARM GAS  C:\Users\10369\AppData\Local\Temp\ccy9FUfH.s 			page 154


 3584              		.loc 1 1802 5 is_stmt 1 view .LVU1275
 3585 00c8 2268     		ldr	r2, [r4]
 3586 00ca 1368     		ldr	r3, [r2]
 3587 00cc 23F48043 		bic	r3, r3, #16384
 3588 00d0 1360     		str	r3, [r2]
 3589 00d2 BCE7     		b	.L241
 3590              	.LVL203:
 3591              	.L249:
1830:Drivers/STM32F4xx_HAL_Driver/Src/stm32f4xx_hal_spi.c ****     /* Process Unlocked */
 3592              		.loc 1 1830 5 view .LVU1276
 3593 00d4 636D     		ldr	r3, [r4, #84]
 3594 00d6 43F01003 		orr	r3, r3, #16
 3595 00da 6365     		str	r3, [r4, #84]
1832:Drivers/STM32F4xx_HAL_Driver/Src/stm32f4xx_hal_spi.c ****     return HAL_ERROR;
 3596              		.loc 1 1832 5 view .LVU1277
1832:Drivers/STM32F4xx_HAL_Driver/Src/stm32f4xx_hal_spi.c ****     return HAL_ERROR;
 3597              		.loc 1 1832 5 view .LVU1278
 3598 00dc 0023     		movs	r3, #0
 3599 00de 84F85030 		strb	r3, [r4, #80]
1832:Drivers/STM32F4xx_HAL_Driver/Src/stm32f4xx_hal_spi.c ****     return HAL_ERROR;
 3600              		.loc 1 1832 5 view .LVU1279
1833:Drivers/STM32F4xx_HAL_Driver/Src/stm32f4xx_hal_spi.c ****   }
 3601              		.loc 1 1833 5 view .LVU1280
1833:Drivers/STM32F4xx_HAL_Driver/Src/stm32f4xx_hal_spi.c ****   }
 3602              		.loc 1 1833 12 is_stmt 0 view .LVU1281
 3603 00e2 00E0     		b	.L239
 3604              	.LVL204:
 3605              	.L244:
1762:Drivers/STM32F4xx_HAL_Driver/Src/stm32f4xx_hal_spi.c ****   }
 3606              		.loc 1 1762 12 view .LVU1282
 3607 00e4 0225     		movs	r5, #2
 3608              	.LVL205:
 3609              	.L239:
1853:Drivers/STM32F4xx_HAL_Driver/Src/stm32f4xx_hal_spi.c **** 
 3610              		.loc 1 1853 1 view .LVU1283
 3611 00e6 2846     		mov	r0, r5
 3612 00e8 38BD     		pop	{r3, r4, r5, pc}
 3613              	.LVL206:
 3614              	.L245:
1782:Drivers/STM32F4xx_HAL_Driver/Src/stm32f4xx_hal_spi.c **** 
 3615              		.loc 1 1782 3 discriminator 1 view .LVU1284
 3616 00ea 0225     		movs	r5, #2
 3617 00ec FBE7     		b	.L239
 3618              	.L251:
 3619 00ee 00BF     		.align	2
 3620              	.L250:
 3621 00f0 00000000 		.word	SPI_DMAHalfReceiveCplt
 3622 00f4 00000000 		.word	SPI_DMAReceiveCplt
 3623 00f8 00000000 		.word	SPI_DMAError
 3624              		.cfi_endproc
 3625              	.LFE145:
 3627              		.section	.text.HAL_SPI_Abort,"ax",%progbits
 3628              		.align	1
 3629              		.global	HAL_SPI_Abort
 3630              		.syntax unified
 3631              		.thumb
 3632              		.thumb_func
ARM GAS  C:\Users\10369\AppData\Local\Temp\ccy9FUfH.s 			page 155


 3634              	HAL_SPI_Abort:
 3635              	.LVL207:
 3636              	.LFB147:
2009:Drivers/STM32F4xx_HAL_Driver/Src/stm32f4xx_hal_spi.c ****   HAL_StatusTypeDef errorcode;
 3637              		.loc 1 2009 1 is_stmt 1 view -0
 3638              		.cfi_startproc
 3639              		@ args = 0, pretend = 0, frame = 16
 3640              		@ frame_needed = 0, uses_anonymous_args = 0
2009:Drivers/STM32F4xx_HAL_Driver/Src/stm32f4xx_hal_spi.c ****   HAL_StatusTypeDef errorcode;
 3641              		.loc 1 2009 1 is_stmt 0 view .LVU1286
 3642 0000 10B5     		push	{r4, lr}
 3643              	.LCFI39:
 3644              		.cfi_def_cfa_offset 8
 3645              		.cfi_offset 4, -8
 3646              		.cfi_offset 14, -4
 3647 0002 84B0     		sub	sp, sp, #16
 3648              	.LCFI40:
 3649              		.cfi_def_cfa_offset 24
 3650 0004 0446     		mov	r4, r0
2010:Drivers/STM32F4xx_HAL_Driver/Src/stm32f4xx_hal_spi.c ****   __IO uint32_t count;
 3651              		.loc 1 2010 3 is_stmt 1 view .LVU1287
2011:Drivers/STM32F4xx_HAL_Driver/Src/stm32f4xx_hal_spi.c ****   __IO uint32_t resetcount;
 3652              		.loc 1 2011 3 view .LVU1288
2012:Drivers/STM32F4xx_HAL_Driver/Src/stm32f4xx_hal_spi.c **** 
 3653              		.loc 1 2012 3 view .LVU1289
2015:Drivers/STM32F4xx_HAL_Driver/Src/stm32f4xx_hal_spi.c ****   resetcount = SPI_DEFAULT_TIMEOUT * (SystemCoreClock / 24U / 1000U);
 3654              		.loc 1 2015 3 view .LVU1290
 3655              	.LVL208:
2016:Drivers/STM32F4xx_HAL_Driver/Src/stm32f4xx_hal_spi.c ****   count = resetcount;
 3656              		.loc 1 2016 3 view .LVU1291
2016:Drivers/STM32F4xx_HAL_Driver/Src/stm32f4xx_hal_spi.c ****   count = resetcount;
 3657              		.loc 1 2016 61 is_stmt 0 view .LVU1292
 3658 0006 4A4B     		ldr	r3, .L273
 3659 0008 1B68     		ldr	r3, [r3]
 3660 000a 4A4A     		ldr	r2, .L273+4
 3661 000c A2FB0323 		umull	r2, r3, r2, r3
 3662 0010 5B0A     		lsrs	r3, r3, #9
2016:Drivers/STM32F4xx_HAL_Driver/Src/stm32f4xx_hal_spi.c ****   count = resetcount;
 3663              		.loc 1 2016 36 view .LVU1293
 3664 0012 6422     		movs	r2, #100
 3665 0014 02FB03F3 		mul	r3, r2, r3
2016:Drivers/STM32F4xx_HAL_Driver/Src/stm32f4xx_hal_spi.c ****   count = resetcount;
 3666              		.loc 1 2016 14 view .LVU1294
 3667 0018 0293     		str	r3, [sp, #8]
2017:Drivers/STM32F4xx_HAL_Driver/Src/stm32f4xx_hal_spi.c **** 
 3668              		.loc 1 2017 3 is_stmt 1 view .LVU1295
2017:Drivers/STM32F4xx_HAL_Driver/Src/stm32f4xx_hal_spi.c **** 
 3669              		.loc 1 2017 9 is_stmt 0 view .LVU1296
 3670 001a 029B     		ldr	r3, [sp, #8]
 3671 001c 0393     		str	r3, [sp, #12]
2020:Drivers/STM32F4xx_HAL_Driver/Src/stm32f4xx_hal_spi.c **** 
 3672              		.loc 1 2020 3 is_stmt 1 view .LVU1297
 3673 001e 0268     		ldr	r2, [r0]
 3674 0020 5368     		ldr	r3, [r2, #4]
 3675 0022 23F02003 		bic	r3, r3, #32
 3676 0026 5360     		str	r3, [r2, #4]
2023:Drivers/STM32F4xx_HAL_Driver/Src/stm32f4xx_hal_spi.c ****   {
ARM GAS  C:\Users\10369\AppData\Local\Temp\ccy9FUfH.s 			page 156


 3677              		.loc 1 2023 3 view .LVU1298
2023:Drivers/STM32F4xx_HAL_Driver/Src/stm32f4xx_hal_spi.c ****   {
 3678              		.loc 1 2023 7 is_stmt 0 view .LVU1299
 3679 0028 0268     		ldr	r2, [r0]
 3680 002a 5368     		ldr	r3, [r2, #4]
2023:Drivers/STM32F4xx_HAL_Driver/Src/stm32f4xx_hal_spi.c ****   {
 3681              		.loc 1 2023 6 view .LVU1300
 3682 002c 13F0800F 		tst	r3, #128
 3683 0030 11D0     		beq	.L253
2025:Drivers/STM32F4xx_HAL_Driver/Src/stm32f4xx_hal_spi.c ****     /* Wait HAL_SPI_STATE_ABORT state */
 3684              		.loc 1 2025 5 is_stmt 1 view .LVU1301
2025:Drivers/STM32F4xx_HAL_Driver/Src/stm32f4xx_hal_spi.c ****     /* Wait HAL_SPI_STATE_ABORT state */
 3685              		.loc 1 2025 17 is_stmt 0 view .LVU1302
 3686 0032 414B     		ldr	r3, .L273+8
 3687 0034 4364     		str	r3, [r0, #68]
 3688              	.L256:
2027:Drivers/STM32F4xx_HAL_Driver/Src/stm32f4xx_hal_spi.c ****     {
 3689              		.loc 1 2027 5 is_stmt 1 view .LVU1303
2029:Drivers/STM32F4xx_HAL_Driver/Src/stm32f4xx_hal_spi.c ****       {
 3690              		.loc 1 2029 7 view .LVU1304
2029:Drivers/STM32F4xx_HAL_Driver/Src/stm32f4xx_hal_spi.c ****       {
 3691              		.loc 1 2029 17 is_stmt 0 view .LVU1305
 3692 0036 039B     		ldr	r3, [sp, #12]
2029:Drivers/STM32F4xx_HAL_Driver/Src/stm32f4xx_hal_spi.c ****       {
 3693              		.loc 1 2029 10 view .LVU1306
 3694 0038 3BB1     		cbz	r3, .L270
2034:Drivers/STM32F4xx_HAL_Driver/Src/stm32f4xx_hal_spi.c ****     } while (hspi->State != HAL_SPI_STATE_ABORT);
 3695              		.loc 1 2034 7 is_stmt 1 view .LVU1307
2034:Drivers/STM32F4xx_HAL_Driver/Src/stm32f4xx_hal_spi.c ****     } while (hspi->State != HAL_SPI_STATE_ABORT);
 3696              		.loc 1 2034 12 is_stmt 0 view .LVU1308
 3697 003a 039B     		ldr	r3, [sp, #12]
 3698 003c 013B     		subs	r3, r3, #1
 3699 003e 0393     		str	r3, [sp, #12]
2035:Drivers/STM32F4xx_HAL_Driver/Src/stm32f4xx_hal_spi.c ****     /* Reset Timeout Counter */
 3700              		.loc 1 2035 26 is_stmt 1 view .LVU1309
2035:Drivers/STM32F4xx_HAL_Driver/Src/stm32f4xx_hal_spi.c ****     /* Reset Timeout Counter */
 3701              		.loc 1 2035 18 is_stmt 0 view .LVU1310
 3702 0040 94F85130 		ldrb	r3, [r4, #81]	@ zero_extendqisi2
2035:Drivers/STM32F4xx_HAL_Driver/Src/stm32f4xx_hal_spi.c ****     /* Reset Timeout Counter */
 3703              		.loc 1 2035 26 view .LVU1311
 3704 0044 072B     		cmp	r3, #7
 3705 0046 F6D1     		bne	.L256
 3706 0048 03E0     		b	.L255
 3707              	.L270:
2031:Drivers/STM32F4xx_HAL_Driver/Src/stm32f4xx_hal_spi.c ****         break;
 3708              		.loc 1 2031 9 is_stmt 1 view .LVU1312
 3709 004a 636D     		ldr	r3, [r4, #84]
 3710 004c 43F04003 		orr	r3, r3, #64
 3711 0050 6365     		str	r3, [r4, #84]
2032:Drivers/STM32F4xx_HAL_Driver/Src/stm32f4xx_hal_spi.c ****       }
 3712              		.loc 1 2032 9 view .LVU1313
 3713              	.L255:
2037:Drivers/STM32F4xx_HAL_Driver/Src/stm32f4xx_hal_spi.c ****   }
 3714              		.loc 1 2037 5 view .LVU1314
2037:Drivers/STM32F4xx_HAL_Driver/Src/stm32f4xx_hal_spi.c ****   }
 3715              		.loc 1 2037 11 is_stmt 0 view .LVU1315
 3716 0052 029B     		ldr	r3, [sp, #8]
ARM GAS  C:\Users\10369\AppData\Local\Temp\ccy9FUfH.s 			page 157


 3717 0054 0393     		str	r3, [sp, #12]
 3718              	.L253:
2040:Drivers/STM32F4xx_HAL_Driver/Src/stm32f4xx_hal_spi.c ****   {
 3719              		.loc 1 2040 3 is_stmt 1 view .LVU1316
2040:Drivers/STM32F4xx_HAL_Driver/Src/stm32f4xx_hal_spi.c ****   {
 3720              		.loc 1 2040 7 is_stmt 0 view .LVU1317
 3721 0056 5368     		ldr	r3, [r2, #4]
2040:Drivers/STM32F4xx_HAL_Driver/Src/stm32f4xx_hal_spi.c ****   {
 3722              		.loc 1 2040 6 view .LVU1318
 3723 0058 13F0400F 		tst	r3, #64
 3724 005c 11D0     		beq	.L257
2042:Drivers/STM32F4xx_HAL_Driver/Src/stm32f4xx_hal_spi.c ****     /* Wait HAL_SPI_STATE_ABORT state */
 3725              		.loc 1 2042 5 is_stmt 1 view .LVU1319
2042:Drivers/STM32F4xx_HAL_Driver/Src/stm32f4xx_hal_spi.c ****     /* Wait HAL_SPI_STATE_ABORT state */
 3726              		.loc 1 2042 17 is_stmt 0 view .LVU1320
 3727 005e 374B     		ldr	r3, .L273+12
 3728 0060 2364     		str	r3, [r4, #64]
 3729              	.L260:
2044:Drivers/STM32F4xx_HAL_Driver/Src/stm32f4xx_hal_spi.c ****     {
 3730              		.loc 1 2044 5 is_stmt 1 view .LVU1321
2046:Drivers/STM32F4xx_HAL_Driver/Src/stm32f4xx_hal_spi.c ****       {
 3731              		.loc 1 2046 7 view .LVU1322
2046:Drivers/STM32F4xx_HAL_Driver/Src/stm32f4xx_hal_spi.c ****       {
 3732              		.loc 1 2046 17 is_stmt 0 view .LVU1323
 3733 0062 039B     		ldr	r3, [sp, #12]
2046:Drivers/STM32F4xx_HAL_Driver/Src/stm32f4xx_hal_spi.c ****       {
 3734              		.loc 1 2046 10 view .LVU1324
 3735 0064 3BB1     		cbz	r3, .L271
2051:Drivers/STM32F4xx_HAL_Driver/Src/stm32f4xx_hal_spi.c ****     } while (hspi->State != HAL_SPI_STATE_ABORT);
 3736              		.loc 1 2051 7 is_stmt 1 view .LVU1325
2051:Drivers/STM32F4xx_HAL_Driver/Src/stm32f4xx_hal_spi.c ****     } while (hspi->State != HAL_SPI_STATE_ABORT);
 3737              		.loc 1 2051 12 is_stmt 0 view .LVU1326
 3738 0066 039B     		ldr	r3, [sp, #12]
 3739 0068 013B     		subs	r3, r3, #1
 3740 006a 0393     		str	r3, [sp, #12]
2052:Drivers/STM32F4xx_HAL_Driver/Src/stm32f4xx_hal_spi.c ****     /* Reset Timeout Counter */
 3741              		.loc 1 2052 26 is_stmt 1 view .LVU1327
2052:Drivers/STM32F4xx_HAL_Driver/Src/stm32f4xx_hal_spi.c ****     /* Reset Timeout Counter */
 3742              		.loc 1 2052 18 is_stmt 0 view .LVU1328
 3743 006c 94F85130 		ldrb	r3, [r4, #81]	@ zero_extendqisi2
2052:Drivers/STM32F4xx_HAL_Driver/Src/stm32f4xx_hal_spi.c ****     /* Reset Timeout Counter */
 3744              		.loc 1 2052 26 view .LVU1329
 3745 0070 072B     		cmp	r3, #7
 3746 0072 F6D1     		bne	.L260
 3747 0074 03E0     		b	.L259
 3748              	.L271:
2048:Drivers/STM32F4xx_HAL_Driver/Src/stm32f4xx_hal_spi.c ****         break;
 3749              		.loc 1 2048 9 is_stmt 1 view .LVU1330
 3750 0076 636D     		ldr	r3, [r4, #84]
 3751 0078 43F04003 		orr	r3, r3, #64
 3752 007c 6365     		str	r3, [r4, #84]
2049:Drivers/STM32F4xx_HAL_Driver/Src/stm32f4xx_hal_spi.c ****       }
 3753              		.loc 1 2049 9 view .LVU1331
 3754              	.L259:
2054:Drivers/STM32F4xx_HAL_Driver/Src/stm32f4xx_hal_spi.c ****   }
 3755              		.loc 1 2054 5 view .LVU1332
2054:Drivers/STM32F4xx_HAL_Driver/Src/stm32f4xx_hal_spi.c ****   }
ARM GAS  C:\Users\10369\AppData\Local\Temp\ccy9FUfH.s 			page 158


 3756              		.loc 1 2054 11 is_stmt 0 view .LVU1333
 3757 007e 029B     		ldr	r3, [sp, #8]
 3758 0080 0393     		str	r3, [sp, #12]
 3759              	.L257:
2058:Drivers/STM32F4xx_HAL_Driver/Src/stm32f4xx_hal_spi.c ****   {
 3760              		.loc 1 2058 3 is_stmt 1 view .LVU1334
2058:Drivers/STM32F4xx_HAL_Driver/Src/stm32f4xx_hal_spi.c ****   {
 3761              		.loc 1 2058 7 is_stmt 0 view .LVU1335
 3762 0082 5368     		ldr	r3, [r2, #4]
2058:Drivers/STM32F4xx_HAL_Driver/Src/stm32f4xx_hal_spi.c ****   {
 3763              		.loc 1 2058 6 view .LVU1336
 3764 0084 13F0020F 		tst	r3, #2
 3765 0088 1DD0     		beq	.L261
2061:Drivers/STM32F4xx_HAL_Driver/Src/stm32f4xx_hal_spi.c ****     {
 3766              		.loc 1 2061 5 is_stmt 1 view .LVU1337
2061:Drivers/STM32F4xx_HAL_Driver/Src/stm32f4xx_hal_spi.c ****     {
 3767              		.loc 1 2061 13 is_stmt 0 view .LVU1338
 3768 008a A36C     		ldr	r3, [r4, #72]
2061:Drivers/STM32F4xx_HAL_Driver/Src/stm32f4xx_hal_spi.c ****     {
 3769              		.loc 1 2061 8 view .LVU1339
 3770 008c DBB1     		cbz	r3, .L261
2065:Drivers/STM32F4xx_HAL_Driver/Src/stm32f4xx_hal_spi.c **** 
 3771              		.loc 1 2065 7 is_stmt 1 view .LVU1340
2065:Drivers/STM32F4xx_HAL_Driver/Src/stm32f4xx_hal_spi.c **** 
 3772              		.loc 1 2065 39 is_stmt 0 view .LVU1341
 3773 008e 0022     		movs	r2, #0
 3774 0090 1A65     		str	r2, [r3, #80]
2068:Drivers/STM32F4xx_HAL_Driver/Src/stm32f4xx_hal_spi.c ****       {
 3775              		.loc 1 2068 7 is_stmt 1 view .LVU1342
2068:Drivers/STM32F4xx_HAL_Driver/Src/stm32f4xx_hal_spi.c ****       {
 3776              		.loc 1 2068 11 is_stmt 0 view .LVU1343
 3777 0092 A06C     		ldr	r0, [r4, #72]
 3778              	.LVL209:
2068:Drivers/STM32F4xx_HAL_Driver/Src/stm32f4xx_hal_spi.c ****       {
 3779              		.loc 1 2068 11 view .LVU1344
 3780 0094 FFF7FEFF 		bl	HAL_DMA_Abort
 3781              	.LVL210:
2068:Drivers/STM32F4xx_HAL_Driver/Src/stm32f4xx_hal_spi.c ****       {
 3782              		.loc 1 2068 10 discriminator 1 view .LVU1345
 3783 0098 08B1     		cbz	r0, .L262
2070:Drivers/STM32F4xx_HAL_Driver/Src/stm32f4xx_hal_spi.c ****       }
 3784              		.loc 1 2070 9 is_stmt 1 view .LVU1346
2070:Drivers/STM32F4xx_HAL_Driver/Src/stm32f4xx_hal_spi.c ****       }
 3785              		.loc 1 2070 25 is_stmt 0 view .LVU1347
 3786 009a 4023     		movs	r3, #64
 3787 009c 6365     		str	r3, [r4, #84]
 3788              	.L262:
2074:Drivers/STM32F4xx_HAL_Driver/Src/stm32f4xx_hal_spi.c **** 
 3789              		.loc 1 2074 7 is_stmt 1 view .LVU1348
 3790 009e 2268     		ldr	r2, [r4]
 3791 00a0 5368     		ldr	r3, [r2, #4]
 3792 00a2 23F00203 		bic	r3, r3, #2
 3793 00a6 5360     		str	r3, [r2, #4]
 3794              	.L264:
2077:Drivers/STM32F4xx_HAL_Driver/Src/stm32f4xx_hal_spi.c ****       {
 3795              		.loc 1 2077 7 view .LVU1349
2079:Drivers/STM32F4xx_HAL_Driver/Src/stm32f4xx_hal_spi.c ****         {
ARM GAS  C:\Users\10369\AppData\Local\Temp\ccy9FUfH.s 			page 159


 3796              		.loc 1 2079 9 view .LVU1350
2079:Drivers/STM32F4xx_HAL_Driver/Src/stm32f4xx_hal_spi.c ****         {
 3797              		.loc 1 2079 19 is_stmt 0 view .LVU1351
 3798 00a8 039B     		ldr	r3, [sp, #12]
2079:Drivers/STM32F4xx_HAL_Driver/Src/stm32f4xx_hal_spi.c ****         {
 3799              		.loc 1 2079 12 view .LVU1352
 3800 00aa 43B1     		cbz	r3, .L272
2084:Drivers/STM32F4xx_HAL_Driver/Src/stm32f4xx_hal_spi.c ****       } while ((hspi->Instance->SR & SPI_FLAG_TXE) == RESET);
 3801              		.loc 1 2084 9 is_stmt 1 view .LVU1353
2084:Drivers/STM32F4xx_HAL_Driver/Src/stm32f4xx_hal_spi.c ****       } while ((hspi->Instance->SR & SPI_FLAG_TXE) == RESET);
 3802              		.loc 1 2084 14 is_stmt 0 view .LVU1354
 3803 00ac 039B     		ldr	r3, [sp, #12]
 3804 00ae 013B     		subs	r3, r3, #1
 3805 00b0 0393     		str	r3, [sp, #12]
2085:Drivers/STM32F4xx_HAL_Driver/Src/stm32f4xx_hal_spi.c ****     }
 3806              		.loc 1 2085 52 is_stmt 1 view .LVU1355
2085:Drivers/STM32F4xx_HAL_Driver/Src/stm32f4xx_hal_spi.c ****     }
 3807              		.loc 1 2085 21 is_stmt 0 view .LVU1356
 3808 00b2 2368     		ldr	r3, [r4]
2085:Drivers/STM32F4xx_HAL_Driver/Src/stm32f4xx_hal_spi.c ****     }
 3809              		.loc 1 2085 31 view .LVU1357
 3810 00b4 9B68     		ldr	r3, [r3, #8]
2085:Drivers/STM32F4xx_HAL_Driver/Src/stm32f4xx_hal_spi.c ****     }
 3811              		.loc 1 2085 52 view .LVU1358
 3812 00b6 13F0020F 		tst	r3, #2
 3813 00ba F5D0     		beq	.L264
 3814 00bc 03E0     		b	.L261
 3815              	.L272:
2081:Drivers/STM32F4xx_HAL_Driver/Src/stm32f4xx_hal_spi.c ****           break;
 3816              		.loc 1 2081 11 is_stmt 1 view .LVU1359
 3817 00be 636D     		ldr	r3, [r4, #84]
 3818 00c0 43F04003 		orr	r3, r3, #64
 3819 00c4 6365     		str	r3, [r4, #84]
2082:Drivers/STM32F4xx_HAL_Driver/Src/stm32f4xx_hal_spi.c ****         }
 3820              		.loc 1 2082 11 view .LVU1360
 3821              	.L261:
2090:Drivers/STM32F4xx_HAL_Driver/Src/stm32f4xx_hal_spi.c ****   {
 3822              		.loc 1 2090 3 view .LVU1361
2090:Drivers/STM32F4xx_HAL_Driver/Src/stm32f4xx_hal_spi.c ****   {
 3823              		.loc 1 2090 7 is_stmt 0 view .LVU1362
 3824 00c6 2368     		ldr	r3, [r4]
 3825 00c8 5B68     		ldr	r3, [r3, #4]
2090:Drivers/STM32F4xx_HAL_Driver/Src/stm32f4xx_hal_spi.c ****   {
 3826              		.loc 1 2090 6 view .LVU1363
 3827 00ca 13F0010F 		tst	r3, #1
 3828 00ce 13D0     		beq	.L265
2093:Drivers/STM32F4xx_HAL_Driver/Src/stm32f4xx_hal_spi.c ****     {
 3829              		.loc 1 2093 5 is_stmt 1 view .LVU1364
2093:Drivers/STM32F4xx_HAL_Driver/Src/stm32f4xx_hal_spi.c ****     {
 3830              		.loc 1 2093 13 is_stmt 0 view .LVU1365
 3831 00d0 E36C     		ldr	r3, [r4, #76]
2093:Drivers/STM32F4xx_HAL_Driver/Src/stm32f4xx_hal_spi.c ****     {
 3832              		.loc 1 2093 8 view .LVU1366
 3833 00d2 8BB1     		cbz	r3, .L265
2097:Drivers/STM32F4xx_HAL_Driver/Src/stm32f4xx_hal_spi.c **** 
 3834              		.loc 1 2097 7 is_stmt 1 view .LVU1367
2097:Drivers/STM32F4xx_HAL_Driver/Src/stm32f4xx_hal_spi.c **** 
ARM GAS  C:\Users\10369\AppData\Local\Temp\ccy9FUfH.s 			page 160


 3835              		.loc 1 2097 39 is_stmt 0 view .LVU1368
 3836 00d4 0022     		movs	r2, #0
 3837 00d6 1A65     		str	r2, [r3, #80]
2100:Drivers/STM32F4xx_HAL_Driver/Src/stm32f4xx_hal_spi.c ****       {
 3838              		.loc 1 2100 7 is_stmt 1 view .LVU1369
2100:Drivers/STM32F4xx_HAL_Driver/Src/stm32f4xx_hal_spi.c ****       {
 3839              		.loc 1 2100 11 is_stmt 0 view .LVU1370
 3840 00d8 E06C     		ldr	r0, [r4, #76]
 3841 00da FFF7FEFF 		bl	HAL_DMA_Abort
 3842              	.LVL211:
2100:Drivers/STM32F4xx_HAL_Driver/Src/stm32f4xx_hal_spi.c ****       {
 3843              		.loc 1 2100 10 discriminator 1 view .LVU1371
 3844 00de 08B1     		cbz	r0, .L266
2102:Drivers/STM32F4xx_HAL_Driver/Src/stm32f4xx_hal_spi.c ****       }
 3845              		.loc 1 2102 9 is_stmt 1 view .LVU1372
2102:Drivers/STM32F4xx_HAL_Driver/Src/stm32f4xx_hal_spi.c ****       }
 3846              		.loc 1 2102 25 is_stmt 0 view .LVU1373
 3847 00e0 4023     		movs	r3, #64
 3848 00e2 6365     		str	r3, [r4, #84]
 3849              	.L266:
2106:Drivers/STM32F4xx_HAL_Driver/Src/stm32f4xx_hal_spi.c **** 
 3850              		.loc 1 2106 7 is_stmt 1 view .LVU1374
 3851 00e4 2268     		ldr	r2, [r4]
 3852 00e6 1368     		ldr	r3, [r2]
 3853 00e8 23F04003 		bic	r3, r3, #64
 3854 00ec 1360     		str	r3, [r2]
2109:Drivers/STM32F4xx_HAL_Driver/Src/stm32f4xx_hal_spi.c ****     }
 3855              		.loc 1 2109 7 view .LVU1375
 3856 00ee 2268     		ldr	r2, [r4]
 3857 00f0 5368     		ldr	r3, [r2, #4]
 3858 00f2 23F00103 		bic	r3, r3, #1
 3859 00f6 5360     		str	r3, [r2, #4]
 3860              	.L265:
2113:Drivers/STM32F4xx_HAL_Driver/Src/stm32f4xx_hal_spi.c ****   hspi->TxXferCount = 0U;
 3861              		.loc 1 2113 3 view .LVU1376
2113:Drivers/STM32F4xx_HAL_Driver/Src/stm32f4xx_hal_spi.c ****   hspi->TxXferCount = 0U;
 3862              		.loc 1 2113 21 is_stmt 0 view .LVU1377
 3863 00f8 0023     		movs	r3, #0
 3864 00fa E387     		strh	r3, [r4, #62]	@ movhi
2114:Drivers/STM32F4xx_HAL_Driver/Src/stm32f4xx_hal_spi.c **** 
 3865              		.loc 1 2114 3 is_stmt 1 view .LVU1378
2114:Drivers/STM32F4xx_HAL_Driver/Src/stm32f4xx_hal_spi.c **** 
 3866              		.loc 1 2114 21 is_stmt 0 view .LVU1379
 3867 00fc E386     		strh	r3, [r4, #54]	@ movhi
2117:Drivers/STM32F4xx_HAL_Driver/Src/stm32f4xx_hal_spi.c ****   {
 3868              		.loc 1 2117 3 is_stmt 1 view .LVU1380
2117:Drivers/STM32F4xx_HAL_Driver/Src/stm32f4xx_hal_spi.c ****   {
 3869              		.loc 1 2117 11 is_stmt 0 view .LVU1381
 3870 00fe 636D     		ldr	r3, [r4, #84]
2117:Drivers/STM32F4xx_HAL_Driver/Src/stm32f4xx_hal_spi.c ****   {
 3871              		.loc 1 2117 6 view .LVU1382
 3872 0100 402B     		cmp	r3, #64
 3873 0102 12D0     		beq	.L268
2125:Drivers/STM32F4xx_HAL_Driver/Src/stm32f4xx_hal_spi.c ****   }
 3874              		.loc 1 2125 5 is_stmt 1 view .LVU1383
2125:Drivers/STM32F4xx_HAL_Driver/Src/stm32f4xx_hal_spi.c ****   }
 3875              		.loc 1 2125 21 is_stmt 0 view .LVU1384
ARM GAS  C:\Users\10369\AppData\Local\Temp\ccy9FUfH.s 			page 161


 3876 0104 0020     		movs	r0, #0
 3877 0106 6065     		str	r0, [r4, #84]
 3878              	.L267:
 3879              	.LVL212:
2129:Drivers/STM32F4xx_HAL_Driver/Src/stm32f4xx_hal_spi.c ****   __HAL_SPI_CLEAR_FREFLAG(hspi);
 3880              		.loc 1 2129 3 is_stmt 1 view .LVU1385
 3881              	.LBB4:
2129:Drivers/STM32F4xx_HAL_Driver/Src/stm32f4xx_hal_spi.c ****   __HAL_SPI_CLEAR_FREFLAG(hspi);
 3882              		.loc 1 2129 3 view .LVU1386
 3883 0108 0022     		movs	r2, #0
 3884 010a 0092     		str	r2, [sp]
2129:Drivers/STM32F4xx_HAL_Driver/Src/stm32f4xx_hal_spi.c ****   __HAL_SPI_CLEAR_FREFLAG(hspi);
 3885              		.loc 1 2129 3 view .LVU1387
 3886 010c 2368     		ldr	r3, [r4]
 3887 010e D968     		ldr	r1, [r3, #12]
 3888 0110 0091     		str	r1, [sp]
2129:Drivers/STM32F4xx_HAL_Driver/Src/stm32f4xx_hal_spi.c ****   __HAL_SPI_CLEAR_FREFLAG(hspi);
 3889              		.loc 1 2129 3 view .LVU1388
 3890 0112 9968     		ldr	r1, [r3, #8]
 3891 0114 0091     		str	r1, [sp]
2129:Drivers/STM32F4xx_HAL_Driver/Src/stm32f4xx_hal_spi.c ****   __HAL_SPI_CLEAR_FREFLAG(hspi);
 3892              		.loc 1 2129 3 view .LVU1389
 3893 0116 0099     		ldr	r1, [sp]
 3894              	.LBE4:
2129:Drivers/STM32F4xx_HAL_Driver/Src/stm32f4xx_hal_spi.c ****   __HAL_SPI_CLEAR_FREFLAG(hspi);
 3895              		.loc 1 2129 3 view .LVU1390
2130:Drivers/STM32F4xx_HAL_Driver/Src/stm32f4xx_hal_spi.c **** 
 3896              		.loc 1 2130 3 view .LVU1391
 3897              	.LBB5:
2130:Drivers/STM32F4xx_HAL_Driver/Src/stm32f4xx_hal_spi.c **** 
 3898              		.loc 1 2130 3 view .LVU1392
 3899 0118 0192     		str	r2, [sp, #4]
2130:Drivers/STM32F4xx_HAL_Driver/Src/stm32f4xx_hal_spi.c **** 
 3900              		.loc 1 2130 3 view .LVU1393
 3901 011a 9B68     		ldr	r3, [r3, #8]
 3902 011c 0193     		str	r3, [sp, #4]
2130:Drivers/STM32F4xx_HAL_Driver/Src/stm32f4xx_hal_spi.c **** 
 3903              		.loc 1 2130 3 view .LVU1394
 3904 011e 019B     		ldr	r3, [sp, #4]
 3905              	.LBE5:
2130:Drivers/STM32F4xx_HAL_Driver/Src/stm32f4xx_hal_spi.c **** 
 3906              		.loc 1 2130 3 view .LVU1395
2133:Drivers/STM32F4xx_HAL_Driver/Src/stm32f4xx_hal_spi.c **** 
 3907              		.loc 1 2133 3 view .LVU1396
2133:Drivers/STM32F4xx_HAL_Driver/Src/stm32f4xx_hal_spi.c **** 
 3908              		.loc 1 2133 15 is_stmt 0 view .LVU1397
 3909 0120 0123     		movs	r3, #1
 3910 0122 84F85130 		strb	r3, [r4, #81]
2135:Drivers/STM32F4xx_HAL_Driver/Src/stm32f4xx_hal_spi.c **** }
 3911              		.loc 1 2135 3 is_stmt 1 view .LVU1398
2136:Drivers/STM32F4xx_HAL_Driver/Src/stm32f4xx_hal_spi.c **** 
 3912              		.loc 1 2136 1 is_stmt 0 view .LVU1399
 3913 0126 04B0     		add	sp, sp, #16
 3914              	.LCFI41:
 3915              		.cfi_remember_state
 3916              		.cfi_def_cfa_offset 8
 3917              		@ sp needed
ARM GAS  C:\Users\10369\AppData\Local\Temp\ccy9FUfH.s 			page 162


 3918 0128 10BD     		pop	{r4, pc}
 3919              	.LVL213:
 3920              	.L268:
 3921              	.LCFI42:
 3922              		.cfi_restore_state
2120:Drivers/STM32F4xx_HAL_Driver/Src/stm32f4xx_hal_spi.c ****   }
 3923              		.loc 1 2120 15 view .LVU1400
 3924 012a 0120     		movs	r0, #1
 3925 012c ECE7     		b	.L267
 3926              	.L274:
 3927 012e 00BF     		.align	2
 3928              	.L273:
 3929 0130 00000000 		.word	SystemCoreClock
 3930 0134 F1197605 		.word	91625969
 3931 0138 00000000 		.word	SPI_AbortTx_ISR
 3932 013c 00000000 		.word	SPI_AbortRx_ISR
 3933              		.cfi_endproc
 3934              	.LFE147:
 3936              		.section	.text.HAL_SPI_DMAPause,"ax",%progbits
 3937              		.align	1
 3938              		.global	HAL_SPI_DMAPause
 3939              		.syntax unified
 3940              		.thumb
 3941              		.thumb_func
 3943              	HAL_SPI_DMAPause:
 3944              	.LVL214:
 3945              	.LFB149:
2315:Drivers/STM32F4xx_HAL_Driver/Src/stm32f4xx_hal_spi.c ****   /* Process Locked */
 3946              		.loc 1 2315 1 is_stmt 1 view -0
 3947              		.cfi_startproc
 3948              		@ args = 0, pretend = 0, frame = 0
 3949              		@ frame_needed = 0, uses_anonymous_args = 0
 3950              		@ link register save eliminated.
2317:Drivers/STM32F4xx_HAL_Driver/Src/stm32f4xx_hal_spi.c **** 
 3951              		.loc 1 2317 3 view .LVU1402
2317:Drivers/STM32F4xx_HAL_Driver/Src/stm32f4xx_hal_spi.c **** 
 3952              		.loc 1 2317 3 view .LVU1403
 3953 0000 90F85030 		ldrb	r3, [r0, #80]	@ zero_extendqisi2
 3954 0004 012B     		cmp	r3, #1
 3955 0006 0CD0     		beq	.L277
2317:Drivers/STM32F4xx_HAL_Driver/Src/stm32f4xx_hal_spi.c **** 
 3956              		.loc 1 2317 3 discriminator 2 view .LVU1404
 3957 0008 0123     		movs	r3, #1
 3958 000a 80F85030 		strb	r3, [r0, #80]
2317:Drivers/STM32F4xx_HAL_Driver/Src/stm32f4xx_hal_spi.c **** 
 3959              		.loc 1 2317 3 view .LVU1405
2320:Drivers/STM32F4xx_HAL_Driver/Src/stm32f4xx_hal_spi.c **** 
 3960              		.loc 1 2320 3 view .LVU1406
 3961 000e 0268     		ldr	r2, [r0]
 3962 0010 5368     		ldr	r3, [r2, #4]
 3963 0012 23F00303 		bic	r3, r3, #3
 3964 0016 5360     		str	r3, [r2, #4]
2323:Drivers/STM32F4xx_HAL_Driver/Src/stm32f4xx_hal_spi.c **** 
 3965              		.loc 1 2323 3 view .LVU1407
2323:Drivers/STM32F4xx_HAL_Driver/Src/stm32f4xx_hal_spi.c **** 
 3966              		.loc 1 2323 3 view .LVU1408
 3967 0018 0023     		movs	r3, #0
ARM GAS  C:\Users\10369\AppData\Local\Temp\ccy9FUfH.s 			page 163


 3968 001a 80F85030 		strb	r3, [r0, #80]
2323:Drivers/STM32F4xx_HAL_Driver/Src/stm32f4xx_hal_spi.c **** 
 3969              		.loc 1 2323 3 view .LVU1409
2325:Drivers/STM32F4xx_HAL_Driver/Src/stm32f4xx_hal_spi.c **** }
 3970              		.loc 1 2325 3 view .LVU1410
2325:Drivers/STM32F4xx_HAL_Driver/Src/stm32f4xx_hal_spi.c **** }
 3971              		.loc 1 2325 10 is_stmt 0 view .LVU1411
 3972 001e 1846     		mov	r0, r3
 3973              	.LVL215:
2325:Drivers/STM32F4xx_HAL_Driver/Src/stm32f4xx_hal_spi.c **** }
 3974              		.loc 1 2325 10 view .LVU1412
 3975 0020 7047     		bx	lr
 3976              	.LVL216:
 3977              	.L277:
2317:Drivers/STM32F4xx_HAL_Driver/Src/stm32f4xx_hal_spi.c **** 
 3978              		.loc 1 2317 3 discriminator 1 view .LVU1413
 3979 0022 0220     		movs	r0, #2
 3980              	.LVL217:
2326:Drivers/STM32F4xx_HAL_Driver/Src/stm32f4xx_hal_spi.c **** 
 3981              		.loc 1 2326 1 view .LVU1414
 3982 0024 7047     		bx	lr
 3983              		.cfi_endproc
 3984              	.LFE149:
 3986              		.section	.text.HAL_SPI_DMAResume,"ax",%progbits
 3987              		.align	1
 3988              		.global	HAL_SPI_DMAResume
 3989              		.syntax unified
 3990              		.thumb
 3991              		.thumb_func
 3993              	HAL_SPI_DMAResume:
 3994              	.LVL218:
 3995              	.LFB150:
2335:Drivers/STM32F4xx_HAL_Driver/Src/stm32f4xx_hal_spi.c ****   /* Process Locked */
 3996              		.loc 1 2335 1 is_stmt 1 view -0
 3997              		.cfi_startproc
 3998              		@ args = 0, pretend = 0, frame = 0
 3999              		@ frame_needed = 0, uses_anonymous_args = 0
 4000              		@ link register save eliminated.
2337:Drivers/STM32F4xx_HAL_Driver/Src/stm32f4xx_hal_spi.c **** 
 4001              		.loc 1 2337 3 view .LVU1416
2337:Drivers/STM32F4xx_HAL_Driver/Src/stm32f4xx_hal_spi.c **** 
 4002              		.loc 1 2337 3 view .LVU1417
 4003 0000 90F85030 		ldrb	r3, [r0, #80]	@ zero_extendqisi2
 4004 0004 012B     		cmp	r3, #1
 4005 0006 0CD0     		beq	.L280
2337:Drivers/STM32F4xx_HAL_Driver/Src/stm32f4xx_hal_spi.c **** 
 4006              		.loc 1 2337 3 discriminator 2 view .LVU1418
 4007 0008 0123     		movs	r3, #1
 4008 000a 80F85030 		strb	r3, [r0, #80]
2337:Drivers/STM32F4xx_HAL_Driver/Src/stm32f4xx_hal_spi.c **** 
 4009              		.loc 1 2337 3 view .LVU1419
2340:Drivers/STM32F4xx_HAL_Driver/Src/stm32f4xx_hal_spi.c **** 
 4010              		.loc 1 2340 3 view .LVU1420
 4011 000e 0268     		ldr	r2, [r0]
 4012 0010 5368     		ldr	r3, [r2, #4]
 4013 0012 43F00303 		orr	r3, r3, #3
 4014 0016 5360     		str	r3, [r2, #4]
ARM GAS  C:\Users\10369\AppData\Local\Temp\ccy9FUfH.s 			page 164


2343:Drivers/STM32F4xx_HAL_Driver/Src/stm32f4xx_hal_spi.c **** 
 4015              		.loc 1 2343 3 view .LVU1421
2343:Drivers/STM32F4xx_HAL_Driver/Src/stm32f4xx_hal_spi.c **** 
 4016              		.loc 1 2343 3 view .LVU1422
 4017 0018 0023     		movs	r3, #0
 4018 001a 80F85030 		strb	r3, [r0, #80]
2343:Drivers/STM32F4xx_HAL_Driver/Src/stm32f4xx_hal_spi.c **** 
 4019              		.loc 1 2343 3 view .LVU1423
2345:Drivers/STM32F4xx_HAL_Driver/Src/stm32f4xx_hal_spi.c **** }
 4020              		.loc 1 2345 3 view .LVU1424
2345:Drivers/STM32F4xx_HAL_Driver/Src/stm32f4xx_hal_spi.c **** }
 4021              		.loc 1 2345 10 is_stmt 0 view .LVU1425
 4022 001e 1846     		mov	r0, r3
 4023              	.LVL219:
2345:Drivers/STM32F4xx_HAL_Driver/Src/stm32f4xx_hal_spi.c **** }
 4024              		.loc 1 2345 10 view .LVU1426
 4025 0020 7047     		bx	lr
 4026              	.LVL220:
 4027              	.L280:
2337:Drivers/STM32F4xx_HAL_Driver/Src/stm32f4xx_hal_spi.c **** 
 4028              		.loc 1 2337 3 discriminator 1 view .LVU1427
 4029 0022 0220     		movs	r0, #2
 4030              	.LVL221:
2346:Drivers/STM32F4xx_HAL_Driver/Src/stm32f4xx_hal_spi.c **** 
 4031              		.loc 1 2346 1 view .LVU1428
 4032 0024 7047     		bx	lr
 4033              		.cfi_endproc
 4034              	.LFE150:
 4036              		.section	.text.HAL_SPI_DMAStop,"ax",%progbits
 4037              		.align	1
 4038              		.global	HAL_SPI_DMAStop
 4039              		.syntax unified
 4040              		.thumb
 4041              		.thumb_func
 4043              	HAL_SPI_DMAStop:
 4044              	.LVL222:
 4045              	.LFB151:
2355:Drivers/STM32F4xx_HAL_Driver/Src/stm32f4xx_hal_spi.c ****   HAL_StatusTypeDef errorcode = HAL_OK;
 4046              		.loc 1 2355 1 is_stmt 1 view -0
 4047              		.cfi_startproc
 4048              		@ args = 0, pretend = 0, frame = 0
 4049              		@ frame_needed = 0, uses_anonymous_args = 0
2355:Drivers/STM32F4xx_HAL_Driver/Src/stm32f4xx_hal_spi.c ****   HAL_StatusTypeDef errorcode = HAL_OK;
 4050              		.loc 1 2355 1 is_stmt 0 view .LVU1430
 4051 0000 38B5     		push	{r3, r4, r5, lr}
 4052              	.LCFI43:
 4053              		.cfi_def_cfa_offset 16
 4054              		.cfi_offset 3, -16
 4055              		.cfi_offset 4, -12
 4056              		.cfi_offset 5, -8
 4057              		.cfi_offset 14, -4
 4058 0002 0446     		mov	r4, r0
2356:Drivers/STM32F4xx_HAL_Driver/Src/stm32f4xx_hal_spi.c ****   /* The Lock is not implemented on this API to allow the user application
 4059              		.loc 1 2356 3 is_stmt 1 view .LVU1431
 4060              	.LVL223:
2366:Drivers/STM32F4xx_HAL_Driver/Src/stm32f4xx_hal_spi.c ****   {
 4061              		.loc 1 2366 3 view .LVU1432
ARM GAS  C:\Users\10369\AppData\Local\Temp\ccy9FUfH.s 			page 165


2366:Drivers/STM32F4xx_HAL_Driver/Src/stm32f4xx_hal_spi.c ****   {
 4062              		.loc 1 2366 11 is_stmt 0 view .LVU1433
 4063 0004 806C     		ldr	r0, [r0, #72]
 4064              	.LVL224:
2366:Drivers/STM32F4xx_HAL_Driver/Src/stm32f4xx_hal_spi.c ****   {
 4065              		.loc 1 2366 6 view .LVU1434
 4066 0006 48B1     		cbz	r0, .L284
2368:Drivers/STM32F4xx_HAL_Driver/Src/stm32f4xx_hal_spi.c ****     {
 4067              		.loc 1 2368 5 is_stmt 1 view .LVU1435
2368:Drivers/STM32F4xx_HAL_Driver/Src/stm32f4xx_hal_spi.c ****     {
 4068              		.loc 1 2368 19 is_stmt 0 view .LVU1436
 4069 0008 FFF7FEFF 		bl	HAL_DMA_Abort
 4070              	.LVL225:
2368:Drivers/STM32F4xx_HAL_Driver/Src/stm32f4xx_hal_spi.c ****     {
 4071              		.loc 1 2368 8 discriminator 1 view .LVU1437
 4072 000c 0546     		mov	r5, r0
 4073 000e 30B1     		cbz	r0, .L282
2370:Drivers/STM32F4xx_HAL_Driver/Src/stm32f4xx_hal_spi.c ****       errorcode = HAL_ERROR;
 4074              		.loc 1 2370 7 is_stmt 1 view .LVU1438
 4075 0010 636D     		ldr	r3, [r4, #84]
 4076 0012 43F01003 		orr	r3, r3, #16
 4077 0016 6365     		str	r3, [r4, #84]
2371:Drivers/STM32F4xx_HAL_Driver/Src/stm32f4xx_hal_spi.c ****     }
 4078              		.loc 1 2371 7 view .LVU1439
 4079              	.LVL226:
2371:Drivers/STM32F4xx_HAL_Driver/Src/stm32f4xx_hal_spi.c ****     }
 4080              		.loc 1 2371 17 is_stmt 0 view .LVU1440
 4081 0018 0125     		movs	r5, #1
 4082 001a 00E0     		b	.L282
 4083              	.LVL227:
 4084              	.L284:
2356:Drivers/STM32F4xx_HAL_Driver/Src/stm32f4xx_hal_spi.c ****   /* The Lock is not implemented on this API to allow the user application
 4085              		.loc 1 2356 21 view .LVU1441
 4086 001c 0025     		movs	r5, #0
 4087              	.LVL228:
 4088              	.L282:
2375:Drivers/STM32F4xx_HAL_Driver/Src/stm32f4xx_hal_spi.c ****   {
 4089              		.loc 1 2375 3 is_stmt 1 view .LVU1442
2375:Drivers/STM32F4xx_HAL_Driver/Src/stm32f4xx_hal_spi.c ****   {
 4090              		.loc 1 2375 11 is_stmt 0 view .LVU1443
 4091 001e E06C     		ldr	r0, [r4, #76]
2375:Drivers/STM32F4xx_HAL_Driver/Src/stm32f4xx_hal_spi.c ****   {
 4092              		.loc 1 2375 6 view .LVU1444
 4093 0020 38B1     		cbz	r0, .L283
2377:Drivers/STM32F4xx_HAL_Driver/Src/stm32f4xx_hal_spi.c ****     {
 4094              		.loc 1 2377 5 is_stmt 1 view .LVU1445
2377:Drivers/STM32F4xx_HAL_Driver/Src/stm32f4xx_hal_spi.c ****     {
 4095              		.loc 1 2377 19 is_stmt 0 view .LVU1446
 4096 0022 FFF7FEFF 		bl	HAL_DMA_Abort
 4097              	.LVL229:
2377:Drivers/STM32F4xx_HAL_Driver/Src/stm32f4xx_hal_spi.c ****     {
 4098              		.loc 1 2377 8 discriminator 1 view .LVU1447
 4099 0026 20B1     		cbz	r0, .L283
2379:Drivers/STM32F4xx_HAL_Driver/Src/stm32f4xx_hal_spi.c ****       errorcode = HAL_ERROR;
 4100              		.loc 1 2379 7 is_stmt 1 view .LVU1448
 4101 0028 636D     		ldr	r3, [r4, #84]
 4102 002a 43F01003 		orr	r3, r3, #16
ARM GAS  C:\Users\10369\AppData\Local\Temp\ccy9FUfH.s 			page 166


 4103 002e 6365     		str	r3, [r4, #84]
2380:Drivers/STM32F4xx_HAL_Driver/Src/stm32f4xx_hal_spi.c ****     }
 4104              		.loc 1 2380 7 view .LVU1449
 4105              	.LVL230:
2380:Drivers/STM32F4xx_HAL_Driver/Src/stm32f4xx_hal_spi.c ****     }
 4106              		.loc 1 2380 17 is_stmt 0 view .LVU1450
 4107 0030 0125     		movs	r5, #1
 4108              	.LVL231:
 4109              	.L283:
2385:Drivers/STM32F4xx_HAL_Driver/Src/stm32f4xx_hal_spi.c ****   hspi->State = HAL_SPI_STATE_READY;
 4110              		.loc 1 2385 3 is_stmt 1 view .LVU1451
 4111 0032 2268     		ldr	r2, [r4]
 4112 0034 5368     		ldr	r3, [r2, #4]
 4113 0036 23F00303 		bic	r3, r3, #3
 4114 003a 5360     		str	r3, [r2, #4]
2386:Drivers/STM32F4xx_HAL_Driver/Src/stm32f4xx_hal_spi.c ****   return errorcode;
 4115              		.loc 1 2386 3 view .LVU1452
2386:Drivers/STM32F4xx_HAL_Driver/Src/stm32f4xx_hal_spi.c ****   return errorcode;
 4116              		.loc 1 2386 15 is_stmt 0 view .LVU1453
 4117 003c 0123     		movs	r3, #1
 4118 003e 84F85130 		strb	r3, [r4, #81]
2387:Drivers/STM32F4xx_HAL_Driver/Src/stm32f4xx_hal_spi.c **** }
 4119              		.loc 1 2387 3 is_stmt 1 view .LVU1454
2388:Drivers/STM32F4xx_HAL_Driver/Src/stm32f4xx_hal_spi.c **** 
 4120              		.loc 1 2388 1 is_stmt 0 view .LVU1455
 4121 0042 2846     		mov	r0, r5
 4122 0044 38BD     		pop	{r3, r4, r5, pc}
2388:Drivers/STM32F4xx_HAL_Driver/Src/stm32f4xx_hal_spi.c **** 
 4123              		.loc 1 2388 1 view .LVU1456
 4124              		.cfi_endproc
 4125              	.LFE151:
 4127              		.section	.text.HAL_SPI_TxCpltCallback,"ax",%progbits
 4128              		.align	1
 4129              		.weak	HAL_SPI_TxCpltCallback
 4130              		.syntax unified
 4131              		.thumb
 4132              		.thumb_func
 4134              	HAL_SPI_TxCpltCallback:
 4135              	.LVL232:
 4136              	.LFB153:
2504:Drivers/STM32F4xx_HAL_Driver/Src/stm32f4xx_hal_spi.c ****   /* Prevent unused argument(s) compilation warning */
 4137              		.loc 1 2504 1 is_stmt 1 view -0
 4138              		.cfi_startproc
 4139              		@ args = 0, pretend = 0, frame = 0
 4140              		@ frame_needed = 0, uses_anonymous_args = 0
 4141              		@ link register save eliminated.
2506:Drivers/STM32F4xx_HAL_Driver/Src/stm32f4xx_hal_spi.c **** 
 4142              		.loc 1 2506 3 view .LVU1458
2511:Drivers/STM32F4xx_HAL_Driver/Src/stm32f4xx_hal_spi.c **** 
 4143              		.loc 1 2511 1 is_stmt 0 view .LVU1459
 4144 0000 7047     		bx	lr
 4145              		.cfi_endproc
 4146              	.LFE153:
 4148              		.section	.text.HAL_SPI_RxCpltCallback,"ax",%progbits
 4149              		.align	1
 4150              		.weak	HAL_SPI_RxCpltCallback
 4151              		.syntax unified
ARM GAS  C:\Users\10369\AppData\Local\Temp\ccy9FUfH.s 			page 167


 4152              		.thumb
 4153              		.thumb_func
 4155              	HAL_SPI_RxCpltCallback:
 4156              	.LVL233:
 4157              	.LFB154:
2520:Drivers/STM32F4xx_HAL_Driver/Src/stm32f4xx_hal_spi.c ****   /* Prevent unused argument(s) compilation warning */
 4158              		.loc 1 2520 1 is_stmt 1 view -0
 4159              		.cfi_startproc
 4160              		@ args = 0, pretend = 0, frame = 0
 4161              		@ frame_needed = 0, uses_anonymous_args = 0
 4162              		@ link register save eliminated.
2522:Drivers/STM32F4xx_HAL_Driver/Src/stm32f4xx_hal_spi.c **** 
 4163              		.loc 1 2522 3 view .LVU1461
2527:Drivers/STM32F4xx_HAL_Driver/Src/stm32f4xx_hal_spi.c **** 
 4164              		.loc 1 2527 1 is_stmt 0 view .LVU1462
 4165 0000 7047     		bx	lr
 4166              		.cfi_endproc
 4167              	.LFE154:
 4169              		.section	.text.HAL_SPI_TxRxCpltCallback,"ax",%progbits
 4170              		.align	1
 4171              		.weak	HAL_SPI_TxRxCpltCallback
 4172              		.syntax unified
 4173              		.thumb
 4174              		.thumb_func
 4176              	HAL_SPI_TxRxCpltCallback:
 4177              	.LVL234:
 4178              	.LFB155:
2536:Drivers/STM32F4xx_HAL_Driver/Src/stm32f4xx_hal_spi.c ****   /* Prevent unused argument(s) compilation warning */
 4179              		.loc 1 2536 1 is_stmt 1 view -0
 4180              		.cfi_startproc
 4181              		@ args = 0, pretend = 0, frame = 0
 4182              		@ frame_needed = 0, uses_anonymous_args = 0
 4183              		@ link register save eliminated.
2538:Drivers/STM32F4xx_HAL_Driver/Src/stm32f4xx_hal_spi.c **** 
 4184              		.loc 1 2538 3 view .LVU1464
2543:Drivers/STM32F4xx_HAL_Driver/Src/stm32f4xx_hal_spi.c **** 
 4185              		.loc 1 2543 1 is_stmt 0 view .LVU1465
 4186 0000 7047     		bx	lr
 4187              		.cfi_endproc
 4188              	.LFE155:
 4190              		.section	.text.HAL_SPI_TxHalfCpltCallback,"ax",%progbits
 4191              		.align	1
 4192              		.weak	HAL_SPI_TxHalfCpltCallback
 4193              		.syntax unified
 4194              		.thumb
 4195              		.thumb_func
 4197              	HAL_SPI_TxHalfCpltCallback:
 4198              	.LVL235:
 4199              	.LFB156:
2552:Drivers/STM32F4xx_HAL_Driver/Src/stm32f4xx_hal_spi.c ****   /* Prevent unused argument(s) compilation warning */
 4200              		.loc 1 2552 1 is_stmt 1 view -0
 4201              		.cfi_startproc
 4202              		@ args = 0, pretend = 0, frame = 0
 4203              		@ frame_needed = 0, uses_anonymous_args = 0
 4204              		@ link register save eliminated.
2554:Drivers/STM32F4xx_HAL_Driver/Src/stm32f4xx_hal_spi.c **** 
 4205              		.loc 1 2554 3 view .LVU1467
ARM GAS  C:\Users\10369\AppData\Local\Temp\ccy9FUfH.s 			page 168


2559:Drivers/STM32F4xx_HAL_Driver/Src/stm32f4xx_hal_spi.c **** 
 4206              		.loc 1 2559 1 is_stmt 0 view .LVU1468
 4207 0000 7047     		bx	lr
 4208              		.cfi_endproc
 4209              	.LFE156:
 4211              		.section	.text.SPI_DMAHalfTransmitCplt,"ax",%progbits
 4212              		.align	1
 4213              		.syntax unified
 4214              		.thumb
 4215              		.thumb_func
 4217              	SPI_DMAHalfTransmitCplt:
 4218              	.LVL236:
 4219              	.LFB166:
2916:Drivers/STM32F4xx_HAL_Driver/Src/stm32f4xx_hal_spi.c ****   SPI_HandleTypeDef *hspi = (SPI_HandleTypeDef *)(((DMA_HandleTypeDef *)hdma)->Parent);
 4220              		.loc 1 2916 1 is_stmt 1 view -0
 4221              		.cfi_startproc
 4222              		@ args = 0, pretend = 0, frame = 0
 4223              		@ frame_needed = 0, uses_anonymous_args = 0
2916:Drivers/STM32F4xx_HAL_Driver/Src/stm32f4xx_hal_spi.c ****   SPI_HandleTypeDef *hspi = (SPI_HandleTypeDef *)(((DMA_HandleTypeDef *)hdma)->Parent);
 4224              		.loc 1 2916 1 is_stmt 0 view .LVU1470
 4225 0000 08B5     		push	{r3, lr}
 4226              	.LCFI44:
 4227              		.cfi_def_cfa_offset 8
 4228              		.cfi_offset 3, -8
 4229              		.cfi_offset 14, -4
2917:Drivers/STM32F4xx_HAL_Driver/Src/stm32f4xx_hal_spi.c **** 
 4230              		.loc 1 2917 3 is_stmt 1 view .LVU1471
 4231              	.LVL237:
2923:Drivers/STM32F4xx_HAL_Driver/Src/stm32f4xx_hal_spi.c **** #endif /* USE_HAL_SPI_REGISTER_CALLBACKS */
 4232              		.loc 1 2923 3 view .LVU1472
 4233 0002 806B     		ldr	r0, [r0, #56]
 4234              	.LVL238:
2923:Drivers/STM32F4xx_HAL_Driver/Src/stm32f4xx_hal_spi.c **** #endif /* USE_HAL_SPI_REGISTER_CALLBACKS */
 4235              		.loc 1 2923 3 is_stmt 0 view .LVU1473
 4236 0004 FFF7FEFF 		bl	HAL_SPI_TxHalfCpltCallback
 4237              	.LVL239:
2925:Drivers/STM32F4xx_HAL_Driver/Src/stm32f4xx_hal_spi.c **** 
 4238              		.loc 1 2925 1 view .LVU1474
 4239 0008 08BD     		pop	{r3, pc}
 4240              		.cfi_endproc
 4241              	.LFE166:
 4243              		.section	.text.HAL_SPI_RxHalfCpltCallback,"ax",%progbits
 4244              		.align	1
 4245              		.weak	HAL_SPI_RxHalfCpltCallback
 4246              		.syntax unified
 4247              		.thumb
 4248              		.thumb_func
 4250              	HAL_SPI_RxHalfCpltCallback:
 4251              	.LVL240:
 4252              	.LFB157:
2568:Drivers/STM32F4xx_HAL_Driver/Src/stm32f4xx_hal_spi.c ****   /* Prevent unused argument(s) compilation warning */
 4253              		.loc 1 2568 1 is_stmt 1 view -0
 4254              		.cfi_startproc
 4255              		@ args = 0, pretend = 0, frame = 0
 4256              		@ frame_needed = 0, uses_anonymous_args = 0
 4257              		@ link register save eliminated.
2570:Drivers/STM32F4xx_HAL_Driver/Src/stm32f4xx_hal_spi.c **** 
ARM GAS  C:\Users\10369\AppData\Local\Temp\ccy9FUfH.s 			page 169


 4258              		.loc 1 2570 3 view .LVU1476
2575:Drivers/STM32F4xx_HAL_Driver/Src/stm32f4xx_hal_spi.c **** 
 4259              		.loc 1 2575 1 is_stmt 0 view .LVU1477
 4260 0000 7047     		bx	lr
 4261              		.cfi_endproc
 4262              	.LFE157:
 4264              		.section	.text.SPI_DMAHalfReceiveCplt,"ax",%progbits
 4265              		.align	1
 4266              		.syntax unified
 4267              		.thumb
 4268              		.thumb_func
 4270              	SPI_DMAHalfReceiveCplt:
 4271              	.LVL241:
 4272              	.LFB167:
2934:Drivers/STM32F4xx_HAL_Driver/Src/stm32f4xx_hal_spi.c ****   SPI_HandleTypeDef *hspi = (SPI_HandleTypeDef *)(((DMA_HandleTypeDef *)hdma)->Parent);
 4273              		.loc 1 2934 1 is_stmt 1 view -0
 4274              		.cfi_startproc
 4275              		@ args = 0, pretend = 0, frame = 0
 4276              		@ frame_needed = 0, uses_anonymous_args = 0
2934:Drivers/STM32F4xx_HAL_Driver/Src/stm32f4xx_hal_spi.c ****   SPI_HandleTypeDef *hspi = (SPI_HandleTypeDef *)(((DMA_HandleTypeDef *)hdma)->Parent);
 4277              		.loc 1 2934 1 is_stmt 0 view .LVU1479
 4278 0000 08B5     		push	{r3, lr}
 4279              	.LCFI45:
 4280              		.cfi_def_cfa_offset 8
 4281              		.cfi_offset 3, -8
 4282              		.cfi_offset 14, -4
2935:Drivers/STM32F4xx_HAL_Driver/Src/stm32f4xx_hal_spi.c **** 
 4283              		.loc 1 2935 3 is_stmt 1 view .LVU1480
 4284              	.LVL242:
2941:Drivers/STM32F4xx_HAL_Driver/Src/stm32f4xx_hal_spi.c **** #endif /* USE_HAL_SPI_REGISTER_CALLBACKS */
 4285              		.loc 1 2941 3 view .LVU1481
 4286 0002 806B     		ldr	r0, [r0, #56]
 4287              	.LVL243:
2941:Drivers/STM32F4xx_HAL_Driver/Src/stm32f4xx_hal_spi.c **** #endif /* USE_HAL_SPI_REGISTER_CALLBACKS */
 4288              		.loc 1 2941 3 is_stmt 0 view .LVU1482
 4289 0004 FFF7FEFF 		bl	HAL_SPI_RxHalfCpltCallback
 4290              	.LVL244:
2943:Drivers/STM32F4xx_HAL_Driver/Src/stm32f4xx_hal_spi.c **** 
 4291              		.loc 1 2943 1 view .LVU1483
 4292 0008 08BD     		pop	{r3, pc}
 4293              		.cfi_endproc
 4294              	.LFE167:
 4296              		.section	.text.HAL_SPI_TxRxHalfCpltCallback,"ax",%progbits
 4297              		.align	1
 4298              		.weak	HAL_SPI_TxRxHalfCpltCallback
 4299              		.syntax unified
 4300              		.thumb
 4301              		.thumb_func
 4303              	HAL_SPI_TxRxHalfCpltCallback:
 4304              	.LVL245:
 4305              	.LFB158:
2584:Drivers/STM32F4xx_HAL_Driver/Src/stm32f4xx_hal_spi.c ****   /* Prevent unused argument(s) compilation warning */
 4306              		.loc 1 2584 1 is_stmt 1 view -0
 4307              		.cfi_startproc
 4308              		@ args = 0, pretend = 0, frame = 0
 4309              		@ frame_needed = 0, uses_anonymous_args = 0
 4310              		@ link register save eliminated.
ARM GAS  C:\Users\10369\AppData\Local\Temp\ccy9FUfH.s 			page 170


2586:Drivers/STM32F4xx_HAL_Driver/Src/stm32f4xx_hal_spi.c **** 
 4311              		.loc 1 2586 3 view .LVU1485
2591:Drivers/STM32F4xx_HAL_Driver/Src/stm32f4xx_hal_spi.c **** 
 4312              		.loc 1 2591 1 is_stmt 0 view .LVU1486
 4313 0000 7047     		bx	lr
 4314              		.cfi_endproc
 4315              	.LFE158:
 4317              		.section	.text.SPI_DMAHalfTransmitReceiveCplt,"ax",%progbits
 4318              		.align	1
 4319              		.syntax unified
 4320              		.thumb
 4321              		.thumb_func
 4323              	SPI_DMAHalfTransmitReceiveCplt:
 4324              	.LVL246:
 4325              	.LFB168:
2952:Drivers/STM32F4xx_HAL_Driver/Src/stm32f4xx_hal_spi.c ****   SPI_HandleTypeDef *hspi = (SPI_HandleTypeDef *)(((DMA_HandleTypeDef *)hdma)->Parent);
 4326              		.loc 1 2952 1 is_stmt 1 view -0
 4327              		.cfi_startproc
 4328              		@ args = 0, pretend = 0, frame = 0
 4329              		@ frame_needed = 0, uses_anonymous_args = 0
2952:Drivers/STM32F4xx_HAL_Driver/Src/stm32f4xx_hal_spi.c ****   SPI_HandleTypeDef *hspi = (SPI_HandleTypeDef *)(((DMA_HandleTypeDef *)hdma)->Parent);
 4330              		.loc 1 2952 1 is_stmt 0 view .LVU1488
 4331 0000 08B5     		push	{r3, lr}
 4332              	.LCFI46:
 4333              		.cfi_def_cfa_offset 8
 4334              		.cfi_offset 3, -8
 4335              		.cfi_offset 14, -4
2953:Drivers/STM32F4xx_HAL_Driver/Src/stm32f4xx_hal_spi.c **** 
 4336              		.loc 1 2953 3 is_stmt 1 view .LVU1489
 4337              	.LVL247:
2959:Drivers/STM32F4xx_HAL_Driver/Src/stm32f4xx_hal_spi.c **** #endif /* USE_HAL_SPI_REGISTER_CALLBACKS */
 4338              		.loc 1 2959 3 view .LVU1490
 4339 0002 806B     		ldr	r0, [r0, #56]
 4340              	.LVL248:
2959:Drivers/STM32F4xx_HAL_Driver/Src/stm32f4xx_hal_spi.c **** #endif /* USE_HAL_SPI_REGISTER_CALLBACKS */
 4341              		.loc 1 2959 3 is_stmt 0 view .LVU1491
 4342 0004 FFF7FEFF 		bl	HAL_SPI_TxRxHalfCpltCallback
 4343              	.LVL249:
2961:Drivers/STM32F4xx_HAL_Driver/Src/stm32f4xx_hal_spi.c **** 
 4344              		.loc 1 2961 1 view .LVU1492
 4345 0008 08BD     		pop	{r3, pc}
 4346              		.cfi_endproc
 4347              	.LFE168:
 4349              		.section	.text.HAL_SPI_ErrorCallback,"ax",%progbits
 4350              		.align	1
 4351              		.weak	HAL_SPI_ErrorCallback
 4352              		.syntax unified
 4353              		.thumb
 4354              		.thumb_func
 4356              	HAL_SPI_ErrorCallback:
 4357              	.LVL250:
 4358              	.LFB159:
2600:Drivers/STM32F4xx_HAL_Driver/Src/stm32f4xx_hal_spi.c ****   /* Prevent unused argument(s) compilation warning */
 4359              		.loc 1 2600 1 is_stmt 1 view -0
 4360              		.cfi_startproc
 4361              		@ args = 0, pretend = 0, frame = 0
 4362              		@ frame_needed = 0, uses_anonymous_args = 0
ARM GAS  C:\Users\10369\AppData\Local\Temp\ccy9FUfH.s 			page 171


 4363              		@ link register save eliminated.
2602:Drivers/STM32F4xx_HAL_Driver/Src/stm32f4xx_hal_spi.c **** 
 4364              		.loc 1 2602 3 view .LVU1494
2610:Drivers/STM32F4xx_HAL_Driver/Src/stm32f4xx_hal_spi.c **** 
 4365              		.loc 1 2610 1 is_stmt 0 view .LVU1495
 4366 0000 7047     		bx	lr
 4367              		.cfi_endproc
 4368              	.LFE159:
 4370              		.section	.text.SPI_CloseTx_ISR,"ax",%progbits
 4371              		.align	1
 4372              		.syntax unified
 4373              		.thumb
 4374              		.thumb_func
 4376              	SPI_CloseTx_ISR:
 4377              	.LVL251:
 4378              	.LFB186:
3825:Drivers/STM32F4xx_HAL_Driver/Src/stm32f4xx_hal_spi.c ****   uint32_t tickstart;
 4379              		.loc 1 3825 1 is_stmt 1 view -0
 4380              		.cfi_startproc
 4381              		@ args = 0, pretend = 0, frame = 8
 4382              		@ frame_needed = 0, uses_anonymous_args = 0
3825:Drivers/STM32F4xx_HAL_Driver/Src/stm32f4xx_hal_spi.c ****   uint32_t tickstart;
 4383              		.loc 1 3825 1 is_stmt 0 view .LVU1497
 4384 0000 10B5     		push	{r4, lr}
 4385              	.LCFI47:
 4386              		.cfi_def_cfa_offset 8
 4387              		.cfi_offset 4, -8
 4388              		.cfi_offset 14, -4
 4389 0002 82B0     		sub	sp, sp, #8
 4390              	.LCFI48:
 4391              		.cfi_def_cfa_offset 16
 4392 0004 0446     		mov	r4, r0
3826:Drivers/STM32F4xx_HAL_Driver/Src/stm32f4xx_hal_spi.c ****   __IO uint32_t count = SPI_DEFAULT_TIMEOUT * (SystemCoreClock / 24U / 1000U);
 4393              		.loc 1 3826 3 is_stmt 1 view .LVU1498
3827:Drivers/STM32F4xx_HAL_Driver/Src/stm32f4xx_hal_spi.c **** 
 4394              		.loc 1 3827 3 view .LVU1499
3827:Drivers/STM32F4xx_HAL_Driver/Src/stm32f4xx_hal_spi.c **** 
 4395              		.loc 1 3827 70 is_stmt 0 view .LVU1500
 4396 0006 204B     		ldr	r3, .L309
 4397 0008 1B68     		ldr	r3, [r3]
 4398 000a 204A     		ldr	r2, .L309+4
 4399 000c A2FB0323 		umull	r2, r3, r2, r3
 4400 0010 5B0A     		lsrs	r3, r3, #9
3827:Drivers/STM32F4xx_HAL_Driver/Src/stm32f4xx_hal_spi.c **** 
 4401              		.loc 1 3827 45 view .LVU1501
 4402 0012 6422     		movs	r2, #100
 4403 0014 02FB03F3 		mul	r3, r2, r3
3827:Drivers/STM32F4xx_HAL_Driver/Src/stm32f4xx_hal_spi.c **** 
 4404              		.loc 1 3827 17 view .LVU1502
 4405 0018 0193     		str	r3, [sp, #4]
3830:Drivers/STM32F4xx_HAL_Driver/Src/stm32f4xx_hal_spi.c **** 
 4406              		.loc 1 3830 3 is_stmt 1 view .LVU1503
3830:Drivers/STM32F4xx_HAL_Driver/Src/stm32f4xx_hal_spi.c **** 
 4407              		.loc 1 3830 15 is_stmt 0 view .LVU1504
 4408 001a FFF7FEFF 		bl	HAL_GetTick
 4409              	.LVL252:
3830:Drivers/STM32F4xx_HAL_Driver/Src/stm32f4xx_hal_spi.c **** 
ARM GAS  C:\Users\10369\AppData\Local\Temp\ccy9FUfH.s 			page 172


 4410              		.loc 1 3830 15 view .LVU1505
 4411 001e 0246     		mov	r2, r0
 4412              	.LVL253:
 4413              	.L302:
3833:Drivers/STM32F4xx_HAL_Driver/Src/stm32f4xx_hal_spi.c ****   {
 4414              		.loc 1 3833 3 is_stmt 1 view .LVU1506
3835:Drivers/STM32F4xx_HAL_Driver/Src/stm32f4xx_hal_spi.c ****     {
 4415              		.loc 1 3835 5 view .LVU1507
3835:Drivers/STM32F4xx_HAL_Driver/Src/stm32f4xx_hal_spi.c ****     {
 4416              		.loc 1 3835 15 is_stmt 0 view .LVU1508
 4417 0020 019B     		ldr	r3, [sp, #4]
3835:Drivers/STM32F4xx_HAL_Driver/Src/stm32f4xx_hal_spi.c ****     {
 4418              		.loc 1 3835 8 view .LVU1509
 4419 0022 43B1     		cbz	r3, .L308
3840:Drivers/STM32F4xx_HAL_Driver/Src/stm32f4xx_hal_spi.c ****   } while ((hspi->Instance->SR & SPI_FLAG_TXE) == RESET);
 4420              		.loc 1 3840 5 is_stmt 1 view .LVU1510
3840:Drivers/STM32F4xx_HAL_Driver/Src/stm32f4xx_hal_spi.c ****   } while ((hspi->Instance->SR & SPI_FLAG_TXE) == RESET);
 4421              		.loc 1 3840 10 is_stmt 0 view .LVU1511
 4422 0024 019B     		ldr	r3, [sp, #4]
 4423 0026 013B     		subs	r3, r3, #1
 4424 0028 0193     		str	r3, [sp, #4]
3841:Drivers/STM32F4xx_HAL_Driver/Src/stm32f4xx_hal_spi.c **** 
 4425              		.loc 1 3841 48 is_stmt 1 view .LVU1512
3841:Drivers/STM32F4xx_HAL_Driver/Src/stm32f4xx_hal_spi.c **** 
 4426              		.loc 1 3841 17 is_stmt 0 view .LVU1513
 4427 002a 2368     		ldr	r3, [r4]
3841:Drivers/STM32F4xx_HAL_Driver/Src/stm32f4xx_hal_spi.c **** 
 4428              		.loc 1 3841 27 view .LVU1514
 4429 002c 9B68     		ldr	r3, [r3, #8]
3841:Drivers/STM32F4xx_HAL_Driver/Src/stm32f4xx_hal_spi.c **** 
 4430              		.loc 1 3841 48 view .LVU1515
 4431 002e 13F0020F 		tst	r3, #2
 4432 0032 F5D0     		beq	.L302
 4433 0034 03E0     		b	.L301
 4434              	.L308:
3837:Drivers/STM32F4xx_HAL_Driver/Src/stm32f4xx_hal_spi.c ****       break;
 4435              		.loc 1 3837 7 is_stmt 1 view .LVU1516
 4436 0036 636D     		ldr	r3, [r4, #84]
 4437 0038 43F02003 		orr	r3, r3, #32
 4438 003c 6365     		str	r3, [r4, #84]
3838:Drivers/STM32F4xx_HAL_Driver/Src/stm32f4xx_hal_spi.c ****     }
 4439              		.loc 1 3838 7 view .LVU1517
 4440              	.L301:
3844:Drivers/STM32F4xx_HAL_Driver/Src/stm32f4xx_hal_spi.c **** 
 4441              		.loc 1 3844 3 view .LVU1518
 4442 003e 2168     		ldr	r1, [r4]
 4443 0040 4B68     		ldr	r3, [r1, #4]
 4444 0042 23F0A003 		bic	r3, r3, #160
 4445 0046 4B60     		str	r3, [r1, #4]
3847:Drivers/STM32F4xx_HAL_Driver/Src/stm32f4xx_hal_spi.c ****   {
 4446              		.loc 1 3847 3 view .LVU1519
3847:Drivers/STM32F4xx_HAL_Driver/Src/stm32f4xx_hal_spi.c ****   {
 4447              		.loc 1 3847 7 is_stmt 0 view .LVU1520
 4448 0048 6421     		movs	r1, #100
 4449 004a 2046     		mov	r0, r4
 4450              	.LVL254:
3847:Drivers/STM32F4xx_HAL_Driver/Src/stm32f4xx_hal_spi.c ****   {
ARM GAS  C:\Users\10369\AppData\Local\Temp\ccy9FUfH.s 			page 173


 4451              		.loc 1 3847 7 view .LVU1521
 4452 004c FFF7FEFF 		bl	SPI_EndRxTxTransaction
 4453              	.LVL255:
3847:Drivers/STM32F4xx_HAL_Driver/Src/stm32f4xx_hal_spi.c ****   {
 4454              		.loc 1 3847 6 discriminator 1 view .LVU1522
 4455 0050 18B1     		cbz	r0, .L303
3849:Drivers/STM32F4xx_HAL_Driver/Src/stm32f4xx_hal_spi.c ****   }
 4456              		.loc 1 3849 5 is_stmt 1 view .LVU1523
 4457 0052 636D     		ldr	r3, [r4, #84]
 4458 0054 43F02003 		orr	r3, r3, #32
 4459 0058 6365     		str	r3, [r4, #84]
 4460              	.L303:
3853:Drivers/STM32F4xx_HAL_Driver/Src/stm32f4xx_hal_spi.c ****   {
 4461              		.loc 1 3853 3 view .LVU1524
3853:Drivers/STM32F4xx_HAL_Driver/Src/stm32f4xx_hal_spi.c ****   {
 4462              		.loc 1 3853 17 is_stmt 0 view .LVU1525
 4463 005a A368     		ldr	r3, [r4, #8]
3853:Drivers/STM32F4xx_HAL_Driver/Src/stm32f4xx_hal_spi.c ****   {
 4464              		.loc 1 3853 6 view .LVU1526
 4465 005c 33B9     		cbnz	r3, .L304
3855:Drivers/STM32F4xx_HAL_Driver/Src/stm32f4xx_hal_spi.c ****   }
 4466              		.loc 1 3855 5 is_stmt 1 view .LVU1527
 4467              	.LBB6:
3855:Drivers/STM32F4xx_HAL_Driver/Src/stm32f4xx_hal_spi.c ****   }
 4468              		.loc 1 3855 5 view .LVU1528
 4469 005e 0093     		str	r3, [sp]
3855:Drivers/STM32F4xx_HAL_Driver/Src/stm32f4xx_hal_spi.c ****   }
 4470              		.loc 1 3855 5 view .LVU1529
 4471 0060 2368     		ldr	r3, [r4]
 4472 0062 DA68     		ldr	r2, [r3, #12]
 4473 0064 0092     		str	r2, [sp]
3855:Drivers/STM32F4xx_HAL_Driver/Src/stm32f4xx_hal_spi.c ****   }
 4474              		.loc 1 3855 5 view .LVU1530
 4475 0066 9B68     		ldr	r3, [r3, #8]
 4476 0068 0093     		str	r3, [sp]
3855:Drivers/STM32F4xx_HAL_Driver/Src/stm32f4xx_hal_spi.c ****   }
 4477              		.loc 1 3855 5 view .LVU1531
 4478 006a 009B     		ldr	r3, [sp]
 4479              	.L304:
 4480              	.LBE6:
3855:Drivers/STM32F4xx_HAL_Driver/Src/stm32f4xx_hal_spi.c ****   }
 4481              		.loc 1 3855 5 discriminator 1 view .LVU1532
3858:Drivers/STM32F4xx_HAL_Driver/Src/stm32f4xx_hal_spi.c ****   if (hspi->ErrorCode != HAL_SPI_ERROR_NONE)
 4482              		.loc 1 3858 3 view .LVU1533
3858:Drivers/STM32F4xx_HAL_Driver/Src/stm32f4xx_hal_spi.c ****   if (hspi->ErrorCode != HAL_SPI_ERROR_NONE)
 4483              		.loc 1 3858 15 is_stmt 0 view .LVU1534
 4484 006c 0123     		movs	r3, #1
 4485 006e 84F85130 		strb	r3, [r4, #81]
3859:Drivers/STM32F4xx_HAL_Driver/Src/stm32f4xx_hal_spi.c ****   {
 4486              		.loc 1 3859 3 is_stmt 1 view .LVU1535
3859:Drivers/STM32F4xx_HAL_Driver/Src/stm32f4xx_hal_spi.c ****   {
 4487              		.loc 1 3859 11 is_stmt 0 view .LVU1536
 4488 0072 636D     		ldr	r3, [r4, #84]
3859:Drivers/STM32F4xx_HAL_Driver/Src/stm32f4xx_hal_spi.c ****   {
 4489              		.loc 1 3859 6 view .LVU1537
 4490 0074 23B1     		cbz	r3, .L305
3865:Drivers/STM32F4xx_HAL_Driver/Src/stm32f4xx_hal_spi.c **** #endif /* USE_HAL_SPI_REGISTER_CALLBACKS */
ARM GAS  C:\Users\10369\AppData\Local\Temp\ccy9FUfH.s 			page 174


 4491              		.loc 1 3865 5 is_stmt 1 view .LVU1538
 4492 0076 2046     		mov	r0, r4
 4493 0078 FFF7FEFF 		bl	HAL_SPI_ErrorCallback
 4494              	.LVL256:
 4495              	.L299:
3877:Drivers/STM32F4xx_HAL_Driver/Src/stm32f4xx_hal_spi.c **** 
 4496              		.loc 1 3877 1 is_stmt 0 view .LVU1539
 4497 007c 02B0     		add	sp, sp, #8
 4498              	.LCFI49:
 4499              		.cfi_remember_state
 4500              		.cfi_def_cfa_offset 8
 4501              		@ sp needed
 4502 007e 10BD     		pop	{r4, pc}
 4503              	.LVL257:
 4504              	.L305:
 4505              	.LCFI50:
 4506              		.cfi_restore_state
3874:Drivers/STM32F4xx_HAL_Driver/Src/stm32f4xx_hal_spi.c **** #endif /* USE_HAL_SPI_REGISTER_CALLBACKS */
 4507              		.loc 1 3874 5 is_stmt 1 view .LVU1540
 4508 0080 2046     		mov	r0, r4
 4509 0082 FFF7FEFF 		bl	HAL_SPI_TxCpltCallback
 4510              	.LVL258:
3877:Drivers/STM32F4xx_HAL_Driver/Src/stm32f4xx_hal_spi.c **** 
 4511              		.loc 1 3877 1 is_stmt 0 view .LVU1541
 4512 0086 F9E7     		b	.L299
 4513              	.L310:
 4514              		.align	2
 4515              	.L309:
 4516 0088 00000000 		.word	SystemCoreClock
 4517 008c F1197605 		.word	91625969
 4518              		.cfi_endproc
 4519              	.LFE186:
 4521              		.section	.text.SPI_TxISR_8BIT,"ax",%progbits
 4522              		.align	1
 4523              		.syntax unified
 4524              		.thumb
 4525              		.thumb_func
 4527              	SPI_TxISR_8BIT:
 4528              	.LVL259:
 4529              	.LFB179:
3443:Drivers/STM32F4xx_HAL_Driver/Src/stm32f4xx_hal_spi.c ****   *(__IO uint8_t *)&hspi->Instance->DR = *((const uint8_t *)hspi->pTxBuffPtr);
 4530              		.loc 1 3443 1 is_stmt 1 view -0
 4531              		.cfi_startproc
 4532              		@ args = 0, pretend = 0, frame = 0
 4533              		@ frame_needed = 0, uses_anonymous_args = 0
3443:Drivers/STM32F4xx_HAL_Driver/Src/stm32f4xx_hal_spi.c ****   *(__IO uint8_t *)&hspi->Instance->DR = *((const uint8_t *)hspi->pTxBuffPtr);
 4534              		.loc 1 3443 1 is_stmt 0 view .LVU1543
 4535 0000 08B5     		push	{r3, lr}
 4536              	.LCFI51:
 4537              		.cfi_def_cfa_offset 8
 4538              		.cfi_offset 3, -8
 4539              		.cfi_offset 14, -4
3444:Drivers/STM32F4xx_HAL_Driver/Src/stm32f4xx_hal_spi.c ****   hspi->pTxBuffPtr++;
 4540              		.loc 1 3444 3 is_stmt 1 view .LVU1544
3444:Drivers/STM32F4xx_HAL_Driver/Src/stm32f4xx_hal_spi.c ****   hspi->pTxBuffPtr++;
 4541              		.loc 1 3444 65 is_stmt 0 view .LVU1545
 4542 0002 026B     		ldr	r2, [r0, #48]
ARM GAS  C:\Users\10369\AppData\Local\Temp\ccy9FUfH.s 			page 175


3444:Drivers/STM32F4xx_HAL_Driver/Src/stm32f4xx_hal_spi.c ****   hspi->pTxBuffPtr++;
 4543              		.loc 1 3444 25 view .LVU1546
 4544 0004 0368     		ldr	r3, [r0]
3444:Drivers/STM32F4xx_HAL_Driver/Src/stm32f4xx_hal_spi.c ****   hspi->pTxBuffPtr++;
 4545              		.loc 1 3444 42 view .LVU1547
 4546 0006 1278     		ldrb	r2, [r2]	@ zero_extendqisi2
3444:Drivers/STM32F4xx_HAL_Driver/Src/stm32f4xx_hal_spi.c ****   hspi->pTxBuffPtr++;
 4547              		.loc 1 3444 40 view .LVU1548
 4548 0008 1A73     		strb	r2, [r3, #12]
3445:Drivers/STM32F4xx_HAL_Driver/Src/stm32f4xx_hal_spi.c ****   hspi->TxXferCount--;
 4549              		.loc 1 3445 3 is_stmt 1 view .LVU1549
3445:Drivers/STM32F4xx_HAL_Driver/Src/stm32f4xx_hal_spi.c ****   hspi->TxXferCount--;
 4550              		.loc 1 3445 7 is_stmt 0 view .LVU1550
 4551 000a 036B     		ldr	r3, [r0, #48]
3445:Drivers/STM32F4xx_HAL_Driver/Src/stm32f4xx_hal_spi.c ****   hspi->TxXferCount--;
 4552              		.loc 1 3445 19 view .LVU1551
 4553 000c 0133     		adds	r3, r3, #1
 4554 000e 0363     		str	r3, [r0, #48]
3446:Drivers/STM32F4xx_HAL_Driver/Src/stm32f4xx_hal_spi.c **** 
 4555              		.loc 1 3446 3 is_stmt 1 view .LVU1552
3446:Drivers/STM32F4xx_HAL_Driver/Src/stm32f4xx_hal_spi.c **** 
 4556              		.loc 1 3446 7 is_stmt 0 view .LVU1553
 4557 0010 C38E     		ldrh	r3, [r0, #54]
 4558 0012 9BB2     		uxth	r3, r3
3446:Drivers/STM32F4xx_HAL_Driver/Src/stm32f4xx_hal_spi.c **** 
 4559              		.loc 1 3446 20 view .LVU1554
 4560 0014 013B     		subs	r3, r3, #1
 4561 0016 9BB2     		uxth	r3, r3
 4562 0018 C386     		strh	r3, [r0, #54]	@ movhi
3448:Drivers/STM32F4xx_HAL_Driver/Src/stm32f4xx_hal_spi.c ****   {
 4563              		.loc 1 3448 3 is_stmt 1 view .LVU1555
3448:Drivers/STM32F4xx_HAL_Driver/Src/stm32f4xx_hal_spi.c ****   {
 4564              		.loc 1 3448 11 is_stmt 0 view .LVU1556
 4565 001a C38E     		ldrh	r3, [r0, #54]
 4566 001c 9BB2     		uxth	r3, r3
3448:Drivers/STM32F4xx_HAL_Driver/Src/stm32f4xx_hal_spi.c ****   {
 4567              		.loc 1 3448 6 view .LVU1557
 4568 001e 03B1     		cbz	r3, .L314
 4569              	.LVL260:
 4570              	.L311:
3459:Drivers/STM32F4xx_HAL_Driver/Src/stm32f4xx_hal_spi.c **** 
 4571              		.loc 1 3459 1 view .LVU1558
 4572 0020 08BD     		pop	{r3, pc}
 4573              	.LVL261:
 4574              	.L314:
3457:Drivers/STM32F4xx_HAL_Driver/Src/stm32f4xx_hal_spi.c ****   }
 4575              		.loc 1 3457 5 is_stmt 1 view .LVU1559
 4576 0022 FFF7FEFF 		bl	SPI_CloseTx_ISR
 4577              	.LVL262:
3459:Drivers/STM32F4xx_HAL_Driver/Src/stm32f4xx_hal_spi.c **** 
 4578              		.loc 1 3459 1 is_stmt 0 view .LVU1560
 4579 0026 FBE7     		b	.L311
 4580              		.cfi_endproc
 4581              	.LFE179:
 4583              		.section	.text.SPI_TxISR_16BIT,"ax",%progbits
 4584              		.align	1
 4585              		.syntax unified
ARM GAS  C:\Users\10369\AppData\Local\Temp\ccy9FUfH.s 			page 176


 4586              		.thumb
 4587              		.thumb_func
 4589              	SPI_TxISR_16BIT:
 4590              	.LVL263:
 4591              	.LFB180:
3468:Drivers/STM32F4xx_HAL_Driver/Src/stm32f4xx_hal_spi.c ****   /* Transmit data in 16 Bit mode */
 4592              		.loc 1 3468 1 is_stmt 1 view -0
 4593              		.cfi_startproc
 4594              		@ args = 0, pretend = 0, frame = 0
 4595              		@ frame_needed = 0, uses_anonymous_args = 0
3468:Drivers/STM32F4xx_HAL_Driver/Src/stm32f4xx_hal_spi.c ****   /* Transmit data in 16 Bit mode */
 4596              		.loc 1 3468 1 is_stmt 0 view .LVU1562
 4597 0000 08B5     		push	{r3, lr}
 4598              	.LCFI52:
 4599              		.cfi_def_cfa_offset 8
 4600              		.cfi_offset 3, -8
 4601              		.cfi_offset 14, -4
3470:Drivers/STM32F4xx_HAL_Driver/Src/stm32f4xx_hal_spi.c ****   hspi->pTxBuffPtr += sizeof(uint16_t);
 4602              		.loc 1 3470 3 is_stmt 1 view .LVU1563
3470:Drivers/STM32F4xx_HAL_Driver/Src/stm32f4xx_hal_spi.c ****   hspi->pTxBuffPtr += sizeof(uint16_t);
 4603              		.loc 1 3470 48 is_stmt 0 view .LVU1564
 4604 0002 026B     		ldr	r2, [r0, #48]
3470:Drivers/STM32F4xx_HAL_Driver/Src/stm32f4xx_hal_spi.c ****   hspi->pTxBuffPtr += sizeof(uint16_t);
 4605              		.loc 1 3470 7 view .LVU1565
 4606 0004 0368     		ldr	r3, [r0]
3470:Drivers/STM32F4xx_HAL_Driver/Src/stm32f4xx_hal_spi.c ****   hspi->pTxBuffPtr += sizeof(uint16_t);
 4607              		.loc 1 3470 24 view .LVU1566
 4608 0006 1288     		ldrh	r2, [r2]
3470:Drivers/STM32F4xx_HAL_Driver/Src/stm32f4xx_hal_spi.c ****   hspi->pTxBuffPtr += sizeof(uint16_t);
 4609              		.loc 1 3470 22 view .LVU1567
 4610 0008 DA60     		str	r2, [r3, #12]
3471:Drivers/STM32F4xx_HAL_Driver/Src/stm32f4xx_hal_spi.c ****   hspi->TxXferCount--;
 4611              		.loc 1 3471 3 is_stmt 1 view .LVU1568
3471:Drivers/STM32F4xx_HAL_Driver/Src/stm32f4xx_hal_spi.c ****   hspi->TxXferCount--;
 4612              		.loc 1 3471 7 is_stmt 0 view .LVU1569
 4613 000a 036B     		ldr	r3, [r0, #48]
3471:Drivers/STM32F4xx_HAL_Driver/Src/stm32f4xx_hal_spi.c ****   hspi->TxXferCount--;
 4614              		.loc 1 3471 20 view .LVU1570
 4615 000c 0233     		adds	r3, r3, #2
 4616 000e 0363     		str	r3, [r0, #48]
3472:Drivers/STM32F4xx_HAL_Driver/Src/stm32f4xx_hal_spi.c **** 
 4617              		.loc 1 3472 3 is_stmt 1 view .LVU1571
3472:Drivers/STM32F4xx_HAL_Driver/Src/stm32f4xx_hal_spi.c **** 
 4618              		.loc 1 3472 7 is_stmt 0 view .LVU1572
 4619 0010 C38E     		ldrh	r3, [r0, #54]
 4620 0012 9BB2     		uxth	r3, r3
3472:Drivers/STM32F4xx_HAL_Driver/Src/stm32f4xx_hal_spi.c **** 
 4621              		.loc 1 3472 20 view .LVU1573
 4622 0014 013B     		subs	r3, r3, #1
 4623 0016 9BB2     		uxth	r3, r3
 4624 0018 C386     		strh	r3, [r0, #54]	@ movhi
3474:Drivers/STM32F4xx_HAL_Driver/Src/stm32f4xx_hal_spi.c ****   {
 4625              		.loc 1 3474 3 is_stmt 1 view .LVU1574
3474:Drivers/STM32F4xx_HAL_Driver/Src/stm32f4xx_hal_spi.c ****   {
 4626              		.loc 1 3474 11 is_stmt 0 view .LVU1575
 4627 001a C38E     		ldrh	r3, [r0, #54]
 4628 001c 9BB2     		uxth	r3, r3
ARM GAS  C:\Users\10369\AppData\Local\Temp\ccy9FUfH.s 			page 177


3474:Drivers/STM32F4xx_HAL_Driver/Src/stm32f4xx_hal_spi.c ****   {
 4629              		.loc 1 3474 6 view .LVU1576
 4630 001e 03B1     		cbz	r3, .L318
 4631              	.LVL264:
 4632              	.L315:
3485:Drivers/STM32F4xx_HAL_Driver/Src/stm32f4xx_hal_spi.c **** 
 4633              		.loc 1 3485 1 view .LVU1577
 4634 0020 08BD     		pop	{r3, pc}
 4635              	.LVL265:
 4636              	.L318:
3483:Drivers/STM32F4xx_HAL_Driver/Src/stm32f4xx_hal_spi.c ****   }
 4637              		.loc 1 3483 5 is_stmt 1 view .LVU1578
 4638 0022 FFF7FEFF 		bl	SPI_CloseTx_ISR
 4639              	.LVL266:
3485:Drivers/STM32F4xx_HAL_Driver/Src/stm32f4xx_hal_spi.c **** 
 4640              		.loc 1 3485 1 is_stmt 0 view .LVU1579
 4641 0026 FBE7     		b	.L315
 4642              		.cfi_endproc
 4643              	.LFE180:
 4645              		.section	.text.SPI_CloseRx_ISR,"ax",%progbits
 4646              		.align	1
 4647              		.syntax unified
 4648              		.thumb
 4649              		.thumb_func
 4651              	SPI_CloseRx_ISR:
 4652              	.LVL267:
 4653              	.LFB185:
3762:Drivers/STM32F4xx_HAL_Driver/Src/stm32f4xx_hal_spi.c ****   /* Disable RXNE and ERR interrupt */
 4654              		.loc 1 3762 1 is_stmt 1 view -0
 4655              		.cfi_startproc
 4656              		@ args = 0, pretend = 0, frame = 8
 4657              		@ frame_needed = 0, uses_anonymous_args = 0
3762:Drivers/STM32F4xx_HAL_Driver/Src/stm32f4xx_hal_spi.c ****   /* Disable RXNE and ERR interrupt */
 4658              		.loc 1 3762 1 is_stmt 0 view .LVU1581
 4659 0000 10B5     		push	{r4, lr}
 4660              	.LCFI53:
 4661              		.cfi_def_cfa_offset 8
 4662              		.cfi_offset 4, -8
 4663              		.cfi_offset 14, -4
 4664 0002 82B0     		sub	sp, sp, #8
 4665              	.LCFI54:
 4666              		.cfi_def_cfa_offset 16
 4667 0004 0446     		mov	r4, r0
3764:Drivers/STM32F4xx_HAL_Driver/Src/stm32f4xx_hal_spi.c **** 
 4668              		.loc 1 3764 3 is_stmt 1 view .LVU1582
 4669 0006 0268     		ldr	r2, [r0]
 4670 0008 5368     		ldr	r3, [r2, #4]
 4671 000a 23F06003 		bic	r3, r3, #96
 4672 000e 5360     		str	r3, [r2, #4]
3767:Drivers/STM32F4xx_HAL_Driver/Src/stm32f4xx_hal_spi.c ****   {
 4673              		.loc 1 3767 3 view .LVU1583
3767:Drivers/STM32F4xx_HAL_Driver/Src/stm32f4xx_hal_spi.c ****   {
 4674              		.loc 1 3767 7 is_stmt 0 view .LVU1584
 4675 0010 FFF7FEFF 		bl	HAL_GetTick
 4676              	.LVL268:
3767:Drivers/STM32F4xx_HAL_Driver/Src/stm32f4xx_hal_spi.c ****   {
 4677              		.loc 1 3767 7 view .LVU1585
ARM GAS  C:\Users\10369\AppData\Local\Temp\ccy9FUfH.s 			page 178


 4678 0014 0246     		mov	r2, r0
3767:Drivers/STM32F4xx_HAL_Driver/Src/stm32f4xx_hal_spi.c ****   {
 4679              		.loc 1 3767 7 discriminator 1 view .LVU1586
 4680 0016 6421     		movs	r1, #100
 4681 0018 2046     		mov	r0, r4
 4682 001a FFF7FEFF 		bl	SPI_EndRxTransaction
 4683              	.LVL269:
3767:Drivers/STM32F4xx_HAL_Driver/Src/stm32f4xx_hal_spi.c ****   {
 4684              		.loc 1 3767 6 discriminator 2 view .LVU1587
 4685 001e 18B1     		cbz	r0, .L320
3769:Drivers/STM32F4xx_HAL_Driver/Src/stm32f4xx_hal_spi.c ****   }
 4686              		.loc 1 3769 5 is_stmt 1 view .LVU1588
 4687 0020 636D     		ldr	r3, [r4, #84]
 4688 0022 43F02003 		orr	r3, r3, #32
 4689 0026 6365     		str	r3, [r4, #84]
 4690              	.L320:
3773:Drivers/STM32F4xx_HAL_Driver/Src/stm32f4xx_hal_spi.c ****   {
 4691              		.loc 1 3773 3 view .LVU1589
3773:Drivers/STM32F4xx_HAL_Driver/Src/stm32f4xx_hal_spi.c ****   {
 4692              		.loc 1 3773 17 is_stmt 0 view .LVU1590
 4693 0028 A368     		ldr	r3, [r4, #8]
3773:Drivers/STM32F4xx_HAL_Driver/Src/stm32f4xx_hal_spi.c ****   {
 4694              		.loc 1 3773 6 view .LVU1591
 4695 002a 33B9     		cbnz	r3, .L321
3775:Drivers/STM32F4xx_HAL_Driver/Src/stm32f4xx_hal_spi.c ****   }
 4696              		.loc 1 3775 5 is_stmt 1 view .LVU1592
 4697              	.LBB7:
3775:Drivers/STM32F4xx_HAL_Driver/Src/stm32f4xx_hal_spi.c ****   }
 4698              		.loc 1 3775 5 view .LVU1593
 4699 002c 0193     		str	r3, [sp, #4]
3775:Drivers/STM32F4xx_HAL_Driver/Src/stm32f4xx_hal_spi.c ****   }
 4700              		.loc 1 3775 5 view .LVU1594
 4701 002e 2368     		ldr	r3, [r4]
 4702 0030 DA68     		ldr	r2, [r3, #12]
 4703 0032 0192     		str	r2, [sp, #4]
3775:Drivers/STM32F4xx_HAL_Driver/Src/stm32f4xx_hal_spi.c ****   }
 4704              		.loc 1 3775 5 view .LVU1595
 4705 0034 9B68     		ldr	r3, [r3, #8]
 4706 0036 0193     		str	r3, [sp, #4]
3775:Drivers/STM32F4xx_HAL_Driver/Src/stm32f4xx_hal_spi.c ****   }
 4707              		.loc 1 3775 5 view .LVU1596
 4708 0038 019B     		ldr	r3, [sp, #4]
 4709              	.L321:
 4710              	.LBE7:
3775:Drivers/STM32F4xx_HAL_Driver/Src/stm32f4xx_hal_spi.c ****   }
 4711              		.loc 1 3775 5 discriminator 1 view .LVU1597
3777:Drivers/STM32F4xx_HAL_Driver/Src/stm32f4xx_hal_spi.c **** 
 4712              		.loc 1 3777 3 view .LVU1598
3777:Drivers/STM32F4xx_HAL_Driver/Src/stm32f4xx_hal_spi.c **** 
 4713              		.loc 1 3777 15 is_stmt 0 view .LVU1599
 4714 003a 0123     		movs	r3, #1
 4715 003c 84F85130 		strb	r3, [r4, #81]
3795:Drivers/STM32F4xx_HAL_Driver/Src/stm32f4xx_hal_spi.c ****     {
 4716              		.loc 1 3795 5 is_stmt 1 view .LVU1600
3795:Drivers/STM32F4xx_HAL_Driver/Src/stm32f4xx_hal_spi.c ****     {
 4717              		.loc 1 3795 13 is_stmt 0 view .LVU1601
 4718 0040 636D     		ldr	r3, [r4, #84]
ARM GAS  C:\Users\10369\AppData\Local\Temp\ccy9FUfH.s 			page 179


3795:Drivers/STM32F4xx_HAL_Driver/Src/stm32f4xx_hal_spi.c ****     {
 4719              		.loc 1 3795 8 view .LVU1602
 4720 0042 23B9     		cbnz	r3, .L322
3801:Drivers/STM32F4xx_HAL_Driver/Src/stm32f4xx_hal_spi.c **** #endif /* USE_HAL_SPI_REGISTER_CALLBACKS */
 4721              		.loc 1 3801 7 is_stmt 1 view .LVU1603
 4722 0044 2046     		mov	r0, r4
 4723 0046 FFF7FEFF 		bl	HAL_SPI_RxCpltCallback
 4724              	.LVL270:
 4725              	.L319:
3816:Drivers/STM32F4xx_HAL_Driver/Src/stm32f4xx_hal_spi.c **** 
 4726              		.loc 1 3816 1 is_stmt 0 view .LVU1604
 4727 004a 02B0     		add	sp, sp, #8
 4728              	.LCFI55:
 4729              		.cfi_remember_state
 4730              		.cfi_def_cfa_offset 8
 4731              		@ sp needed
 4732 004c 10BD     		pop	{r4, pc}
 4733              	.LVL271:
 4734              	.L322:
 4735              	.LCFI56:
 4736              		.cfi_restore_state
3810:Drivers/STM32F4xx_HAL_Driver/Src/stm32f4xx_hal_spi.c **** #endif /* USE_HAL_SPI_REGISTER_CALLBACKS */
 4737              		.loc 1 3810 7 is_stmt 1 view .LVU1605
 4738 004e 2046     		mov	r0, r4
 4739 0050 FFF7FEFF 		bl	HAL_SPI_ErrorCallback
 4740              	.LVL272:
3816:Drivers/STM32F4xx_HAL_Driver/Src/stm32f4xx_hal_spi.c **** 
 4741              		.loc 1 3816 1 is_stmt 0 view .LVU1606
 4742 0054 F9E7     		b	.L319
 4743              		.cfi_endproc
 4744              	.LFE185:
 4746              		.section	.text.SPI_RxISR_8BIT,"ax",%progbits
 4747              		.align	1
 4748              		.syntax unified
 4749              		.thumb
 4750              		.thumb_func
 4752              	SPI_RxISR_8BIT:
 4753              	.LVL273:
 4754              	.LFB177:
3354:Drivers/STM32F4xx_HAL_Driver/Src/stm32f4xx_hal_spi.c ****   *hspi->pRxBuffPtr = (*(__IO uint8_t *)&hspi->Instance->DR);
 4755              		.loc 1 3354 1 is_stmt 1 view -0
 4756              		.cfi_startproc
 4757              		@ args = 0, pretend = 0, frame = 0
 4758              		@ frame_needed = 0, uses_anonymous_args = 0
3354:Drivers/STM32F4xx_HAL_Driver/Src/stm32f4xx_hal_spi.c ****   *hspi->pRxBuffPtr = (*(__IO uint8_t *)&hspi->Instance->DR);
 4759              		.loc 1 3354 1 is_stmt 0 view .LVU1608
 4760 0000 08B5     		push	{r3, lr}
 4761              	.LCFI57:
 4762              		.cfi_def_cfa_offset 8
 4763              		.cfi_offset 3, -8
 4764              		.cfi_offset 14, -4
3355:Drivers/STM32F4xx_HAL_Driver/Src/stm32f4xx_hal_spi.c ****   hspi->pRxBuffPtr++;
 4765              		.loc 1 3355 3 is_stmt 1 view .LVU1609
3355:Drivers/STM32F4xx_HAL_Driver/Src/stm32f4xx_hal_spi.c ****   hspi->pRxBuffPtr++;
 4766              		.loc 1 3355 46 is_stmt 0 view .LVU1610
 4767 0002 0268     		ldr	r2, [r0]
3355:Drivers/STM32F4xx_HAL_Driver/Src/stm32f4xx_hal_spi.c ****   hspi->pRxBuffPtr++;
ARM GAS  C:\Users\10369\AppData\Local\Temp\ccy9FUfH.s 			page 180


 4768              		.loc 1 3355 8 view .LVU1611
 4769 0004 836B     		ldr	r3, [r0, #56]
3355:Drivers/STM32F4xx_HAL_Driver/Src/stm32f4xx_hal_spi.c ****   hspi->pRxBuffPtr++;
 4770              		.loc 1 3355 24 view .LVU1612
 4771 0006 127B     		ldrb	r2, [r2, #12]	@ zero_extendqisi2
3355:Drivers/STM32F4xx_HAL_Driver/Src/stm32f4xx_hal_spi.c ****   hspi->pRxBuffPtr++;
 4772              		.loc 1 3355 21 view .LVU1613
 4773 0008 1A70     		strb	r2, [r3]
3356:Drivers/STM32F4xx_HAL_Driver/Src/stm32f4xx_hal_spi.c ****   hspi->RxXferCount--;
 4774              		.loc 1 3356 3 is_stmt 1 view .LVU1614
3356:Drivers/STM32F4xx_HAL_Driver/Src/stm32f4xx_hal_spi.c ****   hspi->RxXferCount--;
 4775              		.loc 1 3356 7 is_stmt 0 view .LVU1615
 4776 000a 836B     		ldr	r3, [r0, #56]
3356:Drivers/STM32F4xx_HAL_Driver/Src/stm32f4xx_hal_spi.c ****   hspi->RxXferCount--;
 4777              		.loc 1 3356 19 view .LVU1616
 4778 000c 0133     		adds	r3, r3, #1
 4779 000e 8363     		str	r3, [r0, #56]
3357:Drivers/STM32F4xx_HAL_Driver/Src/stm32f4xx_hal_spi.c **** 
 4780              		.loc 1 3357 3 is_stmt 1 view .LVU1617
3357:Drivers/STM32F4xx_HAL_Driver/Src/stm32f4xx_hal_spi.c **** 
 4781              		.loc 1 3357 7 is_stmt 0 view .LVU1618
 4782 0010 C38F     		ldrh	r3, [r0, #62]
 4783 0012 9BB2     		uxth	r3, r3
3357:Drivers/STM32F4xx_HAL_Driver/Src/stm32f4xx_hal_spi.c **** 
 4784              		.loc 1 3357 20 view .LVU1619
 4785 0014 013B     		subs	r3, r3, #1
 4786 0016 9BB2     		uxth	r3, r3
 4787 0018 C387     		strh	r3, [r0, #62]	@ movhi
3367:Drivers/STM32F4xx_HAL_Driver/Src/stm32f4xx_hal_spi.c ****   {
 4788              		.loc 1 3367 3 is_stmt 1 view .LVU1620
3367:Drivers/STM32F4xx_HAL_Driver/Src/stm32f4xx_hal_spi.c ****   {
 4789              		.loc 1 3367 11 is_stmt 0 view .LVU1621
 4790 001a C38F     		ldrh	r3, [r0, #62]
 4791 001c 9BB2     		uxth	r3, r3
3367:Drivers/STM32F4xx_HAL_Driver/Src/stm32f4xx_hal_spi.c ****   {
 4792              		.loc 1 3367 6 view .LVU1622
 4793 001e 03B1     		cbz	r3, .L328
 4794              	.LVL274:
 4795              	.L325:
3378:Drivers/STM32F4xx_HAL_Driver/Src/stm32f4xx_hal_spi.c **** 
 4796              		.loc 1 3378 1 view .LVU1623
 4797 0020 08BD     		pop	{r3, pc}
 4798              	.LVL275:
 4799              	.L328:
3376:Drivers/STM32F4xx_HAL_Driver/Src/stm32f4xx_hal_spi.c ****   }
 4800              		.loc 1 3376 5 is_stmt 1 view .LVU1624
 4801 0022 FFF7FEFF 		bl	SPI_CloseRx_ISR
 4802              	.LVL276:
3378:Drivers/STM32F4xx_HAL_Driver/Src/stm32f4xx_hal_spi.c **** 
 4803              		.loc 1 3378 1 is_stmt 0 view .LVU1625
 4804 0026 FBE7     		b	.L325
 4805              		.cfi_endproc
 4806              	.LFE177:
 4808              		.section	.text.SPI_RxISR_16BIT,"ax",%progbits
 4809              		.align	1
 4810              		.syntax unified
 4811              		.thumb
ARM GAS  C:\Users\10369\AppData\Local\Temp\ccy9FUfH.s 			page 181


 4812              		.thumb_func
 4814              	SPI_RxISR_16BIT:
 4815              	.LVL277:
 4816              	.LFB178:
3410:Drivers/STM32F4xx_HAL_Driver/Src/stm32f4xx_hal_spi.c ****   *((uint16_t *)hspi->pRxBuffPtr) = (uint16_t)(hspi->Instance->DR);
 4817              		.loc 1 3410 1 is_stmt 1 view -0
 4818              		.cfi_startproc
 4819              		@ args = 0, pretend = 0, frame = 0
 4820              		@ frame_needed = 0, uses_anonymous_args = 0
3410:Drivers/STM32F4xx_HAL_Driver/Src/stm32f4xx_hal_spi.c ****   *((uint16_t *)hspi->pRxBuffPtr) = (uint16_t)(hspi->Instance->DR);
 4821              		.loc 1 3410 1 is_stmt 0 view .LVU1627
 4822 0000 08B5     		push	{r3, lr}
 4823              	.LCFI58:
 4824              		.cfi_def_cfa_offset 8
 4825              		.cfi_offset 3, -8
 4826              		.cfi_offset 14, -4
3411:Drivers/STM32F4xx_HAL_Driver/Src/stm32f4xx_hal_spi.c ****   hspi->pRxBuffPtr += sizeof(uint16_t);
 4827              		.loc 1 3411 3 is_stmt 1 view .LVU1628
3411:Drivers/STM32F4xx_HAL_Driver/Src/stm32f4xx_hal_spi.c ****   hspi->pRxBuffPtr += sizeof(uint16_t);
 4828              		.loc 1 3411 52 is_stmt 0 view .LVU1629
 4829 0002 0368     		ldr	r3, [r0]
3411:Drivers/STM32F4xx_HAL_Driver/Src/stm32f4xx_hal_spi.c ****   hspi->pRxBuffPtr += sizeof(uint16_t);
 4830              		.loc 1 3411 62 view .LVU1630
 4831 0004 DA68     		ldr	r2, [r3, #12]
3411:Drivers/STM32F4xx_HAL_Driver/Src/stm32f4xx_hal_spi.c ****   hspi->pRxBuffPtr += sizeof(uint16_t);
 4832              		.loc 1 3411 21 view .LVU1631
 4833 0006 836B     		ldr	r3, [r0, #56]
3411:Drivers/STM32F4xx_HAL_Driver/Src/stm32f4xx_hal_spi.c ****   hspi->pRxBuffPtr += sizeof(uint16_t);
 4834              		.loc 1 3411 35 view .LVU1632
 4835 0008 1A80     		strh	r2, [r3]	@ movhi
3412:Drivers/STM32F4xx_HAL_Driver/Src/stm32f4xx_hal_spi.c ****   hspi->RxXferCount--;
 4836              		.loc 1 3412 3 is_stmt 1 view .LVU1633
3412:Drivers/STM32F4xx_HAL_Driver/Src/stm32f4xx_hal_spi.c ****   hspi->RxXferCount--;
 4837              		.loc 1 3412 7 is_stmt 0 view .LVU1634
 4838 000a 836B     		ldr	r3, [r0, #56]
3412:Drivers/STM32F4xx_HAL_Driver/Src/stm32f4xx_hal_spi.c ****   hspi->RxXferCount--;
 4839              		.loc 1 3412 20 view .LVU1635
 4840 000c 0233     		adds	r3, r3, #2
 4841 000e 8363     		str	r3, [r0, #56]
3413:Drivers/STM32F4xx_HAL_Driver/Src/stm32f4xx_hal_spi.c **** 
 4842              		.loc 1 3413 3 is_stmt 1 view .LVU1636
3413:Drivers/STM32F4xx_HAL_Driver/Src/stm32f4xx_hal_spi.c **** 
 4843              		.loc 1 3413 7 is_stmt 0 view .LVU1637
 4844 0010 C38F     		ldrh	r3, [r0, #62]
 4845 0012 9BB2     		uxth	r3, r3
3413:Drivers/STM32F4xx_HAL_Driver/Src/stm32f4xx_hal_spi.c **** 
 4846              		.loc 1 3413 20 view .LVU1638
 4847 0014 013B     		subs	r3, r3, #1
 4848 0016 9BB2     		uxth	r3, r3
 4849 0018 C387     		strh	r3, [r0, #62]	@ movhi
3423:Drivers/STM32F4xx_HAL_Driver/Src/stm32f4xx_hal_spi.c ****   {
 4850              		.loc 1 3423 3 is_stmt 1 view .LVU1639
3423:Drivers/STM32F4xx_HAL_Driver/Src/stm32f4xx_hal_spi.c ****   {
 4851              		.loc 1 3423 11 is_stmt 0 view .LVU1640
 4852 001a C38F     		ldrh	r3, [r0, #62]
 4853 001c 9BB2     		uxth	r3, r3
3423:Drivers/STM32F4xx_HAL_Driver/Src/stm32f4xx_hal_spi.c ****   {
ARM GAS  C:\Users\10369\AppData\Local\Temp\ccy9FUfH.s 			page 182


 4854              		.loc 1 3423 6 view .LVU1641
 4855 001e 03B1     		cbz	r3, .L332
 4856              	.LVL278:
 4857              	.L329:
3434:Drivers/STM32F4xx_HAL_Driver/Src/stm32f4xx_hal_spi.c **** 
 4858              		.loc 1 3434 1 view .LVU1642
 4859 0020 08BD     		pop	{r3, pc}
 4860              	.LVL279:
 4861              	.L332:
3432:Drivers/STM32F4xx_HAL_Driver/Src/stm32f4xx_hal_spi.c ****   }
 4862              		.loc 1 3432 5 is_stmt 1 view .LVU1643
 4863 0022 FFF7FEFF 		bl	SPI_CloseRx_ISR
 4864              	.LVL280:
3434:Drivers/STM32F4xx_HAL_Driver/Src/stm32f4xx_hal_spi.c **** 
 4865              		.loc 1 3434 1 is_stmt 0 view .LVU1644
 4866 0026 FBE7     		b	.L329
 4867              		.cfi_endproc
 4868              	.LFE178:
 4870              		.section	.text.SPI_CloseRxTx_ISR,"ax",%progbits
 4871              		.align	1
 4872              		.syntax unified
 4873              		.thumb
 4874              		.thumb_func
 4876              	SPI_CloseRxTx_ISR:
 4877              	.LVL281:
 4878              	.LFB184:
3667:Drivers/STM32F4xx_HAL_Driver/Src/stm32f4xx_hal_spi.c ****   uint32_t tickstart;
 4879              		.loc 1 3667 1 is_stmt 1 view -0
 4880              		.cfi_startproc
 4881              		@ args = 0, pretend = 0, frame = 8
 4882              		@ frame_needed = 0, uses_anonymous_args = 0
3667:Drivers/STM32F4xx_HAL_Driver/Src/stm32f4xx_hal_spi.c ****   uint32_t tickstart;
 4883              		.loc 1 3667 1 is_stmt 0 view .LVU1646
 4884 0000 10B5     		push	{r4, lr}
 4885              	.LCFI59:
 4886              		.cfi_def_cfa_offset 8
 4887              		.cfi_offset 4, -8
 4888              		.cfi_offset 14, -4
 4889 0002 82B0     		sub	sp, sp, #8
 4890              	.LCFI60:
 4891              		.cfi_def_cfa_offset 16
 4892 0004 0446     		mov	r4, r0
3668:Drivers/STM32F4xx_HAL_Driver/Src/stm32f4xx_hal_spi.c ****   __IO uint32_t count = SPI_DEFAULT_TIMEOUT * (SystemCoreClock / 24U / 1000U);
 4893              		.loc 1 3668 3 is_stmt 1 view .LVU1647
3669:Drivers/STM32F4xx_HAL_Driver/Src/stm32f4xx_hal_spi.c **** 
 4894              		.loc 1 3669 3 view .LVU1648
3669:Drivers/STM32F4xx_HAL_Driver/Src/stm32f4xx_hal_spi.c **** 
 4895              		.loc 1 3669 70 is_stmt 0 view .LVU1649
 4896 0006 274B     		ldr	r3, .L345
 4897 0008 1B68     		ldr	r3, [r3]
 4898 000a 274A     		ldr	r2, .L345+4
 4899 000c A2FB0323 		umull	r2, r3, r2, r3
 4900 0010 5B0A     		lsrs	r3, r3, #9
3669:Drivers/STM32F4xx_HAL_Driver/Src/stm32f4xx_hal_spi.c **** 
 4901              		.loc 1 3669 45 view .LVU1650
 4902 0012 6422     		movs	r2, #100
 4903 0014 02FB03F3 		mul	r3, r2, r3
ARM GAS  C:\Users\10369\AppData\Local\Temp\ccy9FUfH.s 			page 183


3669:Drivers/STM32F4xx_HAL_Driver/Src/stm32f4xx_hal_spi.c **** 
 4904              		.loc 1 3669 17 view .LVU1651
 4905 0018 0193     		str	r3, [sp, #4]
3672:Drivers/STM32F4xx_HAL_Driver/Src/stm32f4xx_hal_spi.c **** 
 4906              		.loc 1 3672 3 is_stmt 1 view .LVU1652
3672:Drivers/STM32F4xx_HAL_Driver/Src/stm32f4xx_hal_spi.c **** 
 4907              		.loc 1 3672 15 is_stmt 0 view .LVU1653
 4908 001a FFF7FEFF 		bl	HAL_GetTick
 4909              	.LVL282:
3672:Drivers/STM32F4xx_HAL_Driver/Src/stm32f4xx_hal_spi.c **** 
 4910              		.loc 1 3672 15 view .LVU1654
 4911 001e 0246     		mov	r2, r0
 4912              	.LVL283:
3675:Drivers/STM32F4xx_HAL_Driver/Src/stm32f4xx_hal_spi.c **** 
 4913              		.loc 1 3675 3 is_stmt 1 view .LVU1655
 4914 0020 2168     		ldr	r1, [r4]
 4915 0022 4B68     		ldr	r3, [r1, #4]
 4916 0024 23F02003 		bic	r3, r3, #32
 4917 0028 4B60     		str	r3, [r1, #4]
 4918              	.L336:
3678:Drivers/STM32F4xx_HAL_Driver/Src/stm32f4xx_hal_spi.c ****   {
 4919              		.loc 1 3678 3 view .LVU1656
3680:Drivers/STM32F4xx_HAL_Driver/Src/stm32f4xx_hal_spi.c ****     {
 4920              		.loc 1 3680 5 view .LVU1657
3680:Drivers/STM32F4xx_HAL_Driver/Src/stm32f4xx_hal_spi.c ****     {
 4921              		.loc 1 3680 15 is_stmt 0 view .LVU1658
 4922 002a 019B     		ldr	r3, [sp, #4]
3680:Drivers/STM32F4xx_HAL_Driver/Src/stm32f4xx_hal_spi.c ****     {
 4923              		.loc 1 3680 8 view .LVU1659
 4924 002c 43B1     		cbz	r3, .L343
3685:Drivers/STM32F4xx_HAL_Driver/Src/stm32f4xx_hal_spi.c ****   } while ((hspi->Instance->SR & SPI_FLAG_TXE) == RESET);
 4925              		.loc 1 3685 5 is_stmt 1 view .LVU1660
3685:Drivers/STM32F4xx_HAL_Driver/Src/stm32f4xx_hal_spi.c ****   } while ((hspi->Instance->SR & SPI_FLAG_TXE) == RESET);
 4926              		.loc 1 3685 10 is_stmt 0 view .LVU1661
 4927 002e 019B     		ldr	r3, [sp, #4]
 4928 0030 013B     		subs	r3, r3, #1
 4929 0032 0193     		str	r3, [sp, #4]
3686:Drivers/STM32F4xx_HAL_Driver/Src/stm32f4xx_hal_spi.c **** 
 4930              		.loc 1 3686 48 is_stmt 1 view .LVU1662
3686:Drivers/STM32F4xx_HAL_Driver/Src/stm32f4xx_hal_spi.c **** 
 4931              		.loc 1 3686 17 is_stmt 0 view .LVU1663
 4932 0034 2368     		ldr	r3, [r4]
3686:Drivers/STM32F4xx_HAL_Driver/Src/stm32f4xx_hal_spi.c **** 
 4933              		.loc 1 3686 27 view .LVU1664
 4934 0036 9B68     		ldr	r3, [r3, #8]
3686:Drivers/STM32F4xx_HAL_Driver/Src/stm32f4xx_hal_spi.c **** 
 4935              		.loc 1 3686 48 view .LVU1665
 4936 0038 13F0020F 		tst	r3, #2
 4937 003c F5D0     		beq	.L336
 4938 003e 03E0     		b	.L335
 4939              	.L343:
3682:Drivers/STM32F4xx_HAL_Driver/Src/stm32f4xx_hal_spi.c ****       break;
 4940              		.loc 1 3682 7 is_stmt 1 view .LVU1666
 4941 0040 636D     		ldr	r3, [r4, #84]
 4942 0042 43F02003 		orr	r3, r3, #32
 4943 0046 6365     		str	r3, [r4, #84]
3683:Drivers/STM32F4xx_HAL_Driver/Src/stm32f4xx_hal_spi.c ****     }
ARM GAS  C:\Users\10369\AppData\Local\Temp\ccy9FUfH.s 			page 184


 4944              		.loc 1 3683 7 view .LVU1667
 4945              	.L335:
3689:Drivers/STM32F4xx_HAL_Driver/Src/stm32f4xx_hal_spi.c ****   {
 4946              		.loc 1 3689 3 view .LVU1668
3689:Drivers/STM32F4xx_HAL_Driver/Src/stm32f4xx_hal_spi.c ****   {
 4947              		.loc 1 3689 7 is_stmt 0 view .LVU1669
 4948 0048 6421     		movs	r1, #100
 4949 004a 2046     		mov	r0, r4
 4950              	.LVL284:
3689:Drivers/STM32F4xx_HAL_Driver/Src/stm32f4xx_hal_spi.c ****   {
 4951              		.loc 1 3689 7 view .LVU1670
 4952 004c FFF7FEFF 		bl	SPI_EndRxTxTransaction
 4953              	.LVL285:
3689:Drivers/STM32F4xx_HAL_Driver/Src/stm32f4xx_hal_spi.c ****   {
 4954              		.loc 1 3689 6 discriminator 1 view .LVU1671
 4955 0050 18B1     		cbz	r0, .L337
3691:Drivers/STM32F4xx_HAL_Driver/Src/stm32f4xx_hal_spi.c ****   }
 4956              		.loc 1 3691 5 is_stmt 1 view .LVU1672
 4957 0052 636D     		ldr	r3, [r4, #84]
 4958 0054 43F02003 		orr	r3, r3, #32
 4959 0058 6365     		str	r3, [r4, #84]
 4960              	.L337:
3695:Drivers/STM32F4xx_HAL_Driver/Src/stm32f4xx_hal_spi.c ****   {
 4961              		.loc 1 3695 3 view .LVU1673
3695:Drivers/STM32F4xx_HAL_Driver/Src/stm32f4xx_hal_spi.c ****   {
 4962              		.loc 1 3695 17 is_stmt 0 view .LVU1674
 4963 005a A368     		ldr	r3, [r4, #8]
3695:Drivers/STM32F4xx_HAL_Driver/Src/stm32f4xx_hal_spi.c ****   {
 4964              		.loc 1 3695 6 view .LVU1675
 4965 005c 33B9     		cbnz	r3, .L338
3697:Drivers/STM32F4xx_HAL_Driver/Src/stm32f4xx_hal_spi.c ****   }
 4966              		.loc 1 3697 5 is_stmt 1 view .LVU1676
 4967              	.LBB8:
3697:Drivers/STM32F4xx_HAL_Driver/Src/stm32f4xx_hal_spi.c ****   }
 4968              		.loc 1 3697 5 view .LVU1677
 4969 005e 0093     		str	r3, [sp]
3697:Drivers/STM32F4xx_HAL_Driver/Src/stm32f4xx_hal_spi.c ****   }
 4970              		.loc 1 3697 5 view .LVU1678
 4971 0060 2368     		ldr	r3, [r4]
 4972 0062 DA68     		ldr	r2, [r3, #12]
 4973 0064 0092     		str	r2, [sp]
3697:Drivers/STM32F4xx_HAL_Driver/Src/stm32f4xx_hal_spi.c ****   }
 4974              		.loc 1 3697 5 view .LVU1679
 4975 0066 9B68     		ldr	r3, [r3, #8]
 4976 0068 0093     		str	r3, [sp]
3697:Drivers/STM32F4xx_HAL_Driver/Src/stm32f4xx_hal_spi.c ****   }
 4977              		.loc 1 3697 5 view .LVU1680
 4978 006a 009B     		ldr	r3, [sp]
 4979              	.L338:
 4980              	.LBE8:
3697:Drivers/STM32F4xx_HAL_Driver/Src/stm32f4xx_hal_spi.c ****   }
 4981              		.loc 1 3697 5 discriminator 1 view .LVU1681
3717:Drivers/STM32F4xx_HAL_Driver/Src/stm32f4xx_hal_spi.c ****     {
 4982              		.loc 1 3717 5 view .LVU1682
3717:Drivers/STM32F4xx_HAL_Driver/Src/stm32f4xx_hal_spi.c ****     {
 4983              		.loc 1 3717 13 is_stmt 0 view .LVU1683
 4984 006c 636D     		ldr	r3, [r4, #84]
ARM GAS  C:\Users\10369\AppData\Local\Temp\ccy9FUfH.s 			page 185


3717:Drivers/STM32F4xx_HAL_Driver/Src/stm32f4xx_hal_spi.c ****     {
 4985              		.loc 1 3717 8 view .LVU1684
 4986 006e 93B9     		cbnz	r3, .L339
3719:Drivers/STM32F4xx_HAL_Driver/Src/stm32f4xx_hal_spi.c ****       {
 4987              		.loc 1 3719 7 is_stmt 1 view .LVU1685
3719:Drivers/STM32F4xx_HAL_Driver/Src/stm32f4xx_hal_spi.c ****       {
 4988              		.loc 1 3719 15 is_stmt 0 view .LVU1686
 4989 0070 94F85130 		ldrb	r3, [r4, #81]	@ zero_extendqisi2
3719:Drivers/STM32F4xx_HAL_Driver/Src/stm32f4xx_hal_spi.c ****       {
 4990              		.loc 1 3719 10 view .LVU1687
 4991 0074 042B     		cmp	r3, #4
 4992 0076 07D0     		beq	.L344
3731:Drivers/STM32F4xx_HAL_Driver/Src/stm32f4xx_hal_spi.c ****         /* Call user TxRx complete callback */
 4993              		.loc 1 3731 9 is_stmt 1 view .LVU1688
3731:Drivers/STM32F4xx_HAL_Driver/Src/stm32f4xx_hal_spi.c ****         /* Call user TxRx complete callback */
 4994              		.loc 1 3731 21 is_stmt 0 view .LVU1689
 4995 0078 0123     		movs	r3, #1
 4996 007a 84F85130 		strb	r3, [r4, #81]
3736:Drivers/STM32F4xx_HAL_Driver/Src/stm32f4xx_hal_spi.c **** #endif /* USE_HAL_SPI_REGISTER_CALLBACKS */
 4997              		.loc 1 3736 9 is_stmt 1 view .LVU1690
 4998 007e 2046     		mov	r0, r4
 4999 0080 FFF7FEFF 		bl	HAL_SPI_TxRxCpltCallback
 5000              	.LVL286:
 5001              	.L333:
3753:Drivers/STM32F4xx_HAL_Driver/Src/stm32f4xx_hal_spi.c **** 
 5002              		.loc 1 3753 1 is_stmt 0 view .LVU1691
 5003 0084 02B0     		add	sp, sp, #8
 5004              	.LCFI61:
 5005              		.cfi_remember_state
 5006              		.cfi_def_cfa_offset 8
 5007              		@ sp needed
 5008 0086 10BD     		pop	{r4, pc}
 5009              	.LVL287:
 5010              	.L344:
 5011              	.LCFI62:
 5012              		.cfi_restore_state
3721:Drivers/STM32F4xx_HAL_Driver/Src/stm32f4xx_hal_spi.c ****         /* Call user Rx complete callback */
 5013              		.loc 1 3721 9 is_stmt 1 view .LVU1692
3721:Drivers/STM32F4xx_HAL_Driver/Src/stm32f4xx_hal_spi.c ****         /* Call user Rx complete callback */
 5014              		.loc 1 3721 21 is_stmt 0 view .LVU1693
 5015 0088 0123     		movs	r3, #1
 5016 008a 84F85130 		strb	r3, [r4, #81]
3726:Drivers/STM32F4xx_HAL_Driver/Src/stm32f4xx_hal_spi.c **** #endif /* USE_HAL_SPI_REGISTER_CALLBACKS */
 5017              		.loc 1 3726 9 is_stmt 1 view .LVU1694
 5018 008e 2046     		mov	r0, r4
 5019 0090 FFF7FEFF 		bl	HAL_SPI_RxCpltCallback
 5020              	.LVL288:
 5021 0094 F6E7     		b	.L333
 5022              	.L339:
3742:Drivers/STM32F4xx_HAL_Driver/Src/stm32f4xx_hal_spi.c ****       /* Call user error callback */
 5023              		.loc 1 3742 7 view .LVU1695
3742:Drivers/STM32F4xx_HAL_Driver/Src/stm32f4xx_hal_spi.c ****       /* Call user error callback */
 5024              		.loc 1 3742 19 is_stmt 0 view .LVU1696
 5025 0096 0123     		movs	r3, #1
 5026 0098 84F85130 		strb	r3, [r4, #81]
3747:Drivers/STM32F4xx_HAL_Driver/Src/stm32f4xx_hal_spi.c **** #endif /* USE_HAL_SPI_REGISTER_CALLBACKS */
 5027              		.loc 1 3747 7 is_stmt 1 view .LVU1697
ARM GAS  C:\Users\10369\AppData\Local\Temp\ccy9FUfH.s 			page 186


 5028 009c 2046     		mov	r0, r4
 5029 009e FFF7FEFF 		bl	HAL_SPI_ErrorCallback
 5030              	.LVL289:
3753:Drivers/STM32F4xx_HAL_Driver/Src/stm32f4xx_hal_spi.c **** 
 5031              		.loc 1 3753 1 is_stmt 0 view .LVU1698
 5032 00a2 EFE7     		b	.L333
 5033              	.L346:
 5034              		.align	2
 5035              	.L345:
 5036 00a4 00000000 		.word	SystemCoreClock
 5037 00a8 F1197605 		.word	91625969
 5038              		.cfi_endproc
 5039              	.LFE184:
 5041              		.section	.text.SPI_2linesTxISR_8BIT,"ax",%progbits
 5042              		.align	1
 5043              		.syntax unified
 5044              		.thumb
 5045              		.thumb_func
 5047              	SPI_2linesTxISR_8BIT:
 5048              	.LVL290:
 5049              	.LFB174:
3202:Drivers/STM32F4xx_HAL_Driver/Src/stm32f4xx_hal_spi.c ****   *(__IO uint8_t *)&hspi->Instance->DR = *((const uint8_t *)hspi->pTxBuffPtr);
 5050              		.loc 1 3202 1 is_stmt 1 view -0
 5051              		.cfi_startproc
 5052              		@ args = 0, pretend = 0, frame = 0
 5053              		@ frame_needed = 0, uses_anonymous_args = 0
3202:Drivers/STM32F4xx_HAL_Driver/Src/stm32f4xx_hal_spi.c ****   *(__IO uint8_t *)&hspi->Instance->DR = *((const uint8_t *)hspi->pTxBuffPtr);
 5054              		.loc 1 3202 1 is_stmt 0 view .LVU1700
 5055 0000 08B5     		push	{r3, lr}
 5056              	.LCFI63:
 5057              		.cfi_def_cfa_offset 8
 5058              		.cfi_offset 3, -8
 5059              		.cfi_offset 14, -4
3203:Drivers/STM32F4xx_HAL_Driver/Src/stm32f4xx_hal_spi.c ****   hspi->pTxBuffPtr++;
 5060              		.loc 1 3203 3 is_stmt 1 view .LVU1701
3203:Drivers/STM32F4xx_HAL_Driver/Src/stm32f4xx_hal_spi.c ****   hspi->pTxBuffPtr++;
 5061              		.loc 1 3203 65 is_stmt 0 view .LVU1702
 5062 0002 026B     		ldr	r2, [r0, #48]
3203:Drivers/STM32F4xx_HAL_Driver/Src/stm32f4xx_hal_spi.c ****   hspi->pTxBuffPtr++;
 5063              		.loc 1 3203 25 view .LVU1703
 5064 0004 0368     		ldr	r3, [r0]
3203:Drivers/STM32F4xx_HAL_Driver/Src/stm32f4xx_hal_spi.c ****   hspi->pTxBuffPtr++;
 5065              		.loc 1 3203 42 view .LVU1704
 5066 0006 1278     		ldrb	r2, [r2]	@ zero_extendqisi2
3203:Drivers/STM32F4xx_HAL_Driver/Src/stm32f4xx_hal_spi.c ****   hspi->pTxBuffPtr++;
 5067              		.loc 1 3203 40 view .LVU1705
 5068 0008 1A73     		strb	r2, [r3, #12]
3204:Drivers/STM32F4xx_HAL_Driver/Src/stm32f4xx_hal_spi.c ****   hspi->TxXferCount--;
 5069              		.loc 1 3204 3 is_stmt 1 view .LVU1706
3204:Drivers/STM32F4xx_HAL_Driver/Src/stm32f4xx_hal_spi.c ****   hspi->TxXferCount--;
 5070              		.loc 1 3204 7 is_stmt 0 view .LVU1707
 5071 000a 036B     		ldr	r3, [r0, #48]
3204:Drivers/STM32F4xx_HAL_Driver/Src/stm32f4xx_hal_spi.c ****   hspi->TxXferCount--;
 5072              		.loc 1 3204 19 view .LVU1708
 5073 000c 0133     		adds	r3, r3, #1
 5074 000e 0363     		str	r3, [r0, #48]
3205:Drivers/STM32F4xx_HAL_Driver/Src/stm32f4xx_hal_spi.c **** 
ARM GAS  C:\Users\10369\AppData\Local\Temp\ccy9FUfH.s 			page 187


 5075              		.loc 1 3205 3 is_stmt 1 view .LVU1709
3205:Drivers/STM32F4xx_HAL_Driver/Src/stm32f4xx_hal_spi.c **** 
 5076              		.loc 1 3205 7 is_stmt 0 view .LVU1710
 5077 0010 C38E     		ldrh	r3, [r0, #54]
 5078 0012 9BB2     		uxth	r3, r3
3205:Drivers/STM32F4xx_HAL_Driver/Src/stm32f4xx_hal_spi.c **** 
 5079              		.loc 1 3205 20 view .LVU1711
 5080 0014 013B     		subs	r3, r3, #1
 5081 0016 9BB2     		uxth	r3, r3
 5082 0018 C386     		strh	r3, [r0, #54]	@ movhi
3208:Drivers/STM32F4xx_HAL_Driver/Src/stm32f4xx_hal_spi.c ****   {
 5083              		.loc 1 3208 3 is_stmt 1 view .LVU1712
3208:Drivers/STM32F4xx_HAL_Driver/Src/stm32f4xx_hal_spi.c ****   {
 5084              		.loc 1 3208 11 is_stmt 0 view .LVU1713
 5085 001a C38E     		ldrh	r3, [r0, #54]
 5086 001c 9BB2     		uxth	r3, r3
3208:Drivers/STM32F4xx_HAL_Driver/Src/stm32f4xx_hal_spi.c ****   {
 5087              		.loc 1 3208 6 view .LVU1714
 5088 001e 3BB9     		cbnz	r3, .L347
3222:Drivers/STM32F4xx_HAL_Driver/Src/stm32f4xx_hal_spi.c **** 
 5089              		.loc 1 3222 5 is_stmt 1 view .LVU1715
 5090 0020 0268     		ldr	r2, [r0]
 5091 0022 5368     		ldr	r3, [r2, #4]
 5092 0024 23F08003 		bic	r3, r3, #128
 5093 0028 5360     		str	r3, [r2, #4]
3224:Drivers/STM32F4xx_HAL_Driver/Src/stm32f4xx_hal_spi.c ****     {
 5094              		.loc 1 3224 5 view .LVU1716
3224:Drivers/STM32F4xx_HAL_Driver/Src/stm32f4xx_hal_spi.c ****     {
 5095              		.loc 1 3224 13 is_stmt 0 view .LVU1717
 5096 002a C38F     		ldrh	r3, [r0, #62]
 5097 002c 9BB2     		uxth	r3, r3
3224:Drivers/STM32F4xx_HAL_Driver/Src/stm32f4xx_hal_spi.c ****     {
 5098              		.loc 1 3224 8 view .LVU1718
 5099 002e 03B1     		cbz	r3, .L350
 5100              	.LVL291:
 5101              	.L347:
3229:Drivers/STM32F4xx_HAL_Driver/Src/stm32f4xx_hal_spi.c **** 
 5102              		.loc 1 3229 1 view .LVU1719
 5103 0030 08BD     		pop	{r3, pc}
 5104              	.LVL292:
 5105              	.L350:
3226:Drivers/STM32F4xx_HAL_Driver/Src/stm32f4xx_hal_spi.c ****     }
 5106              		.loc 1 3226 7 is_stmt 1 view .LVU1720
 5107 0032 FFF7FEFF 		bl	SPI_CloseRxTx_ISR
 5108              	.LVL293:
3229:Drivers/STM32F4xx_HAL_Driver/Src/stm32f4xx_hal_spi.c **** 
 5109              		.loc 1 3229 1 is_stmt 0 view .LVU1721
 5110 0036 FBE7     		b	.L347
 5111              		.cfi_endproc
 5112              	.LFE174:
 5114              		.section	.text.SPI_2linesRxISR_8BIT,"ax",%progbits
 5115              		.align	1
 5116              		.syntax unified
 5117              		.thumb
 5118              		.thumb_func
 5120              	SPI_2linesRxISR_8BIT:
 5121              	.LVL294:
ARM GAS  C:\Users\10369\AppData\Local\Temp\ccy9FUfH.s 			page 188


 5122              	.LFB173:
3139:Drivers/STM32F4xx_HAL_Driver/Src/stm32f4xx_hal_spi.c ****   /* Receive data in 8bit mode */
 5123              		.loc 1 3139 1 is_stmt 1 view -0
 5124              		.cfi_startproc
 5125              		@ args = 0, pretend = 0, frame = 0
 5126              		@ frame_needed = 0, uses_anonymous_args = 0
3139:Drivers/STM32F4xx_HAL_Driver/Src/stm32f4xx_hal_spi.c ****   /* Receive data in 8bit mode */
 5127              		.loc 1 3139 1 is_stmt 0 view .LVU1723
 5128 0000 08B5     		push	{r3, lr}
 5129              	.LCFI64:
 5130              		.cfi_def_cfa_offset 8
 5131              		.cfi_offset 3, -8
 5132              		.cfi_offset 14, -4
3141:Drivers/STM32F4xx_HAL_Driver/Src/stm32f4xx_hal_spi.c ****   hspi->pRxBuffPtr++;
 5133              		.loc 1 3141 3 is_stmt 1 view .LVU1724
3141:Drivers/STM32F4xx_HAL_Driver/Src/stm32f4xx_hal_spi.c ****   hspi->pRxBuffPtr++;
 5134              		.loc 1 3141 46 is_stmt 0 view .LVU1725
 5135 0002 0268     		ldr	r2, [r0]
3141:Drivers/STM32F4xx_HAL_Driver/Src/stm32f4xx_hal_spi.c ****   hspi->pRxBuffPtr++;
 5136              		.loc 1 3141 8 view .LVU1726
 5137 0004 836B     		ldr	r3, [r0, #56]
3141:Drivers/STM32F4xx_HAL_Driver/Src/stm32f4xx_hal_spi.c ****   hspi->pRxBuffPtr++;
 5138              		.loc 1 3141 23 view .LVU1727
 5139 0006 127B     		ldrb	r2, [r2, #12]	@ zero_extendqisi2
3141:Drivers/STM32F4xx_HAL_Driver/Src/stm32f4xx_hal_spi.c ****   hspi->pRxBuffPtr++;
 5140              		.loc 1 3141 21 view .LVU1728
 5141 0008 1A70     		strb	r2, [r3]
3142:Drivers/STM32F4xx_HAL_Driver/Src/stm32f4xx_hal_spi.c ****   hspi->RxXferCount--;
 5142              		.loc 1 3142 3 is_stmt 1 view .LVU1729
3142:Drivers/STM32F4xx_HAL_Driver/Src/stm32f4xx_hal_spi.c ****   hspi->RxXferCount--;
 5143              		.loc 1 3142 7 is_stmt 0 view .LVU1730
 5144 000a 836B     		ldr	r3, [r0, #56]
3142:Drivers/STM32F4xx_HAL_Driver/Src/stm32f4xx_hal_spi.c ****   hspi->RxXferCount--;
 5145              		.loc 1 3142 19 view .LVU1731
 5146 000c 0133     		adds	r3, r3, #1
 5147 000e 8363     		str	r3, [r0, #56]
3143:Drivers/STM32F4xx_HAL_Driver/Src/stm32f4xx_hal_spi.c **** 
 5148              		.loc 1 3143 3 is_stmt 1 view .LVU1732
3143:Drivers/STM32F4xx_HAL_Driver/Src/stm32f4xx_hal_spi.c **** 
 5149              		.loc 1 3143 7 is_stmt 0 view .LVU1733
 5150 0010 C38F     		ldrh	r3, [r0, #62]
 5151 0012 9BB2     		uxth	r3, r3
3143:Drivers/STM32F4xx_HAL_Driver/Src/stm32f4xx_hal_spi.c **** 
 5152              		.loc 1 3143 20 view .LVU1734
 5153 0014 013B     		subs	r3, r3, #1
 5154 0016 9BB2     		uxth	r3, r3
 5155 0018 C387     		strh	r3, [r0, #62]	@ movhi
3146:Drivers/STM32F4xx_HAL_Driver/Src/stm32f4xx_hal_spi.c ****   {
 5156              		.loc 1 3146 3 is_stmt 1 view .LVU1735
3146:Drivers/STM32F4xx_HAL_Driver/Src/stm32f4xx_hal_spi.c ****   {
 5157              		.loc 1 3146 11 is_stmt 0 view .LVU1736
 5158 001a C38F     		ldrh	r3, [r0, #62]
 5159 001c 9BB2     		uxth	r3, r3
3146:Drivers/STM32F4xx_HAL_Driver/Src/stm32f4xx_hal_spi.c ****   {
 5160              		.loc 1 3146 6 view .LVU1737
 5161 001e 3BB9     		cbnz	r3, .L351
3157:Drivers/STM32F4xx_HAL_Driver/Src/stm32f4xx_hal_spi.c **** 
ARM GAS  C:\Users\10369\AppData\Local\Temp\ccy9FUfH.s 			page 189


 5162              		.loc 1 3157 5 is_stmt 1 view .LVU1738
 5163 0020 0268     		ldr	r2, [r0]
 5164 0022 5368     		ldr	r3, [r2, #4]
 5165 0024 23F06003 		bic	r3, r3, #96
 5166 0028 5360     		str	r3, [r2, #4]
3159:Drivers/STM32F4xx_HAL_Driver/Src/stm32f4xx_hal_spi.c ****     {
 5167              		.loc 1 3159 5 view .LVU1739
3159:Drivers/STM32F4xx_HAL_Driver/Src/stm32f4xx_hal_spi.c ****     {
 5168              		.loc 1 3159 13 is_stmt 0 view .LVU1740
 5169 002a C38E     		ldrh	r3, [r0, #54]
 5170 002c 9BB2     		uxth	r3, r3
3159:Drivers/STM32F4xx_HAL_Driver/Src/stm32f4xx_hal_spi.c ****     {
 5171              		.loc 1 3159 8 view .LVU1741
 5172 002e 03B1     		cbz	r3, .L354
 5173              	.LVL295:
 5174              	.L351:
3164:Drivers/STM32F4xx_HAL_Driver/Src/stm32f4xx_hal_spi.c **** 
 5175              		.loc 1 3164 1 view .LVU1742
 5176 0030 08BD     		pop	{r3, pc}
 5177              	.LVL296:
 5178              	.L354:
3161:Drivers/STM32F4xx_HAL_Driver/Src/stm32f4xx_hal_spi.c ****     }
 5179              		.loc 1 3161 7 is_stmt 1 view .LVU1743
 5180 0032 FFF7FEFF 		bl	SPI_CloseRxTx_ISR
 5181              	.LVL297:
3164:Drivers/STM32F4xx_HAL_Driver/Src/stm32f4xx_hal_spi.c **** 
 5182              		.loc 1 3164 1 is_stmt 0 view .LVU1744
 5183 0036 FBE7     		b	.L351
 5184              		.cfi_endproc
 5185              	.LFE173:
 5187              		.section	.text.SPI_2linesTxISR_16BIT,"ax",%progbits
 5188              		.align	1
 5189              		.syntax unified
 5190              		.thumb
 5191              		.thumb_func
 5193              	SPI_2linesTxISR_16BIT:
 5194              	.LVL298:
 5195              	.LFB176:
3294:Drivers/STM32F4xx_HAL_Driver/Src/stm32f4xx_hal_spi.c ****   /* Transmit data in 16 Bit mode */
 5196              		.loc 1 3294 1 is_stmt 1 view -0
 5197              		.cfi_startproc
 5198              		@ args = 0, pretend = 0, frame = 0
 5199              		@ frame_needed = 0, uses_anonymous_args = 0
3294:Drivers/STM32F4xx_HAL_Driver/Src/stm32f4xx_hal_spi.c ****   /* Transmit data in 16 Bit mode */
 5200              		.loc 1 3294 1 is_stmt 0 view .LVU1746
 5201 0000 08B5     		push	{r3, lr}
 5202              	.LCFI65:
 5203              		.cfi_def_cfa_offset 8
 5204              		.cfi_offset 3, -8
 5205              		.cfi_offset 14, -4
3296:Drivers/STM32F4xx_HAL_Driver/Src/stm32f4xx_hal_spi.c ****   hspi->pTxBuffPtr += sizeof(uint16_t);
 5206              		.loc 1 3296 3 is_stmt 1 view .LVU1747
3296:Drivers/STM32F4xx_HAL_Driver/Src/stm32f4xx_hal_spi.c ****   hspi->pTxBuffPtr += sizeof(uint16_t);
 5207              		.loc 1 3296 48 is_stmt 0 view .LVU1748
 5208 0002 026B     		ldr	r2, [r0, #48]
3296:Drivers/STM32F4xx_HAL_Driver/Src/stm32f4xx_hal_spi.c ****   hspi->pTxBuffPtr += sizeof(uint16_t);
 5209              		.loc 1 3296 7 view .LVU1749
ARM GAS  C:\Users\10369\AppData\Local\Temp\ccy9FUfH.s 			page 190


 5210 0004 0368     		ldr	r3, [r0]
3296:Drivers/STM32F4xx_HAL_Driver/Src/stm32f4xx_hal_spi.c ****   hspi->pTxBuffPtr += sizeof(uint16_t);
 5211              		.loc 1 3296 24 view .LVU1750
 5212 0006 1288     		ldrh	r2, [r2]
3296:Drivers/STM32F4xx_HAL_Driver/Src/stm32f4xx_hal_spi.c ****   hspi->pTxBuffPtr += sizeof(uint16_t);
 5213              		.loc 1 3296 22 view .LVU1751
 5214 0008 DA60     		str	r2, [r3, #12]
3297:Drivers/STM32F4xx_HAL_Driver/Src/stm32f4xx_hal_spi.c ****   hspi->TxXferCount--;
 5215              		.loc 1 3297 3 is_stmt 1 view .LVU1752
3297:Drivers/STM32F4xx_HAL_Driver/Src/stm32f4xx_hal_spi.c ****   hspi->TxXferCount--;
 5216              		.loc 1 3297 7 is_stmt 0 view .LVU1753
 5217 000a 036B     		ldr	r3, [r0, #48]
3297:Drivers/STM32F4xx_HAL_Driver/Src/stm32f4xx_hal_spi.c ****   hspi->TxXferCount--;
 5218              		.loc 1 3297 20 view .LVU1754
 5219 000c 0233     		adds	r3, r3, #2
 5220 000e 0363     		str	r3, [r0, #48]
3298:Drivers/STM32F4xx_HAL_Driver/Src/stm32f4xx_hal_spi.c **** 
 5221              		.loc 1 3298 3 is_stmt 1 view .LVU1755
3298:Drivers/STM32F4xx_HAL_Driver/Src/stm32f4xx_hal_spi.c **** 
 5222              		.loc 1 3298 7 is_stmt 0 view .LVU1756
 5223 0010 C38E     		ldrh	r3, [r0, #54]
 5224 0012 9BB2     		uxth	r3, r3
3298:Drivers/STM32F4xx_HAL_Driver/Src/stm32f4xx_hal_spi.c **** 
 5225              		.loc 1 3298 20 view .LVU1757
 5226 0014 013B     		subs	r3, r3, #1
 5227 0016 9BB2     		uxth	r3, r3
 5228 0018 C386     		strh	r3, [r0, #54]	@ movhi
3301:Drivers/STM32F4xx_HAL_Driver/Src/stm32f4xx_hal_spi.c ****   {
 5229              		.loc 1 3301 3 is_stmt 1 view .LVU1758
3301:Drivers/STM32F4xx_HAL_Driver/Src/stm32f4xx_hal_spi.c ****   {
 5230              		.loc 1 3301 11 is_stmt 0 view .LVU1759
 5231 001a C38E     		ldrh	r3, [r0, #54]
 5232 001c 9BB2     		uxth	r3, r3
3301:Drivers/STM32F4xx_HAL_Driver/Src/stm32f4xx_hal_spi.c ****   {
 5233              		.loc 1 3301 6 view .LVU1760
 5234 001e 3BB9     		cbnz	r3, .L355
3315:Drivers/STM32F4xx_HAL_Driver/Src/stm32f4xx_hal_spi.c **** 
 5235              		.loc 1 3315 5 is_stmt 1 view .LVU1761
 5236 0020 0268     		ldr	r2, [r0]
 5237 0022 5368     		ldr	r3, [r2, #4]
 5238 0024 23F08003 		bic	r3, r3, #128
 5239 0028 5360     		str	r3, [r2, #4]
3317:Drivers/STM32F4xx_HAL_Driver/Src/stm32f4xx_hal_spi.c ****     {
 5240              		.loc 1 3317 5 view .LVU1762
3317:Drivers/STM32F4xx_HAL_Driver/Src/stm32f4xx_hal_spi.c ****     {
 5241              		.loc 1 3317 13 is_stmt 0 view .LVU1763
 5242 002a C38F     		ldrh	r3, [r0, #62]
 5243 002c 9BB2     		uxth	r3, r3
3317:Drivers/STM32F4xx_HAL_Driver/Src/stm32f4xx_hal_spi.c ****     {
 5244              		.loc 1 3317 8 view .LVU1764
 5245 002e 03B1     		cbz	r3, .L358
 5246              	.LVL299:
 5247              	.L355:
3322:Drivers/STM32F4xx_HAL_Driver/Src/stm32f4xx_hal_spi.c **** 
 5248              		.loc 1 3322 1 view .LVU1765
 5249 0030 08BD     		pop	{r3, pc}
 5250              	.LVL300:
ARM GAS  C:\Users\10369\AppData\Local\Temp\ccy9FUfH.s 			page 191


 5251              	.L358:
3319:Drivers/STM32F4xx_HAL_Driver/Src/stm32f4xx_hal_spi.c ****     }
 5252              		.loc 1 3319 7 is_stmt 1 view .LVU1766
 5253 0032 FFF7FEFF 		bl	SPI_CloseRxTx_ISR
 5254              	.LVL301:
3322:Drivers/STM32F4xx_HAL_Driver/Src/stm32f4xx_hal_spi.c **** 
 5255              		.loc 1 3322 1 is_stmt 0 view .LVU1767
 5256 0036 FBE7     		b	.L355
 5257              		.cfi_endproc
 5258              	.LFE176:
 5260              		.section	.text.SPI_2linesRxISR_16BIT,"ax",%progbits
 5261              		.align	1
 5262              		.syntax unified
 5263              		.thumb
 5264              		.thumb_func
 5266              	SPI_2linesRxISR_16BIT:
 5267              	.LVL302:
 5268              	.LFB175:
3238:Drivers/STM32F4xx_HAL_Driver/Src/stm32f4xx_hal_spi.c ****   /* Receive data in 16 Bit mode */
 5269              		.loc 1 3238 1 is_stmt 1 view -0
 5270              		.cfi_startproc
 5271              		@ args = 0, pretend = 0, frame = 0
 5272              		@ frame_needed = 0, uses_anonymous_args = 0
3238:Drivers/STM32F4xx_HAL_Driver/Src/stm32f4xx_hal_spi.c ****   /* Receive data in 16 Bit mode */
 5273              		.loc 1 3238 1 is_stmt 0 view .LVU1769
 5274 0000 08B5     		push	{r3, lr}
 5275              	.LCFI66:
 5276              		.cfi_def_cfa_offset 8
 5277              		.cfi_offset 3, -8
 5278              		.cfi_offset 14, -4
3240:Drivers/STM32F4xx_HAL_Driver/Src/stm32f4xx_hal_spi.c ****   hspi->pRxBuffPtr += sizeof(uint16_t);
 5279              		.loc 1 3240 3 is_stmt 1 view .LVU1770
3240:Drivers/STM32F4xx_HAL_Driver/Src/stm32f4xx_hal_spi.c ****   hspi->pRxBuffPtr += sizeof(uint16_t);
 5280              		.loc 1 3240 52 is_stmt 0 view .LVU1771
 5281 0002 0368     		ldr	r3, [r0]
3240:Drivers/STM32F4xx_HAL_Driver/Src/stm32f4xx_hal_spi.c ****   hspi->pRxBuffPtr += sizeof(uint16_t);
 5282              		.loc 1 3240 62 view .LVU1772
 5283 0004 DA68     		ldr	r2, [r3, #12]
3240:Drivers/STM32F4xx_HAL_Driver/Src/stm32f4xx_hal_spi.c ****   hspi->pRxBuffPtr += sizeof(uint16_t);
 5284              		.loc 1 3240 21 view .LVU1773
 5285 0006 836B     		ldr	r3, [r0, #56]
3240:Drivers/STM32F4xx_HAL_Driver/Src/stm32f4xx_hal_spi.c ****   hspi->pRxBuffPtr += sizeof(uint16_t);
 5286              		.loc 1 3240 35 view .LVU1774
 5287 0008 1A80     		strh	r2, [r3]	@ movhi
3241:Drivers/STM32F4xx_HAL_Driver/Src/stm32f4xx_hal_spi.c ****   hspi->RxXferCount--;
 5288              		.loc 1 3241 3 is_stmt 1 view .LVU1775
3241:Drivers/STM32F4xx_HAL_Driver/Src/stm32f4xx_hal_spi.c ****   hspi->RxXferCount--;
 5289              		.loc 1 3241 7 is_stmt 0 view .LVU1776
 5290 000a 836B     		ldr	r3, [r0, #56]
3241:Drivers/STM32F4xx_HAL_Driver/Src/stm32f4xx_hal_spi.c ****   hspi->RxXferCount--;
 5291              		.loc 1 3241 20 view .LVU1777
 5292 000c 0233     		adds	r3, r3, #2
 5293 000e 8363     		str	r3, [r0, #56]
3242:Drivers/STM32F4xx_HAL_Driver/Src/stm32f4xx_hal_spi.c **** 
 5294              		.loc 1 3242 3 is_stmt 1 view .LVU1778
3242:Drivers/STM32F4xx_HAL_Driver/Src/stm32f4xx_hal_spi.c **** 
 5295              		.loc 1 3242 7 is_stmt 0 view .LVU1779
ARM GAS  C:\Users\10369\AppData\Local\Temp\ccy9FUfH.s 			page 192


 5296 0010 C38F     		ldrh	r3, [r0, #62]
 5297 0012 9BB2     		uxth	r3, r3
3242:Drivers/STM32F4xx_HAL_Driver/Src/stm32f4xx_hal_spi.c **** 
 5298              		.loc 1 3242 20 view .LVU1780
 5299 0014 013B     		subs	r3, r3, #1
 5300 0016 9BB2     		uxth	r3, r3
 5301 0018 C387     		strh	r3, [r0, #62]	@ movhi
3244:Drivers/STM32F4xx_HAL_Driver/Src/stm32f4xx_hal_spi.c ****   {
 5302              		.loc 1 3244 3 is_stmt 1 view .LVU1781
3244:Drivers/STM32F4xx_HAL_Driver/Src/stm32f4xx_hal_spi.c ****   {
 5303              		.loc 1 3244 11 is_stmt 0 view .LVU1782
 5304 001a C38F     		ldrh	r3, [r0, #62]
 5305 001c 9BB2     		uxth	r3, r3
3244:Drivers/STM32F4xx_HAL_Driver/Src/stm32f4xx_hal_spi.c ****   {
 5306              		.loc 1 3244 6 view .LVU1783
 5307 001e 3BB9     		cbnz	r3, .L359
3255:Drivers/STM32F4xx_HAL_Driver/Src/stm32f4xx_hal_spi.c **** 
 5308              		.loc 1 3255 5 is_stmt 1 view .LVU1784
 5309 0020 0268     		ldr	r2, [r0]
 5310 0022 5368     		ldr	r3, [r2, #4]
 5311 0024 23F04003 		bic	r3, r3, #64
 5312 0028 5360     		str	r3, [r2, #4]
3257:Drivers/STM32F4xx_HAL_Driver/Src/stm32f4xx_hal_spi.c ****     {
 5313              		.loc 1 3257 5 view .LVU1785
3257:Drivers/STM32F4xx_HAL_Driver/Src/stm32f4xx_hal_spi.c ****     {
 5314              		.loc 1 3257 13 is_stmt 0 view .LVU1786
 5315 002a C38E     		ldrh	r3, [r0, #54]
 5316 002c 9BB2     		uxth	r3, r3
3257:Drivers/STM32F4xx_HAL_Driver/Src/stm32f4xx_hal_spi.c ****     {
 5317              		.loc 1 3257 8 view .LVU1787
 5318 002e 03B1     		cbz	r3, .L362
 5319              	.LVL303:
 5320              	.L359:
3262:Drivers/STM32F4xx_HAL_Driver/Src/stm32f4xx_hal_spi.c **** 
 5321              		.loc 1 3262 1 view .LVU1788
 5322 0030 08BD     		pop	{r3, pc}
 5323              	.LVL304:
 5324              	.L362:
3259:Drivers/STM32F4xx_HAL_Driver/Src/stm32f4xx_hal_spi.c ****     }
 5325              		.loc 1 3259 7 is_stmt 1 view .LVU1789
 5326 0032 FFF7FEFF 		bl	SPI_CloseRxTx_ISR
 5327              	.LVL305:
3262:Drivers/STM32F4xx_HAL_Driver/Src/stm32f4xx_hal_spi.c **** 
 5328              		.loc 1 3262 1 is_stmt 0 view .LVU1790
 5329 0036 FBE7     		b	.L359
 5330              		.cfi_endproc
 5331              	.LFE175:
 5333              		.section	.text.SPI_DMAError,"ax",%progbits
 5334              		.align	1
 5335              		.syntax unified
 5336              		.thumb
 5337              		.thumb_func
 5339              	SPI_DMAError:
 5340              	.LVL306:
 5341              	.LFB169:
2970:Drivers/STM32F4xx_HAL_Driver/Src/stm32f4xx_hal_spi.c ****   SPI_HandleTypeDef *hspi = (SPI_HandleTypeDef *)(((DMA_HandleTypeDef *)hdma)->Parent);
 5342              		.loc 1 2970 1 is_stmt 1 view -0
ARM GAS  C:\Users\10369\AppData\Local\Temp\ccy9FUfH.s 			page 193


 5343              		.cfi_startproc
 5344              		@ args = 0, pretend = 0, frame = 0
 5345              		@ frame_needed = 0, uses_anonymous_args = 0
2970:Drivers/STM32F4xx_HAL_Driver/Src/stm32f4xx_hal_spi.c ****   SPI_HandleTypeDef *hspi = (SPI_HandleTypeDef *)(((DMA_HandleTypeDef *)hdma)->Parent);
 5346              		.loc 1 2970 1 is_stmt 0 view .LVU1792
 5347 0000 08B5     		push	{r3, lr}
 5348              	.LCFI67:
 5349              		.cfi_def_cfa_offset 8
 5350              		.cfi_offset 3, -8
 5351              		.cfi_offset 14, -4
2971:Drivers/STM32F4xx_HAL_Driver/Src/stm32f4xx_hal_spi.c **** 
 5352              		.loc 1 2971 3 is_stmt 1 view .LVU1793
2971:Drivers/STM32F4xx_HAL_Driver/Src/stm32f4xx_hal_spi.c **** 
 5353              		.loc 1 2971 22 is_stmt 0 view .LVU1794
 5354 0002 806B     		ldr	r0, [r0, #56]
 5355              	.LVL307:
2974:Drivers/STM32F4xx_HAL_Driver/Src/stm32f4xx_hal_spi.c **** 
 5356              		.loc 1 2974 3 is_stmt 1 view .LVU1795
 5357 0004 0268     		ldr	r2, [r0]
 5358 0006 5368     		ldr	r3, [r2, #4]
 5359 0008 23F00303 		bic	r3, r3, #3
 5360 000c 5360     		str	r3, [r2, #4]
2976:Drivers/STM32F4xx_HAL_Driver/Src/stm32f4xx_hal_spi.c ****   hspi->State = HAL_SPI_STATE_READY;
 5361              		.loc 1 2976 3 view .LVU1796
 5362 000e 436D     		ldr	r3, [r0, #84]
 5363 0010 43F01003 		orr	r3, r3, #16
 5364 0014 4365     		str	r3, [r0, #84]
2977:Drivers/STM32F4xx_HAL_Driver/Src/stm32f4xx_hal_spi.c ****   /* Call user error callback */
 5365              		.loc 1 2977 3 view .LVU1797
2977:Drivers/STM32F4xx_HAL_Driver/Src/stm32f4xx_hal_spi.c ****   /* Call user error callback */
 5366              		.loc 1 2977 15 is_stmt 0 view .LVU1798
 5367 0016 0123     		movs	r3, #1
 5368 0018 80F85130 		strb	r3, [r0, #81]
2982:Drivers/STM32F4xx_HAL_Driver/Src/stm32f4xx_hal_spi.c **** #endif /* USE_HAL_SPI_REGISTER_CALLBACKS */
 5369              		.loc 1 2982 3 is_stmt 1 view .LVU1799
 5370 001c FFF7FEFF 		bl	HAL_SPI_ErrorCallback
 5371              	.LVL308:
2984:Drivers/STM32F4xx_HAL_Driver/Src/stm32f4xx_hal_spi.c **** 
 5372              		.loc 1 2984 1 is_stmt 0 view .LVU1800
 5373 0020 08BD     		pop	{r3, pc}
 5374              		.cfi_endproc
 5375              	.LFE169:
 5377              		.section	.text.SPI_DMATransmitCplt,"ax",%progbits
 5378              		.align	1
 5379              		.syntax unified
 5380              		.thumb
 5381              		.thumb_func
 5383              	SPI_DMATransmitCplt:
 5384              	.LVL309:
 5385              	.LFB163:
2690:Drivers/STM32F4xx_HAL_Driver/Src/stm32f4xx_hal_spi.c ****   SPI_HandleTypeDef *hspi = (SPI_HandleTypeDef *)(((DMA_HandleTypeDef *)hdma)->Parent);
 5386              		.loc 1 2690 1 is_stmt 1 view -0
 5387              		.cfi_startproc
 5388              		@ args = 0, pretend = 0, frame = 8
 5389              		@ frame_needed = 0, uses_anonymous_args = 0
2690:Drivers/STM32F4xx_HAL_Driver/Src/stm32f4xx_hal_spi.c ****   SPI_HandleTypeDef *hspi = (SPI_HandleTypeDef *)(((DMA_HandleTypeDef *)hdma)->Parent);
 5390              		.loc 1 2690 1 is_stmt 0 view .LVU1802
ARM GAS  C:\Users\10369\AppData\Local\Temp\ccy9FUfH.s 			page 194


 5391 0000 30B5     		push	{r4, r5, lr}
 5392              	.LCFI68:
 5393              		.cfi_def_cfa_offset 12
 5394              		.cfi_offset 4, -12
 5395              		.cfi_offset 5, -8
 5396              		.cfi_offset 14, -4
 5397 0002 83B0     		sub	sp, sp, #12
 5398              	.LCFI69:
 5399              		.cfi_def_cfa_offset 24
 5400 0004 0546     		mov	r5, r0
2691:Drivers/STM32F4xx_HAL_Driver/Src/stm32f4xx_hal_spi.c ****   uint32_t tickstart;
 5401              		.loc 1 2691 3 is_stmt 1 view .LVU1803
2691:Drivers/STM32F4xx_HAL_Driver/Src/stm32f4xx_hal_spi.c ****   uint32_t tickstart;
 5402              		.loc 1 2691 22 is_stmt 0 view .LVU1804
 5403 0006 846B     		ldr	r4, [r0, #56]
 5404              	.LVL310:
2692:Drivers/STM32F4xx_HAL_Driver/Src/stm32f4xx_hal_spi.c **** 
 5405              		.loc 1 2692 3 is_stmt 1 view .LVU1805
2695:Drivers/STM32F4xx_HAL_Driver/Src/stm32f4xx_hal_spi.c **** 
 5406              		.loc 1 2695 3 view .LVU1806
2695:Drivers/STM32F4xx_HAL_Driver/Src/stm32f4xx_hal_spi.c **** 
 5407              		.loc 1 2695 15 is_stmt 0 view .LVU1807
 5408 0008 FFF7FEFF 		bl	HAL_GetTick
 5409              	.LVL311:
2698:Drivers/STM32F4xx_HAL_Driver/Src/stm32f4xx_hal_spi.c ****   {
 5410              		.loc 1 2698 3 is_stmt 1 view .LVU1808
2698:Drivers/STM32F4xx_HAL_Driver/Src/stm32f4xx_hal_spi.c ****   {
 5411              		.loc 1 2698 12 is_stmt 0 view .LVU1809
 5412 000c 2B68     		ldr	r3, [r5]
2698:Drivers/STM32F4xx_HAL_Driver/Src/stm32f4xx_hal_spi.c ****   {
 5413              		.loc 1 2698 22 view .LVU1810
 5414 000e 1B68     		ldr	r3, [r3]
2698:Drivers/STM32F4xx_HAL_Driver/Src/stm32f4xx_hal_spi.c ****   {
 5415              		.loc 1 2698 6 view .LVU1811
 5416 0010 13F4807F 		tst	r3, #256
 5417 0014 23D1     		bne	.L366
 5418 0016 0246     		mov	r2, r0
2701:Drivers/STM32F4xx_HAL_Driver/Src/stm32f4xx_hal_spi.c **** 
 5419              		.loc 1 2701 5 is_stmt 1 view .LVU1812
 5420 0018 2168     		ldr	r1, [r4]
 5421 001a 4B68     		ldr	r3, [r1, #4]
 5422 001c 23F02003 		bic	r3, r3, #32
 5423 0020 4B60     		str	r3, [r1, #4]
2704:Drivers/STM32F4xx_HAL_Driver/Src/stm32f4xx_hal_spi.c **** 
 5424              		.loc 1 2704 5 view .LVU1813
 5425 0022 2168     		ldr	r1, [r4]
 5426 0024 4B68     		ldr	r3, [r1, #4]
 5427 0026 23F00203 		bic	r3, r3, #2
 5428 002a 4B60     		str	r3, [r1, #4]
2707:Drivers/STM32F4xx_HAL_Driver/Src/stm32f4xx_hal_spi.c ****     {
 5429              		.loc 1 2707 5 view .LVU1814
2707:Drivers/STM32F4xx_HAL_Driver/Src/stm32f4xx_hal_spi.c ****     {
 5430              		.loc 1 2707 9 is_stmt 0 view .LVU1815
 5431 002c 6421     		movs	r1, #100
 5432 002e 2046     		mov	r0, r4
 5433              	.LVL312:
2707:Drivers/STM32F4xx_HAL_Driver/Src/stm32f4xx_hal_spi.c ****     {
ARM GAS  C:\Users\10369\AppData\Local\Temp\ccy9FUfH.s 			page 195


 5434              		.loc 1 2707 9 view .LVU1816
 5435 0030 FFF7FEFF 		bl	SPI_EndRxTxTransaction
 5436              	.LVL313:
2707:Drivers/STM32F4xx_HAL_Driver/Src/stm32f4xx_hal_spi.c ****     {
 5437              		.loc 1 2707 8 discriminator 1 view .LVU1817
 5438 0034 18B1     		cbz	r0, .L367
2709:Drivers/STM32F4xx_HAL_Driver/Src/stm32f4xx_hal_spi.c ****     }
 5439              		.loc 1 2709 7 is_stmt 1 view .LVU1818
 5440 0036 636D     		ldr	r3, [r4, #84]
 5441 0038 43F02003 		orr	r3, r3, #32
 5442 003c 6365     		str	r3, [r4, #84]
 5443              	.L367:
2713:Drivers/STM32F4xx_HAL_Driver/Src/stm32f4xx_hal_spi.c ****     {
 5444              		.loc 1 2713 5 view .LVU1819
2713:Drivers/STM32F4xx_HAL_Driver/Src/stm32f4xx_hal_spi.c ****     {
 5445              		.loc 1 2713 19 is_stmt 0 view .LVU1820
 5446 003e A368     		ldr	r3, [r4, #8]
2713:Drivers/STM32F4xx_HAL_Driver/Src/stm32f4xx_hal_spi.c ****     {
 5447              		.loc 1 2713 8 view .LVU1821
 5448 0040 33B9     		cbnz	r3, .L368
2715:Drivers/STM32F4xx_HAL_Driver/Src/stm32f4xx_hal_spi.c ****     }
 5449              		.loc 1 2715 7 is_stmt 1 view .LVU1822
 5450              	.LBB9:
2715:Drivers/STM32F4xx_HAL_Driver/Src/stm32f4xx_hal_spi.c ****     }
 5451              		.loc 1 2715 7 view .LVU1823
 5452 0042 0193     		str	r3, [sp, #4]
2715:Drivers/STM32F4xx_HAL_Driver/Src/stm32f4xx_hal_spi.c ****     }
 5453              		.loc 1 2715 7 view .LVU1824
 5454 0044 2368     		ldr	r3, [r4]
 5455 0046 DA68     		ldr	r2, [r3, #12]
 5456 0048 0192     		str	r2, [sp, #4]
2715:Drivers/STM32F4xx_HAL_Driver/Src/stm32f4xx_hal_spi.c ****     }
 5457              		.loc 1 2715 7 view .LVU1825
 5458 004a 9B68     		ldr	r3, [r3, #8]
 5459 004c 0193     		str	r3, [sp, #4]
2715:Drivers/STM32F4xx_HAL_Driver/Src/stm32f4xx_hal_spi.c ****     }
 5460              		.loc 1 2715 7 view .LVU1826
 5461 004e 019B     		ldr	r3, [sp, #4]
 5462              	.L368:
 5463              	.LBE9:
2715:Drivers/STM32F4xx_HAL_Driver/Src/stm32f4xx_hal_spi.c ****     }
 5464              		.loc 1 2715 7 discriminator 1 view .LVU1827
2718:Drivers/STM32F4xx_HAL_Driver/Src/stm32f4xx_hal_spi.c ****     hspi->State = HAL_SPI_STATE_READY;
 5465              		.loc 1 2718 5 view .LVU1828
2718:Drivers/STM32F4xx_HAL_Driver/Src/stm32f4xx_hal_spi.c ****     hspi->State = HAL_SPI_STATE_READY;
 5466              		.loc 1 2718 23 is_stmt 0 view .LVU1829
 5467 0050 0023     		movs	r3, #0
 5468 0052 E386     		strh	r3, [r4, #54]	@ movhi
2719:Drivers/STM32F4xx_HAL_Driver/Src/stm32f4xx_hal_spi.c **** 
 5469              		.loc 1 2719 5 is_stmt 1 view .LVU1830
2719:Drivers/STM32F4xx_HAL_Driver/Src/stm32f4xx_hal_spi.c **** 
 5470              		.loc 1 2719 17 is_stmt 0 view .LVU1831
 5471 0054 0123     		movs	r3, #1
 5472 0056 84F85130 		strb	r3, [r4, #81]
2721:Drivers/STM32F4xx_HAL_Driver/Src/stm32f4xx_hal_spi.c ****     {
 5473              		.loc 1 2721 5 is_stmt 1 view .LVU1832
2721:Drivers/STM32F4xx_HAL_Driver/Src/stm32f4xx_hal_spi.c ****     {
ARM GAS  C:\Users\10369\AppData\Local\Temp\ccy9FUfH.s 			page 196


 5474              		.loc 1 2721 13 is_stmt 0 view .LVU1833
 5475 005a 636D     		ldr	r3, [r4, #84]
2721:Drivers/STM32F4xx_HAL_Driver/Src/stm32f4xx_hal_spi.c ****     {
 5476              		.loc 1 2721 8 view .LVU1834
 5477 005c 23B9     		cbnz	r3, .L371
 5478              	.L366:
2736:Drivers/STM32F4xx_HAL_Driver/Src/stm32f4xx_hal_spi.c **** #endif /* USE_HAL_SPI_REGISTER_CALLBACKS */
 5479              		.loc 1 2736 3 is_stmt 1 view .LVU1835
 5480 005e 2046     		mov	r0, r4
 5481 0060 FFF7FEFF 		bl	HAL_SPI_TxCpltCallback
 5482              	.LVL314:
 5483              	.L365:
2738:Drivers/STM32F4xx_HAL_Driver/Src/stm32f4xx_hal_spi.c **** 
 5484              		.loc 1 2738 1 is_stmt 0 view .LVU1836
 5485 0064 03B0     		add	sp, sp, #12
 5486              	.LCFI70:
 5487              		.cfi_remember_state
 5488              		.cfi_def_cfa_offset 12
 5489              		@ sp needed
 5490 0066 30BD     		pop	{r4, r5, pc}
 5491              	.LVL315:
 5492              	.L371:
 5493              	.LCFI71:
 5494              		.cfi_restore_state
2727:Drivers/STM32F4xx_HAL_Driver/Src/stm32f4xx_hal_spi.c **** #endif /* USE_HAL_SPI_REGISTER_CALLBACKS */
 5495              		.loc 1 2727 7 is_stmt 1 view .LVU1837
 5496 0068 2046     		mov	r0, r4
 5497 006a FFF7FEFF 		bl	HAL_SPI_ErrorCallback
 5498              	.LVL316:
2729:Drivers/STM32F4xx_HAL_Driver/Src/stm32f4xx_hal_spi.c ****     }
 5499              		.loc 1 2729 7 view .LVU1838
 5500 006e F9E7     		b	.L365
 5501              		.cfi_endproc
 5502              	.LFE163:
 5504              		.section	.text.SPI_DMAReceiveCplt,"ax",%progbits
 5505              		.align	1
 5506              		.syntax unified
 5507              		.thumb
 5508              		.thumb_func
 5510              	SPI_DMAReceiveCplt:
 5511              	.LVL317:
 5512              	.LFB164:
2747:Drivers/STM32F4xx_HAL_Driver/Src/stm32f4xx_hal_spi.c ****   SPI_HandleTypeDef *hspi = (SPI_HandleTypeDef *)(((DMA_HandleTypeDef *)hdma)->Parent);
 5513              		.loc 1 2747 1 view -0
 5514              		.cfi_startproc
 5515              		@ args = 0, pretend = 0, frame = 0
 5516              		@ frame_needed = 0, uses_anonymous_args = 0
2747:Drivers/STM32F4xx_HAL_Driver/Src/stm32f4xx_hal_spi.c ****   SPI_HandleTypeDef *hspi = (SPI_HandleTypeDef *)(((DMA_HandleTypeDef *)hdma)->Parent);
 5517              		.loc 1 2747 1 is_stmt 0 view .LVU1840
 5518 0000 38B5     		push	{r3, r4, r5, lr}
 5519              	.LCFI72:
 5520              		.cfi_def_cfa_offset 16
 5521              		.cfi_offset 3, -16
 5522              		.cfi_offset 4, -12
 5523              		.cfi_offset 5, -8
 5524              		.cfi_offset 14, -4
 5525 0002 0546     		mov	r5, r0
ARM GAS  C:\Users\10369\AppData\Local\Temp\ccy9FUfH.s 			page 197


2748:Drivers/STM32F4xx_HAL_Driver/Src/stm32f4xx_hal_spi.c ****   uint32_t tickstart;
 5526              		.loc 1 2748 3 is_stmt 1 view .LVU1841
2748:Drivers/STM32F4xx_HAL_Driver/Src/stm32f4xx_hal_spi.c ****   uint32_t tickstart;
 5527              		.loc 1 2748 22 is_stmt 0 view .LVU1842
 5528 0004 846B     		ldr	r4, [r0, #56]
 5529              	.LVL318:
2749:Drivers/STM32F4xx_HAL_Driver/Src/stm32f4xx_hal_spi.c **** #if (USE_SPI_CRC != 0U)
 5530              		.loc 1 2749 3 is_stmt 1 view .LVU1843
2755:Drivers/STM32F4xx_HAL_Driver/Src/stm32f4xx_hal_spi.c **** 
 5531              		.loc 1 2755 3 view .LVU1844
2755:Drivers/STM32F4xx_HAL_Driver/Src/stm32f4xx_hal_spi.c **** 
 5532              		.loc 1 2755 15 is_stmt 0 view .LVU1845
 5533 0006 FFF7FEFF 		bl	HAL_GetTick
 5534              	.LVL319:
2758:Drivers/STM32F4xx_HAL_Driver/Src/stm32f4xx_hal_spi.c ****   {
 5535              		.loc 1 2758 3 is_stmt 1 view .LVU1846
2758:Drivers/STM32F4xx_HAL_Driver/Src/stm32f4xx_hal_spi.c ****   {
 5536              		.loc 1 2758 12 is_stmt 0 view .LVU1847
 5537 000a 2B68     		ldr	r3, [r5]
2758:Drivers/STM32F4xx_HAL_Driver/Src/stm32f4xx_hal_spi.c ****   {
 5538              		.loc 1 2758 22 view .LVU1848
 5539 000c 1B68     		ldr	r3, [r3]
2758:Drivers/STM32F4xx_HAL_Driver/Src/stm32f4xx_hal_spi.c ****   {
 5540              		.loc 1 2758 6 view .LVU1849
 5541 000e 13F4807F 		tst	r3, #256
 5542 0012 1ED1     		bne	.L373
 5543 0014 0246     		mov	r2, r0
2761:Drivers/STM32F4xx_HAL_Driver/Src/stm32f4xx_hal_spi.c **** 
 5544              		.loc 1 2761 5 is_stmt 1 view .LVU1850
 5545 0016 2168     		ldr	r1, [r4]
 5546 0018 4B68     		ldr	r3, [r1, #4]
 5547 001a 23F02003 		bic	r3, r3, #32
 5548 001e 4B60     		str	r3, [r1, #4]
2781:Drivers/STM32F4xx_HAL_Driver/Src/stm32f4xx_hal_spi.c ****     {
 5549              		.loc 1 2781 5 view .LVU1851
2781:Drivers/STM32F4xx_HAL_Driver/Src/stm32f4xx_hal_spi.c ****     {
 5550              		.loc 1 2781 20 is_stmt 0 view .LVU1852
 5551 0020 A368     		ldr	r3, [r4, #8]
2781:Drivers/STM32F4xx_HAL_Driver/Src/stm32f4xx_hal_spi.c ****     {
 5552              		.loc 1 2781 8 view .LVU1853
 5553 0022 1BB9     		cbnz	r3, .L374
2781:Drivers/STM32F4xx_HAL_Driver/Src/stm32f4xx_hal_spi.c ****     {
 5554              		.loc 1 2781 70 discriminator 1 view .LVU1854
 5555 0024 6368     		ldr	r3, [r4, #4]
2781:Drivers/STM32F4xx_HAL_Driver/Src/stm32f4xx_hal_spi.c ****     {
 5556              		.loc 1 2781 56 discriminator 1 view .LVU1855
 5557 0026 B3F5827F 		cmp	r3, #260
 5558 002a 16D0     		beq	.L379
 5559              	.L374:
2789:Drivers/STM32F4xx_HAL_Driver/Src/stm32f4xx_hal_spi.c ****     }
 5560              		.loc 1 2789 7 is_stmt 1 view .LVU1856
 5561 002c 2168     		ldr	r1, [r4]
 5562 002e 4B68     		ldr	r3, [r1, #4]
 5563 0030 23F00103 		bic	r3, r3, #1
 5564 0034 4B60     		str	r3, [r1, #4]
 5565              	.L375:
2793:Drivers/STM32F4xx_HAL_Driver/Src/stm32f4xx_hal_spi.c ****     {
ARM GAS  C:\Users\10369\AppData\Local\Temp\ccy9FUfH.s 			page 198


 5566              		.loc 1 2793 5 view .LVU1857
2793:Drivers/STM32F4xx_HAL_Driver/Src/stm32f4xx_hal_spi.c ****     {
 5567              		.loc 1 2793 9 is_stmt 0 view .LVU1858
 5568 0036 6421     		movs	r1, #100
 5569 0038 2046     		mov	r0, r4
 5570              	.LVL320:
2793:Drivers/STM32F4xx_HAL_Driver/Src/stm32f4xx_hal_spi.c ****     {
 5571              		.loc 1 2793 9 view .LVU1859
 5572 003a FFF7FEFF 		bl	SPI_EndRxTransaction
 5573              	.LVL321:
2793:Drivers/STM32F4xx_HAL_Driver/Src/stm32f4xx_hal_spi.c ****     {
 5574              		.loc 1 2793 8 discriminator 1 view .LVU1860
 5575 003e 08B1     		cbz	r0, .L376
2795:Drivers/STM32F4xx_HAL_Driver/Src/stm32f4xx_hal_spi.c ****     }
 5576              		.loc 1 2795 7 is_stmt 1 view .LVU1861
2795:Drivers/STM32F4xx_HAL_Driver/Src/stm32f4xx_hal_spi.c ****     }
 5577              		.loc 1 2795 23 is_stmt 0 view .LVU1862
 5578 0040 2023     		movs	r3, #32
 5579 0042 6365     		str	r3, [r4, #84]
 5580              	.L376:
2798:Drivers/STM32F4xx_HAL_Driver/Src/stm32f4xx_hal_spi.c ****     hspi->State = HAL_SPI_STATE_READY;
 5581              		.loc 1 2798 5 is_stmt 1 view .LVU1863
2798:Drivers/STM32F4xx_HAL_Driver/Src/stm32f4xx_hal_spi.c ****     hspi->State = HAL_SPI_STATE_READY;
 5582              		.loc 1 2798 23 is_stmt 0 view .LVU1864
 5583 0044 0023     		movs	r3, #0
 5584 0046 E387     		strh	r3, [r4, #62]	@ movhi
2799:Drivers/STM32F4xx_HAL_Driver/Src/stm32f4xx_hal_spi.c **** 
 5585              		.loc 1 2799 5 is_stmt 1 view .LVU1865
2799:Drivers/STM32F4xx_HAL_Driver/Src/stm32f4xx_hal_spi.c **** 
 5586              		.loc 1 2799 17 is_stmt 0 view .LVU1866
 5587 0048 0123     		movs	r3, #1
 5588 004a 84F85130 		strb	r3, [r4, #81]
2810:Drivers/STM32F4xx_HAL_Driver/Src/stm32f4xx_hal_spi.c ****     {
 5589              		.loc 1 2810 5 is_stmt 1 view .LVU1867
2810:Drivers/STM32F4xx_HAL_Driver/Src/stm32f4xx_hal_spi.c ****     {
 5590              		.loc 1 2810 13 is_stmt 0 view .LVU1868
 5591 004e 636D     		ldr	r3, [r4, #84]
2810:Drivers/STM32F4xx_HAL_Driver/Src/stm32f4xx_hal_spi.c ****     {
 5592              		.loc 1 2810 8 view .LVU1869
 5593 0050 4BB9     		cbnz	r3, .L380
 5594              	.L373:
2825:Drivers/STM32F4xx_HAL_Driver/Src/stm32f4xx_hal_spi.c **** #endif /* USE_HAL_SPI_REGISTER_CALLBACKS */
 5595              		.loc 1 2825 3 is_stmt 1 view .LVU1870
 5596 0052 2046     		mov	r0, r4
 5597 0054 FFF7FEFF 		bl	HAL_SPI_RxCpltCallback
 5598              	.LVL322:
 5599              	.L372:
2827:Drivers/STM32F4xx_HAL_Driver/Src/stm32f4xx_hal_spi.c **** 
 5600              		.loc 1 2827 1 is_stmt 0 view .LVU1871
 5601 0058 38BD     		pop	{r3, r4, r5, pc}
 5602              	.LVL323:
 5603              	.L379:
2784:Drivers/STM32F4xx_HAL_Driver/Src/stm32f4xx_hal_spi.c ****     }
 5604              		.loc 1 2784 7 is_stmt 1 view .LVU1872
 5605 005a 2168     		ldr	r1, [r4]
 5606 005c 4B68     		ldr	r3, [r1, #4]
 5607 005e 23F00303 		bic	r3, r3, #3
ARM GAS  C:\Users\10369\AppData\Local\Temp\ccy9FUfH.s 			page 199


 5608 0062 4B60     		str	r3, [r1, #4]
 5609 0064 E7E7     		b	.L375
 5610              	.LVL324:
 5611              	.L380:
2816:Drivers/STM32F4xx_HAL_Driver/Src/stm32f4xx_hal_spi.c **** #endif /* USE_HAL_SPI_REGISTER_CALLBACKS */
 5612              		.loc 1 2816 7 view .LVU1873
 5613 0066 2046     		mov	r0, r4
 5614 0068 FFF7FEFF 		bl	HAL_SPI_ErrorCallback
 5615              	.LVL325:
2818:Drivers/STM32F4xx_HAL_Driver/Src/stm32f4xx_hal_spi.c ****     }
 5616              		.loc 1 2818 7 view .LVU1874
 5617 006c F4E7     		b	.L372
 5618              		.cfi_endproc
 5619              	.LFE164:
 5621              		.section	.text.SPI_DMATransmitReceiveCplt,"ax",%progbits
 5622              		.align	1
 5623              		.syntax unified
 5624              		.thumb
 5625              		.thumb_func
 5627              	SPI_DMATransmitReceiveCplt:
 5628              	.LVL326:
 5629              	.LFB165:
2836:Drivers/STM32F4xx_HAL_Driver/Src/stm32f4xx_hal_spi.c ****   SPI_HandleTypeDef *hspi = (SPI_HandleTypeDef *)(((DMA_HandleTypeDef *)hdma)->Parent);
 5630              		.loc 1 2836 1 view -0
 5631              		.cfi_startproc
 5632              		@ args = 0, pretend = 0, frame = 0
 5633              		@ frame_needed = 0, uses_anonymous_args = 0
2836:Drivers/STM32F4xx_HAL_Driver/Src/stm32f4xx_hal_spi.c ****   SPI_HandleTypeDef *hspi = (SPI_HandleTypeDef *)(((DMA_HandleTypeDef *)hdma)->Parent);
 5634              		.loc 1 2836 1 is_stmt 0 view .LVU1876
 5635 0000 38B5     		push	{r3, r4, r5, lr}
 5636              	.LCFI73:
 5637              		.cfi_def_cfa_offset 16
 5638              		.cfi_offset 3, -16
 5639              		.cfi_offset 4, -12
 5640              		.cfi_offset 5, -8
 5641              		.cfi_offset 14, -4
 5642 0002 0546     		mov	r5, r0
2837:Drivers/STM32F4xx_HAL_Driver/Src/stm32f4xx_hal_spi.c ****   uint32_t tickstart;
 5643              		.loc 1 2837 3 is_stmt 1 view .LVU1877
2837:Drivers/STM32F4xx_HAL_Driver/Src/stm32f4xx_hal_spi.c ****   uint32_t tickstart;
 5644              		.loc 1 2837 22 is_stmt 0 view .LVU1878
 5645 0004 846B     		ldr	r4, [r0, #56]
 5646              	.LVL327:
2838:Drivers/STM32F4xx_HAL_Driver/Src/stm32f4xx_hal_spi.c **** #if (USE_SPI_CRC != 0U)
 5647              		.loc 1 2838 3 is_stmt 1 view .LVU1879
2844:Drivers/STM32F4xx_HAL_Driver/Src/stm32f4xx_hal_spi.c **** 
 5648              		.loc 1 2844 3 view .LVU1880
2844:Drivers/STM32F4xx_HAL_Driver/Src/stm32f4xx_hal_spi.c **** 
 5649              		.loc 1 2844 15 is_stmt 0 view .LVU1881
 5650 0006 FFF7FEFF 		bl	HAL_GetTick
 5651              	.LVL328:
2847:Drivers/STM32F4xx_HAL_Driver/Src/stm32f4xx_hal_spi.c ****   {
 5652              		.loc 1 2847 3 is_stmt 1 view .LVU1882
2847:Drivers/STM32F4xx_HAL_Driver/Src/stm32f4xx_hal_spi.c ****   {
 5653              		.loc 1 2847 12 is_stmt 0 view .LVU1883
 5654 000a 2B68     		ldr	r3, [r5]
2847:Drivers/STM32F4xx_HAL_Driver/Src/stm32f4xx_hal_spi.c ****   {
ARM GAS  C:\Users\10369\AppData\Local\Temp\ccy9FUfH.s 			page 200


 5655              		.loc 1 2847 22 view .LVU1884
 5656 000c 1B68     		ldr	r3, [r3]
2847:Drivers/STM32F4xx_HAL_Driver/Src/stm32f4xx_hal_spi.c ****   {
 5657              		.loc 1 2847 6 view .LVU1885
 5658 000e 13F4807F 		tst	r3, #256
 5659 0012 1BD1     		bne	.L382
 5660 0014 0246     		mov	r2, r0
2850:Drivers/STM32F4xx_HAL_Driver/Src/stm32f4xx_hal_spi.c **** 
 5661              		.loc 1 2850 5 is_stmt 1 view .LVU1886
 5662 0016 2168     		ldr	r1, [r4]
 5663 0018 4B68     		ldr	r3, [r1, #4]
 5664 001a 23F02003 		bic	r3, r3, #32
 5665 001e 4B60     		str	r3, [r1, #4]
2869:Drivers/STM32F4xx_HAL_Driver/Src/stm32f4xx_hal_spi.c ****     {
 5666              		.loc 1 2869 5 view .LVU1887
2869:Drivers/STM32F4xx_HAL_Driver/Src/stm32f4xx_hal_spi.c ****     {
 5667              		.loc 1 2869 9 is_stmt 0 view .LVU1888
 5668 0020 6421     		movs	r1, #100
 5669 0022 2046     		mov	r0, r4
 5670              	.LVL329:
2869:Drivers/STM32F4xx_HAL_Driver/Src/stm32f4xx_hal_spi.c ****     {
 5671              		.loc 1 2869 9 view .LVU1889
 5672 0024 FFF7FEFF 		bl	SPI_EndRxTxTransaction
 5673              	.LVL330:
2869:Drivers/STM32F4xx_HAL_Driver/Src/stm32f4xx_hal_spi.c ****     {
 5674              		.loc 1 2869 8 discriminator 1 view .LVU1890
 5675 0028 18B1     		cbz	r0, .L383
2871:Drivers/STM32F4xx_HAL_Driver/Src/stm32f4xx_hal_spi.c ****     }
 5676              		.loc 1 2871 7 is_stmt 1 view .LVU1891
 5677 002a 636D     		ldr	r3, [r4, #84]
 5678 002c 43F02003 		orr	r3, r3, #32
 5679 0030 6365     		str	r3, [r4, #84]
 5680              	.L383:
2875:Drivers/STM32F4xx_HAL_Driver/Src/stm32f4xx_hal_spi.c **** 
 5681              		.loc 1 2875 5 view .LVU1892
 5682 0032 2268     		ldr	r2, [r4]
 5683 0034 5368     		ldr	r3, [r2, #4]
 5684 0036 23F00303 		bic	r3, r3, #3
 5685 003a 5360     		str	r3, [r2, #4]
2877:Drivers/STM32F4xx_HAL_Driver/Src/stm32f4xx_hal_spi.c ****     hspi->RxXferCount = 0U;
 5686              		.loc 1 2877 5 view .LVU1893
2877:Drivers/STM32F4xx_HAL_Driver/Src/stm32f4xx_hal_spi.c ****     hspi->RxXferCount = 0U;
 5687              		.loc 1 2877 23 is_stmt 0 view .LVU1894
 5688 003c 0023     		movs	r3, #0
 5689 003e E386     		strh	r3, [r4, #54]	@ movhi
2878:Drivers/STM32F4xx_HAL_Driver/Src/stm32f4xx_hal_spi.c ****     hspi->State = HAL_SPI_STATE_READY;
 5690              		.loc 1 2878 5 is_stmt 1 view .LVU1895
2878:Drivers/STM32F4xx_HAL_Driver/Src/stm32f4xx_hal_spi.c ****     hspi->State = HAL_SPI_STATE_READY;
 5691              		.loc 1 2878 23 is_stmt 0 view .LVU1896
 5692 0040 E387     		strh	r3, [r4, #62]	@ movhi
2879:Drivers/STM32F4xx_HAL_Driver/Src/stm32f4xx_hal_spi.c **** 
 5693              		.loc 1 2879 5 is_stmt 1 view .LVU1897
2879:Drivers/STM32F4xx_HAL_Driver/Src/stm32f4xx_hal_spi.c **** 
 5694              		.loc 1 2879 17 is_stmt 0 view .LVU1898
 5695 0042 0123     		movs	r3, #1
 5696 0044 84F85130 		strb	r3, [r4, #81]
2890:Drivers/STM32F4xx_HAL_Driver/Src/stm32f4xx_hal_spi.c ****     {
ARM GAS  C:\Users\10369\AppData\Local\Temp\ccy9FUfH.s 			page 201


 5697              		.loc 1 2890 5 is_stmt 1 view .LVU1899
2890:Drivers/STM32F4xx_HAL_Driver/Src/stm32f4xx_hal_spi.c ****     {
 5698              		.loc 1 2890 13 is_stmt 0 view .LVU1900
 5699 0048 636D     		ldr	r3, [r4, #84]
2890:Drivers/STM32F4xx_HAL_Driver/Src/stm32f4xx_hal_spi.c ****     {
 5700              		.loc 1 2890 8 view .LVU1901
 5701 004a 1BB9     		cbnz	r3, .L386
 5702              	.L382:
2905:Drivers/STM32F4xx_HAL_Driver/Src/stm32f4xx_hal_spi.c **** #endif /* USE_HAL_SPI_REGISTER_CALLBACKS */
 5703              		.loc 1 2905 3 is_stmt 1 view .LVU1902
 5704 004c 2046     		mov	r0, r4
 5705 004e FFF7FEFF 		bl	HAL_SPI_TxRxCpltCallback
 5706              	.LVL331:
 5707              	.L381:
2907:Drivers/STM32F4xx_HAL_Driver/Src/stm32f4xx_hal_spi.c **** 
 5708              		.loc 1 2907 1 is_stmt 0 view .LVU1903
 5709 0052 38BD     		pop	{r3, r4, r5, pc}
 5710              	.LVL332:
 5711              	.L386:
2896:Drivers/STM32F4xx_HAL_Driver/Src/stm32f4xx_hal_spi.c **** #endif /* USE_HAL_SPI_REGISTER_CALLBACKS */
 5712              		.loc 1 2896 7 is_stmt 1 view .LVU1904
 5713 0054 2046     		mov	r0, r4
 5714 0056 FFF7FEFF 		bl	HAL_SPI_ErrorCallback
 5715              	.LVL333:
2898:Drivers/STM32F4xx_HAL_Driver/Src/stm32f4xx_hal_spi.c ****     }
 5716              		.loc 1 2898 7 view .LVU1905
 5717 005a FAE7     		b	.L381
 5718              		.cfi_endproc
 5719              	.LFE165:
 5721              		.section	.text.HAL_SPI_IRQHandler,"ax",%progbits
 5722              		.align	1
 5723              		.global	HAL_SPI_IRQHandler
 5724              		.syntax unified
 5725              		.thumb
 5726              		.thumb_func
 5728              	HAL_SPI_IRQHandler:
 5729              	.LVL334:
 5730              	.LFB152:
2397:Drivers/STM32F4xx_HAL_Driver/Src/stm32f4xx_hal_spi.c ****   uint32_t itsource = hspi->Instance->CR2;
 5731              		.loc 1 2397 1 view -0
 5732              		.cfi_startproc
 5733              		@ args = 0, pretend = 0, frame = 16
 5734              		@ frame_needed = 0, uses_anonymous_args = 0
2397:Drivers/STM32F4xx_HAL_Driver/Src/stm32f4xx_hal_spi.c ****   uint32_t itsource = hspi->Instance->CR2;
 5735              		.loc 1 2397 1 is_stmt 0 view .LVU1907
 5736 0000 30B5     		push	{r4, r5, lr}
 5737              	.LCFI74:
 5738              		.cfi_def_cfa_offset 12
 5739              		.cfi_offset 4, -12
 5740              		.cfi_offset 5, -8
 5741              		.cfi_offset 14, -4
 5742 0002 85B0     		sub	sp, sp, #20
 5743              	.LCFI75:
 5744              		.cfi_def_cfa_offset 32
 5745 0004 0446     		mov	r4, r0
2398:Drivers/STM32F4xx_HAL_Driver/Src/stm32f4xx_hal_spi.c ****   uint32_t itflag   = hspi->Instance->SR;
 5746              		.loc 1 2398 3 is_stmt 1 view .LVU1908
ARM GAS  C:\Users\10369\AppData\Local\Temp\ccy9FUfH.s 			page 202


2398:Drivers/STM32F4xx_HAL_Driver/Src/stm32f4xx_hal_spi.c ****   uint32_t itflag   = hspi->Instance->SR;
 5747              		.loc 1 2398 27 is_stmt 0 view .LVU1909
 5748 0006 0268     		ldr	r2, [r0]
2398:Drivers/STM32F4xx_HAL_Driver/Src/stm32f4xx_hal_spi.c ****   uint32_t itflag   = hspi->Instance->SR;
 5749              		.loc 1 2398 12 view .LVU1910
 5750 0008 5168     		ldr	r1, [r2, #4]
 5751              	.LVL335:
2399:Drivers/STM32F4xx_HAL_Driver/Src/stm32f4xx_hal_spi.c **** 
 5752              		.loc 1 2399 3 is_stmt 1 view .LVU1911
2399:Drivers/STM32F4xx_HAL_Driver/Src/stm32f4xx_hal_spi.c **** 
 5753              		.loc 1 2399 12 is_stmt 0 view .LVU1912
 5754 000a 9368     		ldr	r3, [r2, #8]
 5755              	.LVL336:
2402:Drivers/STM32F4xx_HAL_Driver/Src/stm32f4xx_hal_spi.c ****       (SPI_CHECK_FLAG(itflag, SPI_FLAG_RXNE) != RESET) && (SPI_CHECK_IT_SOURCE(itsource, SPI_IT_RXN
 5756              		.loc 1 2402 3 is_stmt 1 view .LVU1913
 5757 000c C3F38010 		ubfx	r0, r3, #6, #1
 5758              	.LVL337:
2402:Drivers/STM32F4xx_HAL_Driver/Src/stm32f4xx_hal_spi.c ****       (SPI_CHECK_FLAG(itflag, SPI_FLAG_RXNE) != RESET) && (SPI_CHECK_IT_SOURCE(itsource, SPI_IT_RXN
 5759              		.loc 1 2402 6 is_stmt 0 view .LVU1914
 5760 0010 13F0400F 		tst	r3, #64
 5761 0014 05D1     		bne	.L388
2402:Drivers/STM32F4xx_HAL_Driver/Src/stm32f4xx_hal_spi.c ****       (SPI_CHECK_FLAG(itflag, SPI_FLAG_RXNE) != RESET) && (SPI_CHECK_IT_SOURCE(itsource, SPI_IT_RXN
 5762              		.loc 1 2402 55 discriminator 1 view .LVU1915
 5763 0016 13F0010F 		tst	r3, #1
 5764 001a 02D0     		beq	.L388
2403:Drivers/STM32F4xx_HAL_Driver/Src/stm32f4xx_hal_spi.c ****   {
 5765              		.loc 1 2403 56 view .LVU1916
 5766 001c 11F0400F 		tst	r1, #64
 5767 0020 68D1     		bne	.L400
 5768              	.L388:
2410:Drivers/STM32F4xx_HAL_Driver/Src/stm32f4xx_hal_spi.c ****   {
 5769              		.loc 1 2410 3 is_stmt 1 view .LVU1917
2410:Drivers/STM32F4xx_HAL_Driver/Src/stm32f4xx_hal_spi.c ****   {
 5770              		.loc 1 2410 6 is_stmt 0 view .LVU1918
 5771 0022 13F0020F 		tst	r3, #2
 5772 0026 02D0     		beq	.L390
2410:Drivers/STM32F4xx_HAL_Driver/Src/stm32f4xx_hal_spi.c ****   {
 5773              		.loc 1 2410 55 discriminator 1 view .LVU1919
 5774 0028 11F0800F 		tst	r1, #128
 5775 002c 66D1     		bne	.L401
 5776              	.L390:
2417:Drivers/STM32F4xx_HAL_Driver/Src/stm32f4xx_hal_spi.c ****        || (SPI_CHECK_FLAG(itflag, SPI_FLAG_FRE) != RESET)) && (SPI_CHECK_IT_SOURCE(itsource, SPI_IT
 5777              		.loc 1 2417 3 is_stmt 1 view .LVU1920
 5778 002e C3F34015 		ubfx	r5, r3, #5, #1
2417:Drivers/STM32F4xx_HAL_Driver/Src/stm32f4xx_hal_spi.c ****        || (SPI_CHECK_FLAG(itflag, SPI_FLAG_FRE) != RESET)) && (SPI_CHECK_IT_SOURCE(itsource, SPI_IT
 5779              		.loc 1 2417 6 is_stmt 0 view .LVU1921
 5780 0032 13F0200F 		tst	r3, #32
 5781 0036 03D1     		bne	.L391
2417:Drivers/STM32F4xx_HAL_Driver/Src/stm32f4xx_hal_spi.c ****        || (SPI_CHECK_FLAG(itflag, SPI_FLAG_FRE) != RESET)) && (SPI_CHECK_IT_SOURCE(itsource, SPI_IT
 5782              		.loc 1 2417 57 discriminator 1 view .LVU1922
 5783 0038 10B9     		cbnz	r0, .L391
2418:Drivers/STM32F4xx_HAL_Driver/Src/stm32f4xx_hal_spi.c ****   {
 5784              		.loc 1 2418 8 view .LVU1923
 5785 003a 13F4807F 		tst	r3, #256
 5786 003e 60D0     		beq	.L387
 5787              	.L391:
2418:Drivers/STM32F4xx_HAL_Driver/Src/stm32f4xx_hal_spi.c ****   {
ARM GAS  C:\Users\10369\AppData\Local\Temp\ccy9FUfH.s 			page 203


 5788              		.loc 1 2418 60 discriminator 1 view .LVU1924
 5789 0040 11F0200F 		tst	r1, #32
 5790 0044 5DD0     		beq	.L387
2421:Drivers/STM32F4xx_HAL_Driver/Src/stm32f4xx_hal_spi.c ****     {
 5791              		.loc 1 2421 5 is_stmt 1 view .LVU1925
2421:Drivers/STM32F4xx_HAL_Driver/Src/stm32f4xx_hal_spi.c ****     {
 5792              		.loc 1 2421 8 is_stmt 0 view .LVU1926
 5793 0046 70B1     		cbz	r0, .L392
2423:Drivers/STM32F4xx_HAL_Driver/Src/stm32f4xx_hal_spi.c ****       {
 5794              		.loc 1 2423 7 is_stmt 1 view .LVU1927
2423:Drivers/STM32F4xx_HAL_Driver/Src/stm32f4xx_hal_spi.c ****       {
 5795              		.loc 1 2423 15 is_stmt 0 view .LVU1928
 5796 0048 94F85100 		ldrb	r0, [r4, #81]	@ zero_extendqisi2
2423:Drivers/STM32F4xx_HAL_Driver/Src/stm32f4xx_hal_spi.c ****       {
 5797              		.loc 1 2423 10 view .LVU1929
 5798 004c 0328     		cmp	r0, #3
 5799 004e 5AD0     		beq	.L393
2425:Drivers/STM32F4xx_HAL_Driver/Src/stm32f4xx_hal_spi.c ****         __HAL_SPI_CLEAR_OVRFLAG(hspi);
 5800              		.loc 1 2425 9 is_stmt 1 view .LVU1930
 5801 0050 606D     		ldr	r0, [r4, #84]
 5802 0052 40F00400 		orr	r0, r0, #4
 5803 0056 6065     		str	r0, [r4, #84]
2426:Drivers/STM32F4xx_HAL_Driver/Src/stm32f4xx_hal_spi.c ****       }
 5804              		.loc 1 2426 9 view .LVU1931
 5805              	.LBB10:
2426:Drivers/STM32F4xx_HAL_Driver/Src/stm32f4xx_hal_spi.c ****       }
 5806              		.loc 1 2426 9 view .LVU1932
 5807 0058 0020     		movs	r0, #0
 5808 005a 0090     		str	r0, [sp]
2426:Drivers/STM32F4xx_HAL_Driver/Src/stm32f4xx_hal_spi.c ****       }
 5809              		.loc 1 2426 9 view .LVU1933
 5810 005c D068     		ldr	r0, [r2, #12]
 5811 005e 0090     		str	r0, [sp]
2426:Drivers/STM32F4xx_HAL_Driver/Src/stm32f4xx_hal_spi.c ****       }
 5812              		.loc 1 2426 9 view .LVU1934
 5813 0060 9068     		ldr	r0, [r2, #8]
 5814 0062 0090     		str	r0, [sp]
2426:Drivers/STM32F4xx_HAL_Driver/Src/stm32f4xx_hal_spi.c ****       }
 5815              		.loc 1 2426 9 view .LVU1935
 5816 0064 0098     		ldr	r0, [sp]
 5817              	.LBE10:
2426:Drivers/STM32F4xx_HAL_Driver/Src/stm32f4xx_hal_spi.c ****       }
 5818              		.loc 1 2426 9 view .LVU1936
 5819              	.L392:
2436:Drivers/STM32F4xx_HAL_Driver/Src/stm32f4xx_hal_spi.c ****     {
 5820              		.loc 1 2436 5 view .LVU1937
2436:Drivers/STM32F4xx_HAL_Driver/Src/stm32f4xx_hal_spi.c ****     {
 5821              		.loc 1 2436 8 is_stmt 0 view .LVU1938
 5822 0066 65B1     		cbz	r5, .L394
2438:Drivers/STM32F4xx_HAL_Driver/Src/stm32f4xx_hal_spi.c ****       __HAL_SPI_CLEAR_MODFFLAG(hspi);
 5823              		.loc 1 2438 7 is_stmt 1 view .LVU1939
 5824 0068 606D     		ldr	r0, [r4, #84]
 5825 006a 40F00100 		orr	r0, r0, #1
 5826 006e 6065     		str	r0, [r4, #84]
2439:Drivers/STM32F4xx_HAL_Driver/Src/stm32f4xx_hal_spi.c ****     }
 5827              		.loc 1 2439 7 view .LVU1940
 5828              	.LBB11:
ARM GAS  C:\Users\10369\AppData\Local\Temp\ccy9FUfH.s 			page 204


2439:Drivers/STM32F4xx_HAL_Driver/Src/stm32f4xx_hal_spi.c ****     }
 5829              		.loc 1 2439 7 view .LVU1941
 5830 0070 0020     		movs	r0, #0
 5831 0072 0290     		str	r0, [sp, #8]
2439:Drivers/STM32F4xx_HAL_Driver/Src/stm32f4xx_hal_spi.c ****     }
 5832              		.loc 1 2439 7 view .LVU1942
 5833 0074 9068     		ldr	r0, [r2, #8]
 5834 0076 0290     		str	r0, [sp, #8]
2439:Drivers/STM32F4xx_HAL_Driver/Src/stm32f4xx_hal_spi.c ****     }
 5835              		.loc 1 2439 7 view .LVU1943
 5836 0078 1068     		ldr	r0, [r2]
 5837 007a 20F04000 		bic	r0, r0, #64
 5838 007e 1060     		str	r0, [r2]
2439:Drivers/STM32F4xx_HAL_Driver/Src/stm32f4xx_hal_spi.c ****     }
 5839              		.loc 1 2439 7 view .LVU1944
 5840 0080 029A     		ldr	r2, [sp, #8]
 5841              	.L394:
2439:Drivers/STM32F4xx_HAL_Driver/Src/stm32f4xx_hal_spi.c ****     }
 5842              		.loc 1 2439 7 is_stmt 0 view .LVU1945
 5843              	.LBE11:
2439:Drivers/STM32F4xx_HAL_Driver/Src/stm32f4xx_hal_spi.c ****     }
 5844              		.loc 1 2439 7 is_stmt 1 discriminator 1 view .LVU1946
2443:Drivers/STM32F4xx_HAL_Driver/Src/stm32f4xx_hal_spi.c ****     {
 5845              		.loc 1 2443 5 view .LVU1947
2443:Drivers/STM32F4xx_HAL_Driver/Src/stm32f4xx_hal_spi.c ****     {
 5846              		.loc 1 2443 8 is_stmt 0 view .LVU1948
 5847 0082 13F4807F 		tst	r3, #256
 5848 0086 09D0     		beq	.L395
2445:Drivers/STM32F4xx_HAL_Driver/Src/stm32f4xx_hal_spi.c ****       __HAL_SPI_CLEAR_FREFLAG(hspi);
 5849              		.loc 1 2445 7 is_stmt 1 view .LVU1949
 5850 0088 636D     		ldr	r3, [r4, #84]
 5851              	.LVL338:
2445:Drivers/STM32F4xx_HAL_Driver/Src/stm32f4xx_hal_spi.c ****       __HAL_SPI_CLEAR_FREFLAG(hspi);
 5852              		.loc 1 2445 7 is_stmt 0 view .LVU1950
 5853 008a 43F00803 		orr	r3, r3, #8
 5854 008e 6365     		str	r3, [r4, #84]
2446:Drivers/STM32F4xx_HAL_Driver/Src/stm32f4xx_hal_spi.c ****     }
 5855              		.loc 1 2446 7 is_stmt 1 view .LVU1951
 5856              	.LBB12:
2446:Drivers/STM32F4xx_HAL_Driver/Src/stm32f4xx_hal_spi.c ****     }
 5857              		.loc 1 2446 7 view .LVU1952
 5858 0090 0023     		movs	r3, #0
 5859 0092 0393     		str	r3, [sp, #12]
2446:Drivers/STM32F4xx_HAL_Driver/Src/stm32f4xx_hal_spi.c ****     }
 5860              		.loc 1 2446 7 view .LVU1953
 5861 0094 2368     		ldr	r3, [r4]
 5862 0096 9B68     		ldr	r3, [r3, #8]
 5863 0098 0393     		str	r3, [sp, #12]
2446:Drivers/STM32F4xx_HAL_Driver/Src/stm32f4xx_hal_spi.c ****     }
 5864              		.loc 1 2446 7 view .LVU1954
 5865 009a 039B     		ldr	r3, [sp, #12]
 5866              	.L395:
2446:Drivers/STM32F4xx_HAL_Driver/Src/stm32f4xx_hal_spi.c ****     }
 5867              		.loc 1 2446 7 is_stmt 0 view .LVU1955
 5868              	.LBE12:
2446:Drivers/STM32F4xx_HAL_Driver/Src/stm32f4xx_hal_spi.c ****     }
 5869              		.loc 1 2446 7 is_stmt 1 discriminator 1 view .LVU1956
ARM GAS  C:\Users\10369\AppData\Local\Temp\ccy9FUfH.s 			page 205


2449:Drivers/STM32F4xx_HAL_Driver/Src/stm32f4xx_hal_spi.c ****     {
 5870              		.loc 1 2449 5 view .LVU1957
2449:Drivers/STM32F4xx_HAL_Driver/Src/stm32f4xx_hal_spi.c ****     {
 5871              		.loc 1 2449 13 is_stmt 0 view .LVU1958
 5872 009c 636D     		ldr	r3, [r4, #84]
2449:Drivers/STM32F4xx_HAL_Driver/Src/stm32f4xx_hal_spi.c ****     {
 5873              		.loc 1 2449 8 view .LVU1959
 5874 009e 002B     		cmp	r3, #0
 5875 00a0 2FD0     		beq	.L387
2452:Drivers/STM32F4xx_HAL_Driver/Src/stm32f4xx_hal_spi.c **** 
 5876              		.loc 1 2452 7 is_stmt 1 view .LVU1960
 5877 00a2 2268     		ldr	r2, [r4]
 5878 00a4 5368     		ldr	r3, [r2, #4]
 5879 00a6 23F0E003 		bic	r3, r3, #224
 5880 00aa 5360     		str	r3, [r2, #4]
2454:Drivers/STM32F4xx_HAL_Driver/Src/stm32f4xx_hal_spi.c ****       /* Disable the SPI DMA requests if enabled */
 5881              		.loc 1 2454 7 view .LVU1961
2454:Drivers/STM32F4xx_HAL_Driver/Src/stm32f4xx_hal_spi.c ****       /* Disable the SPI DMA requests if enabled */
 5882              		.loc 1 2454 19 is_stmt 0 view .LVU1962
 5883 00ac 0123     		movs	r3, #1
 5884 00ae 84F85130 		strb	r3, [r4, #81]
2456:Drivers/STM32F4xx_HAL_Driver/Src/stm32f4xx_hal_spi.c ****       {
 5885              		.loc 1 2456 7 is_stmt 1 view .LVU1963
2456:Drivers/STM32F4xx_HAL_Driver/Src/stm32f4xx_hal_spi.c ****       {
 5886              		.loc 1 2456 10 is_stmt 0 view .LVU1964
 5887 00b2 11F0030F 		tst	r1, #3
 5888 00b6 2ED0     		beq	.L397
2458:Drivers/STM32F4xx_HAL_Driver/Src/stm32f4xx_hal_spi.c **** 
 5889              		.loc 1 2458 9 is_stmt 1 view .LVU1965
 5890 00b8 2268     		ldr	r2, [r4]
 5891 00ba 5368     		ldr	r3, [r2, #4]
 5892 00bc 23F00303 		bic	r3, r3, #3
 5893 00c0 5360     		str	r3, [r2, #4]
2461:Drivers/STM32F4xx_HAL_Driver/Src/stm32f4xx_hal_spi.c ****         {
 5894              		.loc 1 2461 9 view .LVU1966
2461:Drivers/STM32F4xx_HAL_Driver/Src/stm32f4xx_hal_spi.c ****         {
 5895              		.loc 1 2461 17 is_stmt 0 view .LVU1967
 5896 00c2 E36C     		ldr	r3, [r4, #76]
2461:Drivers/STM32F4xx_HAL_Driver/Src/stm32f4xx_hal_spi.c ****         {
 5897              		.loc 1 2461 12 view .LVU1968
 5898 00c4 4BB1     		cbz	r3, .L398
2465:Drivers/STM32F4xx_HAL_Driver/Src/stm32f4xx_hal_spi.c ****           if (HAL_OK != HAL_DMA_Abort_IT(hspi->hdmarx))
 5899              		.loc 1 2465 11 is_stmt 1 view .LVU1969
2465:Drivers/STM32F4xx_HAL_Driver/Src/stm32f4xx_hal_spi.c ****           if (HAL_OK != HAL_DMA_Abort_IT(hspi->hdmarx))
 5900              		.loc 1 2465 43 is_stmt 0 view .LVU1970
 5901 00c6 164A     		ldr	r2, .L402
 5902 00c8 1A65     		str	r2, [r3, #80]
2466:Drivers/STM32F4xx_HAL_Driver/Src/stm32f4xx_hal_spi.c ****           {
 5903              		.loc 1 2466 11 is_stmt 1 view .LVU1971
2466:Drivers/STM32F4xx_HAL_Driver/Src/stm32f4xx_hal_spi.c ****           {
 5904              		.loc 1 2466 25 is_stmt 0 view .LVU1972
 5905 00ca E06C     		ldr	r0, [r4, #76]
 5906 00cc FFF7FEFF 		bl	HAL_DMA_Abort_IT
 5907              	.LVL339:
2466:Drivers/STM32F4xx_HAL_Driver/Src/stm32f4xx_hal_spi.c ****           {
 5908              		.loc 1 2466 14 discriminator 1 view .LVU1973
 5909 00d0 18B1     		cbz	r0, .L398
ARM GAS  C:\Users\10369\AppData\Local\Temp\ccy9FUfH.s 			page 206


2468:Drivers/STM32F4xx_HAL_Driver/Src/stm32f4xx_hal_spi.c ****           }
 5910              		.loc 1 2468 13 is_stmt 1 view .LVU1974
 5911 00d2 636D     		ldr	r3, [r4, #84]
 5912 00d4 43F04003 		orr	r3, r3, #64
 5913 00d8 6365     		str	r3, [r4, #84]
 5914              	.L398:
2472:Drivers/STM32F4xx_HAL_Driver/Src/stm32f4xx_hal_spi.c ****         {
 5915              		.loc 1 2472 9 view .LVU1975
2472:Drivers/STM32F4xx_HAL_Driver/Src/stm32f4xx_hal_spi.c ****         {
 5916              		.loc 1 2472 17 is_stmt 0 view .LVU1976
 5917 00da A36C     		ldr	r3, [r4, #72]
2472:Drivers/STM32F4xx_HAL_Driver/Src/stm32f4xx_hal_spi.c ****         {
 5918              		.loc 1 2472 12 view .LVU1977
 5919 00dc 8BB1     		cbz	r3, .L387
2476:Drivers/STM32F4xx_HAL_Driver/Src/stm32f4xx_hal_spi.c ****           if (HAL_OK != HAL_DMA_Abort_IT(hspi->hdmatx))
 5920              		.loc 1 2476 11 is_stmt 1 view .LVU1978
2476:Drivers/STM32F4xx_HAL_Driver/Src/stm32f4xx_hal_spi.c ****           if (HAL_OK != HAL_DMA_Abort_IT(hspi->hdmatx))
 5921              		.loc 1 2476 43 is_stmt 0 view .LVU1979
 5922 00de 104A     		ldr	r2, .L402
 5923 00e0 1A65     		str	r2, [r3, #80]
2477:Drivers/STM32F4xx_HAL_Driver/Src/stm32f4xx_hal_spi.c ****           {
 5924              		.loc 1 2477 11 is_stmt 1 view .LVU1980
2477:Drivers/STM32F4xx_HAL_Driver/Src/stm32f4xx_hal_spi.c ****           {
 5925              		.loc 1 2477 25 is_stmt 0 view .LVU1981
 5926 00e2 A06C     		ldr	r0, [r4, #72]
 5927 00e4 FFF7FEFF 		bl	HAL_DMA_Abort_IT
 5928              	.LVL340:
2477:Drivers/STM32F4xx_HAL_Driver/Src/stm32f4xx_hal_spi.c ****           {
 5929              		.loc 1 2477 14 discriminator 1 view .LVU1982
 5930 00e8 58B1     		cbz	r0, .L387
2479:Drivers/STM32F4xx_HAL_Driver/Src/stm32f4xx_hal_spi.c ****           }
 5931              		.loc 1 2479 13 is_stmt 1 view .LVU1983
 5932 00ea 636D     		ldr	r3, [r4, #84]
 5933 00ec 43F04003 		orr	r3, r3, #64
 5934 00f0 6365     		str	r3, [r4, #84]
 5935 00f2 06E0     		b	.L387
 5936              	.LVL341:
 5937              	.L400:
2405:Drivers/STM32F4xx_HAL_Driver/Src/stm32f4xx_hal_spi.c ****     return;
 5938              		.loc 1 2405 5 view .LVU1984
2405:Drivers/STM32F4xx_HAL_Driver/Src/stm32f4xx_hal_spi.c ****     return;
 5939              		.loc 1 2405 9 is_stmt 0 view .LVU1985
 5940 00f4 236C     		ldr	r3, [r4, #64]
 5941              	.LVL342:
2405:Drivers/STM32F4xx_HAL_Driver/Src/stm32f4xx_hal_spi.c ****     return;
 5942              		.loc 1 2405 5 view .LVU1986
 5943 00f6 2046     		mov	r0, r4
 5944 00f8 9847     		blx	r3
 5945              	.LVL343:
2406:Drivers/STM32F4xx_HAL_Driver/Src/stm32f4xx_hal_spi.c ****   }
 5946              		.loc 1 2406 5 is_stmt 1 view .LVU1987
 5947 00fa 02E0     		b	.L387
 5948              	.LVL344:
 5949              	.L401:
2412:Drivers/STM32F4xx_HAL_Driver/Src/stm32f4xx_hal_spi.c ****     return;
 5950              		.loc 1 2412 5 view .LVU1988
2412:Drivers/STM32F4xx_HAL_Driver/Src/stm32f4xx_hal_spi.c ****     return;
ARM GAS  C:\Users\10369\AppData\Local\Temp\ccy9FUfH.s 			page 207


 5951              		.loc 1 2412 9 is_stmt 0 view .LVU1989
 5952 00fc 636C     		ldr	r3, [r4, #68]
 5953              	.LVL345:
2412:Drivers/STM32F4xx_HAL_Driver/Src/stm32f4xx_hal_spi.c ****     return;
 5954              		.loc 1 2412 5 view .LVU1990
 5955 00fe 2046     		mov	r0, r4
 5956 0100 9847     		blx	r3
 5957              	.LVL346:
2413:Drivers/STM32F4xx_HAL_Driver/Src/stm32f4xx_hal_spi.c ****   }
 5958              		.loc 1 2413 5 is_stmt 1 view .LVU1991
 5959              	.L387:
2495:Drivers/STM32F4xx_HAL_Driver/Src/stm32f4xx_hal_spi.c **** 
 5960              		.loc 1 2495 1 is_stmt 0 view .LVU1992
 5961 0102 05B0     		add	sp, sp, #20
 5962              	.LCFI76:
 5963              		.cfi_remember_state
 5964              		.cfi_def_cfa_offset 12
 5965              		@ sp needed
 5966 0104 30BD     		pop	{r4, r5, pc}
 5967              	.LVL347:
 5968              	.L393:
 5969              	.LCFI77:
 5970              		.cfi_restore_state
2430:Drivers/STM32F4xx_HAL_Driver/Src/stm32f4xx_hal_spi.c ****         return;
 5971              		.loc 1 2430 9 is_stmt 1 view .LVU1993
 5972              	.LBB13:
2430:Drivers/STM32F4xx_HAL_Driver/Src/stm32f4xx_hal_spi.c ****         return;
 5973              		.loc 1 2430 9 view .LVU1994
 5974 0106 0023     		movs	r3, #0
 5975              	.LVL348:
2430:Drivers/STM32F4xx_HAL_Driver/Src/stm32f4xx_hal_spi.c ****         return;
 5976              		.loc 1 2430 9 is_stmt 0 view .LVU1995
 5977 0108 0193     		str	r3, [sp, #4]
2430:Drivers/STM32F4xx_HAL_Driver/Src/stm32f4xx_hal_spi.c ****         return;
 5978              		.loc 1 2430 9 is_stmt 1 view .LVU1996
 5979 010a D368     		ldr	r3, [r2, #12]
 5980 010c 0193     		str	r3, [sp, #4]
2430:Drivers/STM32F4xx_HAL_Driver/Src/stm32f4xx_hal_spi.c ****         return;
 5981              		.loc 1 2430 9 view .LVU1997
 5982 010e 9368     		ldr	r3, [r2, #8]
 5983 0110 0193     		str	r3, [sp, #4]
2430:Drivers/STM32F4xx_HAL_Driver/Src/stm32f4xx_hal_spi.c ****         return;
 5984              		.loc 1 2430 9 view .LVU1998
 5985 0112 019B     		ldr	r3, [sp, #4]
 5986              	.LBE13:
2430:Drivers/STM32F4xx_HAL_Driver/Src/stm32f4xx_hal_spi.c ****         return;
 5987              		.loc 1 2430 9 view .LVU1999
2431:Drivers/STM32F4xx_HAL_Driver/Src/stm32f4xx_hal_spi.c ****       }
 5988              		.loc 1 2431 9 view .LVU2000
 5989 0114 F5E7     		b	.L387
 5990              	.L397:
2489:Drivers/STM32F4xx_HAL_Driver/Src/stm32f4xx_hal_spi.c **** #endif /* USE_HAL_SPI_REGISTER_CALLBACKS */
 5991              		.loc 1 2489 9 view .LVU2001
 5992 0116 2046     		mov	r0, r4
 5993 0118 FFF7FEFF 		bl	HAL_SPI_ErrorCallback
 5994              	.LVL349:
2493:Drivers/STM32F4xx_HAL_Driver/Src/stm32f4xx_hal_spi.c ****   }
ARM GAS  C:\Users\10369\AppData\Local\Temp\ccy9FUfH.s 			page 208


 5995              		.loc 1 2493 5 view .LVU2002
 5996 011c F1E7     		b	.L387
 5997              	.L403:
 5998 011e 00BF     		.align	2
 5999              	.L402:
 6000 0120 00000000 		.word	SPI_DMAAbortOnError
 6001              		.cfi_endproc
 6002              	.LFE152:
 6004              		.section	.text.SPI_DMAAbortOnError,"ax",%progbits
 6005              		.align	1
 6006              		.syntax unified
 6007              		.thumb
 6008              		.thumb_func
 6010              	SPI_DMAAbortOnError:
 6011              	.LVL350:
 6012              	.LFB170:
2993:Drivers/STM32F4xx_HAL_Driver/Src/stm32f4xx_hal_spi.c ****   SPI_HandleTypeDef *hspi = (SPI_HandleTypeDef *)(((DMA_HandleTypeDef *)hdma)->Parent);
 6013              		.loc 1 2993 1 view -0
 6014              		.cfi_startproc
 6015              		@ args = 0, pretend = 0, frame = 0
 6016              		@ frame_needed = 0, uses_anonymous_args = 0
2993:Drivers/STM32F4xx_HAL_Driver/Src/stm32f4xx_hal_spi.c ****   SPI_HandleTypeDef *hspi = (SPI_HandleTypeDef *)(((DMA_HandleTypeDef *)hdma)->Parent);
 6017              		.loc 1 2993 1 is_stmt 0 view .LVU2004
 6018 0000 08B5     		push	{r3, lr}
 6019              	.LCFI78:
 6020              		.cfi_def_cfa_offset 8
 6021              		.cfi_offset 3, -8
 6022              		.cfi_offset 14, -4
2994:Drivers/STM32F4xx_HAL_Driver/Src/stm32f4xx_hal_spi.c ****   hspi->RxXferCount = 0U;
 6023              		.loc 1 2994 3 is_stmt 1 view .LVU2005
2994:Drivers/STM32F4xx_HAL_Driver/Src/stm32f4xx_hal_spi.c ****   hspi->RxXferCount = 0U;
 6024              		.loc 1 2994 22 is_stmt 0 view .LVU2006
 6025 0002 806B     		ldr	r0, [r0, #56]
 6026              	.LVL351:
2995:Drivers/STM32F4xx_HAL_Driver/Src/stm32f4xx_hal_spi.c ****   hspi->TxXferCount = 0U;
 6027              		.loc 1 2995 3 is_stmt 1 view .LVU2007
2995:Drivers/STM32F4xx_HAL_Driver/Src/stm32f4xx_hal_spi.c ****   hspi->TxXferCount = 0U;
 6028              		.loc 1 2995 21 is_stmt 0 view .LVU2008
 6029 0004 0023     		movs	r3, #0
 6030 0006 C387     		strh	r3, [r0, #62]	@ movhi
2996:Drivers/STM32F4xx_HAL_Driver/Src/stm32f4xx_hal_spi.c **** 
 6031              		.loc 1 2996 3 is_stmt 1 view .LVU2009
2996:Drivers/STM32F4xx_HAL_Driver/Src/stm32f4xx_hal_spi.c **** 
 6032              		.loc 1 2996 21 is_stmt 0 view .LVU2010
 6033 0008 C386     		strh	r3, [r0, #54]	@ movhi
3002:Drivers/STM32F4xx_HAL_Driver/Src/stm32f4xx_hal_spi.c **** #endif /* USE_HAL_SPI_REGISTER_CALLBACKS */
 6034              		.loc 1 3002 3 is_stmt 1 view .LVU2011
 6035 000a FFF7FEFF 		bl	HAL_SPI_ErrorCallback
 6036              	.LVL352:
3004:Drivers/STM32F4xx_HAL_Driver/Src/stm32f4xx_hal_spi.c **** 
 6037              		.loc 1 3004 1 is_stmt 0 view .LVU2012
 6038 000e 08BD     		pop	{r3, pc}
 6039              		.cfi_endproc
 6040              	.LFE170:
 6042              		.section	.text.HAL_SPI_AbortCpltCallback,"ax",%progbits
 6043              		.align	1
 6044              		.weak	HAL_SPI_AbortCpltCallback
ARM GAS  C:\Users\10369\AppData\Local\Temp\ccy9FUfH.s 			page 209


 6045              		.syntax unified
 6046              		.thumb
 6047              		.thumb_func
 6049              	HAL_SPI_AbortCpltCallback:
 6050              	.LVL353:
 6051              	.LFB160:
2618:Drivers/STM32F4xx_HAL_Driver/Src/stm32f4xx_hal_spi.c ****   /* Prevent unused argument(s) compilation warning */
 6052              		.loc 1 2618 1 is_stmt 1 view -0
 6053              		.cfi_startproc
 6054              		@ args = 0, pretend = 0, frame = 0
 6055              		@ frame_needed = 0, uses_anonymous_args = 0
 6056              		@ link register save eliminated.
2620:Drivers/STM32F4xx_HAL_Driver/Src/stm32f4xx_hal_spi.c **** 
 6057              		.loc 1 2620 3 view .LVU2014
2625:Drivers/STM32F4xx_HAL_Driver/Src/stm32f4xx_hal_spi.c **** 
 6058              		.loc 1 2625 1 is_stmt 0 view .LVU2015
 6059 0000 7047     		bx	lr
 6060              		.cfi_endproc
 6061              	.LFE160:
 6063              		.section	.text.HAL_SPI_Abort_IT,"ax",%progbits
 6064              		.align	1
 6065              		.global	HAL_SPI_Abort_IT
 6066              		.syntax unified
 6067              		.thumb
 6068              		.thumb_func
 6070              	HAL_SPI_Abort_IT:
 6071              	.LVL354:
 6072              	.LFB148:
2154:Drivers/STM32F4xx_HAL_Driver/Src/stm32f4xx_hal_spi.c ****   HAL_StatusTypeDef errorcode;
 6073              		.loc 1 2154 1 is_stmt 1 view -0
 6074              		.cfi_startproc
 6075              		@ args = 0, pretend = 0, frame = 16
 6076              		@ frame_needed = 0, uses_anonymous_args = 0
2154:Drivers/STM32F4xx_HAL_Driver/Src/stm32f4xx_hal_spi.c ****   HAL_StatusTypeDef errorcode;
 6077              		.loc 1 2154 1 is_stmt 0 view .LVU2017
 6078 0000 70B5     		push	{r4, r5, r6, lr}
 6079              	.LCFI79:
 6080              		.cfi_def_cfa_offset 16
 6081              		.cfi_offset 4, -16
 6082              		.cfi_offset 5, -12
 6083              		.cfi_offset 6, -8
 6084              		.cfi_offset 14, -4
 6085 0002 84B0     		sub	sp, sp, #16
 6086              	.LCFI80:
 6087              		.cfi_def_cfa_offset 32
 6088 0004 0446     		mov	r4, r0
2155:Drivers/STM32F4xx_HAL_Driver/Src/stm32f4xx_hal_spi.c ****   uint32_t abortcplt ;
 6089              		.loc 1 2155 3 is_stmt 1 view .LVU2018
2156:Drivers/STM32F4xx_HAL_Driver/Src/stm32f4xx_hal_spi.c ****   __IO uint32_t count;
 6090              		.loc 1 2156 3 view .LVU2019
2157:Drivers/STM32F4xx_HAL_Driver/Src/stm32f4xx_hal_spi.c ****   __IO uint32_t resetcount;
 6091              		.loc 1 2157 3 view .LVU2020
2158:Drivers/STM32F4xx_HAL_Driver/Src/stm32f4xx_hal_spi.c **** 
 6092              		.loc 1 2158 3 view .LVU2021
2161:Drivers/STM32F4xx_HAL_Driver/Src/stm32f4xx_hal_spi.c ****   abortcplt = 1U;
 6093              		.loc 1 2161 3 view .LVU2022
 6094              	.LVL355:
ARM GAS  C:\Users\10369\AppData\Local\Temp\ccy9FUfH.s 			page 210


2162:Drivers/STM32F4xx_HAL_Driver/Src/stm32f4xx_hal_spi.c ****   resetcount = SPI_DEFAULT_TIMEOUT * (SystemCoreClock / 24U / 1000U);
 6095              		.loc 1 2162 3 view .LVU2023
2163:Drivers/STM32F4xx_HAL_Driver/Src/stm32f4xx_hal_spi.c ****   count = resetcount;
 6096              		.loc 1 2163 3 view .LVU2024
2163:Drivers/STM32F4xx_HAL_Driver/Src/stm32f4xx_hal_spi.c ****   count = resetcount;
 6097              		.loc 1 2163 61 is_stmt 0 view .LVU2025
 6098 0006 4E4B     		ldr	r3, .L433
 6099 0008 1B68     		ldr	r3, [r3]
 6100 000a 4E4A     		ldr	r2, .L433+4
 6101 000c A2FB0323 		umull	r2, r3, r2, r3
 6102 0010 5B0A     		lsrs	r3, r3, #9
2163:Drivers/STM32F4xx_HAL_Driver/Src/stm32f4xx_hal_spi.c ****   count = resetcount;
 6103              		.loc 1 2163 36 view .LVU2026
 6104 0012 6422     		movs	r2, #100
 6105 0014 02FB03F3 		mul	r3, r2, r3
2163:Drivers/STM32F4xx_HAL_Driver/Src/stm32f4xx_hal_spi.c ****   count = resetcount;
 6106              		.loc 1 2163 14 view .LVU2027
 6107 0018 0293     		str	r3, [sp, #8]
2164:Drivers/STM32F4xx_HAL_Driver/Src/stm32f4xx_hal_spi.c **** 
 6108              		.loc 1 2164 3 is_stmt 1 view .LVU2028
2164:Drivers/STM32F4xx_HAL_Driver/Src/stm32f4xx_hal_spi.c **** 
 6109              		.loc 1 2164 9 is_stmt 0 view .LVU2029
 6110 001a 029B     		ldr	r3, [sp, #8]
 6111 001c 0393     		str	r3, [sp, #12]
2167:Drivers/STM32F4xx_HAL_Driver/Src/stm32f4xx_hal_spi.c **** 
 6112              		.loc 1 2167 3 is_stmt 1 view .LVU2030
 6113 001e 0268     		ldr	r2, [r0]
 6114 0020 5368     		ldr	r3, [r2, #4]
 6115 0022 23F02003 		bic	r3, r3, #32
 6116 0026 5360     		str	r3, [r2, #4]
2170:Drivers/STM32F4xx_HAL_Driver/Src/stm32f4xx_hal_spi.c ****   {
 6117              		.loc 1 2170 3 view .LVU2031
2170:Drivers/STM32F4xx_HAL_Driver/Src/stm32f4xx_hal_spi.c ****   {
 6118              		.loc 1 2170 7 is_stmt 0 view .LVU2032
 6119 0028 0268     		ldr	r2, [r0]
 6120 002a 5368     		ldr	r3, [r2, #4]
2170:Drivers/STM32F4xx_HAL_Driver/Src/stm32f4xx_hal_spi.c ****   {
 6121              		.loc 1 2170 6 view .LVU2033
 6122 002c 13F0800F 		tst	r3, #128
 6123 0030 11D0     		beq	.L408
2172:Drivers/STM32F4xx_HAL_Driver/Src/stm32f4xx_hal_spi.c ****     /* Wait HAL_SPI_STATE_ABORT state */
 6124              		.loc 1 2172 5 is_stmt 1 view .LVU2034
2172:Drivers/STM32F4xx_HAL_Driver/Src/stm32f4xx_hal_spi.c ****     /* Wait HAL_SPI_STATE_ABORT state */
 6125              		.loc 1 2172 17 is_stmt 0 view .LVU2035
 6126 0032 454B     		ldr	r3, .L433+8
 6127 0034 4364     		str	r3, [r0, #68]
 6128              	.L411:
2174:Drivers/STM32F4xx_HAL_Driver/Src/stm32f4xx_hal_spi.c ****     {
 6129              		.loc 1 2174 5 is_stmt 1 view .LVU2036
2176:Drivers/STM32F4xx_HAL_Driver/Src/stm32f4xx_hal_spi.c ****       {
 6130              		.loc 1 2176 7 view .LVU2037
2176:Drivers/STM32F4xx_HAL_Driver/Src/stm32f4xx_hal_spi.c ****       {
 6131              		.loc 1 2176 17 is_stmt 0 view .LVU2038
 6132 0036 039B     		ldr	r3, [sp, #12]
2176:Drivers/STM32F4xx_HAL_Driver/Src/stm32f4xx_hal_spi.c ****       {
 6133              		.loc 1 2176 10 view .LVU2039
 6134 0038 3BB1     		cbz	r3, .L430
ARM GAS  C:\Users\10369\AppData\Local\Temp\ccy9FUfH.s 			page 211


2181:Drivers/STM32F4xx_HAL_Driver/Src/stm32f4xx_hal_spi.c ****     } while (hspi->State != HAL_SPI_STATE_ABORT);
 6135              		.loc 1 2181 7 is_stmt 1 view .LVU2040
2181:Drivers/STM32F4xx_HAL_Driver/Src/stm32f4xx_hal_spi.c ****     } while (hspi->State != HAL_SPI_STATE_ABORT);
 6136              		.loc 1 2181 12 is_stmt 0 view .LVU2041
 6137 003a 039B     		ldr	r3, [sp, #12]
 6138 003c 013B     		subs	r3, r3, #1
 6139 003e 0393     		str	r3, [sp, #12]
2182:Drivers/STM32F4xx_HAL_Driver/Src/stm32f4xx_hal_spi.c ****     /* Reset Timeout Counter */
 6140              		.loc 1 2182 26 is_stmt 1 view .LVU2042
2182:Drivers/STM32F4xx_HAL_Driver/Src/stm32f4xx_hal_spi.c ****     /* Reset Timeout Counter */
 6141              		.loc 1 2182 18 is_stmt 0 view .LVU2043
 6142 0040 94F85130 		ldrb	r3, [r4, #81]	@ zero_extendqisi2
2182:Drivers/STM32F4xx_HAL_Driver/Src/stm32f4xx_hal_spi.c ****     /* Reset Timeout Counter */
 6143              		.loc 1 2182 26 view .LVU2044
 6144 0044 072B     		cmp	r3, #7
 6145 0046 F6D1     		bne	.L411
 6146 0048 03E0     		b	.L410
 6147              	.L430:
2178:Drivers/STM32F4xx_HAL_Driver/Src/stm32f4xx_hal_spi.c ****         break;
 6148              		.loc 1 2178 9 is_stmt 1 view .LVU2045
 6149 004a 636D     		ldr	r3, [r4, #84]
 6150 004c 43F04003 		orr	r3, r3, #64
 6151 0050 6365     		str	r3, [r4, #84]
2179:Drivers/STM32F4xx_HAL_Driver/Src/stm32f4xx_hal_spi.c ****       }
 6152              		.loc 1 2179 9 view .LVU2046
 6153              	.L410:
2184:Drivers/STM32F4xx_HAL_Driver/Src/stm32f4xx_hal_spi.c ****   }
 6154              		.loc 1 2184 5 view .LVU2047
2184:Drivers/STM32F4xx_HAL_Driver/Src/stm32f4xx_hal_spi.c ****   }
 6155              		.loc 1 2184 11 is_stmt 0 view .LVU2048
 6156 0052 029B     		ldr	r3, [sp, #8]
 6157 0054 0393     		str	r3, [sp, #12]
 6158              	.L408:
2187:Drivers/STM32F4xx_HAL_Driver/Src/stm32f4xx_hal_spi.c ****   {
 6159              		.loc 1 2187 3 is_stmt 1 view .LVU2049
2187:Drivers/STM32F4xx_HAL_Driver/Src/stm32f4xx_hal_spi.c ****   {
 6160              		.loc 1 2187 7 is_stmt 0 view .LVU2050
 6161 0056 5368     		ldr	r3, [r2, #4]
2187:Drivers/STM32F4xx_HAL_Driver/Src/stm32f4xx_hal_spi.c ****   {
 6162              		.loc 1 2187 6 view .LVU2051
 6163 0058 13F0400F 		tst	r3, #64
 6164 005c 11D0     		beq	.L412
2189:Drivers/STM32F4xx_HAL_Driver/Src/stm32f4xx_hal_spi.c ****     /* Wait HAL_SPI_STATE_ABORT state */
 6165              		.loc 1 2189 5 is_stmt 1 view .LVU2052
2189:Drivers/STM32F4xx_HAL_Driver/Src/stm32f4xx_hal_spi.c ****     /* Wait HAL_SPI_STATE_ABORT state */
 6166              		.loc 1 2189 17 is_stmt 0 view .LVU2053
 6167 005e 3B4B     		ldr	r3, .L433+12
 6168 0060 2364     		str	r3, [r4, #64]
 6169              	.L415:
2191:Drivers/STM32F4xx_HAL_Driver/Src/stm32f4xx_hal_spi.c ****     {
 6170              		.loc 1 2191 5 is_stmt 1 view .LVU2054
2193:Drivers/STM32F4xx_HAL_Driver/Src/stm32f4xx_hal_spi.c ****       {
 6171              		.loc 1 2193 7 view .LVU2055
2193:Drivers/STM32F4xx_HAL_Driver/Src/stm32f4xx_hal_spi.c ****       {
 6172              		.loc 1 2193 17 is_stmt 0 view .LVU2056
 6173 0062 039B     		ldr	r3, [sp, #12]
2193:Drivers/STM32F4xx_HAL_Driver/Src/stm32f4xx_hal_spi.c ****       {
ARM GAS  C:\Users\10369\AppData\Local\Temp\ccy9FUfH.s 			page 212


 6174              		.loc 1 2193 10 view .LVU2057
 6175 0064 3BB1     		cbz	r3, .L431
2198:Drivers/STM32F4xx_HAL_Driver/Src/stm32f4xx_hal_spi.c ****     } while (hspi->State != HAL_SPI_STATE_ABORT);
 6176              		.loc 1 2198 7 is_stmt 1 view .LVU2058
2198:Drivers/STM32F4xx_HAL_Driver/Src/stm32f4xx_hal_spi.c ****     } while (hspi->State != HAL_SPI_STATE_ABORT);
 6177              		.loc 1 2198 12 is_stmt 0 view .LVU2059
 6178 0066 039B     		ldr	r3, [sp, #12]
 6179 0068 013B     		subs	r3, r3, #1
 6180 006a 0393     		str	r3, [sp, #12]
2199:Drivers/STM32F4xx_HAL_Driver/Src/stm32f4xx_hal_spi.c ****     /* Reset Timeout Counter */
 6181              		.loc 1 2199 26 is_stmt 1 view .LVU2060
2199:Drivers/STM32F4xx_HAL_Driver/Src/stm32f4xx_hal_spi.c ****     /* Reset Timeout Counter */
 6182              		.loc 1 2199 18 is_stmt 0 view .LVU2061
 6183 006c 94F85130 		ldrb	r3, [r4, #81]	@ zero_extendqisi2
2199:Drivers/STM32F4xx_HAL_Driver/Src/stm32f4xx_hal_spi.c ****     /* Reset Timeout Counter */
 6184              		.loc 1 2199 26 view .LVU2062
 6185 0070 072B     		cmp	r3, #7
 6186 0072 F6D1     		bne	.L415
 6187 0074 03E0     		b	.L414
 6188              	.L431:
2195:Drivers/STM32F4xx_HAL_Driver/Src/stm32f4xx_hal_spi.c ****         break;
 6189              		.loc 1 2195 9 is_stmt 1 view .LVU2063
 6190 0076 636D     		ldr	r3, [r4, #84]
 6191 0078 43F04003 		orr	r3, r3, #64
 6192 007c 6365     		str	r3, [r4, #84]
2196:Drivers/STM32F4xx_HAL_Driver/Src/stm32f4xx_hal_spi.c ****       }
 6193              		.loc 1 2196 9 view .LVU2064
 6194              	.L414:
2201:Drivers/STM32F4xx_HAL_Driver/Src/stm32f4xx_hal_spi.c ****   }
 6195              		.loc 1 2201 5 view .LVU2065
2201:Drivers/STM32F4xx_HAL_Driver/Src/stm32f4xx_hal_spi.c ****   }
 6196              		.loc 1 2201 11 is_stmt 0 view .LVU2066
 6197 007e 029B     		ldr	r3, [sp, #8]
 6198 0080 0393     		str	r3, [sp, #12]
 6199              	.L412:
2207:Drivers/STM32F4xx_HAL_Driver/Src/stm32f4xx_hal_spi.c ****   {
 6200              		.loc 1 2207 3 is_stmt 1 view .LVU2067
2207:Drivers/STM32F4xx_HAL_Driver/Src/stm32f4xx_hal_spi.c ****   {
 6201              		.loc 1 2207 11 is_stmt 0 view .LVU2068
 6202 0082 A36C     		ldr	r3, [r4, #72]
2207:Drivers/STM32F4xx_HAL_Driver/Src/stm32f4xx_hal_spi.c ****   {
 6203              		.loc 1 2207 6 view .LVU2069
 6204 0084 2BB1     		cbz	r3, .L416
2211:Drivers/STM32F4xx_HAL_Driver/Src/stm32f4xx_hal_spi.c ****     {
 6205              		.loc 1 2211 5 is_stmt 1 view .LVU2070
2211:Drivers/STM32F4xx_HAL_Driver/Src/stm32f4xx_hal_spi.c ****     {
 6206              		.loc 1 2211 9 is_stmt 0 view .LVU2071
 6207 0086 5268     		ldr	r2, [r2, #4]
2211:Drivers/STM32F4xx_HAL_Driver/Src/stm32f4xx_hal_spi.c ****     {
 6208              		.loc 1 2211 8 view .LVU2072
 6209 0088 12F0020F 		tst	r2, #2
 6210 008c 1BD0     		beq	.L417
2213:Drivers/STM32F4xx_HAL_Driver/Src/stm32f4xx_hal_spi.c ****     }
 6211              		.loc 1 2213 7 is_stmt 1 view .LVU2073
2213:Drivers/STM32F4xx_HAL_Driver/Src/stm32f4xx_hal_spi.c ****     }
 6212              		.loc 1 2213 39 is_stmt 0 view .LVU2074
 6213 008e 304A     		ldr	r2, .L433+16
ARM GAS  C:\Users\10369\AppData\Local\Temp\ccy9FUfH.s 			page 213


 6214 0090 1A65     		str	r2, [r3, #80]
 6215              	.L416:
2221:Drivers/STM32F4xx_HAL_Driver/Src/stm32f4xx_hal_spi.c ****   {
 6216              		.loc 1 2221 3 is_stmt 1 view .LVU2075
2221:Drivers/STM32F4xx_HAL_Driver/Src/stm32f4xx_hal_spi.c ****   {
 6217              		.loc 1 2221 11 is_stmt 0 view .LVU2076
 6218 0092 E36C     		ldr	r3, [r4, #76]
2221:Drivers/STM32F4xx_HAL_Driver/Src/stm32f4xx_hal_spi.c ****   {
 6219              		.loc 1 2221 6 view .LVU2077
 6220 0094 33B1     		cbz	r3, .L418
2225:Drivers/STM32F4xx_HAL_Driver/Src/stm32f4xx_hal_spi.c ****     {
 6221              		.loc 1 2225 5 is_stmt 1 view .LVU2078
2225:Drivers/STM32F4xx_HAL_Driver/Src/stm32f4xx_hal_spi.c ****     {
 6222              		.loc 1 2225 9 is_stmt 0 view .LVU2079
 6223 0096 2268     		ldr	r2, [r4]
 6224 0098 5268     		ldr	r2, [r2, #4]
2225:Drivers/STM32F4xx_HAL_Driver/Src/stm32f4xx_hal_spi.c ****     {
 6225              		.loc 1 2225 8 view .LVU2080
 6226 009a 12F0010F 		tst	r2, #1
 6227 009e 15D0     		beq	.L419
2227:Drivers/STM32F4xx_HAL_Driver/Src/stm32f4xx_hal_spi.c ****     }
 6228              		.loc 1 2227 7 is_stmt 1 view .LVU2081
2227:Drivers/STM32F4xx_HAL_Driver/Src/stm32f4xx_hal_spi.c ****     }
 6229              		.loc 1 2227 39 is_stmt 0 view .LVU2082
 6230 00a0 2C4A     		ldr	r2, .L433+20
 6231 00a2 1A65     		str	r2, [r3, #80]
 6232              	.L418:
2236:Drivers/STM32F4xx_HAL_Driver/Src/stm32f4xx_hal_spi.c ****   {
 6233              		.loc 1 2236 3 is_stmt 1 view .LVU2083
2236:Drivers/STM32F4xx_HAL_Driver/Src/stm32f4xx_hal_spi.c ****   {
 6234              		.loc 1 2236 7 is_stmt 0 view .LVU2084
 6235 00a4 2368     		ldr	r3, [r4]
 6236 00a6 5B68     		ldr	r3, [r3, #4]
2236:Drivers/STM32F4xx_HAL_Driver/Src/stm32f4xx_hal_spi.c ****   {
 6237              		.loc 1 2236 6 view .LVU2085
 6238 00a8 13F0020F 		tst	r3, #2
 6239 00ac 11D0     		beq	.L424
2239:Drivers/STM32F4xx_HAL_Driver/Src/stm32f4xx_hal_spi.c ****     {
 6240              		.loc 1 2239 5 is_stmt 1 view .LVU2086
2239:Drivers/STM32F4xx_HAL_Driver/Src/stm32f4xx_hal_spi.c ****     {
 6241              		.loc 1 2239 13 is_stmt 0 view .LVU2087
 6242 00ae A06C     		ldr	r0, [r4, #72]
 6243              	.LVL356:
2239:Drivers/STM32F4xx_HAL_Driver/Src/stm32f4xx_hal_spi.c ****     {
 6244              		.loc 1 2239 8 view .LVU2088
 6245 00b0 28B3     		cbz	r0, .L425
2242:Drivers/STM32F4xx_HAL_Driver/Src/stm32f4xx_hal_spi.c ****       {
 6246              		.loc 1 2242 7 is_stmt 1 view .LVU2089
2242:Drivers/STM32F4xx_HAL_Driver/Src/stm32f4xx_hal_spi.c ****       {
 6247              		.loc 1 2242 11 is_stmt 0 view .LVU2090
 6248 00b2 FFF7FEFF 		bl	HAL_DMA_Abort_IT
 6249              	.LVL357:
2242:Drivers/STM32F4xx_HAL_Driver/Src/stm32f4xx_hal_spi.c ****       {
 6250              		.loc 1 2242 10 discriminator 1 view .LVU2091
 6251 00b6 20B3     		cbz	r0, .L426
2244:Drivers/STM32F4xx_HAL_Driver/Src/stm32f4xx_hal_spi.c ****         hspi->ErrorCode = HAL_SPI_ERROR_ABORT;
 6252              		.loc 1 2244 9 is_stmt 1 view .LVU2092
ARM GAS  C:\Users\10369\AppData\Local\Temp\ccy9FUfH.s 			page 214


2244:Drivers/STM32F4xx_HAL_Driver/Src/stm32f4xx_hal_spi.c ****         hspi->ErrorCode = HAL_SPI_ERROR_ABORT;
 6253              		.loc 1 2244 13 is_stmt 0 view .LVU2093
 6254 00b8 A36C     		ldr	r3, [r4, #72]
2244:Drivers/STM32F4xx_HAL_Driver/Src/stm32f4xx_hal_spi.c ****         hspi->ErrorCode = HAL_SPI_ERROR_ABORT;
 6255              		.loc 1 2244 41 view .LVU2094
 6256 00ba 0022     		movs	r2, #0
 6257 00bc 1A65     		str	r2, [r3, #80]
2245:Drivers/STM32F4xx_HAL_Driver/Src/stm32f4xx_hal_spi.c ****       }
 6258              		.loc 1 2245 9 is_stmt 1 view .LVU2095
2245:Drivers/STM32F4xx_HAL_Driver/Src/stm32f4xx_hal_spi.c ****       }
 6259              		.loc 1 2245 25 is_stmt 0 view .LVU2096
 6260 00be 4023     		movs	r3, #64
 6261 00c0 6365     		str	r3, [r4, #84]
2162:Drivers/STM32F4xx_HAL_Driver/Src/stm32f4xx_hal_spi.c ****   resetcount = SPI_DEFAULT_TIMEOUT * (SystemCoreClock / 24U / 1000U);
 6262              		.loc 1 2162 13 view .LVU2097
 6263 00c2 0126     		movs	r6, #1
 6264 00c4 06E0     		b	.L420
 6265              	.LVL358:
 6266              	.L417:
2217:Drivers/STM32F4xx_HAL_Driver/Src/stm32f4xx_hal_spi.c ****     }
 6267              		.loc 1 2217 7 is_stmt 1 view .LVU2098
2217:Drivers/STM32F4xx_HAL_Driver/Src/stm32f4xx_hal_spi.c ****     }
 6268              		.loc 1 2217 39 is_stmt 0 view .LVU2099
 6269 00c6 0022     		movs	r2, #0
 6270 00c8 1A65     		str	r2, [r3, #80]
 6271 00ca E2E7     		b	.L416
 6272              	.L419:
2231:Drivers/STM32F4xx_HAL_Driver/Src/stm32f4xx_hal_spi.c ****     }
 6273              		.loc 1 2231 7 is_stmt 1 view .LVU2100
2231:Drivers/STM32F4xx_HAL_Driver/Src/stm32f4xx_hal_spi.c ****     }
 6274              		.loc 1 2231 39 is_stmt 0 view .LVU2101
 6275 00cc 0022     		movs	r2, #0
 6276 00ce 1A65     		str	r2, [r3, #80]
 6277 00d0 E8E7     		b	.L418
 6278              	.L424:
2162:Drivers/STM32F4xx_HAL_Driver/Src/stm32f4xx_hal_spi.c ****   resetcount = SPI_DEFAULT_TIMEOUT * (SystemCoreClock / 24U / 1000U);
 6279              		.loc 1 2162 13 view .LVU2102
 6280 00d2 0126     		movs	r6, #1
 6281              	.LVL359:
 6282              	.L420:
2254:Drivers/STM32F4xx_HAL_Driver/Src/stm32f4xx_hal_spi.c ****   {
 6283              		.loc 1 2254 3 is_stmt 1 view .LVU2103
2254:Drivers/STM32F4xx_HAL_Driver/Src/stm32f4xx_hal_spi.c ****   {
 6284              		.loc 1 2254 7 is_stmt 0 view .LVU2104
 6285 00d4 2368     		ldr	r3, [r4]
 6286 00d6 5B68     		ldr	r3, [r3, #4]
2254:Drivers/STM32F4xx_HAL_Driver/Src/stm32f4xx_hal_spi.c ****   {
 6287              		.loc 1 2254 6 view .LVU2105
 6288 00d8 13F0010F 		tst	r3, #1
 6289 00dc 0AD0     		beq	.L421
2257:Drivers/STM32F4xx_HAL_Driver/Src/stm32f4xx_hal_spi.c ****     {
 6290              		.loc 1 2257 5 is_stmt 1 view .LVU2106
2257:Drivers/STM32F4xx_HAL_Driver/Src/stm32f4xx_hal_spi.c ****     {
 6291              		.loc 1 2257 13 is_stmt 0 view .LVU2107
 6292 00de E06C     		ldr	r0, [r4, #76]
2257:Drivers/STM32F4xx_HAL_Driver/Src/stm32f4xx_hal_spi.c ****     {
 6293              		.loc 1 2257 8 view .LVU2108
ARM GAS  C:\Users\10369\AppData\Local\Temp\ccy9FUfH.s 			page 215


 6294 00e0 40B1     		cbz	r0, .L421
2260:Drivers/STM32F4xx_HAL_Driver/Src/stm32f4xx_hal_spi.c ****       {
 6295              		.loc 1 2260 7 is_stmt 1 view .LVU2109
2260:Drivers/STM32F4xx_HAL_Driver/Src/stm32f4xx_hal_spi.c ****       {
 6296              		.loc 1 2260 11 is_stmt 0 view .LVU2110
 6297 00e2 FFF7FEFF 		bl	HAL_DMA_Abort_IT
 6298              	.LVL360:
2260:Drivers/STM32F4xx_HAL_Driver/Src/stm32f4xx_hal_spi.c ****       {
 6299              		.loc 1 2260 10 discriminator 1 view .LVU2111
 6300 00e6 0546     		mov	r5, r0
 6301 00e8 30B1     		cbz	r0, .L422
2262:Drivers/STM32F4xx_HAL_Driver/Src/stm32f4xx_hal_spi.c ****         hspi->ErrorCode = HAL_SPI_ERROR_ABORT;
 6302              		.loc 1 2262 9 is_stmt 1 view .LVU2112
2262:Drivers/STM32F4xx_HAL_Driver/Src/stm32f4xx_hal_spi.c ****         hspi->ErrorCode = HAL_SPI_ERROR_ABORT;
 6303              		.loc 1 2262 13 is_stmt 0 view .LVU2113
 6304 00ea E36C     		ldr	r3, [r4, #76]
2262:Drivers/STM32F4xx_HAL_Driver/Src/stm32f4xx_hal_spi.c ****         hspi->ErrorCode = HAL_SPI_ERROR_ABORT;
 6305              		.loc 1 2262 41 view .LVU2114
 6306 00ec 0022     		movs	r2, #0
 6307 00ee 1A65     		str	r2, [r3, #80]
2263:Drivers/STM32F4xx_HAL_Driver/Src/stm32f4xx_hal_spi.c ****       }
 6308              		.loc 1 2263 9 is_stmt 1 view .LVU2115
2263:Drivers/STM32F4xx_HAL_Driver/Src/stm32f4xx_hal_spi.c ****       }
 6309              		.loc 1 2263 25 is_stmt 0 view .LVU2116
 6310 00f0 4023     		movs	r3, #64
 6311 00f2 6365     		str	r3, [r4, #84]
 6312              	.L421:
2272:Drivers/STM32F4xx_HAL_Driver/Src/stm32f4xx_hal_spi.c ****   {
 6313              		.loc 1 2272 3 is_stmt 1 view .LVU2117
2272:Drivers/STM32F4xx_HAL_Driver/Src/stm32f4xx_hal_spi.c ****   {
 6314              		.loc 1 2272 6 is_stmt 0 view .LVU2118
 6315 00f4 3EB9     		cbnz	r6, .L432
2161:Drivers/STM32F4xx_HAL_Driver/Src/stm32f4xx_hal_spi.c ****   abortcplt = 1U;
 6316              		.loc 1 2161 13 view .LVU2119
 6317 00f6 0025     		movs	r5, #0
 6318              	.LVL361:
 6319              	.L422:
2305:Drivers/STM32F4xx_HAL_Driver/Src/stm32f4xx_hal_spi.c **** }
 6320              		.loc 1 2305 3 is_stmt 1 view .LVU2120
2306:Drivers/STM32F4xx_HAL_Driver/Src/stm32f4xx_hal_spi.c **** 
 6321              		.loc 1 2306 1 is_stmt 0 view .LVU2121
 6322 00f8 2846     		mov	r0, r5
 6323 00fa 04B0     		add	sp, sp, #16
 6324              	.LCFI81:
 6325              		.cfi_remember_state
 6326              		.cfi_def_cfa_offset 16
 6327              		@ sp needed
 6328 00fc 70BD     		pop	{r4, r5, r6, pc}
 6329              	.LVL362:
 6330              	.L425:
 6331              	.LCFI82:
 6332              		.cfi_restore_state
2162:Drivers/STM32F4xx_HAL_Driver/Src/stm32f4xx_hal_spi.c ****   resetcount = SPI_DEFAULT_TIMEOUT * (SystemCoreClock / 24U / 1000U);
 6333              		.loc 1 2162 13 view .LVU2122
 6334 00fe 0126     		movs	r6, #1
 6335 0100 E8E7     		b	.L420
 6336              	.L426:
ARM GAS  C:\Users\10369\AppData\Local\Temp\ccy9FUfH.s 			page 216


2249:Drivers/STM32F4xx_HAL_Driver/Src/stm32f4xx_hal_spi.c ****       }
 6337              		.loc 1 2249 19 view .LVU2123
 6338 0102 0026     		movs	r6, #0
 6339 0104 E6E7     		b	.L420
 6340              	.LVL363:
 6341              	.L432:
2275:Drivers/STM32F4xx_HAL_Driver/Src/stm32f4xx_hal_spi.c ****     hspi->TxXferCount = 0U;
 6342              		.loc 1 2275 5 is_stmt 1 view .LVU2124
2275:Drivers/STM32F4xx_HAL_Driver/Src/stm32f4xx_hal_spi.c ****     hspi->TxXferCount = 0U;
 6343              		.loc 1 2275 23 is_stmt 0 view .LVU2125
 6344 0106 0023     		movs	r3, #0
 6345 0108 E387     		strh	r3, [r4, #62]	@ movhi
2276:Drivers/STM32F4xx_HAL_Driver/Src/stm32f4xx_hal_spi.c **** 
 6346              		.loc 1 2276 5 is_stmt 1 view .LVU2126
2276:Drivers/STM32F4xx_HAL_Driver/Src/stm32f4xx_hal_spi.c **** 
 6347              		.loc 1 2276 23 is_stmt 0 view .LVU2127
 6348 010a E386     		strh	r3, [r4, #54]	@ movhi
2279:Drivers/STM32F4xx_HAL_Driver/Src/stm32f4xx_hal_spi.c ****     {
 6349              		.loc 1 2279 5 is_stmt 1 view .LVU2128
2279:Drivers/STM32F4xx_HAL_Driver/Src/stm32f4xx_hal_spi.c ****     {
 6350              		.loc 1 2279 13 is_stmt 0 view .LVU2129
 6351 010c 636D     		ldr	r3, [r4, #84]
2279:Drivers/STM32F4xx_HAL_Driver/Src/stm32f4xx_hal_spi.c ****     {
 6352              		.loc 1 2279 8 view .LVU2130
 6353 010e 402B     		cmp	r3, #64
 6354 0110 14D0     		beq	.L428
2287:Drivers/STM32F4xx_HAL_Driver/Src/stm32f4xx_hal_spi.c ****     }
 6355              		.loc 1 2287 7 is_stmt 1 view .LVU2131
2287:Drivers/STM32F4xx_HAL_Driver/Src/stm32f4xx_hal_spi.c ****     }
 6356              		.loc 1 2287 23 is_stmt 0 view .LVU2132
 6357 0112 0025     		movs	r5, #0
 6358 0114 6565     		str	r5, [r4, #84]
 6359              	.L423:
 6360              	.LVL364:
2291:Drivers/STM32F4xx_HAL_Driver/Src/stm32f4xx_hal_spi.c ****     __HAL_SPI_CLEAR_FREFLAG(hspi);
 6361              		.loc 1 2291 5 is_stmt 1 view .LVU2133
 6362              	.LBB14:
2291:Drivers/STM32F4xx_HAL_Driver/Src/stm32f4xx_hal_spi.c ****     __HAL_SPI_CLEAR_FREFLAG(hspi);
 6363              		.loc 1 2291 5 view .LVU2134
 6364 0116 0022     		movs	r2, #0
 6365 0118 0092     		str	r2, [sp]
2291:Drivers/STM32F4xx_HAL_Driver/Src/stm32f4xx_hal_spi.c ****     __HAL_SPI_CLEAR_FREFLAG(hspi);
 6366              		.loc 1 2291 5 view .LVU2135
 6367 011a 2368     		ldr	r3, [r4]
 6368 011c D968     		ldr	r1, [r3, #12]
 6369 011e 0091     		str	r1, [sp]
2291:Drivers/STM32F4xx_HAL_Driver/Src/stm32f4xx_hal_spi.c ****     __HAL_SPI_CLEAR_FREFLAG(hspi);
 6370              		.loc 1 2291 5 view .LVU2136
 6371 0120 9968     		ldr	r1, [r3, #8]
 6372 0122 0091     		str	r1, [sp]
2291:Drivers/STM32F4xx_HAL_Driver/Src/stm32f4xx_hal_spi.c ****     __HAL_SPI_CLEAR_FREFLAG(hspi);
 6373              		.loc 1 2291 5 view .LVU2137
 6374 0124 0099     		ldr	r1, [sp]
 6375              	.LBE14:
2291:Drivers/STM32F4xx_HAL_Driver/Src/stm32f4xx_hal_spi.c ****     __HAL_SPI_CLEAR_FREFLAG(hspi);
 6376              		.loc 1 2291 5 view .LVU2138
2292:Drivers/STM32F4xx_HAL_Driver/Src/stm32f4xx_hal_spi.c **** 
ARM GAS  C:\Users\10369\AppData\Local\Temp\ccy9FUfH.s 			page 217


 6377              		.loc 1 2292 5 view .LVU2139
 6378              	.LBB15:
2292:Drivers/STM32F4xx_HAL_Driver/Src/stm32f4xx_hal_spi.c **** 
 6379              		.loc 1 2292 5 view .LVU2140
 6380 0126 0192     		str	r2, [sp, #4]
2292:Drivers/STM32F4xx_HAL_Driver/Src/stm32f4xx_hal_spi.c **** 
 6381              		.loc 1 2292 5 view .LVU2141
 6382 0128 9B68     		ldr	r3, [r3, #8]
 6383 012a 0193     		str	r3, [sp, #4]
2292:Drivers/STM32F4xx_HAL_Driver/Src/stm32f4xx_hal_spi.c **** 
 6384              		.loc 1 2292 5 view .LVU2142
 6385 012c 019B     		ldr	r3, [sp, #4]
 6386              	.LBE15:
2292:Drivers/STM32F4xx_HAL_Driver/Src/stm32f4xx_hal_spi.c **** 
 6387              		.loc 1 2292 5 view .LVU2143
2295:Drivers/STM32F4xx_HAL_Driver/Src/stm32f4xx_hal_spi.c **** 
 6388              		.loc 1 2295 5 view .LVU2144
2295:Drivers/STM32F4xx_HAL_Driver/Src/stm32f4xx_hal_spi.c **** 
 6389              		.loc 1 2295 17 is_stmt 0 view .LVU2145
 6390 012e 0123     		movs	r3, #1
 6391 0130 84F85130 		strb	r3, [r4, #81]
2301:Drivers/STM32F4xx_HAL_Driver/Src/stm32f4xx_hal_spi.c **** #endif /* USE_HAL_SPI_REGISTER_CALLBACKS */
 6392              		.loc 1 2301 5 is_stmt 1 view .LVU2146
 6393 0134 2046     		mov	r0, r4
 6394 0136 FFF7FEFF 		bl	HAL_SPI_AbortCpltCallback
 6395              	.LVL365:
 6396 013a DDE7     		b	.L422
 6397              	.LVL366:
 6398              	.L428:
2282:Drivers/STM32F4xx_HAL_Driver/Src/stm32f4xx_hal_spi.c ****     }
 6399              		.loc 1 2282 17 is_stmt 0 view .LVU2147
 6400 013c 0125     		movs	r5, #1
 6401 013e EAE7     		b	.L423
 6402              	.L434:
 6403              		.align	2
 6404              	.L433:
 6405 0140 00000000 		.word	SystemCoreClock
 6406 0144 F1197605 		.word	91625969
 6407 0148 00000000 		.word	SPI_AbortTx_ISR
 6408 014c 00000000 		.word	SPI_AbortRx_ISR
 6409 0150 00000000 		.word	SPI_DMATxAbortCallback
 6410 0154 00000000 		.word	SPI_DMARxAbortCallback
 6411              		.cfi_endproc
 6412              	.LFE148:
 6414              		.section	.text.SPI_DMARxAbortCallback,"ax",%progbits
 6415              		.align	1
 6416              		.syntax unified
 6417              		.thumb
 6418              		.thumb_func
 6420              	SPI_DMARxAbortCallback:
 6421              	.LVL367:
 6422              	.LFB172:
3080:Drivers/STM32F4xx_HAL_Driver/Src/stm32f4xx_hal_spi.c ****   SPI_HandleTypeDef *hspi = (SPI_HandleTypeDef *)(((DMA_HandleTypeDef *)hdma)->Parent);
 6423              		.loc 1 3080 1 is_stmt 1 view -0
 6424              		.cfi_startproc
 6425              		@ args = 0, pretend = 0, frame = 8
 6426              		@ frame_needed = 0, uses_anonymous_args = 0
ARM GAS  C:\Users\10369\AppData\Local\Temp\ccy9FUfH.s 			page 218


3080:Drivers/STM32F4xx_HAL_Driver/Src/stm32f4xx_hal_spi.c ****   SPI_HandleTypeDef *hspi = (SPI_HandleTypeDef *)(((DMA_HandleTypeDef *)hdma)->Parent);
 6427              		.loc 1 3080 1 is_stmt 0 view .LVU2149
 6428 0000 10B5     		push	{r4, lr}
 6429              	.LCFI83:
 6430              		.cfi_def_cfa_offset 8
 6431              		.cfi_offset 4, -8
 6432              		.cfi_offset 14, -4
 6433 0002 82B0     		sub	sp, sp, #8
 6434              	.LCFI84:
 6435              		.cfi_def_cfa_offset 16
3081:Drivers/STM32F4xx_HAL_Driver/Src/stm32f4xx_hal_spi.c **** 
 6436              		.loc 1 3081 3 is_stmt 1 view .LVU2150
3081:Drivers/STM32F4xx_HAL_Driver/Src/stm32f4xx_hal_spi.c **** 
 6437              		.loc 1 3081 22 is_stmt 0 view .LVU2151
 6438 0004 846B     		ldr	r4, [r0, #56]
 6439              	.LVL368:
3084:Drivers/STM32F4xx_HAL_Driver/Src/stm32f4xx_hal_spi.c **** 
 6440              		.loc 1 3084 3 is_stmt 1 view .LVU2152
 6441 0006 2268     		ldr	r2, [r4]
 6442 0008 1368     		ldr	r3, [r2]
 6443 000a 23F04003 		bic	r3, r3, #64
 6444 000e 1360     		str	r3, [r2]
3086:Drivers/STM32F4xx_HAL_Driver/Src/stm32f4xx_hal_spi.c **** 
 6445              		.loc 1 3086 3 view .LVU2153
3086:Drivers/STM32F4xx_HAL_Driver/Src/stm32f4xx_hal_spi.c **** 
 6446              		.loc 1 3086 7 is_stmt 0 view .LVU2154
 6447 0010 E36C     		ldr	r3, [r4, #76]
3086:Drivers/STM32F4xx_HAL_Driver/Src/stm32f4xx_hal_spi.c **** 
 6448              		.loc 1 3086 35 view .LVU2155
 6449 0012 0022     		movs	r2, #0
 6450 0014 1A65     		str	r2, [r3, #80]
3089:Drivers/STM32F4xx_HAL_Driver/Src/stm32f4xx_hal_spi.c **** 
 6451              		.loc 1 3089 3 is_stmt 1 view .LVU2156
 6452 0016 2268     		ldr	r2, [r4]
 6453 0018 5368     		ldr	r3, [r2, #4]
 6454 001a 23F00103 		bic	r3, r3, #1
 6455 001e 5360     		str	r3, [r2, #4]
3092:Drivers/STM32F4xx_HAL_Driver/Src/stm32f4xx_hal_spi.c ****   {
 6456              		.loc 1 3092 3 view .LVU2157
3092:Drivers/STM32F4xx_HAL_Driver/Src/stm32f4xx_hal_spi.c ****   {
 6457              		.loc 1 3092 7 is_stmt 0 view .LVU2158
 6458 0020 FFF7FEFF 		bl	HAL_GetTick
 6459              	.LVL369:
3092:Drivers/STM32F4xx_HAL_Driver/Src/stm32f4xx_hal_spi.c ****   {
 6460              		.loc 1 3092 7 view .LVU2159
 6461 0024 0246     		mov	r2, r0
3092:Drivers/STM32F4xx_HAL_Driver/Src/stm32f4xx_hal_spi.c ****   {
 6462              		.loc 1 3092 7 discriminator 1 view .LVU2160
 6463 0026 6421     		movs	r1, #100
 6464 0028 2046     		mov	r0, r4
 6465 002a FFF7FEFF 		bl	SPI_EndRxTxTransaction
 6466              	.LVL370:
3092:Drivers/STM32F4xx_HAL_Driver/Src/stm32f4xx_hal_spi.c ****   {
 6467              		.loc 1 3092 6 discriminator 2 view .LVU2161
 6468 002e 18B1     		cbz	r0, .L436
3094:Drivers/STM32F4xx_HAL_Driver/Src/stm32f4xx_hal_spi.c ****   }
 6469              		.loc 1 3094 5 is_stmt 1 view .LVU2162
ARM GAS  C:\Users\10369\AppData\Local\Temp\ccy9FUfH.s 			page 219


 6470 0030 636D     		ldr	r3, [r4, #84]
 6471 0032 43F04003 		orr	r3, r3, #64
 6472 0036 6365     		str	r3, [r4, #84]
 6473              	.L436:
3098:Drivers/STM32F4xx_HAL_Driver/Src/stm32f4xx_hal_spi.c ****   {
 6474              		.loc 1 3098 3 view .LVU2163
3098:Drivers/STM32F4xx_HAL_Driver/Src/stm32f4xx_hal_spi.c ****   {
 6475              		.loc 1 3098 11 is_stmt 0 view .LVU2164
 6476 0038 A36C     		ldr	r3, [r4, #72]
3098:Drivers/STM32F4xx_HAL_Driver/Src/stm32f4xx_hal_spi.c ****   {
 6477              		.loc 1 3098 6 view .LVU2165
 6478 003a 0BB1     		cbz	r3, .L437
3100:Drivers/STM32F4xx_HAL_Driver/Src/stm32f4xx_hal_spi.c ****     {
 6479              		.loc 1 3100 5 is_stmt 1 view .LVU2166
3100:Drivers/STM32F4xx_HAL_Driver/Src/stm32f4xx_hal_spi.c ****     {
 6480              		.loc 1 3100 21 is_stmt 0 view .LVU2167
 6481 003c 1B6D     		ldr	r3, [r3, #80]
3100:Drivers/STM32F4xx_HAL_Driver/Src/stm32f4xx_hal_spi.c ****     {
 6482              		.loc 1 3100 8 view .LVU2168
 6483 003e CBB9     		cbnz	r3, .L435
 6484              	.L437:
3107:Drivers/STM32F4xx_HAL_Driver/Src/stm32f4xx_hal_spi.c ****   hspi->TxXferCount = 0U;
 6485              		.loc 1 3107 3 is_stmt 1 view .LVU2169
3107:Drivers/STM32F4xx_HAL_Driver/Src/stm32f4xx_hal_spi.c ****   hspi->TxXferCount = 0U;
 6486              		.loc 1 3107 21 is_stmt 0 view .LVU2170
 6487 0040 0023     		movs	r3, #0
 6488 0042 E387     		strh	r3, [r4, #62]	@ movhi
3108:Drivers/STM32F4xx_HAL_Driver/Src/stm32f4xx_hal_spi.c **** 
 6489              		.loc 1 3108 3 is_stmt 1 view .LVU2171
3108:Drivers/STM32F4xx_HAL_Driver/Src/stm32f4xx_hal_spi.c **** 
 6490              		.loc 1 3108 21 is_stmt 0 view .LVU2172
 6491 0044 E386     		strh	r3, [r4, #54]	@ movhi
3111:Drivers/STM32F4xx_HAL_Driver/Src/stm32f4xx_hal_spi.c ****   {
 6492              		.loc 1 3111 3 is_stmt 1 view .LVU2173
3111:Drivers/STM32F4xx_HAL_Driver/Src/stm32f4xx_hal_spi.c ****   {
 6493              		.loc 1 3111 11 is_stmt 0 view .LVU2174
 6494 0046 636D     		ldr	r3, [r4, #84]
3111:Drivers/STM32F4xx_HAL_Driver/Src/stm32f4xx_hal_spi.c ****   {
 6495              		.loc 1 3111 6 view .LVU2175
 6496 0048 402B     		cmp	r3, #64
 6497 004a 01D0     		beq	.L439
3114:Drivers/STM32F4xx_HAL_Driver/Src/stm32f4xx_hal_spi.c ****   }
 6498              		.loc 1 3114 5 is_stmt 1 view .LVU2176
3114:Drivers/STM32F4xx_HAL_Driver/Src/stm32f4xx_hal_spi.c ****   }
 6499              		.loc 1 3114 21 is_stmt 0 view .LVU2177
 6500 004c 0023     		movs	r3, #0
 6501 004e 6365     		str	r3, [r4, #84]
 6502              	.L439:
3118:Drivers/STM32F4xx_HAL_Driver/Src/stm32f4xx_hal_spi.c ****   __HAL_SPI_CLEAR_FREFLAG(hspi);
 6503              		.loc 1 3118 3 is_stmt 1 view .LVU2178
 6504              	.LBB16:
3118:Drivers/STM32F4xx_HAL_Driver/Src/stm32f4xx_hal_spi.c ****   __HAL_SPI_CLEAR_FREFLAG(hspi);
 6505              		.loc 1 3118 3 view .LVU2179
 6506 0050 0022     		movs	r2, #0
 6507 0052 0092     		str	r2, [sp]
3118:Drivers/STM32F4xx_HAL_Driver/Src/stm32f4xx_hal_spi.c ****   __HAL_SPI_CLEAR_FREFLAG(hspi);
 6508              		.loc 1 3118 3 view .LVU2180
ARM GAS  C:\Users\10369\AppData\Local\Temp\ccy9FUfH.s 			page 220


 6509 0054 2368     		ldr	r3, [r4]
 6510 0056 D968     		ldr	r1, [r3, #12]
 6511 0058 0091     		str	r1, [sp]
3118:Drivers/STM32F4xx_HAL_Driver/Src/stm32f4xx_hal_spi.c ****   __HAL_SPI_CLEAR_FREFLAG(hspi);
 6512              		.loc 1 3118 3 view .LVU2181
 6513 005a 9968     		ldr	r1, [r3, #8]
 6514 005c 0091     		str	r1, [sp]
3118:Drivers/STM32F4xx_HAL_Driver/Src/stm32f4xx_hal_spi.c ****   __HAL_SPI_CLEAR_FREFLAG(hspi);
 6515              		.loc 1 3118 3 view .LVU2182
 6516 005e 0099     		ldr	r1, [sp]
 6517              	.LBE16:
3118:Drivers/STM32F4xx_HAL_Driver/Src/stm32f4xx_hal_spi.c ****   __HAL_SPI_CLEAR_FREFLAG(hspi);
 6518              		.loc 1 3118 3 view .LVU2183
3119:Drivers/STM32F4xx_HAL_Driver/Src/stm32f4xx_hal_spi.c **** 
 6519              		.loc 1 3119 3 view .LVU2184
 6520              	.LBB17:
3119:Drivers/STM32F4xx_HAL_Driver/Src/stm32f4xx_hal_spi.c **** 
 6521              		.loc 1 3119 3 view .LVU2185
 6522 0060 0192     		str	r2, [sp, #4]
3119:Drivers/STM32F4xx_HAL_Driver/Src/stm32f4xx_hal_spi.c **** 
 6523              		.loc 1 3119 3 view .LVU2186
 6524 0062 9B68     		ldr	r3, [r3, #8]
 6525 0064 0193     		str	r3, [sp, #4]
3119:Drivers/STM32F4xx_HAL_Driver/Src/stm32f4xx_hal_spi.c **** 
 6526              		.loc 1 3119 3 view .LVU2187
 6527 0066 019B     		ldr	r3, [sp, #4]
 6528              	.LBE17:
3119:Drivers/STM32F4xx_HAL_Driver/Src/stm32f4xx_hal_spi.c **** 
 6529              		.loc 1 3119 3 view .LVU2188
3122:Drivers/STM32F4xx_HAL_Driver/Src/stm32f4xx_hal_spi.c **** 
 6530              		.loc 1 3122 3 view .LVU2189
3122:Drivers/STM32F4xx_HAL_Driver/Src/stm32f4xx_hal_spi.c **** 
 6531              		.loc 1 3122 16 is_stmt 0 view .LVU2190
 6532 0068 0123     		movs	r3, #1
 6533 006a 84F85130 		strb	r3, [r4, #81]
3128:Drivers/STM32F4xx_HAL_Driver/Src/stm32f4xx_hal_spi.c **** #endif /* USE_HAL_SPI_REGISTER_CALLBACKS */
 6534              		.loc 1 3128 3 is_stmt 1 view .LVU2191
 6535 006e 2046     		mov	r0, r4
 6536 0070 FFF7FEFF 		bl	HAL_SPI_AbortCpltCallback
 6537              	.LVL371:
 6538              	.L435:
3130:Drivers/STM32F4xx_HAL_Driver/Src/stm32f4xx_hal_spi.c **** 
 6539              		.loc 1 3130 1 is_stmt 0 view .LVU2192
 6540 0074 02B0     		add	sp, sp, #8
 6541              	.LCFI85:
 6542              		.cfi_def_cfa_offset 8
 6543              		@ sp needed
 6544 0076 10BD     		pop	{r4, pc}
3130:Drivers/STM32F4xx_HAL_Driver/Src/stm32f4xx_hal_spi.c **** 
 6545              		.loc 1 3130 1 view .LVU2193
 6546              		.cfi_endproc
 6547              	.LFE172:
 6549              		.section	.text.SPI_DMATxAbortCallback,"ax",%progbits
 6550              		.align	1
 6551              		.syntax unified
 6552              		.thumb
 6553              		.thumb_func
ARM GAS  C:\Users\10369\AppData\Local\Temp\ccy9FUfH.s 			page 221


 6555              	SPI_DMATxAbortCallback:
 6556              	.LVL372:
 6557              	.LFB171:
3015:Drivers/STM32F4xx_HAL_Driver/Src/stm32f4xx_hal_spi.c ****   SPI_HandleTypeDef *hspi = (SPI_HandleTypeDef *)(((DMA_HandleTypeDef *)hdma)->Parent);
 6558              		.loc 1 3015 1 is_stmt 1 view -0
 6559              		.cfi_startproc
 6560              		@ args = 0, pretend = 0, frame = 16
 6561              		@ frame_needed = 0, uses_anonymous_args = 0
3015:Drivers/STM32F4xx_HAL_Driver/Src/stm32f4xx_hal_spi.c ****   SPI_HandleTypeDef *hspi = (SPI_HandleTypeDef *)(((DMA_HandleTypeDef *)hdma)->Parent);
 6562              		.loc 1 3015 1 is_stmt 0 view .LVU2195
 6563 0000 00B5     		push	{lr}
 6564              	.LCFI86:
 6565              		.cfi_def_cfa_offset 4
 6566              		.cfi_offset 14, -4
 6567 0002 85B0     		sub	sp, sp, #20
 6568              	.LCFI87:
 6569              		.cfi_def_cfa_offset 24
3016:Drivers/STM32F4xx_HAL_Driver/Src/stm32f4xx_hal_spi.c ****   __IO uint32_t count;
 6570              		.loc 1 3016 3 is_stmt 1 view .LVU2196
3016:Drivers/STM32F4xx_HAL_Driver/Src/stm32f4xx_hal_spi.c ****   __IO uint32_t count;
 6571              		.loc 1 3016 22 is_stmt 0 view .LVU2197
 6572 0004 806B     		ldr	r0, [r0, #56]
 6573              	.LVL373:
3017:Drivers/STM32F4xx_HAL_Driver/Src/stm32f4xx_hal_spi.c **** 
 6574              		.loc 1 3017 3 is_stmt 1 view .LVU2198
3019:Drivers/STM32F4xx_HAL_Driver/Src/stm32f4xx_hal_spi.c ****   count = SPI_DEFAULT_TIMEOUT * (SystemCoreClock / 24U / 1000U);
 6575              		.loc 1 3019 3 view .LVU2199
3019:Drivers/STM32F4xx_HAL_Driver/Src/stm32f4xx_hal_spi.c ****   count = SPI_DEFAULT_TIMEOUT * (SystemCoreClock / 24U / 1000U);
 6576              		.loc 1 3019 7 is_stmt 0 view .LVU2200
 6577 0006 836C     		ldr	r3, [r0, #72]
3019:Drivers/STM32F4xx_HAL_Driver/Src/stm32f4xx_hal_spi.c ****   count = SPI_DEFAULT_TIMEOUT * (SystemCoreClock / 24U / 1000U);
 6578              		.loc 1 3019 35 view .LVU2201
 6579 0008 0022     		movs	r2, #0
 6580 000a 1A65     		str	r2, [r3, #80]
3020:Drivers/STM32F4xx_HAL_Driver/Src/stm32f4xx_hal_spi.c **** 
 6581              		.loc 1 3020 3 is_stmt 1 view .LVU2202
3020:Drivers/STM32F4xx_HAL_Driver/Src/stm32f4xx_hal_spi.c **** 
 6582              		.loc 1 3020 56 is_stmt 0 view .LVU2203
 6583 000c 1E4B     		ldr	r3, .L450
 6584 000e 1B68     		ldr	r3, [r3]
 6585 0010 1E4A     		ldr	r2, .L450+4
 6586 0012 A2FB0323 		umull	r2, r3, r2, r3
 6587 0016 5B0A     		lsrs	r3, r3, #9
3020:Drivers/STM32F4xx_HAL_Driver/Src/stm32f4xx_hal_spi.c **** 
 6588              		.loc 1 3020 31 view .LVU2204
 6589 0018 6422     		movs	r2, #100
 6590 001a 02FB03F3 		mul	r3, r2, r3
3020:Drivers/STM32F4xx_HAL_Driver/Src/stm32f4xx_hal_spi.c **** 
 6591              		.loc 1 3020 9 view .LVU2205
 6592 001e 0393     		str	r3, [sp, #12]
3023:Drivers/STM32F4xx_HAL_Driver/Src/stm32f4xx_hal_spi.c **** 
 6593              		.loc 1 3023 3 is_stmt 1 view .LVU2206
 6594 0020 0268     		ldr	r2, [r0]
 6595 0022 5368     		ldr	r3, [r2, #4]
 6596 0024 23F00203 		bic	r3, r3, #2
 6597 0028 5360     		str	r3, [r2, #4]
 6598              	.L444:
ARM GAS  C:\Users\10369\AppData\Local\Temp\ccy9FUfH.s 			page 222


3026:Drivers/STM32F4xx_HAL_Driver/Src/stm32f4xx_hal_spi.c ****   {
 6599              		.loc 1 3026 3 view .LVU2207
3028:Drivers/STM32F4xx_HAL_Driver/Src/stm32f4xx_hal_spi.c ****     {
 6600              		.loc 1 3028 5 view .LVU2208
3028:Drivers/STM32F4xx_HAL_Driver/Src/stm32f4xx_hal_spi.c ****     {
 6601              		.loc 1 3028 15 is_stmt 0 view .LVU2209
 6602 002a 039B     		ldr	r3, [sp, #12]
3028:Drivers/STM32F4xx_HAL_Driver/Src/stm32f4xx_hal_spi.c ****     {
 6603              		.loc 1 3028 8 view .LVU2210
 6604 002c 43B1     		cbz	r3, .L449
3033:Drivers/STM32F4xx_HAL_Driver/Src/stm32f4xx_hal_spi.c ****   } while ((hspi->Instance->SR & SPI_FLAG_TXE) == RESET);
 6605              		.loc 1 3033 5 is_stmt 1 view .LVU2211
3033:Drivers/STM32F4xx_HAL_Driver/Src/stm32f4xx_hal_spi.c ****   } while ((hspi->Instance->SR & SPI_FLAG_TXE) == RESET);
 6606              		.loc 1 3033 10 is_stmt 0 view .LVU2212
 6607 002e 039B     		ldr	r3, [sp, #12]
 6608 0030 013B     		subs	r3, r3, #1
 6609 0032 0393     		str	r3, [sp, #12]
3034:Drivers/STM32F4xx_HAL_Driver/Src/stm32f4xx_hal_spi.c **** 
 6610              		.loc 1 3034 48 is_stmt 1 view .LVU2213
3034:Drivers/STM32F4xx_HAL_Driver/Src/stm32f4xx_hal_spi.c **** 
 6611              		.loc 1 3034 17 is_stmt 0 view .LVU2214
 6612 0034 0368     		ldr	r3, [r0]
3034:Drivers/STM32F4xx_HAL_Driver/Src/stm32f4xx_hal_spi.c **** 
 6613              		.loc 1 3034 27 view .LVU2215
 6614 0036 9B68     		ldr	r3, [r3, #8]
3034:Drivers/STM32F4xx_HAL_Driver/Src/stm32f4xx_hal_spi.c **** 
 6615              		.loc 1 3034 48 view .LVU2216
 6616 0038 13F0020F 		tst	r3, #2
 6617 003c F5D0     		beq	.L444
 6618 003e 03E0     		b	.L443
 6619              	.L449:
3030:Drivers/STM32F4xx_HAL_Driver/Src/stm32f4xx_hal_spi.c ****       break;
 6620              		.loc 1 3030 7 is_stmt 1 view .LVU2217
 6621 0040 436D     		ldr	r3, [r0, #84]
 6622 0042 43F04003 		orr	r3, r3, #64
 6623 0046 4365     		str	r3, [r0, #84]
3031:Drivers/STM32F4xx_HAL_Driver/Src/stm32f4xx_hal_spi.c ****     }
 6624              		.loc 1 3031 7 view .LVU2218
 6625              	.L443:
3037:Drivers/STM32F4xx_HAL_Driver/Src/stm32f4xx_hal_spi.c ****   {
 6626              		.loc 1 3037 3 view .LVU2219
3037:Drivers/STM32F4xx_HAL_Driver/Src/stm32f4xx_hal_spi.c ****   {
 6627              		.loc 1 3037 11 is_stmt 0 view .LVU2220
 6628 0048 C36C     		ldr	r3, [r0, #76]
3037:Drivers/STM32F4xx_HAL_Driver/Src/stm32f4xx_hal_spi.c ****   {
 6629              		.loc 1 3037 6 view .LVU2221
 6630 004a 0BB1     		cbz	r3, .L445
3039:Drivers/STM32F4xx_HAL_Driver/Src/stm32f4xx_hal_spi.c ****     {
 6631              		.loc 1 3039 5 is_stmt 1 view .LVU2222
3039:Drivers/STM32F4xx_HAL_Driver/Src/stm32f4xx_hal_spi.c ****     {
 6632              		.loc 1 3039 21 is_stmt 0 view .LVU2223
 6633 004c 1B6D     		ldr	r3, [r3, #80]
3039:Drivers/STM32F4xx_HAL_Driver/Src/stm32f4xx_hal_spi.c ****     {
 6634              		.loc 1 3039 8 view .LVU2224
 6635 004e C3B9     		cbnz	r3, .L441
 6636              	.L445:
3046:Drivers/STM32F4xx_HAL_Driver/Src/stm32f4xx_hal_spi.c ****   hspi->TxXferCount = 0U;
ARM GAS  C:\Users\10369\AppData\Local\Temp\ccy9FUfH.s 			page 223


 6637              		.loc 1 3046 3 is_stmt 1 view .LVU2225
3046:Drivers/STM32F4xx_HAL_Driver/Src/stm32f4xx_hal_spi.c ****   hspi->TxXferCount = 0U;
 6638              		.loc 1 3046 21 is_stmt 0 view .LVU2226
 6639 0050 0023     		movs	r3, #0
 6640 0052 C387     		strh	r3, [r0, #62]	@ movhi
3047:Drivers/STM32F4xx_HAL_Driver/Src/stm32f4xx_hal_spi.c **** 
 6641              		.loc 1 3047 3 is_stmt 1 view .LVU2227
3047:Drivers/STM32F4xx_HAL_Driver/Src/stm32f4xx_hal_spi.c **** 
 6642              		.loc 1 3047 21 is_stmt 0 view .LVU2228
 6643 0054 C386     		strh	r3, [r0, #54]	@ movhi
3050:Drivers/STM32F4xx_HAL_Driver/Src/stm32f4xx_hal_spi.c ****   {
 6644              		.loc 1 3050 3 is_stmt 1 view .LVU2229
3050:Drivers/STM32F4xx_HAL_Driver/Src/stm32f4xx_hal_spi.c ****   {
 6645              		.loc 1 3050 11 is_stmt 0 view .LVU2230
 6646 0056 436D     		ldr	r3, [r0, #84]
3050:Drivers/STM32F4xx_HAL_Driver/Src/stm32f4xx_hal_spi.c ****   {
 6647              		.loc 1 3050 6 view .LVU2231
 6648 0058 402B     		cmp	r3, #64
 6649 005a 01D0     		beq	.L447
3053:Drivers/STM32F4xx_HAL_Driver/Src/stm32f4xx_hal_spi.c ****   }
 6650              		.loc 1 3053 5 is_stmt 1 view .LVU2232
3053:Drivers/STM32F4xx_HAL_Driver/Src/stm32f4xx_hal_spi.c ****   }
 6651              		.loc 1 3053 21 is_stmt 0 view .LVU2233
 6652 005c 0023     		movs	r3, #0
 6653 005e 4365     		str	r3, [r0, #84]
 6654              	.L447:
3057:Drivers/STM32F4xx_HAL_Driver/Src/stm32f4xx_hal_spi.c ****   __HAL_SPI_CLEAR_FREFLAG(hspi);
 6655              		.loc 1 3057 3 is_stmt 1 view .LVU2234
 6656              	.LBB18:
3057:Drivers/STM32F4xx_HAL_Driver/Src/stm32f4xx_hal_spi.c ****   __HAL_SPI_CLEAR_FREFLAG(hspi);
 6657              		.loc 1 3057 3 view .LVU2235
 6658 0060 0022     		movs	r2, #0
 6659 0062 0192     		str	r2, [sp, #4]
3057:Drivers/STM32F4xx_HAL_Driver/Src/stm32f4xx_hal_spi.c ****   __HAL_SPI_CLEAR_FREFLAG(hspi);
 6660              		.loc 1 3057 3 view .LVU2236
 6661 0064 0368     		ldr	r3, [r0]
 6662 0066 D968     		ldr	r1, [r3, #12]
 6663 0068 0191     		str	r1, [sp, #4]
3057:Drivers/STM32F4xx_HAL_Driver/Src/stm32f4xx_hal_spi.c ****   __HAL_SPI_CLEAR_FREFLAG(hspi);
 6664              		.loc 1 3057 3 view .LVU2237
 6665 006a 9968     		ldr	r1, [r3, #8]
 6666 006c 0191     		str	r1, [sp, #4]
3057:Drivers/STM32F4xx_HAL_Driver/Src/stm32f4xx_hal_spi.c ****   __HAL_SPI_CLEAR_FREFLAG(hspi);
 6667              		.loc 1 3057 3 view .LVU2238
 6668 006e 0199     		ldr	r1, [sp, #4]
 6669              	.LBE18:
3057:Drivers/STM32F4xx_HAL_Driver/Src/stm32f4xx_hal_spi.c ****   __HAL_SPI_CLEAR_FREFLAG(hspi);
 6670              		.loc 1 3057 3 view .LVU2239
3058:Drivers/STM32F4xx_HAL_Driver/Src/stm32f4xx_hal_spi.c **** 
 6671              		.loc 1 3058 3 view .LVU2240
 6672              	.LBB19:
3058:Drivers/STM32F4xx_HAL_Driver/Src/stm32f4xx_hal_spi.c **** 
 6673              		.loc 1 3058 3 view .LVU2241
 6674 0070 0292     		str	r2, [sp, #8]
3058:Drivers/STM32F4xx_HAL_Driver/Src/stm32f4xx_hal_spi.c **** 
 6675              		.loc 1 3058 3 view .LVU2242
 6676 0072 9B68     		ldr	r3, [r3, #8]
ARM GAS  C:\Users\10369\AppData\Local\Temp\ccy9FUfH.s 			page 224


 6677 0074 0293     		str	r3, [sp, #8]
3058:Drivers/STM32F4xx_HAL_Driver/Src/stm32f4xx_hal_spi.c **** 
 6678              		.loc 1 3058 3 view .LVU2243
 6679 0076 029B     		ldr	r3, [sp, #8]
 6680              	.LBE19:
3058:Drivers/STM32F4xx_HAL_Driver/Src/stm32f4xx_hal_spi.c **** 
 6681              		.loc 1 3058 3 view .LVU2244
3061:Drivers/STM32F4xx_HAL_Driver/Src/stm32f4xx_hal_spi.c **** 
 6682              		.loc 1 3061 3 view .LVU2245
3061:Drivers/STM32F4xx_HAL_Driver/Src/stm32f4xx_hal_spi.c **** 
 6683              		.loc 1 3061 16 is_stmt 0 view .LVU2246
 6684 0078 0123     		movs	r3, #1
 6685 007a 80F85130 		strb	r3, [r0, #81]
3067:Drivers/STM32F4xx_HAL_Driver/Src/stm32f4xx_hal_spi.c **** #endif /* USE_HAL_SPI_REGISTER_CALLBACKS */
 6686              		.loc 1 3067 3 is_stmt 1 view .LVU2247
 6687 007e FFF7FEFF 		bl	HAL_SPI_AbortCpltCallback
 6688              	.LVL374:
 6689              	.L441:
3069:Drivers/STM32F4xx_HAL_Driver/Src/stm32f4xx_hal_spi.c **** 
 6690              		.loc 1 3069 1 is_stmt 0 view .LVU2248
 6691 0082 05B0     		add	sp, sp, #20
 6692              	.LCFI88:
 6693              		.cfi_def_cfa_offset 4
 6694              		@ sp needed
 6695 0084 5DF804FB 		ldr	pc, [sp], #4
 6696              	.L451:
 6697              		.align	2
 6698              	.L450:
 6699 0088 00000000 		.word	SystemCoreClock
 6700 008c F1197605 		.word	91625969
 6701              		.cfi_endproc
 6702              	.LFE171:
 6704              		.section	.text.HAL_SPI_GetState,"ax",%progbits
 6705              		.align	1
 6706              		.global	HAL_SPI_GetState
 6707              		.syntax unified
 6708              		.thumb
 6709              		.thumb_func
 6711              	HAL_SPI_GetState:
 6712              	.LVL375:
 6713              	.LFB161:
2653:Drivers/STM32F4xx_HAL_Driver/Src/stm32f4xx_hal_spi.c ****   /* Return SPI handle state */
 6714              		.loc 1 2653 1 is_stmt 1 view -0
 6715              		.cfi_startproc
 6716              		@ args = 0, pretend = 0, frame = 0
 6717              		@ frame_needed = 0, uses_anonymous_args = 0
 6718              		@ link register save eliminated.
2655:Drivers/STM32F4xx_HAL_Driver/Src/stm32f4xx_hal_spi.c **** }
 6719              		.loc 1 2655 3 view .LVU2250
2655:Drivers/STM32F4xx_HAL_Driver/Src/stm32f4xx_hal_spi.c **** }
 6720              		.loc 1 2655 14 is_stmt 0 view .LVU2251
 6721 0000 90F85100 		ldrb	r0, [r0, #81]	@ zero_extendqisi2
 6722              	.LVL376:
2656:Drivers/STM32F4xx_HAL_Driver/Src/stm32f4xx_hal_spi.c **** 
 6723              		.loc 1 2656 1 view .LVU2252
 6724 0004 7047     		bx	lr
 6725              		.cfi_endproc
ARM GAS  C:\Users\10369\AppData\Local\Temp\ccy9FUfH.s 			page 225


 6726              	.LFE161:
 6728              		.section	.text.HAL_SPI_GetError,"ax",%progbits
 6729              		.align	1
 6730              		.global	HAL_SPI_GetError
 6731              		.syntax unified
 6732              		.thumb
 6733              		.thumb_func
 6735              	HAL_SPI_GetError:
 6736              	.LVL377:
 6737              	.LFB162:
2665:Drivers/STM32F4xx_HAL_Driver/Src/stm32f4xx_hal_spi.c ****   /* Return SPI ErrorCode */
 6738              		.loc 1 2665 1 is_stmt 1 view -0
 6739              		.cfi_startproc
 6740              		@ args = 0, pretend = 0, frame = 0
 6741              		@ frame_needed = 0, uses_anonymous_args = 0
 6742              		@ link register save eliminated.
2667:Drivers/STM32F4xx_HAL_Driver/Src/stm32f4xx_hal_spi.c **** }
 6743              		.loc 1 2667 3 view .LVU2254
2667:Drivers/STM32F4xx_HAL_Driver/Src/stm32f4xx_hal_spi.c **** }
 6744              		.loc 1 2667 14 is_stmt 0 view .LVU2255
 6745 0000 406D     		ldr	r0, [r0, #84]
 6746              	.LVL378:
2668:Drivers/STM32F4xx_HAL_Driver/Src/stm32f4xx_hal_spi.c **** 
 6747              		.loc 1 2668 1 view .LVU2256
 6748 0002 7047     		bx	lr
 6749              		.cfi_endproc
 6750              	.LFE162:
 6752              		.text
 6753              	.Letext0:
 6754              		.file 2 "C:/Program Files (x86)/Arm GNU Toolchain arm-none-eabi/14.2 rel1/arm-none-eabi/include/ma
 6755              		.file 3 "C:/Program Files (x86)/Arm GNU Toolchain arm-none-eabi/14.2 rel1/arm-none-eabi/include/sy
 6756              		.file 4 "Drivers/CMSIS/Device/ST/STM32F4xx/Include/stm32f407xx.h"
 6757              		.file 5 "Drivers/CMSIS/Device/ST/STM32F4xx/Include/stm32f4xx.h"
 6758              		.file 6 "Drivers/STM32F4xx_HAL_Driver/Inc/stm32f4xx_hal_def.h"
 6759              		.file 7 "Drivers/STM32F4xx_HAL_Driver/Inc/stm32f4xx_hal_dma.h"
 6760              		.file 8 "Drivers/STM32F4xx_HAL_Driver/Inc/stm32f4xx_hal_spi.h"
 6761              		.file 9 "Drivers/CMSIS/Device/ST/STM32F4xx/Include/system_stm32f4xx.h"
 6762              		.file 10 "Drivers/STM32F4xx_HAL_Driver/Inc/stm32f4xx_hal.h"
ARM GAS  C:\Users\10369\AppData\Local\Temp\ccy9FUfH.s 			page 226


DEFINED SYMBOLS
                            *ABS*:00000000 stm32f4xx_hal_spi.c
C:\Users\10369\AppData\Local\Temp\ccy9FUfH.s:21     .text.SPI_AbortRx_ISR:00000000 $t
C:\Users\10369\AppData\Local\Temp\ccy9FUfH.s:26     .text.SPI_AbortRx_ISR:00000000 SPI_AbortRx_ISR
C:\Users\10369\AppData\Local\Temp\ccy9FUfH.s:113    .text.SPI_AbortRx_ISR:00000060 $d
C:\Users\10369\AppData\Local\Temp\ccy9FUfH.s:119    .text.SPI_AbortTx_ISR:00000000 $t
C:\Users\10369\AppData\Local\Temp\ccy9FUfH.s:124    .text.SPI_AbortTx_ISR:00000000 SPI_AbortTx_ISR
C:\Users\10369\AppData\Local\Temp\ccy9FUfH.s:152    .text.SPI_WaitFlagStateUntilTimeout:00000000 $t
C:\Users\10369\AppData\Local\Temp\ccy9FUfH.s:157    .text.SPI_WaitFlagStateUntilTimeout:00000000 SPI_WaitFlagStateUntilTimeout
C:\Users\10369\AppData\Local\Temp\ccy9FUfH.s:336    .text.SPI_WaitFlagStateUntilTimeout:000000c4 $d
C:\Users\10369\AppData\Local\Temp\ccy9FUfH.s:341    .text.SPI_EndRxTxTransaction:00000000 $t
C:\Users\10369\AppData\Local\Temp\ccy9FUfH.s:346    .text.SPI_EndRxTxTransaction:00000000 SPI_EndRxTxTransaction
C:\Users\10369\AppData\Local\Temp\ccy9FUfH.s:463    .text.SPI_EndRxTxTransaction:00000078 $d
C:\Users\10369\AppData\Local\Temp\ccy9FUfH.s:469    .text.SPI_EndRxTransaction:00000000 $t
C:\Users\10369\AppData\Local\Temp\ccy9FUfH.s:474    .text.SPI_EndRxTransaction:00000000 SPI_EndRxTransaction
C:\Users\10369\AppData\Local\Temp\ccy9FUfH.s:611    .text.HAL_SPI_MspInit:00000000 $t
C:\Users\10369\AppData\Local\Temp\ccy9FUfH.s:617    .text.HAL_SPI_MspInit:00000000 HAL_SPI_MspInit
C:\Users\10369\AppData\Local\Temp\ccy9FUfH.s:632    .text.HAL_SPI_Init:00000000 $t
C:\Users\10369\AppData\Local\Temp\ccy9FUfH.s:638    .text.HAL_SPI_Init:00000000 HAL_SPI_Init
C:\Users\10369\AppData\Local\Temp\ccy9FUfH.s:793    .text.HAL_SPI_MspDeInit:00000000 $t
C:\Users\10369\AppData\Local\Temp\ccy9FUfH.s:799    .text.HAL_SPI_MspDeInit:00000000 HAL_SPI_MspDeInit
C:\Users\10369\AppData\Local\Temp\ccy9FUfH.s:814    .text.HAL_SPI_DeInit:00000000 $t
C:\Users\10369\AppData\Local\Temp\ccy9FUfH.s:820    .text.HAL_SPI_DeInit:00000000 HAL_SPI_DeInit
C:\Users\10369\AppData\Local\Temp\ccy9FUfH.s:879    .text.HAL_SPI_Transmit:00000000 $t
C:\Users\10369\AppData\Local\Temp\ccy9FUfH.s:885    .text.HAL_SPI_Transmit:00000000 HAL_SPI_Transmit
C:\Users\10369\AppData\Local\Temp\ccy9FUfH.s:1291   .text.HAL_SPI_TransmitReceive:00000000 $t
C:\Users\10369\AppData\Local\Temp\ccy9FUfH.s:1297   .text.HAL_SPI_TransmitReceive:00000000 HAL_SPI_TransmitReceive
C:\Users\10369\AppData\Local\Temp\ccy9FUfH.s:1897   .text.HAL_SPI_Receive:00000000 $t
C:\Users\10369\AppData\Local\Temp\ccy9FUfH.s:1903   .text.HAL_SPI_Receive:00000000 HAL_SPI_Receive
C:\Users\10369\AppData\Local\Temp\ccy9FUfH.s:2251   .text.HAL_SPI_Transmit_IT:00000000 $t
C:\Users\10369\AppData\Local\Temp\ccy9FUfH.s:2257   .text.HAL_SPI_Transmit_IT:00000000 HAL_SPI_Transmit_IT
C:\Users\10369\AppData\Local\Temp\ccy9FUfH.s:2438   .text.HAL_SPI_Transmit_IT:000000a0 $d
C:\Users\10369\AppData\Local\Temp\ccy9FUfH.s:4589   .text.SPI_TxISR_16BIT:00000000 SPI_TxISR_16BIT
C:\Users\10369\AppData\Local\Temp\ccy9FUfH.s:4527   .text.SPI_TxISR_8BIT:00000000 SPI_TxISR_8BIT
C:\Users\10369\AppData\Local\Temp\ccy9FUfH.s:2444   .text.HAL_SPI_TransmitReceive_IT:00000000 $t
C:\Users\10369\AppData\Local\Temp\ccy9FUfH.s:2450   .text.HAL_SPI_TransmitReceive_IT:00000000 HAL_SPI_TransmitReceive_IT
C:\Users\10369\AppData\Local\Temp\ccy9FUfH.s:2656   .text.HAL_SPI_TransmitReceive_IT:000000b4 $d
C:\Users\10369\AppData\Local\Temp\ccy9FUfH.s:5266   .text.SPI_2linesRxISR_16BIT:00000000 SPI_2linesRxISR_16BIT
C:\Users\10369\AppData\Local\Temp\ccy9FUfH.s:5193   .text.SPI_2linesTxISR_16BIT:00000000 SPI_2linesTxISR_16BIT
C:\Users\10369\AppData\Local\Temp\ccy9FUfH.s:5120   .text.SPI_2linesRxISR_8BIT:00000000 SPI_2linesRxISR_8BIT
C:\Users\10369\AppData\Local\Temp\ccy9FUfH.s:5047   .text.SPI_2linesTxISR_8BIT:00000000 SPI_2linesTxISR_8BIT
C:\Users\10369\AppData\Local\Temp\ccy9FUfH.s:2664   .text.HAL_SPI_Receive_IT:00000000 $t
C:\Users\10369\AppData\Local\Temp\ccy9FUfH.s:2670   .text.HAL_SPI_Receive_IT:00000000 HAL_SPI_Receive_IT
C:\Users\10369\AppData\Local\Temp\ccy9FUfH.s:2845   .text.HAL_SPI_Receive_IT:000000d4 $d
C:\Users\10369\AppData\Local\Temp\ccy9FUfH.s:4814   .text.SPI_RxISR_16BIT:00000000 SPI_RxISR_16BIT
C:\Users\10369\AppData\Local\Temp\ccy9FUfH.s:4752   .text.SPI_RxISR_8BIT:00000000 SPI_RxISR_8BIT
C:\Users\10369\AppData\Local\Temp\ccy9FUfH.s:2851   .text.HAL_SPI_Transmit_DMA:00000000 $t
C:\Users\10369\AppData\Local\Temp\ccy9FUfH.s:2857   .text.HAL_SPI_Transmit_DMA:00000000 HAL_SPI_Transmit_DMA
C:\Users\10369\AppData\Local\Temp\ccy9FUfH.s:3060   .text.HAL_SPI_Transmit_DMA:000000d4 $d
C:\Users\10369\AppData\Local\Temp\ccy9FUfH.s:4217   .text.SPI_DMAHalfTransmitCplt:00000000 SPI_DMAHalfTransmitCplt
C:\Users\10369\AppData\Local\Temp\ccy9FUfH.s:5383   .text.SPI_DMATransmitCplt:00000000 SPI_DMATransmitCplt
C:\Users\10369\AppData\Local\Temp\ccy9FUfH.s:5339   .text.SPI_DMAError:00000000 SPI_DMAError
C:\Users\10369\AppData\Local\Temp\ccy9FUfH.s:3067   .text.HAL_SPI_TransmitReceive_DMA:00000000 $t
C:\Users\10369\AppData\Local\Temp\ccy9FUfH.s:3073   .text.HAL_SPI_TransmitReceive_DMA:00000000 HAL_SPI_TransmitReceive_DMA
C:\Users\10369\AppData\Local\Temp\ccy9FUfH.s:3381   .text.HAL_SPI_TransmitReceive_DMA:00000148 $d
C:\Users\10369\AppData\Local\Temp\ccy9FUfH.s:4323   .text.SPI_DMAHalfTransmitReceiveCplt:00000000 SPI_DMAHalfTransmitReceiveCplt
C:\Users\10369\AppData\Local\Temp\ccy9FUfH.s:5627   .text.SPI_DMATransmitReceiveCplt:00000000 SPI_DMATransmitReceiveCplt
ARM GAS  C:\Users\10369\AppData\Local\Temp\ccy9FUfH.s 			page 227


C:\Users\10369\AppData\Local\Temp\ccy9FUfH.s:4270   .text.SPI_DMAHalfReceiveCplt:00000000 SPI_DMAHalfReceiveCplt
C:\Users\10369\AppData\Local\Temp\ccy9FUfH.s:5510   .text.SPI_DMAReceiveCplt:00000000 SPI_DMAReceiveCplt
C:\Users\10369\AppData\Local\Temp\ccy9FUfH.s:3390   .text.HAL_SPI_Receive_DMA:00000000 $t
C:\Users\10369\AppData\Local\Temp\ccy9FUfH.s:3396   .text.HAL_SPI_Receive_DMA:00000000 HAL_SPI_Receive_DMA
C:\Users\10369\AppData\Local\Temp\ccy9FUfH.s:3621   .text.HAL_SPI_Receive_DMA:000000f0 $d
C:\Users\10369\AppData\Local\Temp\ccy9FUfH.s:3628   .text.HAL_SPI_Abort:00000000 $t
C:\Users\10369\AppData\Local\Temp\ccy9FUfH.s:3634   .text.HAL_SPI_Abort:00000000 HAL_SPI_Abort
C:\Users\10369\AppData\Local\Temp\ccy9FUfH.s:3929   .text.HAL_SPI_Abort:00000130 $d
C:\Users\10369\AppData\Local\Temp\ccy9FUfH.s:3937   .text.HAL_SPI_DMAPause:00000000 $t
C:\Users\10369\AppData\Local\Temp\ccy9FUfH.s:3943   .text.HAL_SPI_DMAPause:00000000 HAL_SPI_DMAPause
C:\Users\10369\AppData\Local\Temp\ccy9FUfH.s:3987   .text.HAL_SPI_DMAResume:00000000 $t
C:\Users\10369\AppData\Local\Temp\ccy9FUfH.s:3993   .text.HAL_SPI_DMAResume:00000000 HAL_SPI_DMAResume
C:\Users\10369\AppData\Local\Temp\ccy9FUfH.s:4037   .text.HAL_SPI_DMAStop:00000000 $t
C:\Users\10369\AppData\Local\Temp\ccy9FUfH.s:4043   .text.HAL_SPI_DMAStop:00000000 HAL_SPI_DMAStop
C:\Users\10369\AppData\Local\Temp\ccy9FUfH.s:4128   .text.HAL_SPI_TxCpltCallback:00000000 $t
C:\Users\10369\AppData\Local\Temp\ccy9FUfH.s:4134   .text.HAL_SPI_TxCpltCallback:00000000 HAL_SPI_TxCpltCallback
C:\Users\10369\AppData\Local\Temp\ccy9FUfH.s:4149   .text.HAL_SPI_RxCpltCallback:00000000 $t
C:\Users\10369\AppData\Local\Temp\ccy9FUfH.s:4155   .text.HAL_SPI_RxCpltCallback:00000000 HAL_SPI_RxCpltCallback
C:\Users\10369\AppData\Local\Temp\ccy9FUfH.s:4170   .text.HAL_SPI_TxRxCpltCallback:00000000 $t
C:\Users\10369\AppData\Local\Temp\ccy9FUfH.s:4176   .text.HAL_SPI_TxRxCpltCallback:00000000 HAL_SPI_TxRxCpltCallback
C:\Users\10369\AppData\Local\Temp\ccy9FUfH.s:4191   .text.HAL_SPI_TxHalfCpltCallback:00000000 $t
C:\Users\10369\AppData\Local\Temp\ccy9FUfH.s:4197   .text.HAL_SPI_TxHalfCpltCallback:00000000 HAL_SPI_TxHalfCpltCallback
C:\Users\10369\AppData\Local\Temp\ccy9FUfH.s:4212   .text.SPI_DMAHalfTransmitCplt:00000000 $t
C:\Users\10369\AppData\Local\Temp\ccy9FUfH.s:4244   .text.HAL_SPI_RxHalfCpltCallback:00000000 $t
C:\Users\10369\AppData\Local\Temp\ccy9FUfH.s:4250   .text.HAL_SPI_RxHalfCpltCallback:00000000 HAL_SPI_RxHalfCpltCallback
C:\Users\10369\AppData\Local\Temp\ccy9FUfH.s:4265   .text.SPI_DMAHalfReceiveCplt:00000000 $t
C:\Users\10369\AppData\Local\Temp\ccy9FUfH.s:4297   .text.HAL_SPI_TxRxHalfCpltCallback:00000000 $t
C:\Users\10369\AppData\Local\Temp\ccy9FUfH.s:4303   .text.HAL_SPI_TxRxHalfCpltCallback:00000000 HAL_SPI_TxRxHalfCpltCallback
C:\Users\10369\AppData\Local\Temp\ccy9FUfH.s:4318   .text.SPI_DMAHalfTransmitReceiveCplt:00000000 $t
C:\Users\10369\AppData\Local\Temp\ccy9FUfH.s:4350   .text.HAL_SPI_ErrorCallback:00000000 $t
C:\Users\10369\AppData\Local\Temp\ccy9FUfH.s:4356   .text.HAL_SPI_ErrorCallback:00000000 HAL_SPI_ErrorCallback
C:\Users\10369\AppData\Local\Temp\ccy9FUfH.s:4371   .text.SPI_CloseTx_ISR:00000000 $t
C:\Users\10369\AppData\Local\Temp\ccy9FUfH.s:4376   .text.SPI_CloseTx_ISR:00000000 SPI_CloseTx_ISR
C:\Users\10369\AppData\Local\Temp\ccy9FUfH.s:4516   .text.SPI_CloseTx_ISR:00000088 $d
C:\Users\10369\AppData\Local\Temp\ccy9FUfH.s:4522   .text.SPI_TxISR_8BIT:00000000 $t
C:\Users\10369\AppData\Local\Temp\ccy9FUfH.s:4584   .text.SPI_TxISR_16BIT:00000000 $t
C:\Users\10369\AppData\Local\Temp\ccy9FUfH.s:4646   .text.SPI_CloseRx_ISR:00000000 $t
C:\Users\10369\AppData\Local\Temp\ccy9FUfH.s:4651   .text.SPI_CloseRx_ISR:00000000 SPI_CloseRx_ISR
C:\Users\10369\AppData\Local\Temp\ccy9FUfH.s:4747   .text.SPI_RxISR_8BIT:00000000 $t
C:\Users\10369\AppData\Local\Temp\ccy9FUfH.s:4809   .text.SPI_RxISR_16BIT:00000000 $t
C:\Users\10369\AppData\Local\Temp\ccy9FUfH.s:4871   .text.SPI_CloseRxTx_ISR:00000000 $t
C:\Users\10369\AppData\Local\Temp\ccy9FUfH.s:4876   .text.SPI_CloseRxTx_ISR:00000000 SPI_CloseRxTx_ISR
C:\Users\10369\AppData\Local\Temp\ccy9FUfH.s:5036   .text.SPI_CloseRxTx_ISR:000000a4 $d
C:\Users\10369\AppData\Local\Temp\ccy9FUfH.s:5042   .text.SPI_2linesTxISR_8BIT:00000000 $t
C:\Users\10369\AppData\Local\Temp\ccy9FUfH.s:5115   .text.SPI_2linesRxISR_8BIT:00000000 $t
C:\Users\10369\AppData\Local\Temp\ccy9FUfH.s:5188   .text.SPI_2linesTxISR_16BIT:00000000 $t
C:\Users\10369\AppData\Local\Temp\ccy9FUfH.s:5261   .text.SPI_2linesRxISR_16BIT:00000000 $t
C:\Users\10369\AppData\Local\Temp\ccy9FUfH.s:5334   .text.SPI_DMAError:00000000 $t
C:\Users\10369\AppData\Local\Temp\ccy9FUfH.s:5378   .text.SPI_DMATransmitCplt:00000000 $t
C:\Users\10369\AppData\Local\Temp\ccy9FUfH.s:5505   .text.SPI_DMAReceiveCplt:00000000 $t
C:\Users\10369\AppData\Local\Temp\ccy9FUfH.s:5622   .text.SPI_DMATransmitReceiveCplt:00000000 $t
C:\Users\10369\AppData\Local\Temp\ccy9FUfH.s:5722   .text.HAL_SPI_IRQHandler:00000000 $t
C:\Users\10369\AppData\Local\Temp\ccy9FUfH.s:5728   .text.HAL_SPI_IRQHandler:00000000 HAL_SPI_IRQHandler
C:\Users\10369\AppData\Local\Temp\ccy9FUfH.s:6000   .text.HAL_SPI_IRQHandler:00000120 $d
C:\Users\10369\AppData\Local\Temp\ccy9FUfH.s:6010   .text.SPI_DMAAbortOnError:00000000 SPI_DMAAbortOnError
C:\Users\10369\AppData\Local\Temp\ccy9FUfH.s:6005   .text.SPI_DMAAbortOnError:00000000 $t
C:\Users\10369\AppData\Local\Temp\ccy9FUfH.s:6043   .text.HAL_SPI_AbortCpltCallback:00000000 $t
ARM GAS  C:\Users\10369\AppData\Local\Temp\ccy9FUfH.s 			page 228


C:\Users\10369\AppData\Local\Temp\ccy9FUfH.s:6049   .text.HAL_SPI_AbortCpltCallback:00000000 HAL_SPI_AbortCpltCallback
C:\Users\10369\AppData\Local\Temp\ccy9FUfH.s:6064   .text.HAL_SPI_Abort_IT:00000000 $t
C:\Users\10369\AppData\Local\Temp\ccy9FUfH.s:6070   .text.HAL_SPI_Abort_IT:00000000 HAL_SPI_Abort_IT
C:\Users\10369\AppData\Local\Temp\ccy9FUfH.s:6405   .text.HAL_SPI_Abort_IT:00000140 $d
C:\Users\10369\AppData\Local\Temp\ccy9FUfH.s:6555   .text.SPI_DMATxAbortCallback:00000000 SPI_DMATxAbortCallback
C:\Users\10369\AppData\Local\Temp\ccy9FUfH.s:6420   .text.SPI_DMARxAbortCallback:00000000 SPI_DMARxAbortCallback
C:\Users\10369\AppData\Local\Temp\ccy9FUfH.s:6415   .text.SPI_DMARxAbortCallback:00000000 $t
C:\Users\10369\AppData\Local\Temp\ccy9FUfH.s:6550   .text.SPI_DMATxAbortCallback:00000000 $t
C:\Users\10369\AppData\Local\Temp\ccy9FUfH.s:6699   .text.SPI_DMATxAbortCallback:00000088 $d
C:\Users\10369\AppData\Local\Temp\ccy9FUfH.s:6705   .text.HAL_SPI_GetState:00000000 $t
C:\Users\10369\AppData\Local\Temp\ccy9FUfH.s:6711   .text.HAL_SPI_GetState:00000000 HAL_SPI_GetState
C:\Users\10369\AppData\Local\Temp\ccy9FUfH.s:6729   .text.HAL_SPI_GetError:00000000 $t
C:\Users\10369\AppData\Local\Temp\ccy9FUfH.s:6735   .text.HAL_SPI_GetError:00000000 HAL_SPI_GetError

UNDEFINED SYMBOLS
SystemCoreClock
HAL_GetTick
HAL_DMA_Start_IT
HAL_DMA_Abort
HAL_DMA_Abort_IT
