ARM GAS  C:\Users\10369\AppData\Local\Temp\ccUaxGpI.s 			page 1


   1              		.cpu cortex-m4
   2              		.arch armv7e-m
   3              		.fpu fpv4-sp-d16
   4              		.eabi_attribute 27, 1
   5              		.eabi_attribute 28, 1
   6              		.eabi_attribute 20, 1
   7              		.eabi_attribute 21, 1
   8              		.eabi_attribute 23, 3
   9              		.eabi_attribute 24, 1
  10              		.eabi_attribute 25, 1
  11              		.eabi_attribute 26, 1
  12              		.eabi_attribute 30, 1
  13              		.eabi_attribute 34, 1
  14              		.eabi_attribute 18, 4
  15              		.file	"stm32f4xx_hal_tim_ex.c"
  16              		.text
  17              	.Ltext0:
  18              		.cfi_sections	.debug_frame
  19              		.file 1 "Drivers/STM32F4xx_HAL_Driver/Src/stm32f4xx_hal_tim_ex.c"
  20              		.section	.text.TIM_CCxNChannelCmd,"ax",%progbits
  21              		.align	1
  22              		.syntax unified
  23              		.thumb
  24              		.thumb_func
  26              	TIM_CCxNChannelCmd:
  27              	.LVL0:
  28              	.LFB175:
   1:Drivers/STM32F4xx_HAL_Driver/Src/stm32f4xx_hal_tim_ex.c **** /**
   2:Drivers/STM32F4xx_HAL_Driver/Src/stm32f4xx_hal_tim_ex.c ****   ******************************************************************************
   3:Drivers/STM32F4xx_HAL_Driver/Src/stm32f4xx_hal_tim_ex.c ****   * @file    stm32f4xx_hal_tim_ex.c
   4:Drivers/STM32F4xx_HAL_Driver/Src/stm32f4xx_hal_tim_ex.c ****   * @author  MCD Application Team
   5:Drivers/STM32F4xx_HAL_Driver/Src/stm32f4xx_hal_tim_ex.c ****   * @brief   TIM HAL module driver.
   6:Drivers/STM32F4xx_HAL_Driver/Src/stm32f4xx_hal_tim_ex.c ****   *          This file provides firmware functions to manage the following
   7:Drivers/STM32F4xx_HAL_Driver/Src/stm32f4xx_hal_tim_ex.c ****   *          functionalities of the Timer Extended peripheral:
   8:Drivers/STM32F4xx_HAL_Driver/Src/stm32f4xx_hal_tim_ex.c ****   *           + Time Hall Sensor Interface Initialization
   9:Drivers/STM32F4xx_HAL_Driver/Src/stm32f4xx_hal_tim_ex.c ****   *           + Time Hall Sensor Interface Start
  10:Drivers/STM32F4xx_HAL_Driver/Src/stm32f4xx_hal_tim_ex.c ****   *           + Time Complementary signal break and dead time configuration
  11:Drivers/STM32F4xx_HAL_Driver/Src/stm32f4xx_hal_tim_ex.c ****   *           + Time Master and Slave synchronization configuration
  12:Drivers/STM32F4xx_HAL_Driver/Src/stm32f4xx_hal_tim_ex.c ****   *           + Timer remapping capabilities configuration
  13:Drivers/STM32F4xx_HAL_Driver/Src/stm32f4xx_hal_tim_ex.c ****   ******************************************************************************
  14:Drivers/STM32F4xx_HAL_Driver/Src/stm32f4xx_hal_tim_ex.c ****   * @attention
  15:Drivers/STM32F4xx_HAL_Driver/Src/stm32f4xx_hal_tim_ex.c ****   *
  16:Drivers/STM32F4xx_HAL_Driver/Src/stm32f4xx_hal_tim_ex.c ****   * Copyright (c) 2016 STMicroelectronics.
  17:Drivers/STM32F4xx_HAL_Driver/Src/stm32f4xx_hal_tim_ex.c ****   * All rights reserved.
  18:Drivers/STM32F4xx_HAL_Driver/Src/stm32f4xx_hal_tim_ex.c ****   *
  19:Drivers/STM32F4xx_HAL_Driver/Src/stm32f4xx_hal_tim_ex.c ****   * This software is licensed under terms that can be found in the LICENSE file
  20:Drivers/STM32F4xx_HAL_Driver/Src/stm32f4xx_hal_tim_ex.c ****   * in the root directory of this software component.
  21:Drivers/STM32F4xx_HAL_Driver/Src/stm32f4xx_hal_tim_ex.c ****   * If no LICENSE file comes with this software, it is provided AS-IS.
  22:Drivers/STM32F4xx_HAL_Driver/Src/stm32f4xx_hal_tim_ex.c ****   *
  23:Drivers/STM32F4xx_HAL_Driver/Src/stm32f4xx_hal_tim_ex.c ****   ******************************************************************************
  24:Drivers/STM32F4xx_HAL_Driver/Src/stm32f4xx_hal_tim_ex.c ****   @verbatim
  25:Drivers/STM32F4xx_HAL_Driver/Src/stm32f4xx_hal_tim_ex.c ****   ==============================================================================
  26:Drivers/STM32F4xx_HAL_Driver/Src/stm32f4xx_hal_tim_ex.c ****                       ##### TIMER Extended features #####
  27:Drivers/STM32F4xx_HAL_Driver/Src/stm32f4xx_hal_tim_ex.c ****   ==============================================================================
  28:Drivers/STM32F4xx_HAL_Driver/Src/stm32f4xx_hal_tim_ex.c ****   [..]
  29:Drivers/STM32F4xx_HAL_Driver/Src/stm32f4xx_hal_tim_ex.c ****     The Timer Extended features include:
  30:Drivers/STM32F4xx_HAL_Driver/Src/stm32f4xx_hal_tim_ex.c ****     (#) Complementary outputs with programmable dead-time for :
ARM GAS  C:\Users\10369\AppData\Local\Temp\ccUaxGpI.s 			page 2


  31:Drivers/STM32F4xx_HAL_Driver/Src/stm32f4xx_hal_tim_ex.c ****         (++) Output Compare
  32:Drivers/STM32F4xx_HAL_Driver/Src/stm32f4xx_hal_tim_ex.c ****         (++) PWM generation (Edge and Center-aligned Mode)
  33:Drivers/STM32F4xx_HAL_Driver/Src/stm32f4xx_hal_tim_ex.c ****         (++) One-pulse mode output
  34:Drivers/STM32F4xx_HAL_Driver/Src/stm32f4xx_hal_tim_ex.c ****     (#) Synchronization circuit to control the timer with external signals and to
  35:Drivers/STM32F4xx_HAL_Driver/Src/stm32f4xx_hal_tim_ex.c ****         interconnect several timers together.
  36:Drivers/STM32F4xx_HAL_Driver/Src/stm32f4xx_hal_tim_ex.c ****     (#) Break input to put the timer output signals in reset state or in a known state.
  37:Drivers/STM32F4xx_HAL_Driver/Src/stm32f4xx_hal_tim_ex.c ****     (#) Supports incremental (quadrature) encoder and hall-sensor circuitry for
  38:Drivers/STM32F4xx_HAL_Driver/Src/stm32f4xx_hal_tim_ex.c ****         positioning purposes
  39:Drivers/STM32F4xx_HAL_Driver/Src/stm32f4xx_hal_tim_ex.c **** 
  40:Drivers/STM32F4xx_HAL_Driver/Src/stm32f4xx_hal_tim_ex.c ****             ##### How to use this driver #####
  41:Drivers/STM32F4xx_HAL_Driver/Src/stm32f4xx_hal_tim_ex.c ****   ==============================================================================
  42:Drivers/STM32F4xx_HAL_Driver/Src/stm32f4xx_hal_tim_ex.c ****     [..]
  43:Drivers/STM32F4xx_HAL_Driver/Src/stm32f4xx_hal_tim_ex.c ****      (#) Initialize the TIM low level resources by implementing the following functions
  44:Drivers/STM32F4xx_HAL_Driver/Src/stm32f4xx_hal_tim_ex.c ****          depending on the selected feature:
  45:Drivers/STM32F4xx_HAL_Driver/Src/stm32f4xx_hal_tim_ex.c ****            (++) Hall Sensor output : HAL_TIMEx_HallSensor_MspInit()
  46:Drivers/STM32F4xx_HAL_Driver/Src/stm32f4xx_hal_tim_ex.c **** 
  47:Drivers/STM32F4xx_HAL_Driver/Src/stm32f4xx_hal_tim_ex.c ****      (#) Initialize the TIM low level resources :
  48:Drivers/STM32F4xx_HAL_Driver/Src/stm32f4xx_hal_tim_ex.c ****         (##) Enable the TIM interface clock using __HAL_RCC_TIMx_CLK_ENABLE();
  49:Drivers/STM32F4xx_HAL_Driver/Src/stm32f4xx_hal_tim_ex.c ****         (##) TIM pins configuration
  50:Drivers/STM32F4xx_HAL_Driver/Src/stm32f4xx_hal_tim_ex.c ****             (+++) Enable the clock for the TIM GPIOs using the following function:
  51:Drivers/STM32F4xx_HAL_Driver/Src/stm32f4xx_hal_tim_ex.c ****               __HAL_RCC_GPIOx_CLK_ENABLE();
  52:Drivers/STM32F4xx_HAL_Driver/Src/stm32f4xx_hal_tim_ex.c ****             (+++) Configure these TIM pins in Alternate function mode using HAL_GPIO_Init();
  53:Drivers/STM32F4xx_HAL_Driver/Src/stm32f4xx_hal_tim_ex.c **** 
  54:Drivers/STM32F4xx_HAL_Driver/Src/stm32f4xx_hal_tim_ex.c ****      (#) The external Clock can be configured, if needed (the default clock is the
  55:Drivers/STM32F4xx_HAL_Driver/Src/stm32f4xx_hal_tim_ex.c ****          internal clock from the APBx), using the following function:
  56:Drivers/STM32F4xx_HAL_Driver/Src/stm32f4xx_hal_tim_ex.c ****          HAL_TIM_ConfigClockSource, the clock configuration should be done before
  57:Drivers/STM32F4xx_HAL_Driver/Src/stm32f4xx_hal_tim_ex.c ****          any start function.
  58:Drivers/STM32F4xx_HAL_Driver/Src/stm32f4xx_hal_tim_ex.c **** 
  59:Drivers/STM32F4xx_HAL_Driver/Src/stm32f4xx_hal_tim_ex.c ****      (#) Configure the TIM in the desired functioning mode using one of the
  60:Drivers/STM32F4xx_HAL_Driver/Src/stm32f4xx_hal_tim_ex.c ****          initialization function of this driver:
  61:Drivers/STM32F4xx_HAL_Driver/Src/stm32f4xx_hal_tim_ex.c ****           (++) HAL_TIMEx_HallSensor_Init() and HAL_TIMEx_ConfigCommutEvent(): to use the
  62:Drivers/STM32F4xx_HAL_Driver/Src/stm32f4xx_hal_tim_ex.c ****                Timer Hall Sensor Interface and the commutation event with the corresponding
  63:Drivers/STM32F4xx_HAL_Driver/Src/stm32f4xx_hal_tim_ex.c ****                Interrupt and DMA request if needed (Note that One Timer is used to interface
  64:Drivers/STM32F4xx_HAL_Driver/Src/stm32f4xx_hal_tim_ex.c ****                with the Hall sensor Interface and another Timer should be used to use
  65:Drivers/STM32F4xx_HAL_Driver/Src/stm32f4xx_hal_tim_ex.c ****                the commutation event).
  66:Drivers/STM32F4xx_HAL_Driver/Src/stm32f4xx_hal_tim_ex.c **** 
  67:Drivers/STM32F4xx_HAL_Driver/Src/stm32f4xx_hal_tim_ex.c ****      (#) Activate the TIM peripheral using one of the start functions:
  68:Drivers/STM32F4xx_HAL_Driver/Src/stm32f4xx_hal_tim_ex.c ****            (++) Complementary Output Compare : HAL_TIMEx_OCN_Start(), HAL_TIMEx_OCN_Start_DMA(),
  69:Drivers/STM32F4xx_HAL_Driver/Src/stm32f4xx_hal_tim_ex.c ****                 HAL_TIMEx_OCN_Start_IT()
  70:Drivers/STM32F4xx_HAL_Driver/Src/stm32f4xx_hal_tim_ex.c ****            (++) Complementary PWM generation : HAL_TIMEx_PWMN_Start(), HAL_TIMEx_PWMN_Start_DMA(),
  71:Drivers/STM32F4xx_HAL_Driver/Src/stm32f4xx_hal_tim_ex.c ****                 HAL_TIMEx_PWMN_Start_IT()
  72:Drivers/STM32F4xx_HAL_Driver/Src/stm32f4xx_hal_tim_ex.c ****            (++) Complementary One-pulse mode output : HAL_TIMEx_OnePulseN_Start(), HAL_TIMEx_OnePul
  73:Drivers/STM32F4xx_HAL_Driver/Src/stm32f4xx_hal_tim_ex.c ****            (++) Hall Sensor output : HAL_TIMEx_HallSensor_Start(), HAL_TIMEx_HallSensor_Start_DMA()
  74:Drivers/STM32F4xx_HAL_Driver/Src/stm32f4xx_hal_tim_ex.c ****                 HAL_TIMEx_HallSensor_Start_IT().
  75:Drivers/STM32F4xx_HAL_Driver/Src/stm32f4xx_hal_tim_ex.c **** 
  76:Drivers/STM32F4xx_HAL_Driver/Src/stm32f4xx_hal_tim_ex.c ****   @endverbatim
  77:Drivers/STM32F4xx_HAL_Driver/Src/stm32f4xx_hal_tim_ex.c ****   ******************************************************************************
  78:Drivers/STM32F4xx_HAL_Driver/Src/stm32f4xx_hal_tim_ex.c ****   */
  79:Drivers/STM32F4xx_HAL_Driver/Src/stm32f4xx_hal_tim_ex.c **** 
  80:Drivers/STM32F4xx_HAL_Driver/Src/stm32f4xx_hal_tim_ex.c **** /* Includes ------------------------------------------------------------------*/
  81:Drivers/STM32F4xx_HAL_Driver/Src/stm32f4xx_hal_tim_ex.c **** #include "stm32f4xx_hal.h"
  82:Drivers/STM32F4xx_HAL_Driver/Src/stm32f4xx_hal_tim_ex.c **** 
  83:Drivers/STM32F4xx_HAL_Driver/Src/stm32f4xx_hal_tim_ex.c **** /** @addtogroup STM32F4xx_HAL_Driver
  84:Drivers/STM32F4xx_HAL_Driver/Src/stm32f4xx_hal_tim_ex.c ****   * @{
  85:Drivers/STM32F4xx_HAL_Driver/Src/stm32f4xx_hal_tim_ex.c ****   */
  86:Drivers/STM32F4xx_HAL_Driver/Src/stm32f4xx_hal_tim_ex.c **** 
  87:Drivers/STM32F4xx_HAL_Driver/Src/stm32f4xx_hal_tim_ex.c **** /** @defgroup TIMEx TIMEx
ARM GAS  C:\Users\10369\AppData\Local\Temp\ccUaxGpI.s 			page 3


  88:Drivers/STM32F4xx_HAL_Driver/Src/stm32f4xx_hal_tim_ex.c ****   * @brief TIM Extended HAL module driver
  89:Drivers/STM32F4xx_HAL_Driver/Src/stm32f4xx_hal_tim_ex.c ****   * @{
  90:Drivers/STM32F4xx_HAL_Driver/Src/stm32f4xx_hal_tim_ex.c ****   */
  91:Drivers/STM32F4xx_HAL_Driver/Src/stm32f4xx_hal_tim_ex.c **** 
  92:Drivers/STM32F4xx_HAL_Driver/Src/stm32f4xx_hal_tim_ex.c **** #ifdef HAL_TIM_MODULE_ENABLED
  93:Drivers/STM32F4xx_HAL_Driver/Src/stm32f4xx_hal_tim_ex.c **** 
  94:Drivers/STM32F4xx_HAL_Driver/Src/stm32f4xx_hal_tim_ex.c **** /* Private typedef -----------------------------------------------------------*/
  95:Drivers/STM32F4xx_HAL_Driver/Src/stm32f4xx_hal_tim_ex.c **** /* Private define ------------------------------------------------------------*/
  96:Drivers/STM32F4xx_HAL_Driver/Src/stm32f4xx_hal_tim_ex.c **** /* Private macros ------------------------------------------------------------*/
  97:Drivers/STM32F4xx_HAL_Driver/Src/stm32f4xx_hal_tim_ex.c **** /* Private variables ---------------------------------------------------------*/
  98:Drivers/STM32F4xx_HAL_Driver/Src/stm32f4xx_hal_tim_ex.c **** /* Private function prototypes -----------------------------------------------*/
  99:Drivers/STM32F4xx_HAL_Driver/Src/stm32f4xx_hal_tim_ex.c **** static void TIM_DMADelayPulseNCplt(DMA_HandleTypeDef *hdma);
 100:Drivers/STM32F4xx_HAL_Driver/Src/stm32f4xx_hal_tim_ex.c **** static void TIM_DMAErrorCCxN(DMA_HandleTypeDef *hdma);
 101:Drivers/STM32F4xx_HAL_Driver/Src/stm32f4xx_hal_tim_ex.c **** static void TIM_CCxNChannelCmd(TIM_TypeDef *TIMx, uint32_t Channel, uint32_t ChannelNState);
 102:Drivers/STM32F4xx_HAL_Driver/Src/stm32f4xx_hal_tim_ex.c **** 
 103:Drivers/STM32F4xx_HAL_Driver/Src/stm32f4xx_hal_tim_ex.c **** /* Exported functions --------------------------------------------------------*/
 104:Drivers/STM32F4xx_HAL_Driver/Src/stm32f4xx_hal_tim_ex.c **** /** @defgroup TIMEx_Exported_Functions TIM Extended Exported Functions
 105:Drivers/STM32F4xx_HAL_Driver/Src/stm32f4xx_hal_tim_ex.c ****   * @{
 106:Drivers/STM32F4xx_HAL_Driver/Src/stm32f4xx_hal_tim_ex.c ****   */
 107:Drivers/STM32F4xx_HAL_Driver/Src/stm32f4xx_hal_tim_ex.c **** 
 108:Drivers/STM32F4xx_HAL_Driver/Src/stm32f4xx_hal_tim_ex.c **** /** @defgroup TIMEx_Exported_Functions_Group1 Extended Timer Hall Sensor functions
 109:Drivers/STM32F4xx_HAL_Driver/Src/stm32f4xx_hal_tim_ex.c ****   * @brief    Timer Hall Sensor functions
 110:Drivers/STM32F4xx_HAL_Driver/Src/stm32f4xx_hal_tim_ex.c ****   *
 111:Drivers/STM32F4xx_HAL_Driver/Src/stm32f4xx_hal_tim_ex.c **** @verbatim
 112:Drivers/STM32F4xx_HAL_Driver/Src/stm32f4xx_hal_tim_ex.c ****   ==============================================================================
 113:Drivers/STM32F4xx_HAL_Driver/Src/stm32f4xx_hal_tim_ex.c ****                       ##### Timer Hall Sensor functions #####
 114:Drivers/STM32F4xx_HAL_Driver/Src/stm32f4xx_hal_tim_ex.c ****   ==============================================================================
 115:Drivers/STM32F4xx_HAL_Driver/Src/stm32f4xx_hal_tim_ex.c ****   [..]
 116:Drivers/STM32F4xx_HAL_Driver/Src/stm32f4xx_hal_tim_ex.c ****     This section provides functions allowing to:
 117:Drivers/STM32F4xx_HAL_Driver/Src/stm32f4xx_hal_tim_ex.c ****     (+) Initialize and configure TIM HAL Sensor.
 118:Drivers/STM32F4xx_HAL_Driver/Src/stm32f4xx_hal_tim_ex.c ****     (+) De-initialize TIM HAL Sensor.
 119:Drivers/STM32F4xx_HAL_Driver/Src/stm32f4xx_hal_tim_ex.c ****     (+) Start the Hall Sensor Interface.
 120:Drivers/STM32F4xx_HAL_Driver/Src/stm32f4xx_hal_tim_ex.c ****     (+) Stop the Hall Sensor Interface.
 121:Drivers/STM32F4xx_HAL_Driver/Src/stm32f4xx_hal_tim_ex.c ****     (+) Start the Hall Sensor Interface and enable interrupts.
 122:Drivers/STM32F4xx_HAL_Driver/Src/stm32f4xx_hal_tim_ex.c ****     (+) Stop the Hall Sensor Interface and disable interrupts.
 123:Drivers/STM32F4xx_HAL_Driver/Src/stm32f4xx_hal_tim_ex.c ****     (+) Start the Hall Sensor Interface and enable DMA transfers.
 124:Drivers/STM32F4xx_HAL_Driver/Src/stm32f4xx_hal_tim_ex.c ****     (+) Stop the Hall Sensor Interface and disable DMA transfers.
 125:Drivers/STM32F4xx_HAL_Driver/Src/stm32f4xx_hal_tim_ex.c **** 
 126:Drivers/STM32F4xx_HAL_Driver/Src/stm32f4xx_hal_tim_ex.c **** @endverbatim
 127:Drivers/STM32F4xx_HAL_Driver/Src/stm32f4xx_hal_tim_ex.c ****   * @{
 128:Drivers/STM32F4xx_HAL_Driver/Src/stm32f4xx_hal_tim_ex.c ****   */
 129:Drivers/STM32F4xx_HAL_Driver/Src/stm32f4xx_hal_tim_ex.c **** /**
 130:Drivers/STM32F4xx_HAL_Driver/Src/stm32f4xx_hal_tim_ex.c ****   * @brief  Initializes the TIM Hall Sensor Interface and initialize the associated handle.
 131:Drivers/STM32F4xx_HAL_Driver/Src/stm32f4xx_hal_tim_ex.c ****   * @note   When the timer instance is initialized in Hall Sensor Interface mode,
 132:Drivers/STM32F4xx_HAL_Driver/Src/stm32f4xx_hal_tim_ex.c ****   *         timer channels 1 and channel 2 are reserved and cannot be used for
 133:Drivers/STM32F4xx_HAL_Driver/Src/stm32f4xx_hal_tim_ex.c ****   *         other purpose.
 134:Drivers/STM32F4xx_HAL_Driver/Src/stm32f4xx_hal_tim_ex.c ****   * @param  htim TIM Hall Sensor Interface handle
 135:Drivers/STM32F4xx_HAL_Driver/Src/stm32f4xx_hal_tim_ex.c ****   * @param  sConfig TIM Hall Sensor configuration structure
 136:Drivers/STM32F4xx_HAL_Driver/Src/stm32f4xx_hal_tim_ex.c ****   * @retval HAL status
 137:Drivers/STM32F4xx_HAL_Driver/Src/stm32f4xx_hal_tim_ex.c ****   */
 138:Drivers/STM32F4xx_HAL_Driver/Src/stm32f4xx_hal_tim_ex.c **** HAL_StatusTypeDef HAL_TIMEx_HallSensor_Init(TIM_HandleTypeDef *htim, const TIM_HallSensor_InitTypeD
 139:Drivers/STM32F4xx_HAL_Driver/Src/stm32f4xx_hal_tim_ex.c **** {
 140:Drivers/STM32F4xx_HAL_Driver/Src/stm32f4xx_hal_tim_ex.c ****   TIM_OC_InitTypeDef OC_Config;
 141:Drivers/STM32F4xx_HAL_Driver/Src/stm32f4xx_hal_tim_ex.c **** 
 142:Drivers/STM32F4xx_HAL_Driver/Src/stm32f4xx_hal_tim_ex.c ****   /* Check the TIM handle allocation */
 143:Drivers/STM32F4xx_HAL_Driver/Src/stm32f4xx_hal_tim_ex.c ****   if (htim == NULL)
 144:Drivers/STM32F4xx_HAL_Driver/Src/stm32f4xx_hal_tim_ex.c ****   {
ARM GAS  C:\Users\10369\AppData\Local\Temp\ccUaxGpI.s 			page 4


 145:Drivers/STM32F4xx_HAL_Driver/Src/stm32f4xx_hal_tim_ex.c ****     return HAL_ERROR;
 146:Drivers/STM32F4xx_HAL_Driver/Src/stm32f4xx_hal_tim_ex.c ****   }
 147:Drivers/STM32F4xx_HAL_Driver/Src/stm32f4xx_hal_tim_ex.c **** 
 148:Drivers/STM32F4xx_HAL_Driver/Src/stm32f4xx_hal_tim_ex.c ****   /* Check the parameters */
 149:Drivers/STM32F4xx_HAL_Driver/Src/stm32f4xx_hal_tim_ex.c ****   assert_param(IS_TIM_HALL_SENSOR_INTERFACE_INSTANCE(htim->Instance));
 150:Drivers/STM32F4xx_HAL_Driver/Src/stm32f4xx_hal_tim_ex.c ****   assert_param(IS_TIM_COUNTER_MODE(htim->Init.CounterMode));
 151:Drivers/STM32F4xx_HAL_Driver/Src/stm32f4xx_hal_tim_ex.c ****   assert_param(IS_TIM_CLOCKDIVISION_DIV(htim->Init.ClockDivision));
 152:Drivers/STM32F4xx_HAL_Driver/Src/stm32f4xx_hal_tim_ex.c ****   assert_param(IS_TIM_AUTORELOAD_PRELOAD(htim->Init.AutoReloadPreload));
 153:Drivers/STM32F4xx_HAL_Driver/Src/stm32f4xx_hal_tim_ex.c ****   assert_param(IS_TIM_IC_POLARITY(sConfig->IC1Polarity));
 154:Drivers/STM32F4xx_HAL_Driver/Src/stm32f4xx_hal_tim_ex.c ****   assert_param(IS_TIM_PERIOD(htim, htim->Init.Period));
 155:Drivers/STM32F4xx_HAL_Driver/Src/stm32f4xx_hal_tim_ex.c ****   assert_param(IS_TIM_IC_PRESCALER(sConfig->IC1Prescaler));
 156:Drivers/STM32F4xx_HAL_Driver/Src/stm32f4xx_hal_tim_ex.c ****   assert_param(IS_TIM_IC_FILTER(sConfig->IC1Filter));
 157:Drivers/STM32F4xx_HAL_Driver/Src/stm32f4xx_hal_tim_ex.c **** 
 158:Drivers/STM32F4xx_HAL_Driver/Src/stm32f4xx_hal_tim_ex.c ****   if (htim->State == HAL_TIM_STATE_RESET)
 159:Drivers/STM32F4xx_HAL_Driver/Src/stm32f4xx_hal_tim_ex.c ****   {
 160:Drivers/STM32F4xx_HAL_Driver/Src/stm32f4xx_hal_tim_ex.c ****     /* Allocate lock resource and initialize it */
 161:Drivers/STM32F4xx_HAL_Driver/Src/stm32f4xx_hal_tim_ex.c ****     htim->Lock = HAL_UNLOCKED;
 162:Drivers/STM32F4xx_HAL_Driver/Src/stm32f4xx_hal_tim_ex.c **** 
 163:Drivers/STM32F4xx_HAL_Driver/Src/stm32f4xx_hal_tim_ex.c **** #if (USE_HAL_TIM_REGISTER_CALLBACKS == 1)
 164:Drivers/STM32F4xx_HAL_Driver/Src/stm32f4xx_hal_tim_ex.c ****     /* Reset interrupt callbacks to legacy week callbacks */
 165:Drivers/STM32F4xx_HAL_Driver/Src/stm32f4xx_hal_tim_ex.c ****     TIM_ResetCallback(htim);
 166:Drivers/STM32F4xx_HAL_Driver/Src/stm32f4xx_hal_tim_ex.c **** 
 167:Drivers/STM32F4xx_HAL_Driver/Src/stm32f4xx_hal_tim_ex.c ****     if (htim->HallSensor_MspInitCallback == NULL)
 168:Drivers/STM32F4xx_HAL_Driver/Src/stm32f4xx_hal_tim_ex.c ****     {
 169:Drivers/STM32F4xx_HAL_Driver/Src/stm32f4xx_hal_tim_ex.c ****       htim->HallSensor_MspInitCallback = HAL_TIMEx_HallSensor_MspInit;
 170:Drivers/STM32F4xx_HAL_Driver/Src/stm32f4xx_hal_tim_ex.c ****     }
 171:Drivers/STM32F4xx_HAL_Driver/Src/stm32f4xx_hal_tim_ex.c ****     /* Init the low level hardware : GPIO, CLOCK, NVIC */
 172:Drivers/STM32F4xx_HAL_Driver/Src/stm32f4xx_hal_tim_ex.c ****     htim->HallSensor_MspInitCallback(htim);
 173:Drivers/STM32F4xx_HAL_Driver/Src/stm32f4xx_hal_tim_ex.c **** #else
 174:Drivers/STM32F4xx_HAL_Driver/Src/stm32f4xx_hal_tim_ex.c ****     /* Init the low level hardware : GPIO, CLOCK, NVIC and DMA */
 175:Drivers/STM32F4xx_HAL_Driver/Src/stm32f4xx_hal_tim_ex.c ****     HAL_TIMEx_HallSensor_MspInit(htim);
 176:Drivers/STM32F4xx_HAL_Driver/Src/stm32f4xx_hal_tim_ex.c **** #endif /* USE_HAL_TIM_REGISTER_CALLBACKS */
 177:Drivers/STM32F4xx_HAL_Driver/Src/stm32f4xx_hal_tim_ex.c ****   }
 178:Drivers/STM32F4xx_HAL_Driver/Src/stm32f4xx_hal_tim_ex.c **** 
 179:Drivers/STM32F4xx_HAL_Driver/Src/stm32f4xx_hal_tim_ex.c ****   /* Set the TIM state */
 180:Drivers/STM32F4xx_HAL_Driver/Src/stm32f4xx_hal_tim_ex.c ****   htim->State = HAL_TIM_STATE_BUSY;
 181:Drivers/STM32F4xx_HAL_Driver/Src/stm32f4xx_hal_tim_ex.c **** 
 182:Drivers/STM32F4xx_HAL_Driver/Src/stm32f4xx_hal_tim_ex.c ****   /* Configure the Time base in the Encoder Mode */
 183:Drivers/STM32F4xx_HAL_Driver/Src/stm32f4xx_hal_tim_ex.c ****   TIM_Base_SetConfig(htim->Instance, &htim->Init);
 184:Drivers/STM32F4xx_HAL_Driver/Src/stm32f4xx_hal_tim_ex.c **** 
 185:Drivers/STM32F4xx_HAL_Driver/Src/stm32f4xx_hal_tim_ex.c ****   /* Configure the Channel 1 as Input Channel to interface with the three Outputs of the  Hall sens
 186:Drivers/STM32F4xx_HAL_Driver/Src/stm32f4xx_hal_tim_ex.c ****   TIM_TI1_SetConfig(htim->Instance, sConfig->IC1Polarity, TIM_ICSELECTION_TRC, sConfig->IC1Filter);
 187:Drivers/STM32F4xx_HAL_Driver/Src/stm32f4xx_hal_tim_ex.c **** 
 188:Drivers/STM32F4xx_HAL_Driver/Src/stm32f4xx_hal_tim_ex.c ****   /* Reset the IC1PSC Bits */
 189:Drivers/STM32F4xx_HAL_Driver/Src/stm32f4xx_hal_tim_ex.c ****   htim->Instance->CCMR1 &= ~TIM_CCMR1_IC1PSC;
 190:Drivers/STM32F4xx_HAL_Driver/Src/stm32f4xx_hal_tim_ex.c ****   /* Set the IC1PSC value */
 191:Drivers/STM32F4xx_HAL_Driver/Src/stm32f4xx_hal_tim_ex.c ****   htim->Instance->CCMR1 |= sConfig->IC1Prescaler;
 192:Drivers/STM32F4xx_HAL_Driver/Src/stm32f4xx_hal_tim_ex.c **** 
 193:Drivers/STM32F4xx_HAL_Driver/Src/stm32f4xx_hal_tim_ex.c ****   /* Enable the Hall sensor interface (XOR function of the three inputs) */
 194:Drivers/STM32F4xx_HAL_Driver/Src/stm32f4xx_hal_tim_ex.c ****   htim->Instance->CR2 |= TIM_CR2_TI1S;
 195:Drivers/STM32F4xx_HAL_Driver/Src/stm32f4xx_hal_tim_ex.c **** 
 196:Drivers/STM32F4xx_HAL_Driver/Src/stm32f4xx_hal_tim_ex.c ****   /* Select the TIM_TS_TI1F_ED signal as Input trigger for the TIM */
 197:Drivers/STM32F4xx_HAL_Driver/Src/stm32f4xx_hal_tim_ex.c ****   htim->Instance->SMCR &= ~TIM_SMCR_TS;
 198:Drivers/STM32F4xx_HAL_Driver/Src/stm32f4xx_hal_tim_ex.c ****   htim->Instance->SMCR |= TIM_TS_TI1F_ED;
 199:Drivers/STM32F4xx_HAL_Driver/Src/stm32f4xx_hal_tim_ex.c **** 
 200:Drivers/STM32F4xx_HAL_Driver/Src/stm32f4xx_hal_tim_ex.c ****   /* Use the TIM_TS_TI1F_ED signal to reset the TIM counter each edge detection */
 201:Drivers/STM32F4xx_HAL_Driver/Src/stm32f4xx_hal_tim_ex.c ****   htim->Instance->SMCR &= ~TIM_SMCR_SMS;
ARM GAS  C:\Users\10369\AppData\Local\Temp\ccUaxGpI.s 			page 5


 202:Drivers/STM32F4xx_HAL_Driver/Src/stm32f4xx_hal_tim_ex.c ****   htim->Instance->SMCR |= TIM_SLAVEMODE_RESET;
 203:Drivers/STM32F4xx_HAL_Driver/Src/stm32f4xx_hal_tim_ex.c **** 
 204:Drivers/STM32F4xx_HAL_Driver/Src/stm32f4xx_hal_tim_ex.c ****   /* Program channel 2 in PWM 2 mode with the desired Commutation_Delay*/
 205:Drivers/STM32F4xx_HAL_Driver/Src/stm32f4xx_hal_tim_ex.c ****   OC_Config.OCFastMode = TIM_OCFAST_DISABLE;
 206:Drivers/STM32F4xx_HAL_Driver/Src/stm32f4xx_hal_tim_ex.c ****   OC_Config.OCIdleState = TIM_OCIDLESTATE_RESET;
 207:Drivers/STM32F4xx_HAL_Driver/Src/stm32f4xx_hal_tim_ex.c ****   OC_Config.OCMode = TIM_OCMODE_PWM2;
 208:Drivers/STM32F4xx_HAL_Driver/Src/stm32f4xx_hal_tim_ex.c ****   OC_Config.OCNIdleState = TIM_OCNIDLESTATE_RESET;
 209:Drivers/STM32F4xx_HAL_Driver/Src/stm32f4xx_hal_tim_ex.c ****   OC_Config.OCNPolarity = TIM_OCNPOLARITY_HIGH;
 210:Drivers/STM32F4xx_HAL_Driver/Src/stm32f4xx_hal_tim_ex.c ****   OC_Config.OCPolarity = TIM_OCPOLARITY_HIGH;
 211:Drivers/STM32F4xx_HAL_Driver/Src/stm32f4xx_hal_tim_ex.c ****   OC_Config.Pulse = sConfig->Commutation_Delay;
 212:Drivers/STM32F4xx_HAL_Driver/Src/stm32f4xx_hal_tim_ex.c **** 
 213:Drivers/STM32F4xx_HAL_Driver/Src/stm32f4xx_hal_tim_ex.c ****   TIM_OC2_SetConfig(htim->Instance, &OC_Config);
 214:Drivers/STM32F4xx_HAL_Driver/Src/stm32f4xx_hal_tim_ex.c **** 
 215:Drivers/STM32F4xx_HAL_Driver/Src/stm32f4xx_hal_tim_ex.c ****   /* Select OC2REF as trigger output on TRGO: write the MMS bits in the TIMx_CR2
 216:Drivers/STM32F4xx_HAL_Driver/Src/stm32f4xx_hal_tim_ex.c ****     register to 101 */
 217:Drivers/STM32F4xx_HAL_Driver/Src/stm32f4xx_hal_tim_ex.c ****   htim->Instance->CR2 &= ~TIM_CR2_MMS;
 218:Drivers/STM32F4xx_HAL_Driver/Src/stm32f4xx_hal_tim_ex.c ****   htim->Instance->CR2 |= TIM_TRGO_OC2REF;
 219:Drivers/STM32F4xx_HAL_Driver/Src/stm32f4xx_hal_tim_ex.c **** 
 220:Drivers/STM32F4xx_HAL_Driver/Src/stm32f4xx_hal_tim_ex.c ****   /* Initialize the DMA burst operation state */
 221:Drivers/STM32F4xx_HAL_Driver/Src/stm32f4xx_hal_tim_ex.c ****   htim->DMABurstState = HAL_DMA_BURST_STATE_READY;
 222:Drivers/STM32F4xx_HAL_Driver/Src/stm32f4xx_hal_tim_ex.c **** 
 223:Drivers/STM32F4xx_HAL_Driver/Src/stm32f4xx_hal_tim_ex.c ****   /* Initialize the TIM channels state */
 224:Drivers/STM32F4xx_HAL_Driver/Src/stm32f4xx_hal_tim_ex.c ****   TIM_CHANNEL_STATE_SET(htim, TIM_CHANNEL_1, HAL_TIM_CHANNEL_STATE_READY);
 225:Drivers/STM32F4xx_HAL_Driver/Src/stm32f4xx_hal_tim_ex.c ****   TIM_CHANNEL_STATE_SET(htim, TIM_CHANNEL_2, HAL_TIM_CHANNEL_STATE_READY);
 226:Drivers/STM32F4xx_HAL_Driver/Src/stm32f4xx_hal_tim_ex.c ****   TIM_CHANNEL_N_STATE_SET(htim, TIM_CHANNEL_1, HAL_TIM_CHANNEL_STATE_READY);
 227:Drivers/STM32F4xx_HAL_Driver/Src/stm32f4xx_hal_tim_ex.c ****   TIM_CHANNEL_N_STATE_SET(htim, TIM_CHANNEL_2, HAL_TIM_CHANNEL_STATE_READY);
 228:Drivers/STM32F4xx_HAL_Driver/Src/stm32f4xx_hal_tim_ex.c **** 
 229:Drivers/STM32F4xx_HAL_Driver/Src/stm32f4xx_hal_tim_ex.c ****   /* Initialize the TIM state*/
 230:Drivers/STM32F4xx_HAL_Driver/Src/stm32f4xx_hal_tim_ex.c ****   htim->State = HAL_TIM_STATE_READY;
 231:Drivers/STM32F4xx_HAL_Driver/Src/stm32f4xx_hal_tim_ex.c **** 
 232:Drivers/STM32F4xx_HAL_Driver/Src/stm32f4xx_hal_tim_ex.c ****   return HAL_OK;
 233:Drivers/STM32F4xx_HAL_Driver/Src/stm32f4xx_hal_tim_ex.c **** }
 234:Drivers/STM32F4xx_HAL_Driver/Src/stm32f4xx_hal_tim_ex.c **** 
 235:Drivers/STM32F4xx_HAL_Driver/Src/stm32f4xx_hal_tim_ex.c **** /**
 236:Drivers/STM32F4xx_HAL_Driver/Src/stm32f4xx_hal_tim_ex.c ****   * @brief  DeInitializes the TIM Hall Sensor interface
 237:Drivers/STM32F4xx_HAL_Driver/Src/stm32f4xx_hal_tim_ex.c ****   * @param  htim TIM Hall Sensor Interface handle
 238:Drivers/STM32F4xx_HAL_Driver/Src/stm32f4xx_hal_tim_ex.c ****   * @retval HAL status
 239:Drivers/STM32F4xx_HAL_Driver/Src/stm32f4xx_hal_tim_ex.c ****   */
 240:Drivers/STM32F4xx_HAL_Driver/Src/stm32f4xx_hal_tim_ex.c **** HAL_StatusTypeDef HAL_TIMEx_HallSensor_DeInit(TIM_HandleTypeDef *htim)
 241:Drivers/STM32F4xx_HAL_Driver/Src/stm32f4xx_hal_tim_ex.c **** {
 242:Drivers/STM32F4xx_HAL_Driver/Src/stm32f4xx_hal_tim_ex.c ****   /* Check the parameters */
 243:Drivers/STM32F4xx_HAL_Driver/Src/stm32f4xx_hal_tim_ex.c ****   assert_param(IS_TIM_INSTANCE(htim->Instance));
 244:Drivers/STM32F4xx_HAL_Driver/Src/stm32f4xx_hal_tim_ex.c **** 
 245:Drivers/STM32F4xx_HAL_Driver/Src/stm32f4xx_hal_tim_ex.c ****   htim->State = HAL_TIM_STATE_BUSY;
 246:Drivers/STM32F4xx_HAL_Driver/Src/stm32f4xx_hal_tim_ex.c **** 
 247:Drivers/STM32F4xx_HAL_Driver/Src/stm32f4xx_hal_tim_ex.c ****   /* Disable the TIM Peripheral Clock */
 248:Drivers/STM32F4xx_HAL_Driver/Src/stm32f4xx_hal_tim_ex.c ****   __HAL_TIM_DISABLE(htim);
 249:Drivers/STM32F4xx_HAL_Driver/Src/stm32f4xx_hal_tim_ex.c **** 
 250:Drivers/STM32F4xx_HAL_Driver/Src/stm32f4xx_hal_tim_ex.c **** #if (USE_HAL_TIM_REGISTER_CALLBACKS == 1)
 251:Drivers/STM32F4xx_HAL_Driver/Src/stm32f4xx_hal_tim_ex.c ****   if (htim->HallSensor_MspDeInitCallback == NULL)
 252:Drivers/STM32F4xx_HAL_Driver/Src/stm32f4xx_hal_tim_ex.c ****   {
 253:Drivers/STM32F4xx_HAL_Driver/Src/stm32f4xx_hal_tim_ex.c ****     htim->HallSensor_MspDeInitCallback = HAL_TIMEx_HallSensor_MspDeInit;
 254:Drivers/STM32F4xx_HAL_Driver/Src/stm32f4xx_hal_tim_ex.c ****   }
 255:Drivers/STM32F4xx_HAL_Driver/Src/stm32f4xx_hal_tim_ex.c ****   /* DeInit the low level hardware */
 256:Drivers/STM32F4xx_HAL_Driver/Src/stm32f4xx_hal_tim_ex.c ****   htim->HallSensor_MspDeInitCallback(htim);
 257:Drivers/STM32F4xx_HAL_Driver/Src/stm32f4xx_hal_tim_ex.c **** #else
 258:Drivers/STM32F4xx_HAL_Driver/Src/stm32f4xx_hal_tim_ex.c ****   /* DeInit the low level hardware: GPIO, CLOCK, NVIC */
ARM GAS  C:\Users\10369\AppData\Local\Temp\ccUaxGpI.s 			page 6


 259:Drivers/STM32F4xx_HAL_Driver/Src/stm32f4xx_hal_tim_ex.c ****   HAL_TIMEx_HallSensor_MspDeInit(htim);
 260:Drivers/STM32F4xx_HAL_Driver/Src/stm32f4xx_hal_tim_ex.c **** #endif /* USE_HAL_TIM_REGISTER_CALLBACKS */
 261:Drivers/STM32F4xx_HAL_Driver/Src/stm32f4xx_hal_tim_ex.c **** 
 262:Drivers/STM32F4xx_HAL_Driver/Src/stm32f4xx_hal_tim_ex.c ****   /* Change the DMA burst operation state */
 263:Drivers/STM32F4xx_HAL_Driver/Src/stm32f4xx_hal_tim_ex.c ****   htim->DMABurstState = HAL_DMA_BURST_STATE_RESET;
 264:Drivers/STM32F4xx_HAL_Driver/Src/stm32f4xx_hal_tim_ex.c **** 
 265:Drivers/STM32F4xx_HAL_Driver/Src/stm32f4xx_hal_tim_ex.c ****   /* Change the TIM channels state */
 266:Drivers/STM32F4xx_HAL_Driver/Src/stm32f4xx_hal_tim_ex.c ****   TIM_CHANNEL_STATE_SET(htim, TIM_CHANNEL_1, HAL_TIM_CHANNEL_STATE_RESET);
 267:Drivers/STM32F4xx_HAL_Driver/Src/stm32f4xx_hal_tim_ex.c ****   TIM_CHANNEL_STATE_SET(htim, TIM_CHANNEL_2, HAL_TIM_CHANNEL_STATE_RESET);
 268:Drivers/STM32F4xx_HAL_Driver/Src/stm32f4xx_hal_tim_ex.c ****   TIM_CHANNEL_N_STATE_SET(htim, TIM_CHANNEL_1, HAL_TIM_CHANNEL_STATE_RESET);
 269:Drivers/STM32F4xx_HAL_Driver/Src/stm32f4xx_hal_tim_ex.c ****   TIM_CHANNEL_N_STATE_SET(htim, TIM_CHANNEL_2, HAL_TIM_CHANNEL_STATE_RESET);
 270:Drivers/STM32F4xx_HAL_Driver/Src/stm32f4xx_hal_tim_ex.c **** 
 271:Drivers/STM32F4xx_HAL_Driver/Src/stm32f4xx_hal_tim_ex.c ****   /* Change TIM state */
 272:Drivers/STM32F4xx_HAL_Driver/Src/stm32f4xx_hal_tim_ex.c ****   htim->State = HAL_TIM_STATE_RESET;
 273:Drivers/STM32F4xx_HAL_Driver/Src/stm32f4xx_hal_tim_ex.c **** 
 274:Drivers/STM32F4xx_HAL_Driver/Src/stm32f4xx_hal_tim_ex.c ****   /* Release Lock */
 275:Drivers/STM32F4xx_HAL_Driver/Src/stm32f4xx_hal_tim_ex.c ****   __HAL_UNLOCK(htim);
 276:Drivers/STM32F4xx_HAL_Driver/Src/stm32f4xx_hal_tim_ex.c **** 
 277:Drivers/STM32F4xx_HAL_Driver/Src/stm32f4xx_hal_tim_ex.c ****   return HAL_OK;
 278:Drivers/STM32F4xx_HAL_Driver/Src/stm32f4xx_hal_tim_ex.c **** }
 279:Drivers/STM32F4xx_HAL_Driver/Src/stm32f4xx_hal_tim_ex.c **** 
 280:Drivers/STM32F4xx_HAL_Driver/Src/stm32f4xx_hal_tim_ex.c **** /**
 281:Drivers/STM32F4xx_HAL_Driver/Src/stm32f4xx_hal_tim_ex.c ****   * @brief  Initializes the TIM Hall Sensor MSP.
 282:Drivers/STM32F4xx_HAL_Driver/Src/stm32f4xx_hal_tim_ex.c ****   * @param  htim TIM Hall Sensor Interface handle
 283:Drivers/STM32F4xx_HAL_Driver/Src/stm32f4xx_hal_tim_ex.c ****   * @retval None
 284:Drivers/STM32F4xx_HAL_Driver/Src/stm32f4xx_hal_tim_ex.c ****   */
 285:Drivers/STM32F4xx_HAL_Driver/Src/stm32f4xx_hal_tim_ex.c **** __weak void HAL_TIMEx_HallSensor_MspInit(TIM_HandleTypeDef *htim)
 286:Drivers/STM32F4xx_HAL_Driver/Src/stm32f4xx_hal_tim_ex.c **** {
 287:Drivers/STM32F4xx_HAL_Driver/Src/stm32f4xx_hal_tim_ex.c ****   /* Prevent unused argument(s) compilation warning */
 288:Drivers/STM32F4xx_HAL_Driver/Src/stm32f4xx_hal_tim_ex.c ****   UNUSED(htim);
 289:Drivers/STM32F4xx_HAL_Driver/Src/stm32f4xx_hal_tim_ex.c **** 
 290:Drivers/STM32F4xx_HAL_Driver/Src/stm32f4xx_hal_tim_ex.c ****   /* NOTE : This function should not be modified, when the callback is needed,
 291:Drivers/STM32F4xx_HAL_Driver/Src/stm32f4xx_hal_tim_ex.c ****             the HAL_TIMEx_HallSensor_MspInit could be implemented in the user file
 292:Drivers/STM32F4xx_HAL_Driver/Src/stm32f4xx_hal_tim_ex.c ****    */
 293:Drivers/STM32F4xx_HAL_Driver/Src/stm32f4xx_hal_tim_ex.c **** }
 294:Drivers/STM32F4xx_HAL_Driver/Src/stm32f4xx_hal_tim_ex.c **** 
 295:Drivers/STM32F4xx_HAL_Driver/Src/stm32f4xx_hal_tim_ex.c **** /**
 296:Drivers/STM32F4xx_HAL_Driver/Src/stm32f4xx_hal_tim_ex.c ****   * @brief  DeInitializes TIM Hall Sensor MSP.
 297:Drivers/STM32F4xx_HAL_Driver/Src/stm32f4xx_hal_tim_ex.c ****   * @param  htim TIM Hall Sensor Interface handle
 298:Drivers/STM32F4xx_HAL_Driver/Src/stm32f4xx_hal_tim_ex.c ****   * @retval None
 299:Drivers/STM32F4xx_HAL_Driver/Src/stm32f4xx_hal_tim_ex.c ****   */
 300:Drivers/STM32F4xx_HAL_Driver/Src/stm32f4xx_hal_tim_ex.c **** __weak void HAL_TIMEx_HallSensor_MspDeInit(TIM_HandleTypeDef *htim)
 301:Drivers/STM32F4xx_HAL_Driver/Src/stm32f4xx_hal_tim_ex.c **** {
 302:Drivers/STM32F4xx_HAL_Driver/Src/stm32f4xx_hal_tim_ex.c ****   /* Prevent unused argument(s) compilation warning */
 303:Drivers/STM32F4xx_HAL_Driver/Src/stm32f4xx_hal_tim_ex.c ****   UNUSED(htim);
 304:Drivers/STM32F4xx_HAL_Driver/Src/stm32f4xx_hal_tim_ex.c **** 
 305:Drivers/STM32F4xx_HAL_Driver/Src/stm32f4xx_hal_tim_ex.c ****   /* NOTE : This function should not be modified, when the callback is needed,
 306:Drivers/STM32F4xx_HAL_Driver/Src/stm32f4xx_hal_tim_ex.c ****             the HAL_TIMEx_HallSensor_MspDeInit could be implemented in the user file
 307:Drivers/STM32F4xx_HAL_Driver/Src/stm32f4xx_hal_tim_ex.c ****    */
 308:Drivers/STM32F4xx_HAL_Driver/Src/stm32f4xx_hal_tim_ex.c **** }
 309:Drivers/STM32F4xx_HAL_Driver/Src/stm32f4xx_hal_tim_ex.c **** 
 310:Drivers/STM32F4xx_HAL_Driver/Src/stm32f4xx_hal_tim_ex.c **** /**
 311:Drivers/STM32F4xx_HAL_Driver/Src/stm32f4xx_hal_tim_ex.c ****   * @brief  Starts the TIM Hall Sensor Interface.
 312:Drivers/STM32F4xx_HAL_Driver/Src/stm32f4xx_hal_tim_ex.c ****   * @param  htim TIM Hall Sensor Interface handle
 313:Drivers/STM32F4xx_HAL_Driver/Src/stm32f4xx_hal_tim_ex.c ****   * @retval HAL status
 314:Drivers/STM32F4xx_HAL_Driver/Src/stm32f4xx_hal_tim_ex.c ****   */
 315:Drivers/STM32F4xx_HAL_Driver/Src/stm32f4xx_hal_tim_ex.c **** HAL_StatusTypeDef HAL_TIMEx_HallSensor_Start(TIM_HandleTypeDef *htim)
ARM GAS  C:\Users\10369\AppData\Local\Temp\ccUaxGpI.s 			page 7


 316:Drivers/STM32F4xx_HAL_Driver/Src/stm32f4xx_hal_tim_ex.c **** {
 317:Drivers/STM32F4xx_HAL_Driver/Src/stm32f4xx_hal_tim_ex.c ****   uint32_t tmpsmcr;
 318:Drivers/STM32F4xx_HAL_Driver/Src/stm32f4xx_hal_tim_ex.c ****   HAL_TIM_ChannelStateTypeDef channel_1_state = TIM_CHANNEL_STATE_GET(htim, TIM_CHANNEL_1);
 319:Drivers/STM32F4xx_HAL_Driver/Src/stm32f4xx_hal_tim_ex.c ****   HAL_TIM_ChannelStateTypeDef channel_2_state = TIM_CHANNEL_STATE_GET(htim, TIM_CHANNEL_2);
 320:Drivers/STM32F4xx_HAL_Driver/Src/stm32f4xx_hal_tim_ex.c ****   HAL_TIM_ChannelStateTypeDef complementary_channel_1_state = TIM_CHANNEL_N_STATE_GET(htim, TIM_CHA
 321:Drivers/STM32F4xx_HAL_Driver/Src/stm32f4xx_hal_tim_ex.c ****   HAL_TIM_ChannelStateTypeDef complementary_channel_2_state = TIM_CHANNEL_N_STATE_GET(htim, TIM_CHA
 322:Drivers/STM32F4xx_HAL_Driver/Src/stm32f4xx_hal_tim_ex.c **** 
 323:Drivers/STM32F4xx_HAL_Driver/Src/stm32f4xx_hal_tim_ex.c ****   /* Check the parameters */
 324:Drivers/STM32F4xx_HAL_Driver/Src/stm32f4xx_hal_tim_ex.c ****   assert_param(IS_TIM_HALL_SENSOR_INTERFACE_INSTANCE(htim->Instance));
 325:Drivers/STM32F4xx_HAL_Driver/Src/stm32f4xx_hal_tim_ex.c **** 
 326:Drivers/STM32F4xx_HAL_Driver/Src/stm32f4xx_hal_tim_ex.c ****   /* Check the TIM channels state */
 327:Drivers/STM32F4xx_HAL_Driver/Src/stm32f4xx_hal_tim_ex.c ****   if ((channel_1_state != HAL_TIM_CHANNEL_STATE_READY)
 328:Drivers/STM32F4xx_HAL_Driver/Src/stm32f4xx_hal_tim_ex.c ****       || (channel_2_state != HAL_TIM_CHANNEL_STATE_READY)
 329:Drivers/STM32F4xx_HAL_Driver/Src/stm32f4xx_hal_tim_ex.c ****       || (complementary_channel_1_state != HAL_TIM_CHANNEL_STATE_READY)
 330:Drivers/STM32F4xx_HAL_Driver/Src/stm32f4xx_hal_tim_ex.c ****       || (complementary_channel_2_state != HAL_TIM_CHANNEL_STATE_READY))
 331:Drivers/STM32F4xx_HAL_Driver/Src/stm32f4xx_hal_tim_ex.c ****   {
 332:Drivers/STM32F4xx_HAL_Driver/Src/stm32f4xx_hal_tim_ex.c ****     return HAL_ERROR;
 333:Drivers/STM32F4xx_HAL_Driver/Src/stm32f4xx_hal_tim_ex.c ****   }
 334:Drivers/STM32F4xx_HAL_Driver/Src/stm32f4xx_hal_tim_ex.c **** 
 335:Drivers/STM32F4xx_HAL_Driver/Src/stm32f4xx_hal_tim_ex.c ****   /* Set the TIM channels state */
 336:Drivers/STM32F4xx_HAL_Driver/Src/stm32f4xx_hal_tim_ex.c ****   TIM_CHANNEL_STATE_SET(htim, TIM_CHANNEL_1, HAL_TIM_CHANNEL_STATE_BUSY);
 337:Drivers/STM32F4xx_HAL_Driver/Src/stm32f4xx_hal_tim_ex.c ****   TIM_CHANNEL_STATE_SET(htim, TIM_CHANNEL_2, HAL_TIM_CHANNEL_STATE_BUSY);
 338:Drivers/STM32F4xx_HAL_Driver/Src/stm32f4xx_hal_tim_ex.c ****   TIM_CHANNEL_N_STATE_SET(htim, TIM_CHANNEL_1, HAL_TIM_CHANNEL_STATE_BUSY);
 339:Drivers/STM32F4xx_HAL_Driver/Src/stm32f4xx_hal_tim_ex.c ****   TIM_CHANNEL_N_STATE_SET(htim, TIM_CHANNEL_2, HAL_TIM_CHANNEL_STATE_BUSY);
 340:Drivers/STM32F4xx_HAL_Driver/Src/stm32f4xx_hal_tim_ex.c **** 
 341:Drivers/STM32F4xx_HAL_Driver/Src/stm32f4xx_hal_tim_ex.c ****   /* Enable the Input Capture channel 1
 342:Drivers/STM32F4xx_HAL_Driver/Src/stm32f4xx_hal_tim_ex.c ****   (in the Hall Sensor Interface the three possible channels that can be used are TIM_CHANNEL_1,
 343:Drivers/STM32F4xx_HAL_Driver/Src/stm32f4xx_hal_tim_ex.c ****   TIM_CHANNEL_2 and TIM_CHANNEL_3) */
 344:Drivers/STM32F4xx_HAL_Driver/Src/stm32f4xx_hal_tim_ex.c ****   TIM_CCxChannelCmd(htim->Instance, TIM_CHANNEL_1, TIM_CCx_ENABLE);
 345:Drivers/STM32F4xx_HAL_Driver/Src/stm32f4xx_hal_tim_ex.c **** 
 346:Drivers/STM32F4xx_HAL_Driver/Src/stm32f4xx_hal_tim_ex.c ****   /* Enable the Peripheral, except in trigger mode where enable is automatically done with trigger 
 347:Drivers/STM32F4xx_HAL_Driver/Src/stm32f4xx_hal_tim_ex.c ****   if (IS_TIM_SLAVE_INSTANCE(htim->Instance))
 348:Drivers/STM32F4xx_HAL_Driver/Src/stm32f4xx_hal_tim_ex.c ****   {
 349:Drivers/STM32F4xx_HAL_Driver/Src/stm32f4xx_hal_tim_ex.c ****     tmpsmcr = htim->Instance->SMCR & TIM_SMCR_SMS;
 350:Drivers/STM32F4xx_HAL_Driver/Src/stm32f4xx_hal_tim_ex.c ****     if (!IS_TIM_SLAVEMODE_TRIGGER_ENABLED(tmpsmcr))
 351:Drivers/STM32F4xx_HAL_Driver/Src/stm32f4xx_hal_tim_ex.c ****     {
 352:Drivers/STM32F4xx_HAL_Driver/Src/stm32f4xx_hal_tim_ex.c ****       __HAL_TIM_ENABLE(htim);
 353:Drivers/STM32F4xx_HAL_Driver/Src/stm32f4xx_hal_tim_ex.c ****     }
 354:Drivers/STM32F4xx_HAL_Driver/Src/stm32f4xx_hal_tim_ex.c ****   }
 355:Drivers/STM32F4xx_HAL_Driver/Src/stm32f4xx_hal_tim_ex.c ****   else
 356:Drivers/STM32F4xx_HAL_Driver/Src/stm32f4xx_hal_tim_ex.c ****   {
 357:Drivers/STM32F4xx_HAL_Driver/Src/stm32f4xx_hal_tim_ex.c ****     __HAL_TIM_ENABLE(htim);
 358:Drivers/STM32F4xx_HAL_Driver/Src/stm32f4xx_hal_tim_ex.c ****   }
 359:Drivers/STM32F4xx_HAL_Driver/Src/stm32f4xx_hal_tim_ex.c **** 
 360:Drivers/STM32F4xx_HAL_Driver/Src/stm32f4xx_hal_tim_ex.c ****   /* Return function status */
 361:Drivers/STM32F4xx_HAL_Driver/Src/stm32f4xx_hal_tim_ex.c ****   return HAL_OK;
 362:Drivers/STM32F4xx_HAL_Driver/Src/stm32f4xx_hal_tim_ex.c **** }
 363:Drivers/STM32F4xx_HAL_Driver/Src/stm32f4xx_hal_tim_ex.c **** 
 364:Drivers/STM32F4xx_HAL_Driver/Src/stm32f4xx_hal_tim_ex.c **** /**
 365:Drivers/STM32F4xx_HAL_Driver/Src/stm32f4xx_hal_tim_ex.c ****   * @brief  Stops the TIM Hall sensor Interface.
 366:Drivers/STM32F4xx_HAL_Driver/Src/stm32f4xx_hal_tim_ex.c ****   * @param  htim TIM Hall Sensor Interface handle
 367:Drivers/STM32F4xx_HAL_Driver/Src/stm32f4xx_hal_tim_ex.c ****   * @retval HAL status
 368:Drivers/STM32F4xx_HAL_Driver/Src/stm32f4xx_hal_tim_ex.c ****   */
 369:Drivers/STM32F4xx_HAL_Driver/Src/stm32f4xx_hal_tim_ex.c **** HAL_StatusTypeDef HAL_TIMEx_HallSensor_Stop(TIM_HandleTypeDef *htim)
 370:Drivers/STM32F4xx_HAL_Driver/Src/stm32f4xx_hal_tim_ex.c **** {
 371:Drivers/STM32F4xx_HAL_Driver/Src/stm32f4xx_hal_tim_ex.c ****   /* Check the parameters */
 372:Drivers/STM32F4xx_HAL_Driver/Src/stm32f4xx_hal_tim_ex.c ****   assert_param(IS_TIM_HALL_SENSOR_INTERFACE_INSTANCE(htim->Instance));
ARM GAS  C:\Users\10369\AppData\Local\Temp\ccUaxGpI.s 			page 8


 373:Drivers/STM32F4xx_HAL_Driver/Src/stm32f4xx_hal_tim_ex.c **** 
 374:Drivers/STM32F4xx_HAL_Driver/Src/stm32f4xx_hal_tim_ex.c ****   /* Disable the Input Capture channels 1, 2 and 3
 375:Drivers/STM32F4xx_HAL_Driver/Src/stm32f4xx_hal_tim_ex.c ****   (in the Hall Sensor Interface the three possible channels that can be used are TIM_CHANNEL_1,
 376:Drivers/STM32F4xx_HAL_Driver/Src/stm32f4xx_hal_tim_ex.c ****   TIM_CHANNEL_2 and TIM_CHANNEL_3) */
 377:Drivers/STM32F4xx_HAL_Driver/Src/stm32f4xx_hal_tim_ex.c ****   TIM_CCxChannelCmd(htim->Instance, TIM_CHANNEL_1, TIM_CCx_DISABLE);
 378:Drivers/STM32F4xx_HAL_Driver/Src/stm32f4xx_hal_tim_ex.c **** 
 379:Drivers/STM32F4xx_HAL_Driver/Src/stm32f4xx_hal_tim_ex.c ****   /* Disable the Peripheral */
 380:Drivers/STM32F4xx_HAL_Driver/Src/stm32f4xx_hal_tim_ex.c ****   __HAL_TIM_DISABLE(htim);
 381:Drivers/STM32F4xx_HAL_Driver/Src/stm32f4xx_hal_tim_ex.c **** 
 382:Drivers/STM32F4xx_HAL_Driver/Src/stm32f4xx_hal_tim_ex.c ****   /* Set the TIM channels state */
 383:Drivers/STM32F4xx_HAL_Driver/Src/stm32f4xx_hal_tim_ex.c ****   TIM_CHANNEL_STATE_SET(htim, TIM_CHANNEL_1, HAL_TIM_CHANNEL_STATE_READY);
 384:Drivers/STM32F4xx_HAL_Driver/Src/stm32f4xx_hal_tim_ex.c ****   TIM_CHANNEL_STATE_SET(htim, TIM_CHANNEL_2, HAL_TIM_CHANNEL_STATE_READY);
 385:Drivers/STM32F4xx_HAL_Driver/Src/stm32f4xx_hal_tim_ex.c ****   TIM_CHANNEL_N_STATE_SET(htim, TIM_CHANNEL_1, HAL_TIM_CHANNEL_STATE_READY);
 386:Drivers/STM32F4xx_HAL_Driver/Src/stm32f4xx_hal_tim_ex.c ****   TIM_CHANNEL_N_STATE_SET(htim, TIM_CHANNEL_2, HAL_TIM_CHANNEL_STATE_READY);
 387:Drivers/STM32F4xx_HAL_Driver/Src/stm32f4xx_hal_tim_ex.c **** 
 388:Drivers/STM32F4xx_HAL_Driver/Src/stm32f4xx_hal_tim_ex.c ****   /* Return function status */
 389:Drivers/STM32F4xx_HAL_Driver/Src/stm32f4xx_hal_tim_ex.c ****   return HAL_OK;
 390:Drivers/STM32F4xx_HAL_Driver/Src/stm32f4xx_hal_tim_ex.c **** }
 391:Drivers/STM32F4xx_HAL_Driver/Src/stm32f4xx_hal_tim_ex.c **** 
 392:Drivers/STM32F4xx_HAL_Driver/Src/stm32f4xx_hal_tim_ex.c **** /**
 393:Drivers/STM32F4xx_HAL_Driver/Src/stm32f4xx_hal_tim_ex.c ****   * @brief  Starts the TIM Hall Sensor Interface in interrupt mode.
 394:Drivers/STM32F4xx_HAL_Driver/Src/stm32f4xx_hal_tim_ex.c ****   * @param  htim TIM Hall Sensor Interface handle
 395:Drivers/STM32F4xx_HAL_Driver/Src/stm32f4xx_hal_tim_ex.c ****   * @retval HAL status
 396:Drivers/STM32F4xx_HAL_Driver/Src/stm32f4xx_hal_tim_ex.c ****   */
 397:Drivers/STM32F4xx_HAL_Driver/Src/stm32f4xx_hal_tim_ex.c **** HAL_StatusTypeDef HAL_TIMEx_HallSensor_Start_IT(TIM_HandleTypeDef *htim)
 398:Drivers/STM32F4xx_HAL_Driver/Src/stm32f4xx_hal_tim_ex.c **** {
 399:Drivers/STM32F4xx_HAL_Driver/Src/stm32f4xx_hal_tim_ex.c ****   uint32_t tmpsmcr;
 400:Drivers/STM32F4xx_HAL_Driver/Src/stm32f4xx_hal_tim_ex.c ****   HAL_TIM_ChannelStateTypeDef channel_1_state = TIM_CHANNEL_STATE_GET(htim, TIM_CHANNEL_1);
 401:Drivers/STM32F4xx_HAL_Driver/Src/stm32f4xx_hal_tim_ex.c ****   HAL_TIM_ChannelStateTypeDef channel_2_state = TIM_CHANNEL_STATE_GET(htim, TIM_CHANNEL_2);
 402:Drivers/STM32F4xx_HAL_Driver/Src/stm32f4xx_hal_tim_ex.c ****   HAL_TIM_ChannelStateTypeDef complementary_channel_1_state = TIM_CHANNEL_N_STATE_GET(htim, TIM_CHA
 403:Drivers/STM32F4xx_HAL_Driver/Src/stm32f4xx_hal_tim_ex.c ****   HAL_TIM_ChannelStateTypeDef complementary_channel_2_state = TIM_CHANNEL_N_STATE_GET(htim, TIM_CHA
 404:Drivers/STM32F4xx_HAL_Driver/Src/stm32f4xx_hal_tim_ex.c **** 
 405:Drivers/STM32F4xx_HAL_Driver/Src/stm32f4xx_hal_tim_ex.c ****   /* Check the parameters */
 406:Drivers/STM32F4xx_HAL_Driver/Src/stm32f4xx_hal_tim_ex.c ****   assert_param(IS_TIM_HALL_SENSOR_INTERFACE_INSTANCE(htim->Instance));
 407:Drivers/STM32F4xx_HAL_Driver/Src/stm32f4xx_hal_tim_ex.c **** 
 408:Drivers/STM32F4xx_HAL_Driver/Src/stm32f4xx_hal_tim_ex.c ****   /* Check the TIM channels state */
 409:Drivers/STM32F4xx_HAL_Driver/Src/stm32f4xx_hal_tim_ex.c ****   if ((channel_1_state != HAL_TIM_CHANNEL_STATE_READY)
 410:Drivers/STM32F4xx_HAL_Driver/Src/stm32f4xx_hal_tim_ex.c ****       || (channel_2_state != HAL_TIM_CHANNEL_STATE_READY)
 411:Drivers/STM32F4xx_HAL_Driver/Src/stm32f4xx_hal_tim_ex.c ****       || (complementary_channel_1_state != HAL_TIM_CHANNEL_STATE_READY)
 412:Drivers/STM32F4xx_HAL_Driver/Src/stm32f4xx_hal_tim_ex.c ****       || (complementary_channel_2_state != HAL_TIM_CHANNEL_STATE_READY))
 413:Drivers/STM32F4xx_HAL_Driver/Src/stm32f4xx_hal_tim_ex.c ****   {
 414:Drivers/STM32F4xx_HAL_Driver/Src/stm32f4xx_hal_tim_ex.c ****     return HAL_ERROR;
 415:Drivers/STM32F4xx_HAL_Driver/Src/stm32f4xx_hal_tim_ex.c ****   }
 416:Drivers/STM32F4xx_HAL_Driver/Src/stm32f4xx_hal_tim_ex.c **** 
 417:Drivers/STM32F4xx_HAL_Driver/Src/stm32f4xx_hal_tim_ex.c ****   /* Set the TIM channels state */
 418:Drivers/STM32F4xx_HAL_Driver/Src/stm32f4xx_hal_tim_ex.c ****   TIM_CHANNEL_STATE_SET(htim, TIM_CHANNEL_1, HAL_TIM_CHANNEL_STATE_BUSY);
 419:Drivers/STM32F4xx_HAL_Driver/Src/stm32f4xx_hal_tim_ex.c ****   TIM_CHANNEL_STATE_SET(htim, TIM_CHANNEL_2, HAL_TIM_CHANNEL_STATE_BUSY);
 420:Drivers/STM32F4xx_HAL_Driver/Src/stm32f4xx_hal_tim_ex.c ****   TIM_CHANNEL_N_STATE_SET(htim, TIM_CHANNEL_1, HAL_TIM_CHANNEL_STATE_BUSY);
 421:Drivers/STM32F4xx_HAL_Driver/Src/stm32f4xx_hal_tim_ex.c ****   TIM_CHANNEL_N_STATE_SET(htim, TIM_CHANNEL_2, HAL_TIM_CHANNEL_STATE_BUSY);
 422:Drivers/STM32F4xx_HAL_Driver/Src/stm32f4xx_hal_tim_ex.c **** 
 423:Drivers/STM32F4xx_HAL_Driver/Src/stm32f4xx_hal_tim_ex.c ****   /* Enable the capture compare Interrupts 1 event */
 424:Drivers/STM32F4xx_HAL_Driver/Src/stm32f4xx_hal_tim_ex.c ****   __HAL_TIM_ENABLE_IT(htim, TIM_IT_CC1);
 425:Drivers/STM32F4xx_HAL_Driver/Src/stm32f4xx_hal_tim_ex.c **** 
 426:Drivers/STM32F4xx_HAL_Driver/Src/stm32f4xx_hal_tim_ex.c ****   /* Enable the Input Capture channel 1
 427:Drivers/STM32F4xx_HAL_Driver/Src/stm32f4xx_hal_tim_ex.c ****   (in the Hall Sensor Interface the three possible channels that can be used are TIM_CHANNEL_1,
 428:Drivers/STM32F4xx_HAL_Driver/Src/stm32f4xx_hal_tim_ex.c ****   TIM_CHANNEL_2 and TIM_CHANNEL_3) */
 429:Drivers/STM32F4xx_HAL_Driver/Src/stm32f4xx_hal_tim_ex.c ****   TIM_CCxChannelCmd(htim->Instance, TIM_CHANNEL_1, TIM_CCx_ENABLE);
ARM GAS  C:\Users\10369\AppData\Local\Temp\ccUaxGpI.s 			page 9


 430:Drivers/STM32F4xx_HAL_Driver/Src/stm32f4xx_hal_tim_ex.c **** 
 431:Drivers/STM32F4xx_HAL_Driver/Src/stm32f4xx_hal_tim_ex.c ****   /* Enable the Peripheral, except in trigger mode where enable is automatically done with trigger 
 432:Drivers/STM32F4xx_HAL_Driver/Src/stm32f4xx_hal_tim_ex.c ****   if (IS_TIM_SLAVE_INSTANCE(htim->Instance))
 433:Drivers/STM32F4xx_HAL_Driver/Src/stm32f4xx_hal_tim_ex.c ****   {
 434:Drivers/STM32F4xx_HAL_Driver/Src/stm32f4xx_hal_tim_ex.c ****     tmpsmcr = htim->Instance->SMCR & TIM_SMCR_SMS;
 435:Drivers/STM32F4xx_HAL_Driver/Src/stm32f4xx_hal_tim_ex.c ****     if (!IS_TIM_SLAVEMODE_TRIGGER_ENABLED(tmpsmcr))
 436:Drivers/STM32F4xx_HAL_Driver/Src/stm32f4xx_hal_tim_ex.c ****     {
 437:Drivers/STM32F4xx_HAL_Driver/Src/stm32f4xx_hal_tim_ex.c ****       __HAL_TIM_ENABLE(htim);
 438:Drivers/STM32F4xx_HAL_Driver/Src/stm32f4xx_hal_tim_ex.c ****     }
 439:Drivers/STM32F4xx_HAL_Driver/Src/stm32f4xx_hal_tim_ex.c ****   }
 440:Drivers/STM32F4xx_HAL_Driver/Src/stm32f4xx_hal_tim_ex.c ****   else
 441:Drivers/STM32F4xx_HAL_Driver/Src/stm32f4xx_hal_tim_ex.c ****   {
 442:Drivers/STM32F4xx_HAL_Driver/Src/stm32f4xx_hal_tim_ex.c ****     __HAL_TIM_ENABLE(htim);
 443:Drivers/STM32F4xx_HAL_Driver/Src/stm32f4xx_hal_tim_ex.c ****   }
 444:Drivers/STM32F4xx_HAL_Driver/Src/stm32f4xx_hal_tim_ex.c **** 
 445:Drivers/STM32F4xx_HAL_Driver/Src/stm32f4xx_hal_tim_ex.c ****   /* Return function status */
 446:Drivers/STM32F4xx_HAL_Driver/Src/stm32f4xx_hal_tim_ex.c ****   return HAL_OK;
 447:Drivers/STM32F4xx_HAL_Driver/Src/stm32f4xx_hal_tim_ex.c **** }
 448:Drivers/STM32F4xx_HAL_Driver/Src/stm32f4xx_hal_tim_ex.c **** 
 449:Drivers/STM32F4xx_HAL_Driver/Src/stm32f4xx_hal_tim_ex.c **** /**
 450:Drivers/STM32F4xx_HAL_Driver/Src/stm32f4xx_hal_tim_ex.c ****   * @brief  Stops the TIM Hall Sensor Interface in interrupt mode.
 451:Drivers/STM32F4xx_HAL_Driver/Src/stm32f4xx_hal_tim_ex.c ****   * @param  htim TIM Hall Sensor Interface handle
 452:Drivers/STM32F4xx_HAL_Driver/Src/stm32f4xx_hal_tim_ex.c ****   * @retval HAL status
 453:Drivers/STM32F4xx_HAL_Driver/Src/stm32f4xx_hal_tim_ex.c ****   */
 454:Drivers/STM32F4xx_HAL_Driver/Src/stm32f4xx_hal_tim_ex.c **** HAL_StatusTypeDef HAL_TIMEx_HallSensor_Stop_IT(TIM_HandleTypeDef *htim)
 455:Drivers/STM32F4xx_HAL_Driver/Src/stm32f4xx_hal_tim_ex.c **** {
 456:Drivers/STM32F4xx_HAL_Driver/Src/stm32f4xx_hal_tim_ex.c ****   /* Check the parameters */
 457:Drivers/STM32F4xx_HAL_Driver/Src/stm32f4xx_hal_tim_ex.c ****   assert_param(IS_TIM_HALL_SENSOR_INTERFACE_INSTANCE(htim->Instance));
 458:Drivers/STM32F4xx_HAL_Driver/Src/stm32f4xx_hal_tim_ex.c **** 
 459:Drivers/STM32F4xx_HAL_Driver/Src/stm32f4xx_hal_tim_ex.c ****   /* Disable the Input Capture channel 1
 460:Drivers/STM32F4xx_HAL_Driver/Src/stm32f4xx_hal_tim_ex.c ****   (in the Hall Sensor Interface the three possible channels that can be used are TIM_CHANNEL_1,
 461:Drivers/STM32F4xx_HAL_Driver/Src/stm32f4xx_hal_tim_ex.c ****   TIM_CHANNEL_2 and TIM_CHANNEL_3) */
 462:Drivers/STM32F4xx_HAL_Driver/Src/stm32f4xx_hal_tim_ex.c ****   TIM_CCxChannelCmd(htim->Instance, TIM_CHANNEL_1, TIM_CCx_DISABLE);
 463:Drivers/STM32F4xx_HAL_Driver/Src/stm32f4xx_hal_tim_ex.c **** 
 464:Drivers/STM32F4xx_HAL_Driver/Src/stm32f4xx_hal_tim_ex.c ****   /* Disable the capture compare Interrupts event */
 465:Drivers/STM32F4xx_HAL_Driver/Src/stm32f4xx_hal_tim_ex.c ****   __HAL_TIM_DISABLE_IT(htim, TIM_IT_CC1);
 466:Drivers/STM32F4xx_HAL_Driver/Src/stm32f4xx_hal_tim_ex.c **** 
 467:Drivers/STM32F4xx_HAL_Driver/Src/stm32f4xx_hal_tim_ex.c ****   /* Disable the Peripheral */
 468:Drivers/STM32F4xx_HAL_Driver/Src/stm32f4xx_hal_tim_ex.c ****   __HAL_TIM_DISABLE(htim);
 469:Drivers/STM32F4xx_HAL_Driver/Src/stm32f4xx_hal_tim_ex.c **** 
 470:Drivers/STM32F4xx_HAL_Driver/Src/stm32f4xx_hal_tim_ex.c ****   /* Set the TIM channels state */
 471:Drivers/STM32F4xx_HAL_Driver/Src/stm32f4xx_hal_tim_ex.c ****   TIM_CHANNEL_STATE_SET(htim, TIM_CHANNEL_1, HAL_TIM_CHANNEL_STATE_READY);
 472:Drivers/STM32F4xx_HAL_Driver/Src/stm32f4xx_hal_tim_ex.c ****   TIM_CHANNEL_STATE_SET(htim, TIM_CHANNEL_2, HAL_TIM_CHANNEL_STATE_READY);
 473:Drivers/STM32F4xx_HAL_Driver/Src/stm32f4xx_hal_tim_ex.c ****   TIM_CHANNEL_N_STATE_SET(htim, TIM_CHANNEL_1, HAL_TIM_CHANNEL_STATE_READY);
 474:Drivers/STM32F4xx_HAL_Driver/Src/stm32f4xx_hal_tim_ex.c ****   TIM_CHANNEL_N_STATE_SET(htim, TIM_CHANNEL_2, HAL_TIM_CHANNEL_STATE_READY);
 475:Drivers/STM32F4xx_HAL_Driver/Src/stm32f4xx_hal_tim_ex.c **** 
 476:Drivers/STM32F4xx_HAL_Driver/Src/stm32f4xx_hal_tim_ex.c ****   /* Return function status */
 477:Drivers/STM32F4xx_HAL_Driver/Src/stm32f4xx_hal_tim_ex.c ****   return HAL_OK;
 478:Drivers/STM32F4xx_HAL_Driver/Src/stm32f4xx_hal_tim_ex.c **** }
 479:Drivers/STM32F4xx_HAL_Driver/Src/stm32f4xx_hal_tim_ex.c **** 
 480:Drivers/STM32F4xx_HAL_Driver/Src/stm32f4xx_hal_tim_ex.c **** /**
 481:Drivers/STM32F4xx_HAL_Driver/Src/stm32f4xx_hal_tim_ex.c ****   * @brief  Starts the TIM Hall Sensor Interface in DMA mode.
 482:Drivers/STM32F4xx_HAL_Driver/Src/stm32f4xx_hal_tim_ex.c ****   * @param  htim TIM Hall Sensor Interface handle
 483:Drivers/STM32F4xx_HAL_Driver/Src/stm32f4xx_hal_tim_ex.c ****   * @param  pData The destination Buffer address.
 484:Drivers/STM32F4xx_HAL_Driver/Src/stm32f4xx_hal_tim_ex.c ****   * @param  Length The length of data to be transferred from TIM peripheral to memory.
 485:Drivers/STM32F4xx_HAL_Driver/Src/stm32f4xx_hal_tim_ex.c ****   * @retval HAL status
 486:Drivers/STM32F4xx_HAL_Driver/Src/stm32f4xx_hal_tim_ex.c ****   */
ARM GAS  C:\Users\10369\AppData\Local\Temp\ccUaxGpI.s 			page 10


 487:Drivers/STM32F4xx_HAL_Driver/Src/stm32f4xx_hal_tim_ex.c **** HAL_StatusTypeDef HAL_TIMEx_HallSensor_Start_DMA(TIM_HandleTypeDef *htim, uint32_t *pData, uint16_t
 488:Drivers/STM32F4xx_HAL_Driver/Src/stm32f4xx_hal_tim_ex.c **** {
 489:Drivers/STM32F4xx_HAL_Driver/Src/stm32f4xx_hal_tim_ex.c ****   uint32_t tmpsmcr;
 490:Drivers/STM32F4xx_HAL_Driver/Src/stm32f4xx_hal_tim_ex.c ****   HAL_TIM_ChannelStateTypeDef channel_1_state = TIM_CHANNEL_STATE_GET(htim, TIM_CHANNEL_1);
 491:Drivers/STM32F4xx_HAL_Driver/Src/stm32f4xx_hal_tim_ex.c ****   HAL_TIM_ChannelStateTypeDef complementary_channel_1_state = TIM_CHANNEL_N_STATE_GET(htim, TIM_CHA
 492:Drivers/STM32F4xx_HAL_Driver/Src/stm32f4xx_hal_tim_ex.c **** 
 493:Drivers/STM32F4xx_HAL_Driver/Src/stm32f4xx_hal_tim_ex.c ****   /* Check the parameters */
 494:Drivers/STM32F4xx_HAL_Driver/Src/stm32f4xx_hal_tim_ex.c ****   assert_param(IS_TIM_HALL_SENSOR_INTERFACE_INSTANCE(htim->Instance));
 495:Drivers/STM32F4xx_HAL_Driver/Src/stm32f4xx_hal_tim_ex.c **** 
 496:Drivers/STM32F4xx_HAL_Driver/Src/stm32f4xx_hal_tim_ex.c ****   /* Set the TIM channel state */
 497:Drivers/STM32F4xx_HAL_Driver/Src/stm32f4xx_hal_tim_ex.c ****   if ((channel_1_state == HAL_TIM_CHANNEL_STATE_BUSY)
 498:Drivers/STM32F4xx_HAL_Driver/Src/stm32f4xx_hal_tim_ex.c ****       || (complementary_channel_1_state == HAL_TIM_CHANNEL_STATE_BUSY))
 499:Drivers/STM32F4xx_HAL_Driver/Src/stm32f4xx_hal_tim_ex.c ****   {
 500:Drivers/STM32F4xx_HAL_Driver/Src/stm32f4xx_hal_tim_ex.c ****     return HAL_BUSY;
 501:Drivers/STM32F4xx_HAL_Driver/Src/stm32f4xx_hal_tim_ex.c ****   }
 502:Drivers/STM32F4xx_HAL_Driver/Src/stm32f4xx_hal_tim_ex.c ****   else if ((channel_1_state == HAL_TIM_CHANNEL_STATE_READY)
 503:Drivers/STM32F4xx_HAL_Driver/Src/stm32f4xx_hal_tim_ex.c ****            && (complementary_channel_1_state == HAL_TIM_CHANNEL_STATE_READY))
 504:Drivers/STM32F4xx_HAL_Driver/Src/stm32f4xx_hal_tim_ex.c ****   {
 505:Drivers/STM32F4xx_HAL_Driver/Src/stm32f4xx_hal_tim_ex.c ****     if ((pData == NULL) || (Length == 0U))
 506:Drivers/STM32F4xx_HAL_Driver/Src/stm32f4xx_hal_tim_ex.c ****     {
 507:Drivers/STM32F4xx_HAL_Driver/Src/stm32f4xx_hal_tim_ex.c ****       return HAL_ERROR;
 508:Drivers/STM32F4xx_HAL_Driver/Src/stm32f4xx_hal_tim_ex.c ****     }
 509:Drivers/STM32F4xx_HAL_Driver/Src/stm32f4xx_hal_tim_ex.c ****     else
 510:Drivers/STM32F4xx_HAL_Driver/Src/stm32f4xx_hal_tim_ex.c ****     {
 511:Drivers/STM32F4xx_HAL_Driver/Src/stm32f4xx_hal_tim_ex.c ****       TIM_CHANNEL_STATE_SET(htim, TIM_CHANNEL_1, HAL_TIM_CHANNEL_STATE_BUSY);
 512:Drivers/STM32F4xx_HAL_Driver/Src/stm32f4xx_hal_tim_ex.c ****       TIM_CHANNEL_N_STATE_SET(htim, TIM_CHANNEL_1, HAL_TIM_CHANNEL_STATE_BUSY);
 513:Drivers/STM32F4xx_HAL_Driver/Src/stm32f4xx_hal_tim_ex.c ****     }
 514:Drivers/STM32F4xx_HAL_Driver/Src/stm32f4xx_hal_tim_ex.c ****   }
 515:Drivers/STM32F4xx_HAL_Driver/Src/stm32f4xx_hal_tim_ex.c ****   else
 516:Drivers/STM32F4xx_HAL_Driver/Src/stm32f4xx_hal_tim_ex.c ****   {
 517:Drivers/STM32F4xx_HAL_Driver/Src/stm32f4xx_hal_tim_ex.c ****     return HAL_ERROR;
 518:Drivers/STM32F4xx_HAL_Driver/Src/stm32f4xx_hal_tim_ex.c ****   }
 519:Drivers/STM32F4xx_HAL_Driver/Src/stm32f4xx_hal_tim_ex.c **** 
 520:Drivers/STM32F4xx_HAL_Driver/Src/stm32f4xx_hal_tim_ex.c ****   /* Enable the Input Capture channel 1
 521:Drivers/STM32F4xx_HAL_Driver/Src/stm32f4xx_hal_tim_ex.c ****   (in the Hall Sensor Interface the three possible channels that can be used are TIM_CHANNEL_1,
 522:Drivers/STM32F4xx_HAL_Driver/Src/stm32f4xx_hal_tim_ex.c ****   TIM_CHANNEL_2 and TIM_CHANNEL_3) */
 523:Drivers/STM32F4xx_HAL_Driver/Src/stm32f4xx_hal_tim_ex.c ****   TIM_CCxChannelCmd(htim->Instance, TIM_CHANNEL_1, TIM_CCx_ENABLE);
 524:Drivers/STM32F4xx_HAL_Driver/Src/stm32f4xx_hal_tim_ex.c **** 
 525:Drivers/STM32F4xx_HAL_Driver/Src/stm32f4xx_hal_tim_ex.c ****   /* Set the DMA Input Capture 1 Callbacks */
 526:Drivers/STM32F4xx_HAL_Driver/Src/stm32f4xx_hal_tim_ex.c ****   htim->hdma[TIM_DMA_ID_CC1]->XferCpltCallback = TIM_DMACaptureCplt;
 527:Drivers/STM32F4xx_HAL_Driver/Src/stm32f4xx_hal_tim_ex.c ****   htim->hdma[TIM_DMA_ID_CC1]->XferHalfCpltCallback = TIM_DMACaptureHalfCplt;
 528:Drivers/STM32F4xx_HAL_Driver/Src/stm32f4xx_hal_tim_ex.c ****   /* Set the DMA error callback */
 529:Drivers/STM32F4xx_HAL_Driver/Src/stm32f4xx_hal_tim_ex.c ****   htim->hdma[TIM_DMA_ID_CC1]->XferErrorCallback = TIM_DMAError ;
 530:Drivers/STM32F4xx_HAL_Driver/Src/stm32f4xx_hal_tim_ex.c **** 
 531:Drivers/STM32F4xx_HAL_Driver/Src/stm32f4xx_hal_tim_ex.c ****   /* Enable the DMA stream for Capture 1*/
 532:Drivers/STM32F4xx_HAL_Driver/Src/stm32f4xx_hal_tim_ex.c ****   if (HAL_DMA_Start_IT(htim->hdma[TIM_DMA_ID_CC1], (uint32_t)&htim->Instance->CCR1, (uint32_t)pData
 533:Drivers/STM32F4xx_HAL_Driver/Src/stm32f4xx_hal_tim_ex.c ****   {
 534:Drivers/STM32F4xx_HAL_Driver/Src/stm32f4xx_hal_tim_ex.c ****     /* Return error status */
 535:Drivers/STM32F4xx_HAL_Driver/Src/stm32f4xx_hal_tim_ex.c ****     return HAL_ERROR;
 536:Drivers/STM32F4xx_HAL_Driver/Src/stm32f4xx_hal_tim_ex.c ****   }
 537:Drivers/STM32F4xx_HAL_Driver/Src/stm32f4xx_hal_tim_ex.c ****   /* Enable the capture compare 1 Interrupt */
 538:Drivers/STM32F4xx_HAL_Driver/Src/stm32f4xx_hal_tim_ex.c ****   __HAL_TIM_ENABLE_DMA(htim, TIM_DMA_CC1);
 539:Drivers/STM32F4xx_HAL_Driver/Src/stm32f4xx_hal_tim_ex.c **** 
 540:Drivers/STM32F4xx_HAL_Driver/Src/stm32f4xx_hal_tim_ex.c ****   /* Enable the Peripheral, except in trigger mode where enable is automatically done with trigger 
 541:Drivers/STM32F4xx_HAL_Driver/Src/stm32f4xx_hal_tim_ex.c ****   if (IS_TIM_SLAVE_INSTANCE(htim->Instance))
 542:Drivers/STM32F4xx_HAL_Driver/Src/stm32f4xx_hal_tim_ex.c ****   {
 543:Drivers/STM32F4xx_HAL_Driver/Src/stm32f4xx_hal_tim_ex.c ****     tmpsmcr = htim->Instance->SMCR & TIM_SMCR_SMS;
ARM GAS  C:\Users\10369\AppData\Local\Temp\ccUaxGpI.s 			page 11


 544:Drivers/STM32F4xx_HAL_Driver/Src/stm32f4xx_hal_tim_ex.c ****     if (!IS_TIM_SLAVEMODE_TRIGGER_ENABLED(tmpsmcr))
 545:Drivers/STM32F4xx_HAL_Driver/Src/stm32f4xx_hal_tim_ex.c ****     {
 546:Drivers/STM32F4xx_HAL_Driver/Src/stm32f4xx_hal_tim_ex.c ****       __HAL_TIM_ENABLE(htim);
 547:Drivers/STM32F4xx_HAL_Driver/Src/stm32f4xx_hal_tim_ex.c ****     }
 548:Drivers/STM32F4xx_HAL_Driver/Src/stm32f4xx_hal_tim_ex.c ****   }
 549:Drivers/STM32F4xx_HAL_Driver/Src/stm32f4xx_hal_tim_ex.c ****   else
 550:Drivers/STM32F4xx_HAL_Driver/Src/stm32f4xx_hal_tim_ex.c ****   {
 551:Drivers/STM32F4xx_HAL_Driver/Src/stm32f4xx_hal_tim_ex.c ****     __HAL_TIM_ENABLE(htim);
 552:Drivers/STM32F4xx_HAL_Driver/Src/stm32f4xx_hal_tim_ex.c ****   }
 553:Drivers/STM32F4xx_HAL_Driver/Src/stm32f4xx_hal_tim_ex.c **** 
 554:Drivers/STM32F4xx_HAL_Driver/Src/stm32f4xx_hal_tim_ex.c ****   /* Return function status */
 555:Drivers/STM32F4xx_HAL_Driver/Src/stm32f4xx_hal_tim_ex.c ****   return HAL_OK;
 556:Drivers/STM32F4xx_HAL_Driver/Src/stm32f4xx_hal_tim_ex.c **** }
 557:Drivers/STM32F4xx_HAL_Driver/Src/stm32f4xx_hal_tim_ex.c **** 
 558:Drivers/STM32F4xx_HAL_Driver/Src/stm32f4xx_hal_tim_ex.c **** /**
 559:Drivers/STM32F4xx_HAL_Driver/Src/stm32f4xx_hal_tim_ex.c ****   * @brief  Stops the TIM Hall Sensor Interface in DMA mode.
 560:Drivers/STM32F4xx_HAL_Driver/Src/stm32f4xx_hal_tim_ex.c ****   * @param  htim TIM Hall Sensor Interface handle
 561:Drivers/STM32F4xx_HAL_Driver/Src/stm32f4xx_hal_tim_ex.c ****   * @retval HAL status
 562:Drivers/STM32F4xx_HAL_Driver/Src/stm32f4xx_hal_tim_ex.c ****   */
 563:Drivers/STM32F4xx_HAL_Driver/Src/stm32f4xx_hal_tim_ex.c **** HAL_StatusTypeDef HAL_TIMEx_HallSensor_Stop_DMA(TIM_HandleTypeDef *htim)
 564:Drivers/STM32F4xx_HAL_Driver/Src/stm32f4xx_hal_tim_ex.c **** {
 565:Drivers/STM32F4xx_HAL_Driver/Src/stm32f4xx_hal_tim_ex.c ****   /* Check the parameters */
 566:Drivers/STM32F4xx_HAL_Driver/Src/stm32f4xx_hal_tim_ex.c ****   assert_param(IS_TIM_HALL_SENSOR_INTERFACE_INSTANCE(htim->Instance));
 567:Drivers/STM32F4xx_HAL_Driver/Src/stm32f4xx_hal_tim_ex.c **** 
 568:Drivers/STM32F4xx_HAL_Driver/Src/stm32f4xx_hal_tim_ex.c ****   /* Disable the Input Capture channel 1
 569:Drivers/STM32F4xx_HAL_Driver/Src/stm32f4xx_hal_tim_ex.c ****   (in the Hall Sensor Interface the three possible channels that can be used are TIM_CHANNEL_1,
 570:Drivers/STM32F4xx_HAL_Driver/Src/stm32f4xx_hal_tim_ex.c ****   TIM_CHANNEL_2 and TIM_CHANNEL_3) */
 571:Drivers/STM32F4xx_HAL_Driver/Src/stm32f4xx_hal_tim_ex.c ****   TIM_CCxChannelCmd(htim->Instance, TIM_CHANNEL_1, TIM_CCx_DISABLE);
 572:Drivers/STM32F4xx_HAL_Driver/Src/stm32f4xx_hal_tim_ex.c **** 
 573:Drivers/STM32F4xx_HAL_Driver/Src/stm32f4xx_hal_tim_ex.c **** 
 574:Drivers/STM32F4xx_HAL_Driver/Src/stm32f4xx_hal_tim_ex.c ****   /* Disable the capture compare Interrupts 1 event */
 575:Drivers/STM32F4xx_HAL_Driver/Src/stm32f4xx_hal_tim_ex.c ****   __HAL_TIM_DISABLE_DMA(htim, TIM_DMA_CC1);
 576:Drivers/STM32F4xx_HAL_Driver/Src/stm32f4xx_hal_tim_ex.c **** 
 577:Drivers/STM32F4xx_HAL_Driver/Src/stm32f4xx_hal_tim_ex.c ****   (void)HAL_DMA_Abort_IT(htim->hdma[TIM_DMA_ID_CC1]);
 578:Drivers/STM32F4xx_HAL_Driver/Src/stm32f4xx_hal_tim_ex.c **** 
 579:Drivers/STM32F4xx_HAL_Driver/Src/stm32f4xx_hal_tim_ex.c ****   /* Disable the Peripheral */
 580:Drivers/STM32F4xx_HAL_Driver/Src/stm32f4xx_hal_tim_ex.c ****   __HAL_TIM_DISABLE(htim);
 581:Drivers/STM32F4xx_HAL_Driver/Src/stm32f4xx_hal_tim_ex.c **** 
 582:Drivers/STM32F4xx_HAL_Driver/Src/stm32f4xx_hal_tim_ex.c ****   /* Set the TIM channel state */
 583:Drivers/STM32F4xx_HAL_Driver/Src/stm32f4xx_hal_tim_ex.c ****   TIM_CHANNEL_STATE_SET(htim, TIM_CHANNEL_1, HAL_TIM_CHANNEL_STATE_READY);
 584:Drivers/STM32F4xx_HAL_Driver/Src/stm32f4xx_hal_tim_ex.c ****   TIM_CHANNEL_N_STATE_SET(htim, TIM_CHANNEL_1, HAL_TIM_CHANNEL_STATE_READY);
 585:Drivers/STM32F4xx_HAL_Driver/Src/stm32f4xx_hal_tim_ex.c **** 
 586:Drivers/STM32F4xx_HAL_Driver/Src/stm32f4xx_hal_tim_ex.c ****   /* Return function status */
 587:Drivers/STM32F4xx_HAL_Driver/Src/stm32f4xx_hal_tim_ex.c ****   return HAL_OK;
 588:Drivers/STM32F4xx_HAL_Driver/Src/stm32f4xx_hal_tim_ex.c **** }
 589:Drivers/STM32F4xx_HAL_Driver/Src/stm32f4xx_hal_tim_ex.c **** 
 590:Drivers/STM32F4xx_HAL_Driver/Src/stm32f4xx_hal_tim_ex.c **** /**
 591:Drivers/STM32F4xx_HAL_Driver/Src/stm32f4xx_hal_tim_ex.c ****   * @}
 592:Drivers/STM32F4xx_HAL_Driver/Src/stm32f4xx_hal_tim_ex.c ****   */
 593:Drivers/STM32F4xx_HAL_Driver/Src/stm32f4xx_hal_tim_ex.c **** 
 594:Drivers/STM32F4xx_HAL_Driver/Src/stm32f4xx_hal_tim_ex.c **** /** @defgroup TIMEx_Exported_Functions_Group2 Extended Timer Complementary Output Compare functions
 595:Drivers/STM32F4xx_HAL_Driver/Src/stm32f4xx_hal_tim_ex.c ****   *  @brief   Timer Complementary Output Compare functions
 596:Drivers/STM32F4xx_HAL_Driver/Src/stm32f4xx_hal_tim_ex.c ****   *
 597:Drivers/STM32F4xx_HAL_Driver/Src/stm32f4xx_hal_tim_ex.c **** @verbatim
 598:Drivers/STM32F4xx_HAL_Driver/Src/stm32f4xx_hal_tim_ex.c ****   ==============================================================================
 599:Drivers/STM32F4xx_HAL_Driver/Src/stm32f4xx_hal_tim_ex.c ****               ##### Timer Complementary Output Compare functions #####
 600:Drivers/STM32F4xx_HAL_Driver/Src/stm32f4xx_hal_tim_ex.c ****   ==============================================================================
ARM GAS  C:\Users\10369\AppData\Local\Temp\ccUaxGpI.s 			page 12


 601:Drivers/STM32F4xx_HAL_Driver/Src/stm32f4xx_hal_tim_ex.c ****   [..]
 602:Drivers/STM32F4xx_HAL_Driver/Src/stm32f4xx_hal_tim_ex.c ****     This section provides functions allowing to:
 603:Drivers/STM32F4xx_HAL_Driver/Src/stm32f4xx_hal_tim_ex.c ****     (+) Start the Complementary Output Compare/PWM.
 604:Drivers/STM32F4xx_HAL_Driver/Src/stm32f4xx_hal_tim_ex.c ****     (+) Stop the Complementary Output Compare/PWM.
 605:Drivers/STM32F4xx_HAL_Driver/Src/stm32f4xx_hal_tim_ex.c ****     (+) Start the Complementary Output Compare/PWM and enable interrupts.
 606:Drivers/STM32F4xx_HAL_Driver/Src/stm32f4xx_hal_tim_ex.c ****     (+) Stop the Complementary Output Compare/PWM and disable interrupts.
 607:Drivers/STM32F4xx_HAL_Driver/Src/stm32f4xx_hal_tim_ex.c ****     (+) Start the Complementary Output Compare/PWM and enable DMA transfers.
 608:Drivers/STM32F4xx_HAL_Driver/Src/stm32f4xx_hal_tim_ex.c ****     (+) Stop the Complementary Output Compare/PWM and disable DMA transfers.
 609:Drivers/STM32F4xx_HAL_Driver/Src/stm32f4xx_hal_tim_ex.c **** 
 610:Drivers/STM32F4xx_HAL_Driver/Src/stm32f4xx_hal_tim_ex.c **** @endverbatim
 611:Drivers/STM32F4xx_HAL_Driver/Src/stm32f4xx_hal_tim_ex.c ****   * @{
 612:Drivers/STM32F4xx_HAL_Driver/Src/stm32f4xx_hal_tim_ex.c ****   */
 613:Drivers/STM32F4xx_HAL_Driver/Src/stm32f4xx_hal_tim_ex.c **** 
 614:Drivers/STM32F4xx_HAL_Driver/Src/stm32f4xx_hal_tim_ex.c **** /**
 615:Drivers/STM32F4xx_HAL_Driver/Src/stm32f4xx_hal_tim_ex.c ****   * @brief  Starts the TIM Output Compare signal generation on the complementary
 616:Drivers/STM32F4xx_HAL_Driver/Src/stm32f4xx_hal_tim_ex.c ****   *         output.
 617:Drivers/STM32F4xx_HAL_Driver/Src/stm32f4xx_hal_tim_ex.c ****   * @param  htim TIM Output Compare handle
 618:Drivers/STM32F4xx_HAL_Driver/Src/stm32f4xx_hal_tim_ex.c ****   * @param  Channel TIM Channel to be enabled
 619:Drivers/STM32F4xx_HAL_Driver/Src/stm32f4xx_hal_tim_ex.c ****   *          This parameter can be one of the following values:
 620:Drivers/STM32F4xx_HAL_Driver/Src/stm32f4xx_hal_tim_ex.c ****   *            @arg TIM_CHANNEL_1: TIM Channel 1 selected
 621:Drivers/STM32F4xx_HAL_Driver/Src/stm32f4xx_hal_tim_ex.c ****   *            @arg TIM_CHANNEL_2: TIM Channel 2 selected
 622:Drivers/STM32F4xx_HAL_Driver/Src/stm32f4xx_hal_tim_ex.c ****   *            @arg TIM_CHANNEL_3: TIM Channel 3 selected
 623:Drivers/STM32F4xx_HAL_Driver/Src/stm32f4xx_hal_tim_ex.c ****   * @retval HAL status
 624:Drivers/STM32F4xx_HAL_Driver/Src/stm32f4xx_hal_tim_ex.c ****   */
 625:Drivers/STM32F4xx_HAL_Driver/Src/stm32f4xx_hal_tim_ex.c **** HAL_StatusTypeDef HAL_TIMEx_OCN_Start(TIM_HandleTypeDef *htim, uint32_t Channel)
 626:Drivers/STM32F4xx_HAL_Driver/Src/stm32f4xx_hal_tim_ex.c **** {
 627:Drivers/STM32F4xx_HAL_Driver/Src/stm32f4xx_hal_tim_ex.c ****   uint32_t tmpsmcr;
 628:Drivers/STM32F4xx_HAL_Driver/Src/stm32f4xx_hal_tim_ex.c **** 
 629:Drivers/STM32F4xx_HAL_Driver/Src/stm32f4xx_hal_tim_ex.c ****   /* Check the parameters */
 630:Drivers/STM32F4xx_HAL_Driver/Src/stm32f4xx_hal_tim_ex.c ****   assert_param(IS_TIM_CCXN_INSTANCE(htim->Instance, Channel));
 631:Drivers/STM32F4xx_HAL_Driver/Src/stm32f4xx_hal_tim_ex.c **** 
 632:Drivers/STM32F4xx_HAL_Driver/Src/stm32f4xx_hal_tim_ex.c ****   /* Check the TIM complementary channel state */
 633:Drivers/STM32F4xx_HAL_Driver/Src/stm32f4xx_hal_tim_ex.c ****   if (TIM_CHANNEL_N_STATE_GET(htim, Channel) != HAL_TIM_CHANNEL_STATE_READY)
 634:Drivers/STM32F4xx_HAL_Driver/Src/stm32f4xx_hal_tim_ex.c ****   {
 635:Drivers/STM32F4xx_HAL_Driver/Src/stm32f4xx_hal_tim_ex.c ****     return HAL_ERROR;
 636:Drivers/STM32F4xx_HAL_Driver/Src/stm32f4xx_hal_tim_ex.c ****   }
 637:Drivers/STM32F4xx_HAL_Driver/Src/stm32f4xx_hal_tim_ex.c **** 
 638:Drivers/STM32F4xx_HAL_Driver/Src/stm32f4xx_hal_tim_ex.c ****   /* Set the TIM complementary channel state */
 639:Drivers/STM32F4xx_HAL_Driver/Src/stm32f4xx_hal_tim_ex.c ****   TIM_CHANNEL_N_STATE_SET(htim, Channel, HAL_TIM_CHANNEL_STATE_BUSY);
 640:Drivers/STM32F4xx_HAL_Driver/Src/stm32f4xx_hal_tim_ex.c **** 
 641:Drivers/STM32F4xx_HAL_Driver/Src/stm32f4xx_hal_tim_ex.c ****   /* Enable the Capture compare channel N */
 642:Drivers/STM32F4xx_HAL_Driver/Src/stm32f4xx_hal_tim_ex.c ****   TIM_CCxNChannelCmd(htim->Instance, Channel, TIM_CCxN_ENABLE);
 643:Drivers/STM32F4xx_HAL_Driver/Src/stm32f4xx_hal_tim_ex.c **** 
 644:Drivers/STM32F4xx_HAL_Driver/Src/stm32f4xx_hal_tim_ex.c ****   /* Enable the Main Output */
 645:Drivers/STM32F4xx_HAL_Driver/Src/stm32f4xx_hal_tim_ex.c ****   __HAL_TIM_MOE_ENABLE(htim);
 646:Drivers/STM32F4xx_HAL_Driver/Src/stm32f4xx_hal_tim_ex.c **** 
 647:Drivers/STM32F4xx_HAL_Driver/Src/stm32f4xx_hal_tim_ex.c ****   /* Enable the Peripheral, except in trigger mode where enable is automatically done with trigger 
 648:Drivers/STM32F4xx_HAL_Driver/Src/stm32f4xx_hal_tim_ex.c ****   if (IS_TIM_SLAVE_INSTANCE(htim->Instance))
 649:Drivers/STM32F4xx_HAL_Driver/Src/stm32f4xx_hal_tim_ex.c ****   {
 650:Drivers/STM32F4xx_HAL_Driver/Src/stm32f4xx_hal_tim_ex.c ****     tmpsmcr = htim->Instance->SMCR & TIM_SMCR_SMS;
 651:Drivers/STM32F4xx_HAL_Driver/Src/stm32f4xx_hal_tim_ex.c ****     if (!IS_TIM_SLAVEMODE_TRIGGER_ENABLED(tmpsmcr))
 652:Drivers/STM32F4xx_HAL_Driver/Src/stm32f4xx_hal_tim_ex.c ****     {
 653:Drivers/STM32F4xx_HAL_Driver/Src/stm32f4xx_hal_tim_ex.c ****       __HAL_TIM_ENABLE(htim);
 654:Drivers/STM32F4xx_HAL_Driver/Src/stm32f4xx_hal_tim_ex.c ****     }
 655:Drivers/STM32F4xx_HAL_Driver/Src/stm32f4xx_hal_tim_ex.c ****   }
 656:Drivers/STM32F4xx_HAL_Driver/Src/stm32f4xx_hal_tim_ex.c ****   else
 657:Drivers/STM32F4xx_HAL_Driver/Src/stm32f4xx_hal_tim_ex.c ****   {
ARM GAS  C:\Users\10369\AppData\Local\Temp\ccUaxGpI.s 			page 13


 658:Drivers/STM32F4xx_HAL_Driver/Src/stm32f4xx_hal_tim_ex.c ****     __HAL_TIM_ENABLE(htim);
 659:Drivers/STM32F4xx_HAL_Driver/Src/stm32f4xx_hal_tim_ex.c ****   }
 660:Drivers/STM32F4xx_HAL_Driver/Src/stm32f4xx_hal_tim_ex.c **** 
 661:Drivers/STM32F4xx_HAL_Driver/Src/stm32f4xx_hal_tim_ex.c ****   /* Return function status */
 662:Drivers/STM32F4xx_HAL_Driver/Src/stm32f4xx_hal_tim_ex.c ****   return HAL_OK;
 663:Drivers/STM32F4xx_HAL_Driver/Src/stm32f4xx_hal_tim_ex.c **** }
 664:Drivers/STM32F4xx_HAL_Driver/Src/stm32f4xx_hal_tim_ex.c **** 
 665:Drivers/STM32F4xx_HAL_Driver/Src/stm32f4xx_hal_tim_ex.c **** /**
 666:Drivers/STM32F4xx_HAL_Driver/Src/stm32f4xx_hal_tim_ex.c ****   * @brief  Stops the TIM Output Compare signal generation on the complementary
 667:Drivers/STM32F4xx_HAL_Driver/Src/stm32f4xx_hal_tim_ex.c ****   *         output.
 668:Drivers/STM32F4xx_HAL_Driver/Src/stm32f4xx_hal_tim_ex.c ****   * @param  htim TIM handle
 669:Drivers/STM32F4xx_HAL_Driver/Src/stm32f4xx_hal_tim_ex.c ****   * @param  Channel TIM Channel to be disabled
 670:Drivers/STM32F4xx_HAL_Driver/Src/stm32f4xx_hal_tim_ex.c ****   *          This parameter can be one of the following values:
 671:Drivers/STM32F4xx_HAL_Driver/Src/stm32f4xx_hal_tim_ex.c ****   *            @arg TIM_CHANNEL_1: TIM Channel 1 selected
 672:Drivers/STM32F4xx_HAL_Driver/Src/stm32f4xx_hal_tim_ex.c ****   *            @arg TIM_CHANNEL_2: TIM Channel 2 selected
 673:Drivers/STM32F4xx_HAL_Driver/Src/stm32f4xx_hal_tim_ex.c ****   *            @arg TIM_CHANNEL_3: TIM Channel 3 selected
 674:Drivers/STM32F4xx_HAL_Driver/Src/stm32f4xx_hal_tim_ex.c ****   * @retval HAL status
 675:Drivers/STM32F4xx_HAL_Driver/Src/stm32f4xx_hal_tim_ex.c ****   */
 676:Drivers/STM32F4xx_HAL_Driver/Src/stm32f4xx_hal_tim_ex.c **** HAL_StatusTypeDef HAL_TIMEx_OCN_Stop(TIM_HandleTypeDef *htim, uint32_t Channel)
 677:Drivers/STM32F4xx_HAL_Driver/Src/stm32f4xx_hal_tim_ex.c **** {
 678:Drivers/STM32F4xx_HAL_Driver/Src/stm32f4xx_hal_tim_ex.c ****   /* Check the parameters */
 679:Drivers/STM32F4xx_HAL_Driver/Src/stm32f4xx_hal_tim_ex.c ****   assert_param(IS_TIM_CCXN_INSTANCE(htim->Instance, Channel));
 680:Drivers/STM32F4xx_HAL_Driver/Src/stm32f4xx_hal_tim_ex.c **** 
 681:Drivers/STM32F4xx_HAL_Driver/Src/stm32f4xx_hal_tim_ex.c ****   /* Disable the Capture compare channel N */
 682:Drivers/STM32F4xx_HAL_Driver/Src/stm32f4xx_hal_tim_ex.c ****   TIM_CCxNChannelCmd(htim->Instance, Channel, TIM_CCxN_DISABLE);
 683:Drivers/STM32F4xx_HAL_Driver/Src/stm32f4xx_hal_tim_ex.c **** 
 684:Drivers/STM32F4xx_HAL_Driver/Src/stm32f4xx_hal_tim_ex.c ****   /* Disable the Main Output */
 685:Drivers/STM32F4xx_HAL_Driver/Src/stm32f4xx_hal_tim_ex.c ****   __HAL_TIM_MOE_DISABLE(htim);
 686:Drivers/STM32F4xx_HAL_Driver/Src/stm32f4xx_hal_tim_ex.c **** 
 687:Drivers/STM32F4xx_HAL_Driver/Src/stm32f4xx_hal_tim_ex.c ****   /* Disable the Peripheral */
 688:Drivers/STM32F4xx_HAL_Driver/Src/stm32f4xx_hal_tim_ex.c ****   __HAL_TIM_DISABLE(htim);
 689:Drivers/STM32F4xx_HAL_Driver/Src/stm32f4xx_hal_tim_ex.c **** 
 690:Drivers/STM32F4xx_HAL_Driver/Src/stm32f4xx_hal_tim_ex.c ****   /* Set the TIM complementary channel state */
 691:Drivers/STM32F4xx_HAL_Driver/Src/stm32f4xx_hal_tim_ex.c ****   TIM_CHANNEL_N_STATE_SET(htim, Channel, HAL_TIM_CHANNEL_STATE_READY);
 692:Drivers/STM32F4xx_HAL_Driver/Src/stm32f4xx_hal_tim_ex.c **** 
 693:Drivers/STM32F4xx_HAL_Driver/Src/stm32f4xx_hal_tim_ex.c ****   /* Return function status */
 694:Drivers/STM32F4xx_HAL_Driver/Src/stm32f4xx_hal_tim_ex.c ****   return HAL_OK;
 695:Drivers/STM32F4xx_HAL_Driver/Src/stm32f4xx_hal_tim_ex.c **** }
 696:Drivers/STM32F4xx_HAL_Driver/Src/stm32f4xx_hal_tim_ex.c **** 
 697:Drivers/STM32F4xx_HAL_Driver/Src/stm32f4xx_hal_tim_ex.c **** /**
 698:Drivers/STM32F4xx_HAL_Driver/Src/stm32f4xx_hal_tim_ex.c ****   * @brief  Starts the TIM Output Compare signal generation in interrupt mode
 699:Drivers/STM32F4xx_HAL_Driver/Src/stm32f4xx_hal_tim_ex.c ****   *         on the complementary output.
 700:Drivers/STM32F4xx_HAL_Driver/Src/stm32f4xx_hal_tim_ex.c ****   * @param  htim TIM OC handle
 701:Drivers/STM32F4xx_HAL_Driver/Src/stm32f4xx_hal_tim_ex.c ****   * @param  Channel TIM Channel to be enabled
 702:Drivers/STM32F4xx_HAL_Driver/Src/stm32f4xx_hal_tim_ex.c ****   *          This parameter can be one of the following values:
 703:Drivers/STM32F4xx_HAL_Driver/Src/stm32f4xx_hal_tim_ex.c ****   *            @arg TIM_CHANNEL_1: TIM Channel 1 selected
 704:Drivers/STM32F4xx_HAL_Driver/Src/stm32f4xx_hal_tim_ex.c ****   *            @arg TIM_CHANNEL_2: TIM Channel 2 selected
 705:Drivers/STM32F4xx_HAL_Driver/Src/stm32f4xx_hal_tim_ex.c ****   *            @arg TIM_CHANNEL_3: TIM Channel 3 selected
 706:Drivers/STM32F4xx_HAL_Driver/Src/stm32f4xx_hal_tim_ex.c ****   * @retval HAL status
 707:Drivers/STM32F4xx_HAL_Driver/Src/stm32f4xx_hal_tim_ex.c ****   */
 708:Drivers/STM32F4xx_HAL_Driver/Src/stm32f4xx_hal_tim_ex.c **** HAL_StatusTypeDef HAL_TIMEx_OCN_Start_IT(TIM_HandleTypeDef *htim, uint32_t Channel)
 709:Drivers/STM32F4xx_HAL_Driver/Src/stm32f4xx_hal_tim_ex.c **** {
 710:Drivers/STM32F4xx_HAL_Driver/Src/stm32f4xx_hal_tim_ex.c ****   HAL_StatusTypeDef status = HAL_OK;
 711:Drivers/STM32F4xx_HAL_Driver/Src/stm32f4xx_hal_tim_ex.c ****   uint32_t tmpsmcr;
 712:Drivers/STM32F4xx_HAL_Driver/Src/stm32f4xx_hal_tim_ex.c **** 
 713:Drivers/STM32F4xx_HAL_Driver/Src/stm32f4xx_hal_tim_ex.c ****   /* Check the parameters */
 714:Drivers/STM32F4xx_HAL_Driver/Src/stm32f4xx_hal_tim_ex.c ****   assert_param(IS_TIM_CCXN_INSTANCE(htim->Instance, Channel));
ARM GAS  C:\Users\10369\AppData\Local\Temp\ccUaxGpI.s 			page 14


 715:Drivers/STM32F4xx_HAL_Driver/Src/stm32f4xx_hal_tim_ex.c **** 
 716:Drivers/STM32F4xx_HAL_Driver/Src/stm32f4xx_hal_tim_ex.c ****   /* Check the TIM complementary channel state */
 717:Drivers/STM32F4xx_HAL_Driver/Src/stm32f4xx_hal_tim_ex.c ****   if (TIM_CHANNEL_N_STATE_GET(htim, Channel) != HAL_TIM_CHANNEL_STATE_READY)
 718:Drivers/STM32F4xx_HAL_Driver/Src/stm32f4xx_hal_tim_ex.c ****   {
 719:Drivers/STM32F4xx_HAL_Driver/Src/stm32f4xx_hal_tim_ex.c ****     return HAL_ERROR;
 720:Drivers/STM32F4xx_HAL_Driver/Src/stm32f4xx_hal_tim_ex.c ****   }
 721:Drivers/STM32F4xx_HAL_Driver/Src/stm32f4xx_hal_tim_ex.c **** 
 722:Drivers/STM32F4xx_HAL_Driver/Src/stm32f4xx_hal_tim_ex.c ****   /* Set the TIM complementary channel state */
 723:Drivers/STM32F4xx_HAL_Driver/Src/stm32f4xx_hal_tim_ex.c ****   TIM_CHANNEL_N_STATE_SET(htim, Channel, HAL_TIM_CHANNEL_STATE_BUSY);
 724:Drivers/STM32F4xx_HAL_Driver/Src/stm32f4xx_hal_tim_ex.c **** 
 725:Drivers/STM32F4xx_HAL_Driver/Src/stm32f4xx_hal_tim_ex.c ****   switch (Channel)
 726:Drivers/STM32F4xx_HAL_Driver/Src/stm32f4xx_hal_tim_ex.c ****   {
 727:Drivers/STM32F4xx_HAL_Driver/Src/stm32f4xx_hal_tim_ex.c ****     case TIM_CHANNEL_1:
 728:Drivers/STM32F4xx_HAL_Driver/Src/stm32f4xx_hal_tim_ex.c ****     {
 729:Drivers/STM32F4xx_HAL_Driver/Src/stm32f4xx_hal_tim_ex.c ****       /* Enable the TIM Output Compare interrupt */
 730:Drivers/STM32F4xx_HAL_Driver/Src/stm32f4xx_hal_tim_ex.c ****       __HAL_TIM_ENABLE_IT(htim, TIM_IT_CC1);
 731:Drivers/STM32F4xx_HAL_Driver/Src/stm32f4xx_hal_tim_ex.c ****       break;
 732:Drivers/STM32F4xx_HAL_Driver/Src/stm32f4xx_hal_tim_ex.c ****     }
 733:Drivers/STM32F4xx_HAL_Driver/Src/stm32f4xx_hal_tim_ex.c **** 
 734:Drivers/STM32F4xx_HAL_Driver/Src/stm32f4xx_hal_tim_ex.c ****     case TIM_CHANNEL_2:
 735:Drivers/STM32F4xx_HAL_Driver/Src/stm32f4xx_hal_tim_ex.c ****     {
 736:Drivers/STM32F4xx_HAL_Driver/Src/stm32f4xx_hal_tim_ex.c ****       /* Enable the TIM Output Compare interrupt */
 737:Drivers/STM32F4xx_HAL_Driver/Src/stm32f4xx_hal_tim_ex.c ****       __HAL_TIM_ENABLE_IT(htim, TIM_IT_CC2);
 738:Drivers/STM32F4xx_HAL_Driver/Src/stm32f4xx_hal_tim_ex.c ****       break;
 739:Drivers/STM32F4xx_HAL_Driver/Src/stm32f4xx_hal_tim_ex.c ****     }
 740:Drivers/STM32F4xx_HAL_Driver/Src/stm32f4xx_hal_tim_ex.c **** 
 741:Drivers/STM32F4xx_HAL_Driver/Src/stm32f4xx_hal_tim_ex.c ****     case TIM_CHANNEL_3:
 742:Drivers/STM32F4xx_HAL_Driver/Src/stm32f4xx_hal_tim_ex.c ****     {
 743:Drivers/STM32F4xx_HAL_Driver/Src/stm32f4xx_hal_tim_ex.c ****       /* Enable the TIM Output Compare interrupt */
 744:Drivers/STM32F4xx_HAL_Driver/Src/stm32f4xx_hal_tim_ex.c ****       __HAL_TIM_ENABLE_IT(htim, TIM_IT_CC3);
 745:Drivers/STM32F4xx_HAL_Driver/Src/stm32f4xx_hal_tim_ex.c ****       break;
 746:Drivers/STM32F4xx_HAL_Driver/Src/stm32f4xx_hal_tim_ex.c ****     }
 747:Drivers/STM32F4xx_HAL_Driver/Src/stm32f4xx_hal_tim_ex.c **** 
 748:Drivers/STM32F4xx_HAL_Driver/Src/stm32f4xx_hal_tim_ex.c **** 
 749:Drivers/STM32F4xx_HAL_Driver/Src/stm32f4xx_hal_tim_ex.c ****     default:
 750:Drivers/STM32F4xx_HAL_Driver/Src/stm32f4xx_hal_tim_ex.c ****       status = HAL_ERROR;
 751:Drivers/STM32F4xx_HAL_Driver/Src/stm32f4xx_hal_tim_ex.c ****       break;
 752:Drivers/STM32F4xx_HAL_Driver/Src/stm32f4xx_hal_tim_ex.c ****   }
 753:Drivers/STM32F4xx_HAL_Driver/Src/stm32f4xx_hal_tim_ex.c **** 
 754:Drivers/STM32F4xx_HAL_Driver/Src/stm32f4xx_hal_tim_ex.c ****   if (status == HAL_OK)
 755:Drivers/STM32F4xx_HAL_Driver/Src/stm32f4xx_hal_tim_ex.c ****   {
 756:Drivers/STM32F4xx_HAL_Driver/Src/stm32f4xx_hal_tim_ex.c ****     /* Enable the TIM Break interrupt */
 757:Drivers/STM32F4xx_HAL_Driver/Src/stm32f4xx_hal_tim_ex.c ****     __HAL_TIM_ENABLE_IT(htim, TIM_IT_BREAK);
 758:Drivers/STM32F4xx_HAL_Driver/Src/stm32f4xx_hal_tim_ex.c **** 
 759:Drivers/STM32F4xx_HAL_Driver/Src/stm32f4xx_hal_tim_ex.c ****     /* Enable the Capture compare channel N */
 760:Drivers/STM32F4xx_HAL_Driver/Src/stm32f4xx_hal_tim_ex.c ****     TIM_CCxNChannelCmd(htim->Instance, Channel, TIM_CCxN_ENABLE);
 761:Drivers/STM32F4xx_HAL_Driver/Src/stm32f4xx_hal_tim_ex.c **** 
 762:Drivers/STM32F4xx_HAL_Driver/Src/stm32f4xx_hal_tim_ex.c ****     /* Enable the Main Output */
 763:Drivers/STM32F4xx_HAL_Driver/Src/stm32f4xx_hal_tim_ex.c ****     __HAL_TIM_MOE_ENABLE(htim);
 764:Drivers/STM32F4xx_HAL_Driver/Src/stm32f4xx_hal_tim_ex.c **** 
 765:Drivers/STM32F4xx_HAL_Driver/Src/stm32f4xx_hal_tim_ex.c ****     /* Enable the Peripheral, except in trigger mode where enable is automatically done with trigge
 766:Drivers/STM32F4xx_HAL_Driver/Src/stm32f4xx_hal_tim_ex.c ****     if (IS_TIM_SLAVE_INSTANCE(htim->Instance))
 767:Drivers/STM32F4xx_HAL_Driver/Src/stm32f4xx_hal_tim_ex.c ****     {
 768:Drivers/STM32F4xx_HAL_Driver/Src/stm32f4xx_hal_tim_ex.c ****       tmpsmcr = htim->Instance->SMCR & TIM_SMCR_SMS;
 769:Drivers/STM32F4xx_HAL_Driver/Src/stm32f4xx_hal_tim_ex.c ****       if (!IS_TIM_SLAVEMODE_TRIGGER_ENABLED(tmpsmcr))
 770:Drivers/STM32F4xx_HAL_Driver/Src/stm32f4xx_hal_tim_ex.c ****       {
 771:Drivers/STM32F4xx_HAL_Driver/Src/stm32f4xx_hal_tim_ex.c ****         __HAL_TIM_ENABLE(htim);
ARM GAS  C:\Users\10369\AppData\Local\Temp\ccUaxGpI.s 			page 15


 772:Drivers/STM32F4xx_HAL_Driver/Src/stm32f4xx_hal_tim_ex.c ****       }
 773:Drivers/STM32F4xx_HAL_Driver/Src/stm32f4xx_hal_tim_ex.c ****     }
 774:Drivers/STM32F4xx_HAL_Driver/Src/stm32f4xx_hal_tim_ex.c ****     else
 775:Drivers/STM32F4xx_HAL_Driver/Src/stm32f4xx_hal_tim_ex.c ****     {
 776:Drivers/STM32F4xx_HAL_Driver/Src/stm32f4xx_hal_tim_ex.c ****       __HAL_TIM_ENABLE(htim);
 777:Drivers/STM32F4xx_HAL_Driver/Src/stm32f4xx_hal_tim_ex.c ****     }
 778:Drivers/STM32F4xx_HAL_Driver/Src/stm32f4xx_hal_tim_ex.c ****   }
 779:Drivers/STM32F4xx_HAL_Driver/Src/stm32f4xx_hal_tim_ex.c **** 
 780:Drivers/STM32F4xx_HAL_Driver/Src/stm32f4xx_hal_tim_ex.c ****   /* Return function status */
 781:Drivers/STM32F4xx_HAL_Driver/Src/stm32f4xx_hal_tim_ex.c ****   return status;
 782:Drivers/STM32F4xx_HAL_Driver/Src/stm32f4xx_hal_tim_ex.c **** }
 783:Drivers/STM32F4xx_HAL_Driver/Src/stm32f4xx_hal_tim_ex.c **** 
 784:Drivers/STM32F4xx_HAL_Driver/Src/stm32f4xx_hal_tim_ex.c **** /**
 785:Drivers/STM32F4xx_HAL_Driver/Src/stm32f4xx_hal_tim_ex.c ****   * @brief  Stops the TIM Output Compare signal generation in interrupt mode
 786:Drivers/STM32F4xx_HAL_Driver/Src/stm32f4xx_hal_tim_ex.c ****   *         on the complementary output.
 787:Drivers/STM32F4xx_HAL_Driver/Src/stm32f4xx_hal_tim_ex.c ****   * @param  htim TIM Output Compare handle
 788:Drivers/STM32F4xx_HAL_Driver/Src/stm32f4xx_hal_tim_ex.c ****   * @param  Channel TIM Channel to be disabled
 789:Drivers/STM32F4xx_HAL_Driver/Src/stm32f4xx_hal_tim_ex.c ****   *          This parameter can be one of the following values:
 790:Drivers/STM32F4xx_HAL_Driver/Src/stm32f4xx_hal_tim_ex.c ****   *            @arg TIM_CHANNEL_1: TIM Channel 1 selected
 791:Drivers/STM32F4xx_HAL_Driver/Src/stm32f4xx_hal_tim_ex.c ****   *            @arg TIM_CHANNEL_2: TIM Channel 2 selected
 792:Drivers/STM32F4xx_HAL_Driver/Src/stm32f4xx_hal_tim_ex.c ****   *            @arg TIM_CHANNEL_3: TIM Channel 3 selected
 793:Drivers/STM32F4xx_HAL_Driver/Src/stm32f4xx_hal_tim_ex.c ****   * @retval HAL status
 794:Drivers/STM32F4xx_HAL_Driver/Src/stm32f4xx_hal_tim_ex.c ****   */
 795:Drivers/STM32F4xx_HAL_Driver/Src/stm32f4xx_hal_tim_ex.c **** HAL_StatusTypeDef HAL_TIMEx_OCN_Stop_IT(TIM_HandleTypeDef *htim, uint32_t Channel)
 796:Drivers/STM32F4xx_HAL_Driver/Src/stm32f4xx_hal_tim_ex.c **** {
 797:Drivers/STM32F4xx_HAL_Driver/Src/stm32f4xx_hal_tim_ex.c ****   HAL_StatusTypeDef status = HAL_OK;
 798:Drivers/STM32F4xx_HAL_Driver/Src/stm32f4xx_hal_tim_ex.c ****   uint32_t tmpccer;
 799:Drivers/STM32F4xx_HAL_Driver/Src/stm32f4xx_hal_tim_ex.c **** 
 800:Drivers/STM32F4xx_HAL_Driver/Src/stm32f4xx_hal_tim_ex.c ****   /* Check the parameters */
 801:Drivers/STM32F4xx_HAL_Driver/Src/stm32f4xx_hal_tim_ex.c ****   assert_param(IS_TIM_CCXN_INSTANCE(htim->Instance, Channel));
 802:Drivers/STM32F4xx_HAL_Driver/Src/stm32f4xx_hal_tim_ex.c **** 
 803:Drivers/STM32F4xx_HAL_Driver/Src/stm32f4xx_hal_tim_ex.c ****   switch (Channel)
 804:Drivers/STM32F4xx_HAL_Driver/Src/stm32f4xx_hal_tim_ex.c ****   {
 805:Drivers/STM32F4xx_HAL_Driver/Src/stm32f4xx_hal_tim_ex.c ****     case TIM_CHANNEL_1:
 806:Drivers/STM32F4xx_HAL_Driver/Src/stm32f4xx_hal_tim_ex.c ****     {
 807:Drivers/STM32F4xx_HAL_Driver/Src/stm32f4xx_hal_tim_ex.c ****       /* Disable the TIM Output Compare interrupt */
 808:Drivers/STM32F4xx_HAL_Driver/Src/stm32f4xx_hal_tim_ex.c ****       __HAL_TIM_DISABLE_IT(htim, TIM_IT_CC1);
 809:Drivers/STM32F4xx_HAL_Driver/Src/stm32f4xx_hal_tim_ex.c ****       break;
 810:Drivers/STM32F4xx_HAL_Driver/Src/stm32f4xx_hal_tim_ex.c ****     }
 811:Drivers/STM32F4xx_HAL_Driver/Src/stm32f4xx_hal_tim_ex.c **** 
 812:Drivers/STM32F4xx_HAL_Driver/Src/stm32f4xx_hal_tim_ex.c ****     case TIM_CHANNEL_2:
 813:Drivers/STM32F4xx_HAL_Driver/Src/stm32f4xx_hal_tim_ex.c ****     {
 814:Drivers/STM32F4xx_HAL_Driver/Src/stm32f4xx_hal_tim_ex.c ****       /* Disable the TIM Output Compare interrupt */
 815:Drivers/STM32F4xx_HAL_Driver/Src/stm32f4xx_hal_tim_ex.c ****       __HAL_TIM_DISABLE_IT(htim, TIM_IT_CC2);
 816:Drivers/STM32F4xx_HAL_Driver/Src/stm32f4xx_hal_tim_ex.c ****       break;
 817:Drivers/STM32F4xx_HAL_Driver/Src/stm32f4xx_hal_tim_ex.c ****     }
 818:Drivers/STM32F4xx_HAL_Driver/Src/stm32f4xx_hal_tim_ex.c **** 
 819:Drivers/STM32F4xx_HAL_Driver/Src/stm32f4xx_hal_tim_ex.c ****     case TIM_CHANNEL_3:
 820:Drivers/STM32F4xx_HAL_Driver/Src/stm32f4xx_hal_tim_ex.c ****     {
 821:Drivers/STM32F4xx_HAL_Driver/Src/stm32f4xx_hal_tim_ex.c ****       /* Disable the TIM Output Compare interrupt */
 822:Drivers/STM32F4xx_HAL_Driver/Src/stm32f4xx_hal_tim_ex.c ****       __HAL_TIM_DISABLE_IT(htim, TIM_IT_CC3);
 823:Drivers/STM32F4xx_HAL_Driver/Src/stm32f4xx_hal_tim_ex.c ****       break;
 824:Drivers/STM32F4xx_HAL_Driver/Src/stm32f4xx_hal_tim_ex.c ****     }
 825:Drivers/STM32F4xx_HAL_Driver/Src/stm32f4xx_hal_tim_ex.c **** 
 826:Drivers/STM32F4xx_HAL_Driver/Src/stm32f4xx_hal_tim_ex.c ****     default:
 827:Drivers/STM32F4xx_HAL_Driver/Src/stm32f4xx_hal_tim_ex.c ****       status = HAL_ERROR;
 828:Drivers/STM32F4xx_HAL_Driver/Src/stm32f4xx_hal_tim_ex.c ****       break;
ARM GAS  C:\Users\10369\AppData\Local\Temp\ccUaxGpI.s 			page 16


 829:Drivers/STM32F4xx_HAL_Driver/Src/stm32f4xx_hal_tim_ex.c ****   }
 830:Drivers/STM32F4xx_HAL_Driver/Src/stm32f4xx_hal_tim_ex.c **** 
 831:Drivers/STM32F4xx_HAL_Driver/Src/stm32f4xx_hal_tim_ex.c ****   if (status == HAL_OK)
 832:Drivers/STM32F4xx_HAL_Driver/Src/stm32f4xx_hal_tim_ex.c ****   {
 833:Drivers/STM32F4xx_HAL_Driver/Src/stm32f4xx_hal_tim_ex.c ****     /* Disable the Capture compare channel N */
 834:Drivers/STM32F4xx_HAL_Driver/Src/stm32f4xx_hal_tim_ex.c ****     TIM_CCxNChannelCmd(htim->Instance, Channel, TIM_CCxN_DISABLE);
 835:Drivers/STM32F4xx_HAL_Driver/Src/stm32f4xx_hal_tim_ex.c **** 
 836:Drivers/STM32F4xx_HAL_Driver/Src/stm32f4xx_hal_tim_ex.c ****     /* Disable the TIM Break interrupt (only if no more channel is active) */
 837:Drivers/STM32F4xx_HAL_Driver/Src/stm32f4xx_hal_tim_ex.c ****     tmpccer = htim->Instance->CCER;
 838:Drivers/STM32F4xx_HAL_Driver/Src/stm32f4xx_hal_tim_ex.c ****     if ((tmpccer & TIM_CCER_CCxNE_MASK) == (uint32_t)RESET)
 839:Drivers/STM32F4xx_HAL_Driver/Src/stm32f4xx_hal_tim_ex.c ****     {
 840:Drivers/STM32F4xx_HAL_Driver/Src/stm32f4xx_hal_tim_ex.c ****       __HAL_TIM_DISABLE_IT(htim, TIM_IT_BREAK);
 841:Drivers/STM32F4xx_HAL_Driver/Src/stm32f4xx_hal_tim_ex.c ****     }
 842:Drivers/STM32F4xx_HAL_Driver/Src/stm32f4xx_hal_tim_ex.c **** 
 843:Drivers/STM32F4xx_HAL_Driver/Src/stm32f4xx_hal_tim_ex.c ****     /* Disable the Main Output */
 844:Drivers/STM32F4xx_HAL_Driver/Src/stm32f4xx_hal_tim_ex.c ****     __HAL_TIM_MOE_DISABLE(htim);
 845:Drivers/STM32F4xx_HAL_Driver/Src/stm32f4xx_hal_tim_ex.c **** 
 846:Drivers/STM32F4xx_HAL_Driver/Src/stm32f4xx_hal_tim_ex.c ****     /* Disable the Peripheral */
 847:Drivers/STM32F4xx_HAL_Driver/Src/stm32f4xx_hal_tim_ex.c ****     __HAL_TIM_DISABLE(htim);
 848:Drivers/STM32F4xx_HAL_Driver/Src/stm32f4xx_hal_tim_ex.c **** 
 849:Drivers/STM32F4xx_HAL_Driver/Src/stm32f4xx_hal_tim_ex.c ****     /* Set the TIM complementary channel state */
 850:Drivers/STM32F4xx_HAL_Driver/Src/stm32f4xx_hal_tim_ex.c ****     TIM_CHANNEL_N_STATE_SET(htim, Channel, HAL_TIM_CHANNEL_STATE_READY);
 851:Drivers/STM32F4xx_HAL_Driver/Src/stm32f4xx_hal_tim_ex.c ****   }
 852:Drivers/STM32F4xx_HAL_Driver/Src/stm32f4xx_hal_tim_ex.c **** 
 853:Drivers/STM32F4xx_HAL_Driver/Src/stm32f4xx_hal_tim_ex.c ****   /* Return function status */
 854:Drivers/STM32F4xx_HAL_Driver/Src/stm32f4xx_hal_tim_ex.c ****   return status;
 855:Drivers/STM32F4xx_HAL_Driver/Src/stm32f4xx_hal_tim_ex.c **** }
 856:Drivers/STM32F4xx_HAL_Driver/Src/stm32f4xx_hal_tim_ex.c **** 
 857:Drivers/STM32F4xx_HAL_Driver/Src/stm32f4xx_hal_tim_ex.c **** /**
 858:Drivers/STM32F4xx_HAL_Driver/Src/stm32f4xx_hal_tim_ex.c ****   * @brief  Starts the TIM Output Compare signal generation in DMA mode
 859:Drivers/STM32F4xx_HAL_Driver/Src/stm32f4xx_hal_tim_ex.c ****   *         on the complementary output.
 860:Drivers/STM32F4xx_HAL_Driver/Src/stm32f4xx_hal_tim_ex.c ****   * @param  htim TIM Output Compare handle
 861:Drivers/STM32F4xx_HAL_Driver/Src/stm32f4xx_hal_tim_ex.c ****   * @param  Channel TIM Channel to be enabled
 862:Drivers/STM32F4xx_HAL_Driver/Src/stm32f4xx_hal_tim_ex.c ****   *          This parameter can be one of the following values:
 863:Drivers/STM32F4xx_HAL_Driver/Src/stm32f4xx_hal_tim_ex.c ****   *            @arg TIM_CHANNEL_1: TIM Channel 1 selected
 864:Drivers/STM32F4xx_HAL_Driver/Src/stm32f4xx_hal_tim_ex.c ****   *            @arg TIM_CHANNEL_2: TIM Channel 2 selected
 865:Drivers/STM32F4xx_HAL_Driver/Src/stm32f4xx_hal_tim_ex.c ****   *            @arg TIM_CHANNEL_3: TIM Channel 3 selected
 866:Drivers/STM32F4xx_HAL_Driver/Src/stm32f4xx_hal_tim_ex.c ****   * @param  pData The source Buffer address.
 867:Drivers/STM32F4xx_HAL_Driver/Src/stm32f4xx_hal_tim_ex.c ****   * @param  Length The length of data to be transferred from memory to TIM peripheral
 868:Drivers/STM32F4xx_HAL_Driver/Src/stm32f4xx_hal_tim_ex.c ****   * @retval HAL status
 869:Drivers/STM32F4xx_HAL_Driver/Src/stm32f4xx_hal_tim_ex.c ****   */
 870:Drivers/STM32F4xx_HAL_Driver/Src/stm32f4xx_hal_tim_ex.c **** HAL_StatusTypeDef HAL_TIMEx_OCN_Start_DMA(TIM_HandleTypeDef *htim, uint32_t Channel, const uint32_t
 871:Drivers/STM32F4xx_HAL_Driver/Src/stm32f4xx_hal_tim_ex.c ****                                           uint16_t Length)
 872:Drivers/STM32F4xx_HAL_Driver/Src/stm32f4xx_hal_tim_ex.c **** {
 873:Drivers/STM32F4xx_HAL_Driver/Src/stm32f4xx_hal_tim_ex.c ****   HAL_StatusTypeDef status = HAL_OK;
 874:Drivers/STM32F4xx_HAL_Driver/Src/stm32f4xx_hal_tim_ex.c ****   uint32_t tmpsmcr;
 875:Drivers/STM32F4xx_HAL_Driver/Src/stm32f4xx_hal_tim_ex.c **** 
 876:Drivers/STM32F4xx_HAL_Driver/Src/stm32f4xx_hal_tim_ex.c ****   /* Check the parameters */
 877:Drivers/STM32F4xx_HAL_Driver/Src/stm32f4xx_hal_tim_ex.c ****   assert_param(IS_TIM_CCXN_INSTANCE(htim->Instance, Channel));
 878:Drivers/STM32F4xx_HAL_Driver/Src/stm32f4xx_hal_tim_ex.c **** 
 879:Drivers/STM32F4xx_HAL_Driver/Src/stm32f4xx_hal_tim_ex.c ****   /* Set the TIM complementary channel state */
 880:Drivers/STM32F4xx_HAL_Driver/Src/stm32f4xx_hal_tim_ex.c ****   if (TIM_CHANNEL_N_STATE_GET(htim, Channel) == HAL_TIM_CHANNEL_STATE_BUSY)
 881:Drivers/STM32F4xx_HAL_Driver/Src/stm32f4xx_hal_tim_ex.c ****   {
 882:Drivers/STM32F4xx_HAL_Driver/Src/stm32f4xx_hal_tim_ex.c ****     return HAL_BUSY;
 883:Drivers/STM32F4xx_HAL_Driver/Src/stm32f4xx_hal_tim_ex.c ****   }
 884:Drivers/STM32F4xx_HAL_Driver/Src/stm32f4xx_hal_tim_ex.c ****   else if (TIM_CHANNEL_N_STATE_GET(htim, Channel) == HAL_TIM_CHANNEL_STATE_READY)
 885:Drivers/STM32F4xx_HAL_Driver/Src/stm32f4xx_hal_tim_ex.c ****   {
ARM GAS  C:\Users\10369\AppData\Local\Temp\ccUaxGpI.s 			page 17


 886:Drivers/STM32F4xx_HAL_Driver/Src/stm32f4xx_hal_tim_ex.c ****     if ((pData == NULL) || (Length == 0U))
 887:Drivers/STM32F4xx_HAL_Driver/Src/stm32f4xx_hal_tim_ex.c ****     {
 888:Drivers/STM32F4xx_HAL_Driver/Src/stm32f4xx_hal_tim_ex.c ****       return HAL_ERROR;
 889:Drivers/STM32F4xx_HAL_Driver/Src/stm32f4xx_hal_tim_ex.c ****     }
 890:Drivers/STM32F4xx_HAL_Driver/Src/stm32f4xx_hal_tim_ex.c ****     else
 891:Drivers/STM32F4xx_HAL_Driver/Src/stm32f4xx_hal_tim_ex.c ****     {
 892:Drivers/STM32F4xx_HAL_Driver/Src/stm32f4xx_hal_tim_ex.c ****       TIM_CHANNEL_N_STATE_SET(htim, Channel, HAL_TIM_CHANNEL_STATE_BUSY);
 893:Drivers/STM32F4xx_HAL_Driver/Src/stm32f4xx_hal_tim_ex.c ****     }
 894:Drivers/STM32F4xx_HAL_Driver/Src/stm32f4xx_hal_tim_ex.c ****   }
 895:Drivers/STM32F4xx_HAL_Driver/Src/stm32f4xx_hal_tim_ex.c ****   else
 896:Drivers/STM32F4xx_HAL_Driver/Src/stm32f4xx_hal_tim_ex.c ****   {
 897:Drivers/STM32F4xx_HAL_Driver/Src/stm32f4xx_hal_tim_ex.c ****     return HAL_ERROR;
 898:Drivers/STM32F4xx_HAL_Driver/Src/stm32f4xx_hal_tim_ex.c ****   }
 899:Drivers/STM32F4xx_HAL_Driver/Src/stm32f4xx_hal_tim_ex.c **** 
 900:Drivers/STM32F4xx_HAL_Driver/Src/stm32f4xx_hal_tim_ex.c ****   switch (Channel)
 901:Drivers/STM32F4xx_HAL_Driver/Src/stm32f4xx_hal_tim_ex.c ****   {
 902:Drivers/STM32F4xx_HAL_Driver/Src/stm32f4xx_hal_tim_ex.c ****     case TIM_CHANNEL_1:
 903:Drivers/STM32F4xx_HAL_Driver/Src/stm32f4xx_hal_tim_ex.c ****     {
 904:Drivers/STM32F4xx_HAL_Driver/Src/stm32f4xx_hal_tim_ex.c ****       /* Set the DMA compare callbacks */
 905:Drivers/STM32F4xx_HAL_Driver/Src/stm32f4xx_hal_tim_ex.c ****       htim->hdma[TIM_DMA_ID_CC1]->XferCpltCallback = TIM_DMADelayPulseNCplt;
 906:Drivers/STM32F4xx_HAL_Driver/Src/stm32f4xx_hal_tim_ex.c ****       htim->hdma[TIM_DMA_ID_CC1]->XferHalfCpltCallback = TIM_DMADelayPulseHalfCplt;
 907:Drivers/STM32F4xx_HAL_Driver/Src/stm32f4xx_hal_tim_ex.c **** 
 908:Drivers/STM32F4xx_HAL_Driver/Src/stm32f4xx_hal_tim_ex.c ****       /* Set the DMA error callback */
 909:Drivers/STM32F4xx_HAL_Driver/Src/stm32f4xx_hal_tim_ex.c ****       htim->hdma[TIM_DMA_ID_CC1]->XferErrorCallback = TIM_DMAErrorCCxN ;
 910:Drivers/STM32F4xx_HAL_Driver/Src/stm32f4xx_hal_tim_ex.c **** 
 911:Drivers/STM32F4xx_HAL_Driver/Src/stm32f4xx_hal_tim_ex.c ****       /* Enable the DMA stream */
 912:Drivers/STM32F4xx_HAL_Driver/Src/stm32f4xx_hal_tim_ex.c ****       if (HAL_DMA_Start_IT(htim->hdma[TIM_DMA_ID_CC1], (uint32_t)pData, (uint32_t)&htim->Instance->
 913:Drivers/STM32F4xx_HAL_Driver/Src/stm32f4xx_hal_tim_ex.c ****                            Length) != HAL_OK)
 914:Drivers/STM32F4xx_HAL_Driver/Src/stm32f4xx_hal_tim_ex.c ****       {
 915:Drivers/STM32F4xx_HAL_Driver/Src/stm32f4xx_hal_tim_ex.c ****         /* Return error status */
 916:Drivers/STM32F4xx_HAL_Driver/Src/stm32f4xx_hal_tim_ex.c ****         return HAL_ERROR;
 917:Drivers/STM32F4xx_HAL_Driver/Src/stm32f4xx_hal_tim_ex.c ****       }
 918:Drivers/STM32F4xx_HAL_Driver/Src/stm32f4xx_hal_tim_ex.c ****       /* Enable the TIM Output Compare DMA request */
 919:Drivers/STM32F4xx_HAL_Driver/Src/stm32f4xx_hal_tim_ex.c ****       __HAL_TIM_ENABLE_DMA(htim, TIM_DMA_CC1);
 920:Drivers/STM32F4xx_HAL_Driver/Src/stm32f4xx_hal_tim_ex.c ****       break;
 921:Drivers/STM32F4xx_HAL_Driver/Src/stm32f4xx_hal_tim_ex.c ****     }
 922:Drivers/STM32F4xx_HAL_Driver/Src/stm32f4xx_hal_tim_ex.c **** 
 923:Drivers/STM32F4xx_HAL_Driver/Src/stm32f4xx_hal_tim_ex.c ****     case TIM_CHANNEL_2:
 924:Drivers/STM32F4xx_HAL_Driver/Src/stm32f4xx_hal_tim_ex.c ****     {
 925:Drivers/STM32F4xx_HAL_Driver/Src/stm32f4xx_hal_tim_ex.c ****       /* Set the DMA compare callbacks */
 926:Drivers/STM32F4xx_HAL_Driver/Src/stm32f4xx_hal_tim_ex.c ****       htim->hdma[TIM_DMA_ID_CC2]->XferCpltCallback = TIM_DMADelayPulseNCplt;
 927:Drivers/STM32F4xx_HAL_Driver/Src/stm32f4xx_hal_tim_ex.c ****       htim->hdma[TIM_DMA_ID_CC2]->XferHalfCpltCallback = TIM_DMADelayPulseHalfCplt;
 928:Drivers/STM32F4xx_HAL_Driver/Src/stm32f4xx_hal_tim_ex.c **** 
 929:Drivers/STM32F4xx_HAL_Driver/Src/stm32f4xx_hal_tim_ex.c ****       /* Set the DMA error callback */
 930:Drivers/STM32F4xx_HAL_Driver/Src/stm32f4xx_hal_tim_ex.c ****       htim->hdma[TIM_DMA_ID_CC2]->XferErrorCallback = TIM_DMAErrorCCxN ;
 931:Drivers/STM32F4xx_HAL_Driver/Src/stm32f4xx_hal_tim_ex.c **** 
 932:Drivers/STM32F4xx_HAL_Driver/Src/stm32f4xx_hal_tim_ex.c ****       /* Enable the DMA stream */
 933:Drivers/STM32F4xx_HAL_Driver/Src/stm32f4xx_hal_tim_ex.c ****       if (HAL_DMA_Start_IT(htim->hdma[TIM_DMA_ID_CC2], (uint32_t)pData, (uint32_t)&htim->Instance->
 934:Drivers/STM32F4xx_HAL_Driver/Src/stm32f4xx_hal_tim_ex.c ****                            Length) != HAL_OK)
 935:Drivers/STM32F4xx_HAL_Driver/Src/stm32f4xx_hal_tim_ex.c ****       {
 936:Drivers/STM32F4xx_HAL_Driver/Src/stm32f4xx_hal_tim_ex.c ****         /* Return error status */
 937:Drivers/STM32F4xx_HAL_Driver/Src/stm32f4xx_hal_tim_ex.c ****         return HAL_ERROR;
 938:Drivers/STM32F4xx_HAL_Driver/Src/stm32f4xx_hal_tim_ex.c ****       }
 939:Drivers/STM32F4xx_HAL_Driver/Src/stm32f4xx_hal_tim_ex.c ****       /* Enable the TIM Output Compare DMA request */
 940:Drivers/STM32F4xx_HAL_Driver/Src/stm32f4xx_hal_tim_ex.c ****       __HAL_TIM_ENABLE_DMA(htim, TIM_DMA_CC2);
 941:Drivers/STM32F4xx_HAL_Driver/Src/stm32f4xx_hal_tim_ex.c ****       break;
 942:Drivers/STM32F4xx_HAL_Driver/Src/stm32f4xx_hal_tim_ex.c ****     }
ARM GAS  C:\Users\10369\AppData\Local\Temp\ccUaxGpI.s 			page 18


 943:Drivers/STM32F4xx_HAL_Driver/Src/stm32f4xx_hal_tim_ex.c **** 
 944:Drivers/STM32F4xx_HAL_Driver/Src/stm32f4xx_hal_tim_ex.c ****     case TIM_CHANNEL_3:
 945:Drivers/STM32F4xx_HAL_Driver/Src/stm32f4xx_hal_tim_ex.c ****     {
 946:Drivers/STM32F4xx_HAL_Driver/Src/stm32f4xx_hal_tim_ex.c ****       /* Set the DMA compare callbacks */
 947:Drivers/STM32F4xx_HAL_Driver/Src/stm32f4xx_hal_tim_ex.c ****       htim->hdma[TIM_DMA_ID_CC3]->XferCpltCallback = TIM_DMADelayPulseNCplt;
 948:Drivers/STM32F4xx_HAL_Driver/Src/stm32f4xx_hal_tim_ex.c ****       htim->hdma[TIM_DMA_ID_CC3]->XferHalfCpltCallback = TIM_DMADelayPulseHalfCplt;
 949:Drivers/STM32F4xx_HAL_Driver/Src/stm32f4xx_hal_tim_ex.c **** 
 950:Drivers/STM32F4xx_HAL_Driver/Src/stm32f4xx_hal_tim_ex.c ****       /* Set the DMA error callback */
 951:Drivers/STM32F4xx_HAL_Driver/Src/stm32f4xx_hal_tim_ex.c ****       htim->hdma[TIM_DMA_ID_CC3]->XferErrorCallback = TIM_DMAErrorCCxN ;
 952:Drivers/STM32F4xx_HAL_Driver/Src/stm32f4xx_hal_tim_ex.c **** 
 953:Drivers/STM32F4xx_HAL_Driver/Src/stm32f4xx_hal_tim_ex.c ****       /* Enable the DMA stream */
 954:Drivers/STM32F4xx_HAL_Driver/Src/stm32f4xx_hal_tim_ex.c ****       if (HAL_DMA_Start_IT(htim->hdma[TIM_DMA_ID_CC3], (uint32_t)pData, (uint32_t)&htim->Instance->
 955:Drivers/STM32F4xx_HAL_Driver/Src/stm32f4xx_hal_tim_ex.c ****                            Length) != HAL_OK)
 956:Drivers/STM32F4xx_HAL_Driver/Src/stm32f4xx_hal_tim_ex.c ****       {
 957:Drivers/STM32F4xx_HAL_Driver/Src/stm32f4xx_hal_tim_ex.c ****         /* Return error status */
 958:Drivers/STM32F4xx_HAL_Driver/Src/stm32f4xx_hal_tim_ex.c ****         return HAL_ERROR;
 959:Drivers/STM32F4xx_HAL_Driver/Src/stm32f4xx_hal_tim_ex.c ****       }
 960:Drivers/STM32F4xx_HAL_Driver/Src/stm32f4xx_hal_tim_ex.c ****       /* Enable the TIM Output Compare DMA request */
 961:Drivers/STM32F4xx_HAL_Driver/Src/stm32f4xx_hal_tim_ex.c ****       __HAL_TIM_ENABLE_DMA(htim, TIM_DMA_CC3);
 962:Drivers/STM32F4xx_HAL_Driver/Src/stm32f4xx_hal_tim_ex.c ****       break;
 963:Drivers/STM32F4xx_HAL_Driver/Src/stm32f4xx_hal_tim_ex.c ****     }
 964:Drivers/STM32F4xx_HAL_Driver/Src/stm32f4xx_hal_tim_ex.c **** 
 965:Drivers/STM32F4xx_HAL_Driver/Src/stm32f4xx_hal_tim_ex.c ****     default:
 966:Drivers/STM32F4xx_HAL_Driver/Src/stm32f4xx_hal_tim_ex.c ****       status = HAL_ERROR;
 967:Drivers/STM32F4xx_HAL_Driver/Src/stm32f4xx_hal_tim_ex.c ****       break;
 968:Drivers/STM32F4xx_HAL_Driver/Src/stm32f4xx_hal_tim_ex.c ****   }
 969:Drivers/STM32F4xx_HAL_Driver/Src/stm32f4xx_hal_tim_ex.c **** 
 970:Drivers/STM32F4xx_HAL_Driver/Src/stm32f4xx_hal_tim_ex.c ****   if (status == HAL_OK)
 971:Drivers/STM32F4xx_HAL_Driver/Src/stm32f4xx_hal_tim_ex.c ****   {
 972:Drivers/STM32F4xx_HAL_Driver/Src/stm32f4xx_hal_tim_ex.c ****     /* Enable the Capture compare channel N */
 973:Drivers/STM32F4xx_HAL_Driver/Src/stm32f4xx_hal_tim_ex.c ****     TIM_CCxNChannelCmd(htim->Instance, Channel, TIM_CCxN_ENABLE);
 974:Drivers/STM32F4xx_HAL_Driver/Src/stm32f4xx_hal_tim_ex.c **** 
 975:Drivers/STM32F4xx_HAL_Driver/Src/stm32f4xx_hal_tim_ex.c ****     /* Enable the Main Output */
 976:Drivers/STM32F4xx_HAL_Driver/Src/stm32f4xx_hal_tim_ex.c ****     __HAL_TIM_MOE_ENABLE(htim);
 977:Drivers/STM32F4xx_HAL_Driver/Src/stm32f4xx_hal_tim_ex.c **** 
 978:Drivers/STM32F4xx_HAL_Driver/Src/stm32f4xx_hal_tim_ex.c ****     /* Enable the Peripheral, except in trigger mode where enable is automatically done with trigge
 979:Drivers/STM32F4xx_HAL_Driver/Src/stm32f4xx_hal_tim_ex.c ****     if (IS_TIM_SLAVE_INSTANCE(htim->Instance))
 980:Drivers/STM32F4xx_HAL_Driver/Src/stm32f4xx_hal_tim_ex.c ****     {
 981:Drivers/STM32F4xx_HAL_Driver/Src/stm32f4xx_hal_tim_ex.c ****       tmpsmcr = htim->Instance->SMCR & TIM_SMCR_SMS;
 982:Drivers/STM32F4xx_HAL_Driver/Src/stm32f4xx_hal_tim_ex.c ****       if (!IS_TIM_SLAVEMODE_TRIGGER_ENABLED(tmpsmcr))
 983:Drivers/STM32F4xx_HAL_Driver/Src/stm32f4xx_hal_tim_ex.c ****       {
 984:Drivers/STM32F4xx_HAL_Driver/Src/stm32f4xx_hal_tim_ex.c ****         __HAL_TIM_ENABLE(htim);
 985:Drivers/STM32F4xx_HAL_Driver/Src/stm32f4xx_hal_tim_ex.c ****       }
 986:Drivers/STM32F4xx_HAL_Driver/Src/stm32f4xx_hal_tim_ex.c ****     }
 987:Drivers/STM32F4xx_HAL_Driver/Src/stm32f4xx_hal_tim_ex.c ****     else
 988:Drivers/STM32F4xx_HAL_Driver/Src/stm32f4xx_hal_tim_ex.c ****     {
 989:Drivers/STM32F4xx_HAL_Driver/Src/stm32f4xx_hal_tim_ex.c ****       __HAL_TIM_ENABLE(htim);
 990:Drivers/STM32F4xx_HAL_Driver/Src/stm32f4xx_hal_tim_ex.c ****     }
 991:Drivers/STM32F4xx_HAL_Driver/Src/stm32f4xx_hal_tim_ex.c ****   }
 992:Drivers/STM32F4xx_HAL_Driver/Src/stm32f4xx_hal_tim_ex.c **** 
 993:Drivers/STM32F4xx_HAL_Driver/Src/stm32f4xx_hal_tim_ex.c ****   /* Return function status */
 994:Drivers/STM32F4xx_HAL_Driver/Src/stm32f4xx_hal_tim_ex.c ****   return status;
 995:Drivers/STM32F4xx_HAL_Driver/Src/stm32f4xx_hal_tim_ex.c **** }
 996:Drivers/STM32F4xx_HAL_Driver/Src/stm32f4xx_hal_tim_ex.c **** 
 997:Drivers/STM32F4xx_HAL_Driver/Src/stm32f4xx_hal_tim_ex.c **** /**
 998:Drivers/STM32F4xx_HAL_Driver/Src/stm32f4xx_hal_tim_ex.c ****   * @brief  Stops the TIM Output Compare signal generation in DMA mode
 999:Drivers/STM32F4xx_HAL_Driver/Src/stm32f4xx_hal_tim_ex.c ****   *         on the complementary output.
ARM GAS  C:\Users\10369\AppData\Local\Temp\ccUaxGpI.s 			page 19


1000:Drivers/STM32F4xx_HAL_Driver/Src/stm32f4xx_hal_tim_ex.c ****   * @param  htim TIM Output Compare handle
1001:Drivers/STM32F4xx_HAL_Driver/Src/stm32f4xx_hal_tim_ex.c ****   * @param  Channel TIM Channel to be disabled
1002:Drivers/STM32F4xx_HAL_Driver/Src/stm32f4xx_hal_tim_ex.c ****   *          This parameter can be one of the following values:
1003:Drivers/STM32F4xx_HAL_Driver/Src/stm32f4xx_hal_tim_ex.c ****   *            @arg TIM_CHANNEL_1: TIM Channel 1 selected
1004:Drivers/STM32F4xx_HAL_Driver/Src/stm32f4xx_hal_tim_ex.c ****   *            @arg TIM_CHANNEL_2: TIM Channel 2 selected
1005:Drivers/STM32F4xx_HAL_Driver/Src/stm32f4xx_hal_tim_ex.c ****   *            @arg TIM_CHANNEL_3: TIM Channel 3 selected
1006:Drivers/STM32F4xx_HAL_Driver/Src/stm32f4xx_hal_tim_ex.c ****   * @retval HAL status
1007:Drivers/STM32F4xx_HAL_Driver/Src/stm32f4xx_hal_tim_ex.c ****   */
1008:Drivers/STM32F4xx_HAL_Driver/Src/stm32f4xx_hal_tim_ex.c **** HAL_StatusTypeDef HAL_TIMEx_OCN_Stop_DMA(TIM_HandleTypeDef *htim, uint32_t Channel)
1009:Drivers/STM32F4xx_HAL_Driver/Src/stm32f4xx_hal_tim_ex.c **** {
1010:Drivers/STM32F4xx_HAL_Driver/Src/stm32f4xx_hal_tim_ex.c ****   HAL_StatusTypeDef status = HAL_OK;
1011:Drivers/STM32F4xx_HAL_Driver/Src/stm32f4xx_hal_tim_ex.c **** 
1012:Drivers/STM32F4xx_HAL_Driver/Src/stm32f4xx_hal_tim_ex.c ****   /* Check the parameters */
1013:Drivers/STM32F4xx_HAL_Driver/Src/stm32f4xx_hal_tim_ex.c ****   assert_param(IS_TIM_CCXN_INSTANCE(htim->Instance, Channel));
1014:Drivers/STM32F4xx_HAL_Driver/Src/stm32f4xx_hal_tim_ex.c **** 
1015:Drivers/STM32F4xx_HAL_Driver/Src/stm32f4xx_hal_tim_ex.c ****   switch (Channel)
1016:Drivers/STM32F4xx_HAL_Driver/Src/stm32f4xx_hal_tim_ex.c ****   {
1017:Drivers/STM32F4xx_HAL_Driver/Src/stm32f4xx_hal_tim_ex.c ****     case TIM_CHANNEL_1:
1018:Drivers/STM32F4xx_HAL_Driver/Src/stm32f4xx_hal_tim_ex.c ****     {
1019:Drivers/STM32F4xx_HAL_Driver/Src/stm32f4xx_hal_tim_ex.c ****       /* Disable the TIM Output Compare DMA request */
1020:Drivers/STM32F4xx_HAL_Driver/Src/stm32f4xx_hal_tim_ex.c ****       __HAL_TIM_DISABLE_DMA(htim, TIM_DMA_CC1);
1021:Drivers/STM32F4xx_HAL_Driver/Src/stm32f4xx_hal_tim_ex.c ****       (void)HAL_DMA_Abort_IT(htim->hdma[TIM_DMA_ID_CC1]);
1022:Drivers/STM32F4xx_HAL_Driver/Src/stm32f4xx_hal_tim_ex.c ****       break;
1023:Drivers/STM32F4xx_HAL_Driver/Src/stm32f4xx_hal_tim_ex.c ****     }
1024:Drivers/STM32F4xx_HAL_Driver/Src/stm32f4xx_hal_tim_ex.c **** 
1025:Drivers/STM32F4xx_HAL_Driver/Src/stm32f4xx_hal_tim_ex.c ****     case TIM_CHANNEL_2:
1026:Drivers/STM32F4xx_HAL_Driver/Src/stm32f4xx_hal_tim_ex.c ****     {
1027:Drivers/STM32F4xx_HAL_Driver/Src/stm32f4xx_hal_tim_ex.c ****       /* Disable the TIM Output Compare DMA request */
1028:Drivers/STM32F4xx_HAL_Driver/Src/stm32f4xx_hal_tim_ex.c ****       __HAL_TIM_DISABLE_DMA(htim, TIM_DMA_CC2);
1029:Drivers/STM32F4xx_HAL_Driver/Src/stm32f4xx_hal_tim_ex.c ****       (void)HAL_DMA_Abort_IT(htim->hdma[TIM_DMA_ID_CC2]);
1030:Drivers/STM32F4xx_HAL_Driver/Src/stm32f4xx_hal_tim_ex.c ****       break;
1031:Drivers/STM32F4xx_HAL_Driver/Src/stm32f4xx_hal_tim_ex.c ****     }
1032:Drivers/STM32F4xx_HAL_Driver/Src/stm32f4xx_hal_tim_ex.c **** 
1033:Drivers/STM32F4xx_HAL_Driver/Src/stm32f4xx_hal_tim_ex.c ****     case TIM_CHANNEL_3:
1034:Drivers/STM32F4xx_HAL_Driver/Src/stm32f4xx_hal_tim_ex.c ****     {
1035:Drivers/STM32F4xx_HAL_Driver/Src/stm32f4xx_hal_tim_ex.c ****       /* Disable the TIM Output Compare DMA request */
1036:Drivers/STM32F4xx_HAL_Driver/Src/stm32f4xx_hal_tim_ex.c ****       __HAL_TIM_DISABLE_DMA(htim, TIM_DMA_CC3);
1037:Drivers/STM32F4xx_HAL_Driver/Src/stm32f4xx_hal_tim_ex.c ****       (void)HAL_DMA_Abort_IT(htim->hdma[TIM_DMA_ID_CC3]);
1038:Drivers/STM32F4xx_HAL_Driver/Src/stm32f4xx_hal_tim_ex.c ****       break;
1039:Drivers/STM32F4xx_HAL_Driver/Src/stm32f4xx_hal_tim_ex.c ****     }
1040:Drivers/STM32F4xx_HAL_Driver/Src/stm32f4xx_hal_tim_ex.c **** 
1041:Drivers/STM32F4xx_HAL_Driver/Src/stm32f4xx_hal_tim_ex.c ****     default:
1042:Drivers/STM32F4xx_HAL_Driver/Src/stm32f4xx_hal_tim_ex.c ****       status = HAL_ERROR;
1043:Drivers/STM32F4xx_HAL_Driver/Src/stm32f4xx_hal_tim_ex.c ****       break;
1044:Drivers/STM32F4xx_HAL_Driver/Src/stm32f4xx_hal_tim_ex.c ****   }
1045:Drivers/STM32F4xx_HAL_Driver/Src/stm32f4xx_hal_tim_ex.c **** 
1046:Drivers/STM32F4xx_HAL_Driver/Src/stm32f4xx_hal_tim_ex.c ****   if (status == HAL_OK)
1047:Drivers/STM32F4xx_HAL_Driver/Src/stm32f4xx_hal_tim_ex.c ****   {
1048:Drivers/STM32F4xx_HAL_Driver/Src/stm32f4xx_hal_tim_ex.c ****     /* Disable the Capture compare channel N */
1049:Drivers/STM32F4xx_HAL_Driver/Src/stm32f4xx_hal_tim_ex.c ****     TIM_CCxNChannelCmd(htim->Instance, Channel, TIM_CCxN_DISABLE);
1050:Drivers/STM32F4xx_HAL_Driver/Src/stm32f4xx_hal_tim_ex.c **** 
1051:Drivers/STM32F4xx_HAL_Driver/Src/stm32f4xx_hal_tim_ex.c ****     /* Disable the Main Output */
1052:Drivers/STM32F4xx_HAL_Driver/Src/stm32f4xx_hal_tim_ex.c ****     __HAL_TIM_MOE_DISABLE(htim);
1053:Drivers/STM32F4xx_HAL_Driver/Src/stm32f4xx_hal_tim_ex.c **** 
1054:Drivers/STM32F4xx_HAL_Driver/Src/stm32f4xx_hal_tim_ex.c ****     /* Disable the Peripheral */
1055:Drivers/STM32F4xx_HAL_Driver/Src/stm32f4xx_hal_tim_ex.c ****     __HAL_TIM_DISABLE(htim);
1056:Drivers/STM32F4xx_HAL_Driver/Src/stm32f4xx_hal_tim_ex.c **** 
ARM GAS  C:\Users\10369\AppData\Local\Temp\ccUaxGpI.s 			page 20


1057:Drivers/STM32F4xx_HAL_Driver/Src/stm32f4xx_hal_tim_ex.c ****     /* Set the TIM complementary channel state */
1058:Drivers/STM32F4xx_HAL_Driver/Src/stm32f4xx_hal_tim_ex.c ****     TIM_CHANNEL_N_STATE_SET(htim, Channel, HAL_TIM_CHANNEL_STATE_READY);
1059:Drivers/STM32F4xx_HAL_Driver/Src/stm32f4xx_hal_tim_ex.c ****   }
1060:Drivers/STM32F4xx_HAL_Driver/Src/stm32f4xx_hal_tim_ex.c **** 
1061:Drivers/STM32F4xx_HAL_Driver/Src/stm32f4xx_hal_tim_ex.c ****   /* Return function status */
1062:Drivers/STM32F4xx_HAL_Driver/Src/stm32f4xx_hal_tim_ex.c ****   return status;
1063:Drivers/STM32F4xx_HAL_Driver/Src/stm32f4xx_hal_tim_ex.c **** }
1064:Drivers/STM32F4xx_HAL_Driver/Src/stm32f4xx_hal_tim_ex.c **** 
1065:Drivers/STM32F4xx_HAL_Driver/Src/stm32f4xx_hal_tim_ex.c **** /**
1066:Drivers/STM32F4xx_HAL_Driver/Src/stm32f4xx_hal_tim_ex.c ****   * @}
1067:Drivers/STM32F4xx_HAL_Driver/Src/stm32f4xx_hal_tim_ex.c ****   */
1068:Drivers/STM32F4xx_HAL_Driver/Src/stm32f4xx_hal_tim_ex.c **** 
1069:Drivers/STM32F4xx_HAL_Driver/Src/stm32f4xx_hal_tim_ex.c **** /** @defgroup TIMEx_Exported_Functions_Group3 Extended Timer Complementary PWM functions
1070:Drivers/STM32F4xx_HAL_Driver/Src/stm32f4xx_hal_tim_ex.c ****   * @brief    Timer Complementary PWM functions
1071:Drivers/STM32F4xx_HAL_Driver/Src/stm32f4xx_hal_tim_ex.c ****   *
1072:Drivers/STM32F4xx_HAL_Driver/Src/stm32f4xx_hal_tim_ex.c **** @verbatim
1073:Drivers/STM32F4xx_HAL_Driver/Src/stm32f4xx_hal_tim_ex.c ****   ==============================================================================
1074:Drivers/STM32F4xx_HAL_Driver/Src/stm32f4xx_hal_tim_ex.c ****                  ##### Timer Complementary PWM functions #####
1075:Drivers/STM32F4xx_HAL_Driver/Src/stm32f4xx_hal_tim_ex.c ****   ==============================================================================
1076:Drivers/STM32F4xx_HAL_Driver/Src/stm32f4xx_hal_tim_ex.c ****   [..]
1077:Drivers/STM32F4xx_HAL_Driver/Src/stm32f4xx_hal_tim_ex.c ****     This section provides functions allowing to:
1078:Drivers/STM32F4xx_HAL_Driver/Src/stm32f4xx_hal_tim_ex.c ****     (+) Start the Complementary PWM.
1079:Drivers/STM32F4xx_HAL_Driver/Src/stm32f4xx_hal_tim_ex.c ****     (+) Stop the Complementary PWM.
1080:Drivers/STM32F4xx_HAL_Driver/Src/stm32f4xx_hal_tim_ex.c ****     (+) Start the Complementary PWM and enable interrupts.
1081:Drivers/STM32F4xx_HAL_Driver/Src/stm32f4xx_hal_tim_ex.c ****     (+) Stop the Complementary PWM and disable interrupts.
1082:Drivers/STM32F4xx_HAL_Driver/Src/stm32f4xx_hal_tim_ex.c ****     (+) Start the Complementary PWM and enable DMA transfers.
1083:Drivers/STM32F4xx_HAL_Driver/Src/stm32f4xx_hal_tim_ex.c ****     (+) Stop the Complementary PWM and disable DMA transfers.
1084:Drivers/STM32F4xx_HAL_Driver/Src/stm32f4xx_hal_tim_ex.c **** @endverbatim
1085:Drivers/STM32F4xx_HAL_Driver/Src/stm32f4xx_hal_tim_ex.c ****   * @{
1086:Drivers/STM32F4xx_HAL_Driver/Src/stm32f4xx_hal_tim_ex.c ****   */
1087:Drivers/STM32F4xx_HAL_Driver/Src/stm32f4xx_hal_tim_ex.c **** 
1088:Drivers/STM32F4xx_HAL_Driver/Src/stm32f4xx_hal_tim_ex.c **** /**
1089:Drivers/STM32F4xx_HAL_Driver/Src/stm32f4xx_hal_tim_ex.c ****   * @brief  Starts the PWM signal generation on the complementary output.
1090:Drivers/STM32F4xx_HAL_Driver/Src/stm32f4xx_hal_tim_ex.c ****   * @param  htim TIM handle
1091:Drivers/STM32F4xx_HAL_Driver/Src/stm32f4xx_hal_tim_ex.c ****   * @param  Channel TIM Channel to be enabled
1092:Drivers/STM32F4xx_HAL_Driver/Src/stm32f4xx_hal_tim_ex.c ****   *          This parameter can be one of the following values:
1093:Drivers/STM32F4xx_HAL_Driver/Src/stm32f4xx_hal_tim_ex.c ****   *            @arg TIM_CHANNEL_1: TIM Channel 1 selected
1094:Drivers/STM32F4xx_HAL_Driver/Src/stm32f4xx_hal_tim_ex.c ****   *            @arg TIM_CHANNEL_2: TIM Channel 2 selected
1095:Drivers/STM32F4xx_HAL_Driver/Src/stm32f4xx_hal_tim_ex.c ****   *            @arg TIM_CHANNEL_3: TIM Channel 3 selected
1096:Drivers/STM32F4xx_HAL_Driver/Src/stm32f4xx_hal_tim_ex.c ****   * @retval HAL status
1097:Drivers/STM32F4xx_HAL_Driver/Src/stm32f4xx_hal_tim_ex.c ****   */
1098:Drivers/STM32F4xx_HAL_Driver/Src/stm32f4xx_hal_tim_ex.c **** HAL_StatusTypeDef HAL_TIMEx_PWMN_Start(TIM_HandleTypeDef *htim, uint32_t Channel)
1099:Drivers/STM32F4xx_HAL_Driver/Src/stm32f4xx_hal_tim_ex.c **** {
1100:Drivers/STM32F4xx_HAL_Driver/Src/stm32f4xx_hal_tim_ex.c ****   uint32_t tmpsmcr;
1101:Drivers/STM32F4xx_HAL_Driver/Src/stm32f4xx_hal_tim_ex.c **** 
1102:Drivers/STM32F4xx_HAL_Driver/Src/stm32f4xx_hal_tim_ex.c ****   /* Check the parameters */
1103:Drivers/STM32F4xx_HAL_Driver/Src/stm32f4xx_hal_tim_ex.c ****   assert_param(IS_TIM_CCXN_INSTANCE(htim->Instance, Channel));
1104:Drivers/STM32F4xx_HAL_Driver/Src/stm32f4xx_hal_tim_ex.c **** 
1105:Drivers/STM32F4xx_HAL_Driver/Src/stm32f4xx_hal_tim_ex.c ****   /* Check the TIM complementary channel state */
1106:Drivers/STM32F4xx_HAL_Driver/Src/stm32f4xx_hal_tim_ex.c ****   if (TIM_CHANNEL_N_STATE_GET(htim, Channel) != HAL_TIM_CHANNEL_STATE_READY)
1107:Drivers/STM32F4xx_HAL_Driver/Src/stm32f4xx_hal_tim_ex.c ****   {
1108:Drivers/STM32F4xx_HAL_Driver/Src/stm32f4xx_hal_tim_ex.c ****     return HAL_ERROR;
1109:Drivers/STM32F4xx_HAL_Driver/Src/stm32f4xx_hal_tim_ex.c ****   }
1110:Drivers/STM32F4xx_HAL_Driver/Src/stm32f4xx_hal_tim_ex.c **** 
1111:Drivers/STM32F4xx_HAL_Driver/Src/stm32f4xx_hal_tim_ex.c ****   /* Set the TIM complementary channel state */
1112:Drivers/STM32F4xx_HAL_Driver/Src/stm32f4xx_hal_tim_ex.c ****   TIM_CHANNEL_N_STATE_SET(htim, Channel, HAL_TIM_CHANNEL_STATE_BUSY);
1113:Drivers/STM32F4xx_HAL_Driver/Src/stm32f4xx_hal_tim_ex.c **** 
ARM GAS  C:\Users\10369\AppData\Local\Temp\ccUaxGpI.s 			page 21


1114:Drivers/STM32F4xx_HAL_Driver/Src/stm32f4xx_hal_tim_ex.c ****   /* Enable the complementary PWM output  */
1115:Drivers/STM32F4xx_HAL_Driver/Src/stm32f4xx_hal_tim_ex.c ****   TIM_CCxNChannelCmd(htim->Instance, Channel, TIM_CCxN_ENABLE);
1116:Drivers/STM32F4xx_HAL_Driver/Src/stm32f4xx_hal_tim_ex.c **** 
1117:Drivers/STM32F4xx_HAL_Driver/Src/stm32f4xx_hal_tim_ex.c ****   /* Enable the Main Output */
1118:Drivers/STM32F4xx_HAL_Driver/Src/stm32f4xx_hal_tim_ex.c ****   __HAL_TIM_MOE_ENABLE(htim);
1119:Drivers/STM32F4xx_HAL_Driver/Src/stm32f4xx_hal_tim_ex.c **** 
1120:Drivers/STM32F4xx_HAL_Driver/Src/stm32f4xx_hal_tim_ex.c ****   /* Enable the Peripheral, except in trigger mode where enable is automatically done with trigger 
1121:Drivers/STM32F4xx_HAL_Driver/Src/stm32f4xx_hal_tim_ex.c ****   if (IS_TIM_SLAVE_INSTANCE(htim->Instance))
1122:Drivers/STM32F4xx_HAL_Driver/Src/stm32f4xx_hal_tim_ex.c ****   {
1123:Drivers/STM32F4xx_HAL_Driver/Src/stm32f4xx_hal_tim_ex.c ****     tmpsmcr = htim->Instance->SMCR & TIM_SMCR_SMS;
1124:Drivers/STM32F4xx_HAL_Driver/Src/stm32f4xx_hal_tim_ex.c ****     if (!IS_TIM_SLAVEMODE_TRIGGER_ENABLED(tmpsmcr))
1125:Drivers/STM32F4xx_HAL_Driver/Src/stm32f4xx_hal_tim_ex.c ****     {
1126:Drivers/STM32F4xx_HAL_Driver/Src/stm32f4xx_hal_tim_ex.c ****       __HAL_TIM_ENABLE(htim);
1127:Drivers/STM32F4xx_HAL_Driver/Src/stm32f4xx_hal_tim_ex.c ****     }
1128:Drivers/STM32F4xx_HAL_Driver/Src/stm32f4xx_hal_tim_ex.c ****   }
1129:Drivers/STM32F4xx_HAL_Driver/Src/stm32f4xx_hal_tim_ex.c ****   else
1130:Drivers/STM32F4xx_HAL_Driver/Src/stm32f4xx_hal_tim_ex.c ****   {
1131:Drivers/STM32F4xx_HAL_Driver/Src/stm32f4xx_hal_tim_ex.c ****     __HAL_TIM_ENABLE(htim);
1132:Drivers/STM32F4xx_HAL_Driver/Src/stm32f4xx_hal_tim_ex.c ****   }
1133:Drivers/STM32F4xx_HAL_Driver/Src/stm32f4xx_hal_tim_ex.c **** 
1134:Drivers/STM32F4xx_HAL_Driver/Src/stm32f4xx_hal_tim_ex.c ****   /* Return function status */
1135:Drivers/STM32F4xx_HAL_Driver/Src/stm32f4xx_hal_tim_ex.c ****   return HAL_OK;
1136:Drivers/STM32F4xx_HAL_Driver/Src/stm32f4xx_hal_tim_ex.c **** }
1137:Drivers/STM32F4xx_HAL_Driver/Src/stm32f4xx_hal_tim_ex.c **** 
1138:Drivers/STM32F4xx_HAL_Driver/Src/stm32f4xx_hal_tim_ex.c **** /**
1139:Drivers/STM32F4xx_HAL_Driver/Src/stm32f4xx_hal_tim_ex.c ****   * @brief  Stops the PWM signal generation on the complementary output.
1140:Drivers/STM32F4xx_HAL_Driver/Src/stm32f4xx_hal_tim_ex.c ****   * @param  htim TIM handle
1141:Drivers/STM32F4xx_HAL_Driver/Src/stm32f4xx_hal_tim_ex.c ****   * @param  Channel TIM Channel to be disabled
1142:Drivers/STM32F4xx_HAL_Driver/Src/stm32f4xx_hal_tim_ex.c ****   *          This parameter can be one of the following values:
1143:Drivers/STM32F4xx_HAL_Driver/Src/stm32f4xx_hal_tim_ex.c ****   *            @arg TIM_CHANNEL_1: TIM Channel 1 selected
1144:Drivers/STM32F4xx_HAL_Driver/Src/stm32f4xx_hal_tim_ex.c ****   *            @arg TIM_CHANNEL_2: TIM Channel 2 selected
1145:Drivers/STM32F4xx_HAL_Driver/Src/stm32f4xx_hal_tim_ex.c ****   *            @arg TIM_CHANNEL_3: TIM Channel 3 selected
1146:Drivers/STM32F4xx_HAL_Driver/Src/stm32f4xx_hal_tim_ex.c ****   * @retval HAL status
1147:Drivers/STM32F4xx_HAL_Driver/Src/stm32f4xx_hal_tim_ex.c ****   */
1148:Drivers/STM32F4xx_HAL_Driver/Src/stm32f4xx_hal_tim_ex.c **** HAL_StatusTypeDef HAL_TIMEx_PWMN_Stop(TIM_HandleTypeDef *htim, uint32_t Channel)
1149:Drivers/STM32F4xx_HAL_Driver/Src/stm32f4xx_hal_tim_ex.c **** {
1150:Drivers/STM32F4xx_HAL_Driver/Src/stm32f4xx_hal_tim_ex.c ****   /* Check the parameters */
1151:Drivers/STM32F4xx_HAL_Driver/Src/stm32f4xx_hal_tim_ex.c ****   assert_param(IS_TIM_CCXN_INSTANCE(htim->Instance, Channel));
1152:Drivers/STM32F4xx_HAL_Driver/Src/stm32f4xx_hal_tim_ex.c **** 
1153:Drivers/STM32F4xx_HAL_Driver/Src/stm32f4xx_hal_tim_ex.c ****   /* Disable the complementary PWM output  */
1154:Drivers/STM32F4xx_HAL_Driver/Src/stm32f4xx_hal_tim_ex.c ****   TIM_CCxNChannelCmd(htim->Instance, Channel, TIM_CCxN_DISABLE);
1155:Drivers/STM32F4xx_HAL_Driver/Src/stm32f4xx_hal_tim_ex.c **** 
1156:Drivers/STM32F4xx_HAL_Driver/Src/stm32f4xx_hal_tim_ex.c ****   /* Disable the Main Output */
1157:Drivers/STM32F4xx_HAL_Driver/Src/stm32f4xx_hal_tim_ex.c ****   __HAL_TIM_MOE_DISABLE(htim);
1158:Drivers/STM32F4xx_HAL_Driver/Src/stm32f4xx_hal_tim_ex.c **** 
1159:Drivers/STM32F4xx_HAL_Driver/Src/stm32f4xx_hal_tim_ex.c ****   /* Disable the Peripheral */
1160:Drivers/STM32F4xx_HAL_Driver/Src/stm32f4xx_hal_tim_ex.c ****   __HAL_TIM_DISABLE(htim);
1161:Drivers/STM32F4xx_HAL_Driver/Src/stm32f4xx_hal_tim_ex.c **** 
1162:Drivers/STM32F4xx_HAL_Driver/Src/stm32f4xx_hal_tim_ex.c ****   /* Set the TIM complementary channel state */
1163:Drivers/STM32F4xx_HAL_Driver/Src/stm32f4xx_hal_tim_ex.c ****   TIM_CHANNEL_N_STATE_SET(htim, Channel, HAL_TIM_CHANNEL_STATE_READY);
1164:Drivers/STM32F4xx_HAL_Driver/Src/stm32f4xx_hal_tim_ex.c **** 
1165:Drivers/STM32F4xx_HAL_Driver/Src/stm32f4xx_hal_tim_ex.c ****   /* Return function status */
1166:Drivers/STM32F4xx_HAL_Driver/Src/stm32f4xx_hal_tim_ex.c ****   return HAL_OK;
1167:Drivers/STM32F4xx_HAL_Driver/Src/stm32f4xx_hal_tim_ex.c **** }
1168:Drivers/STM32F4xx_HAL_Driver/Src/stm32f4xx_hal_tim_ex.c **** 
1169:Drivers/STM32F4xx_HAL_Driver/Src/stm32f4xx_hal_tim_ex.c **** /**
1170:Drivers/STM32F4xx_HAL_Driver/Src/stm32f4xx_hal_tim_ex.c ****   * @brief  Starts the PWM signal generation in interrupt mode on the
ARM GAS  C:\Users\10369\AppData\Local\Temp\ccUaxGpI.s 			page 22


1171:Drivers/STM32F4xx_HAL_Driver/Src/stm32f4xx_hal_tim_ex.c ****   *         complementary output.
1172:Drivers/STM32F4xx_HAL_Driver/Src/stm32f4xx_hal_tim_ex.c ****   * @param  htim TIM handle
1173:Drivers/STM32F4xx_HAL_Driver/Src/stm32f4xx_hal_tim_ex.c ****   * @param  Channel TIM Channel to be disabled
1174:Drivers/STM32F4xx_HAL_Driver/Src/stm32f4xx_hal_tim_ex.c ****   *          This parameter can be one of the following values:
1175:Drivers/STM32F4xx_HAL_Driver/Src/stm32f4xx_hal_tim_ex.c ****   *            @arg TIM_CHANNEL_1: TIM Channel 1 selected
1176:Drivers/STM32F4xx_HAL_Driver/Src/stm32f4xx_hal_tim_ex.c ****   *            @arg TIM_CHANNEL_2: TIM Channel 2 selected
1177:Drivers/STM32F4xx_HAL_Driver/Src/stm32f4xx_hal_tim_ex.c ****   *            @arg TIM_CHANNEL_3: TIM Channel 3 selected
1178:Drivers/STM32F4xx_HAL_Driver/Src/stm32f4xx_hal_tim_ex.c ****   * @retval HAL status
1179:Drivers/STM32F4xx_HAL_Driver/Src/stm32f4xx_hal_tim_ex.c ****   */
1180:Drivers/STM32F4xx_HAL_Driver/Src/stm32f4xx_hal_tim_ex.c **** HAL_StatusTypeDef HAL_TIMEx_PWMN_Start_IT(TIM_HandleTypeDef *htim, uint32_t Channel)
1181:Drivers/STM32F4xx_HAL_Driver/Src/stm32f4xx_hal_tim_ex.c **** {
1182:Drivers/STM32F4xx_HAL_Driver/Src/stm32f4xx_hal_tim_ex.c ****   HAL_StatusTypeDef status = HAL_OK;
1183:Drivers/STM32F4xx_HAL_Driver/Src/stm32f4xx_hal_tim_ex.c ****   uint32_t tmpsmcr;
1184:Drivers/STM32F4xx_HAL_Driver/Src/stm32f4xx_hal_tim_ex.c **** 
1185:Drivers/STM32F4xx_HAL_Driver/Src/stm32f4xx_hal_tim_ex.c ****   /* Check the parameters */
1186:Drivers/STM32F4xx_HAL_Driver/Src/stm32f4xx_hal_tim_ex.c ****   assert_param(IS_TIM_CCXN_INSTANCE(htim->Instance, Channel));
1187:Drivers/STM32F4xx_HAL_Driver/Src/stm32f4xx_hal_tim_ex.c **** 
1188:Drivers/STM32F4xx_HAL_Driver/Src/stm32f4xx_hal_tim_ex.c ****   /* Check the TIM complementary channel state */
1189:Drivers/STM32F4xx_HAL_Driver/Src/stm32f4xx_hal_tim_ex.c ****   if (TIM_CHANNEL_N_STATE_GET(htim, Channel) != HAL_TIM_CHANNEL_STATE_READY)
1190:Drivers/STM32F4xx_HAL_Driver/Src/stm32f4xx_hal_tim_ex.c ****   {
1191:Drivers/STM32F4xx_HAL_Driver/Src/stm32f4xx_hal_tim_ex.c ****     return HAL_ERROR;
1192:Drivers/STM32F4xx_HAL_Driver/Src/stm32f4xx_hal_tim_ex.c ****   }
1193:Drivers/STM32F4xx_HAL_Driver/Src/stm32f4xx_hal_tim_ex.c **** 
1194:Drivers/STM32F4xx_HAL_Driver/Src/stm32f4xx_hal_tim_ex.c ****   /* Set the TIM complementary channel state */
1195:Drivers/STM32F4xx_HAL_Driver/Src/stm32f4xx_hal_tim_ex.c ****   TIM_CHANNEL_N_STATE_SET(htim, Channel, HAL_TIM_CHANNEL_STATE_BUSY);
1196:Drivers/STM32F4xx_HAL_Driver/Src/stm32f4xx_hal_tim_ex.c **** 
1197:Drivers/STM32F4xx_HAL_Driver/Src/stm32f4xx_hal_tim_ex.c ****   switch (Channel)
1198:Drivers/STM32F4xx_HAL_Driver/Src/stm32f4xx_hal_tim_ex.c ****   {
1199:Drivers/STM32F4xx_HAL_Driver/Src/stm32f4xx_hal_tim_ex.c ****     case TIM_CHANNEL_1:
1200:Drivers/STM32F4xx_HAL_Driver/Src/stm32f4xx_hal_tim_ex.c ****     {
1201:Drivers/STM32F4xx_HAL_Driver/Src/stm32f4xx_hal_tim_ex.c ****       /* Enable the TIM Capture/Compare 1 interrupt */
1202:Drivers/STM32F4xx_HAL_Driver/Src/stm32f4xx_hal_tim_ex.c ****       __HAL_TIM_ENABLE_IT(htim, TIM_IT_CC1);
1203:Drivers/STM32F4xx_HAL_Driver/Src/stm32f4xx_hal_tim_ex.c ****       break;
1204:Drivers/STM32F4xx_HAL_Driver/Src/stm32f4xx_hal_tim_ex.c ****     }
1205:Drivers/STM32F4xx_HAL_Driver/Src/stm32f4xx_hal_tim_ex.c **** 
1206:Drivers/STM32F4xx_HAL_Driver/Src/stm32f4xx_hal_tim_ex.c ****     case TIM_CHANNEL_2:
1207:Drivers/STM32F4xx_HAL_Driver/Src/stm32f4xx_hal_tim_ex.c ****     {
1208:Drivers/STM32F4xx_HAL_Driver/Src/stm32f4xx_hal_tim_ex.c ****       /* Enable the TIM Capture/Compare 2 interrupt */
1209:Drivers/STM32F4xx_HAL_Driver/Src/stm32f4xx_hal_tim_ex.c ****       __HAL_TIM_ENABLE_IT(htim, TIM_IT_CC2);
1210:Drivers/STM32F4xx_HAL_Driver/Src/stm32f4xx_hal_tim_ex.c ****       break;
1211:Drivers/STM32F4xx_HAL_Driver/Src/stm32f4xx_hal_tim_ex.c ****     }
1212:Drivers/STM32F4xx_HAL_Driver/Src/stm32f4xx_hal_tim_ex.c **** 
1213:Drivers/STM32F4xx_HAL_Driver/Src/stm32f4xx_hal_tim_ex.c ****     case TIM_CHANNEL_3:
1214:Drivers/STM32F4xx_HAL_Driver/Src/stm32f4xx_hal_tim_ex.c ****     {
1215:Drivers/STM32F4xx_HAL_Driver/Src/stm32f4xx_hal_tim_ex.c ****       /* Enable the TIM Capture/Compare 3 interrupt */
1216:Drivers/STM32F4xx_HAL_Driver/Src/stm32f4xx_hal_tim_ex.c ****       __HAL_TIM_ENABLE_IT(htim, TIM_IT_CC3);
1217:Drivers/STM32F4xx_HAL_Driver/Src/stm32f4xx_hal_tim_ex.c ****       break;
1218:Drivers/STM32F4xx_HAL_Driver/Src/stm32f4xx_hal_tim_ex.c ****     }
1219:Drivers/STM32F4xx_HAL_Driver/Src/stm32f4xx_hal_tim_ex.c **** 
1220:Drivers/STM32F4xx_HAL_Driver/Src/stm32f4xx_hal_tim_ex.c ****     default:
1221:Drivers/STM32F4xx_HAL_Driver/Src/stm32f4xx_hal_tim_ex.c ****       status = HAL_ERROR;
1222:Drivers/STM32F4xx_HAL_Driver/Src/stm32f4xx_hal_tim_ex.c ****       break;
1223:Drivers/STM32F4xx_HAL_Driver/Src/stm32f4xx_hal_tim_ex.c ****   }
1224:Drivers/STM32F4xx_HAL_Driver/Src/stm32f4xx_hal_tim_ex.c **** 
1225:Drivers/STM32F4xx_HAL_Driver/Src/stm32f4xx_hal_tim_ex.c ****   if (status == HAL_OK)
1226:Drivers/STM32F4xx_HAL_Driver/Src/stm32f4xx_hal_tim_ex.c ****   {
1227:Drivers/STM32F4xx_HAL_Driver/Src/stm32f4xx_hal_tim_ex.c ****     /* Enable the TIM Break interrupt */
ARM GAS  C:\Users\10369\AppData\Local\Temp\ccUaxGpI.s 			page 23


1228:Drivers/STM32F4xx_HAL_Driver/Src/stm32f4xx_hal_tim_ex.c ****     __HAL_TIM_ENABLE_IT(htim, TIM_IT_BREAK);
1229:Drivers/STM32F4xx_HAL_Driver/Src/stm32f4xx_hal_tim_ex.c **** 
1230:Drivers/STM32F4xx_HAL_Driver/Src/stm32f4xx_hal_tim_ex.c ****     /* Enable the complementary PWM output  */
1231:Drivers/STM32F4xx_HAL_Driver/Src/stm32f4xx_hal_tim_ex.c ****     TIM_CCxNChannelCmd(htim->Instance, Channel, TIM_CCxN_ENABLE);
1232:Drivers/STM32F4xx_HAL_Driver/Src/stm32f4xx_hal_tim_ex.c **** 
1233:Drivers/STM32F4xx_HAL_Driver/Src/stm32f4xx_hal_tim_ex.c ****     /* Enable the Main Output */
1234:Drivers/STM32F4xx_HAL_Driver/Src/stm32f4xx_hal_tim_ex.c ****     __HAL_TIM_MOE_ENABLE(htim);
1235:Drivers/STM32F4xx_HAL_Driver/Src/stm32f4xx_hal_tim_ex.c **** 
1236:Drivers/STM32F4xx_HAL_Driver/Src/stm32f4xx_hal_tim_ex.c ****     /* Enable the Peripheral, except in trigger mode where enable is automatically done with trigge
1237:Drivers/STM32F4xx_HAL_Driver/Src/stm32f4xx_hal_tim_ex.c ****     if (IS_TIM_SLAVE_INSTANCE(htim->Instance))
1238:Drivers/STM32F4xx_HAL_Driver/Src/stm32f4xx_hal_tim_ex.c ****     {
1239:Drivers/STM32F4xx_HAL_Driver/Src/stm32f4xx_hal_tim_ex.c ****       tmpsmcr = htim->Instance->SMCR & TIM_SMCR_SMS;
1240:Drivers/STM32F4xx_HAL_Driver/Src/stm32f4xx_hal_tim_ex.c ****       if (!IS_TIM_SLAVEMODE_TRIGGER_ENABLED(tmpsmcr))
1241:Drivers/STM32F4xx_HAL_Driver/Src/stm32f4xx_hal_tim_ex.c ****       {
1242:Drivers/STM32F4xx_HAL_Driver/Src/stm32f4xx_hal_tim_ex.c ****         __HAL_TIM_ENABLE(htim);
1243:Drivers/STM32F4xx_HAL_Driver/Src/stm32f4xx_hal_tim_ex.c ****       }
1244:Drivers/STM32F4xx_HAL_Driver/Src/stm32f4xx_hal_tim_ex.c ****     }
1245:Drivers/STM32F4xx_HAL_Driver/Src/stm32f4xx_hal_tim_ex.c ****     else
1246:Drivers/STM32F4xx_HAL_Driver/Src/stm32f4xx_hal_tim_ex.c ****     {
1247:Drivers/STM32F4xx_HAL_Driver/Src/stm32f4xx_hal_tim_ex.c ****       __HAL_TIM_ENABLE(htim);
1248:Drivers/STM32F4xx_HAL_Driver/Src/stm32f4xx_hal_tim_ex.c ****     }
1249:Drivers/STM32F4xx_HAL_Driver/Src/stm32f4xx_hal_tim_ex.c ****   }
1250:Drivers/STM32F4xx_HAL_Driver/Src/stm32f4xx_hal_tim_ex.c **** 
1251:Drivers/STM32F4xx_HAL_Driver/Src/stm32f4xx_hal_tim_ex.c ****   /* Return function status */
1252:Drivers/STM32F4xx_HAL_Driver/Src/stm32f4xx_hal_tim_ex.c ****   return status;
1253:Drivers/STM32F4xx_HAL_Driver/Src/stm32f4xx_hal_tim_ex.c **** }
1254:Drivers/STM32F4xx_HAL_Driver/Src/stm32f4xx_hal_tim_ex.c **** 
1255:Drivers/STM32F4xx_HAL_Driver/Src/stm32f4xx_hal_tim_ex.c **** /**
1256:Drivers/STM32F4xx_HAL_Driver/Src/stm32f4xx_hal_tim_ex.c ****   * @brief  Stops the PWM signal generation in interrupt mode on the
1257:Drivers/STM32F4xx_HAL_Driver/Src/stm32f4xx_hal_tim_ex.c ****   *         complementary output.
1258:Drivers/STM32F4xx_HAL_Driver/Src/stm32f4xx_hal_tim_ex.c ****   * @param  htim TIM handle
1259:Drivers/STM32F4xx_HAL_Driver/Src/stm32f4xx_hal_tim_ex.c ****   * @param  Channel TIM Channel to be disabled
1260:Drivers/STM32F4xx_HAL_Driver/Src/stm32f4xx_hal_tim_ex.c ****   *          This parameter can be one of the following values:
1261:Drivers/STM32F4xx_HAL_Driver/Src/stm32f4xx_hal_tim_ex.c ****   *            @arg TIM_CHANNEL_1: TIM Channel 1 selected
1262:Drivers/STM32F4xx_HAL_Driver/Src/stm32f4xx_hal_tim_ex.c ****   *            @arg TIM_CHANNEL_2: TIM Channel 2 selected
1263:Drivers/STM32F4xx_HAL_Driver/Src/stm32f4xx_hal_tim_ex.c ****   *            @arg TIM_CHANNEL_3: TIM Channel 3 selected
1264:Drivers/STM32F4xx_HAL_Driver/Src/stm32f4xx_hal_tim_ex.c ****   * @retval HAL status
1265:Drivers/STM32F4xx_HAL_Driver/Src/stm32f4xx_hal_tim_ex.c ****   */
1266:Drivers/STM32F4xx_HAL_Driver/Src/stm32f4xx_hal_tim_ex.c **** HAL_StatusTypeDef HAL_TIMEx_PWMN_Stop_IT(TIM_HandleTypeDef *htim, uint32_t Channel)
1267:Drivers/STM32F4xx_HAL_Driver/Src/stm32f4xx_hal_tim_ex.c **** {
1268:Drivers/STM32F4xx_HAL_Driver/Src/stm32f4xx_hal_tim_ex.c ****   HAL_StatusTypeDef status = HAL_OK;
1269:Drivers/STM32F4xx_HAL_Driver/Src/stm32f4xx_hal_tim_ex.c ****   uint32_t tmpccer;
1270:Drivers/STM32F4xx_HAL_Driver/Src/stm32f4xx_hal_tim_ex.c **** 
1271:Drivers/STM32F4xx_HAL_Driver/Src/stm32f4xx_hal_tim_ex.c ****   /* Check the parameters */
1272:Drivers/STM32F4xx_HAL_Driver/Src/stm32f4xx_hal_tim_ex.c ****   assert_param(IS_TIM_CCXN_INSTANCE(htim->Instance, Channel));
1273:Drivers/STM32F4xx_HAL_Driver/Src/stm32f4xx_hal_tim_ex.c **** 
1274:Drivers/STM32F4xx_HAL_Driver/Src/stm32f4xx_hal_tim_ex.c ****   switch (Channel)
1275:Drivers/STM32F4xx_HAL_Driver/Src/stm32f4xx_hal_tim_ex.c ****   {
1276:Drivers/STM32F4xx_HAL_Driver/Src/stm32f4xx_hal_tim_ex.c ****     case TIM_CHANNEL_1:
1277:Drivers/STM32F4xx_HAL_Driver/Src/stm32f4xx_hal_tim_ex.c ****     {
1278:Drivers/STM32F4xx_HAL_Driver/Src/stm32f4xx_hal_tim_ex.c ****       /* Disable the TIM Capture/Compare 1 interrupt */
1279:Drivers/STM32F4xx_HAL_Driver/Src/stm32f4xx_hal_tim_ex.c ****       __HAL_TIM_DISABLE_IT(htim, TIM_IT_CC1);
1280:Drivers/STM32F4xx_HAL_Driver/Src/stm32f4xx_hal_tim_ex.c ****       break;
1281:Drivers/STM32F4xx_HAL_Driver/Src/stm32f4xx_hal_tim_ex.c ****     }
1282:Drivers/STM32F4xx_HAL_Driver/Src/stm32f4xx_hal_tim_ex.c **** 
1283:Drivers/STM32F4xx_HAL_Driver/Src/stm32f4xx_hal_tim_ex.c ****     case TIM_CHANNEL_2:
1284:Drivers/STM32F4xx_HAL_Driver/Src/stm32f4xx_hal_tim_ex.c ****     {
ARM GAS  C:\Users\10369\AppData\Local\Temp\ccUaxGpI.s 			page 24


1285:Drivers/STM32F4xx_HAL_Driver/Src/stm32f4xx_hal_tim_ex.c ****       /* Disable the TIM Capture/Compare 2 interrupt */
1286:Drivers/STM32F4xx_HAL_Driver/Src/stm32f4xx_hal_tim_ex.c ****       __HAL_TIM_DISABLE_IT(htim, TIM_IT_CC2);
1287:Drivers/STM32F4xx_HAL_Driver/Src/stm32f4xx_hal_tim_ex.c ****       break;
1288:Drivers/STM32F4xx_HAL_Driver/Src/stm32f4xx_hal_tim_ex.c ****     }
1289:Drivers/STM32F4xx_HAL_Driver/Src/stm32f4xx_hal_tim_ex.c **** 
1290:Drivers/STM32F4xx_HAL_Driver/Src/stm32f4xx_hal_tim_ex.c ****     case TIM_CHANNEL_3:
1291:Drivers/STM32F4xx_HAL_Driver/Src/stm32f4xx_hal_tim_ex.c ****     {
1292:Drivers/STM32F4xx_HAL_Driver/Src/stm32f4xx_hal_tim_ex.c ****       /* Disable the TIM Capture/Compare 3 interrupt */
1293:Drivers/STM32F4xx_HAL_Driver/Src/stm32f4xx_hal_tim_ex.c ****       __HAL_TIM_DISABLE_IT(htim, TIM_IT_CC3);
1294:Drivers/STM32F4xx_HAL_Driver/Src/stm32f4xx_hal_tim_ex.c ****       break;
1295:Drivers/STM32F4xx_HAL_Driver/Src/stm32f4xx_hal_tim_ex.c ****     }
1296:Drivers/STM32F4xx_HAL_Driver/Src/stm32f4xx_hal_tim_ex.c **** 
1297:Drivers/STM32F4xx_HAL_Driver/Src/stm32f4xx_hal_tim_ex.c ****     default:
1298:Drivers/STM32F4xx_HAL_Driver/Src/stm32f4xx_hal_tim_ex.c ****       status = HAL_ERROR;
1299:Drivers/STM32F4xx_HAL_Driver/Src/stm32f4xx_hal_tim_ex.c ****       break;
1300:Drivers/STM32F4xx_HAL_Driver/Src/stm32f4xx_hal_tim_ex.c ****   }
1301:Drivers/STM32F4xx_HAL_Driver/Src/stm32f4xx_hal_tim_ex.c **** 
1302:Drivers/STM32F4xx_HAL_Driver/Src/stm32f4xx_hal_tim_ex.c ****   if (status == HAL_OK)
1303:Drivers/STM32F4xx_HAL_Driver/Src/stm32f4xx_hal_tim_ex.c ****   {
1304:Drivers/STM32F4xx_HAL_Driver/Src/stm32f4xx_hal_tim_ex.c ****     /* Disable the complementary PWM output  */
1305:Drivers/STM32F4xx_HAL_Driver/Src/stm32f4xx_hal_tim_ex.c ****     TIM_CCxNChannelCmd(htim->Instance, Channel, TIM_CCxN_DISABLE);
1306:Drivers/STM32F4xx_HAL_Driver/Src/stm32f4xx_hal_tim_ex.c **** 
1307:Drivers/STM32F4xx_HAL_Driver/Src/stm32f4xx_hal_tim_ex.c ****     /* Disable the TIM Break interrupt (only if no more channel is active) */
1308:Drivers/STM32F4xx_HAL_Driver/Src/stm32f4xx_hal_tim_ex.c ****     tmpccer = htim->Instance->CCER;
1309:Drivers/STM32F4xx_HAL_Driver/Src/stm32f4xx_hal_tim_ex.c ****     if ((tmpccer & TIM_CCER_CCxNE_MASK) == (uint32_t)RESET)
1310:Drivers/STM32F4xx_HAL_Driver/Src/stm32f4xx_hal_tim_ex.c ****     {
1311:Drivers/STM32F4xx_HAL_Driver/Src/stm32f4xx_hal_tim_ex.c ****       __HAL_TIM_DISABLE_IT(htim, TIM_IT_BREAK);
1312:Drivers/STM32F4xx_HAL_Driver/Src/stm32f4xx_hal_tim_ex.c ****     }
1313:Drivers/STM32F4xx_HAL_Driver/Src/stm32f4xx_hal_tim_ex.c **** 
1314:Drivers/STM32F4xx_HAL_Driver/Src/stm32f4xx_hal_tim_ex.c ****     /* Disable the Main Output */
1315:Drivers/STM32F4xx_HAL_Driver/Src/stm32f4xx_hal_tim_ex.c ****     __HAL_TIM_MOE_DISABLE(htim);
1316:Drivers/STM32F4xx_HAL_Driver/Src/stm32f4xx_hal_tim_ex.c **** 
1317:Drivers/STM32F4xx_HAL_Driver/Src/stm32f4xx_hal_tim_ex.c ****     /* Disable the Peripheral */
1318:Drivers/STM32F4xx_HAL_Driver/Src/stm32f4xx_hal_tim_ex.c ****     __HAL_TIM_DISABLE(htim);
1319:Drivers/STM32F4xx_HAL_Driver/Src/stm32f4xx_hal_tim_ex.c **** 
1320:Drivers/STM32F4xx_HAL_Driver/Src/stm32f4xx_hal_tim_ex.c ****     /* Set the TIM complementary channel state */
1321:Drivers/STM32F4xx_HAL_Driver/Src/stm32f4xx_hal_tim_ex.c ****     TIM_CHANNEL_N_STATE_SET(htim, Channel, HAL_TIM_CHANNEL_STATE_READY);
1322:Drivers/STM32F4xx_HAL_Driver/Src/stm32f4xx_hal_tim_ex.c ****   }
1323:Drivers/STM32F4xx_HAL_Driver/Src/stm32f4xx_hal_tim_ex.c **** 
1324:Drivers/STM32F4xx_HAL_Driver/Src/stm32f4xx_hal_tim_ex.c ****   /* Return function status */
1325:Drivers/STM32F4xx_HAL_Driver/Src/stm32f4xx_hal_tim_ex.c ****   return status;
1326:Drivers/STM32F4xx_HAL_Driver/Src/stm32f4xx_hal_tim_ex.c **** }
1327:Drivers/STM32F4xx_HAL_Driver/Src/stm32f4xx_hal_tim_ex.c **** 
1328:Drivers/STM32F4xx_HAL_Driver/Src/stm32f4xx_hal_tim_ex.c **** /**
1329:Drivers/STM32F4xx_HAL_Driver/Src/stm32f4xx_hal_tim_ex.c ****   * @brief  Starts the TIM PWM signal generation in DMA mode on the
1330:Drivers/STM32F4xx_HAL_Driver/Src/stm32f4xx_hal_tim_ex.c ****   *         complementary output
1331:Drivers/STM32F4xx_HAL_Driver/Src/stm32f4xx_hal_tim_ex.c ****   * @param  htim TIM handle
1332:Drivers/STM32F4xx_HAL_Driver/Src/stm32f4xx_hal_tim_ex.c ****   * @param  Channel TIM Channel to be enabled
1333:Drivers/STM32F4xx_HAL_Driver/Src/stm32f4xx_hal_tim_ex.c ****   *          This parameter can be one of the following values:
1334:Drivers/STM32F4xx_HAL_Driver/Src/stm32f4xx_hal_tim_ex.c ****   *            @arg TIM_CHANNEL_1: TIM Channel 1 selected
1335:Drivers/STM32F4xx_HAL_Driver/Src/stm32f4xx_hal_tim_ex.c ****   *            @arg TIM_CHANNEL_2: TIM Channel 2 selected
1336:Drivers/STM32F4xx_HAL_Driver/Src/stm32f4xx_hal_tim_ex.c ****   *            @arg TIM_CHANNEL_3: TIM Channel 3 selected
1337:Drivers/STM32F4xx_HAL_Driver/Src/stm32f4xx_hal_tim_ex.c ****   * @param  pData The source Buffer address.
1338:Drivers/STM32F4xx_HAL_Driver/Src/stm32f4xx_hal_tim_ex.c ****   * @param  Length The length of data to be transferred from memory to TIM peripheral
1339:Drivers/STM32F4xx_HAL_Driver/Src/stm32f4xx_hal_tim_ex.c ****   * @retval HAL status
1340:Drivers/STM32F4xx_HAL_Driver/Src/stm32f4xx_hal_tim_ex.c ****   */
1341:Drivers/STM32F4xx_HAL_Driver/Src/stm32f4xx_hal_tim_ex.c **** HAL_StatusTypeDef HAL_TIMEx_PWMN_Start_DMA(TIM_HandleTypeDef *htim, uint32_t Channel, const uint32_
ARM GAS  C:\Users\10369\AppData\Local\Temp\ccUaxGpI.s 			page 25


1342:Drivers/STM32F4xx_HAL_Driver/Src/stm32f4xx_hal_tim_ex.c ****                                            uint16_t Length)
1343:Drivers/STM32F4xx_HAL_Driver/Src/stm32f4xx_hal_tim_ex.c **** {
1344:Drivers/STM32F4xx_HAL_Driver/Src/stm32f4xx_hal_tim_ex.c ****   HAL_StatusTypeDef status = HAL_OK;
1345:Drivers/STM32F4xx_HAL_Driver/Src/stm32f4xx_hal_tim_ex.c ****   uint32_t tmpsmcr;
1346:Drivers/STM32F4xx_HAL_Driver/Src/stm32f4xx_hal_tim_ex.c **** 
1347:Drivers/STM32F4xx_HAL_Driver/Src/stm32f4xx_hal_tim_ex.c ****   /* Check the parameters */
1348:Drivers/STM32F4xx_HAL_Driver/Src/stm32f4xx_hal_tim_ex.c ****   assert_param(IS_TIM_CCXN_INSTANCE(htim->Instance, Channel));
1349:Drivers/STM32F4xx_HAL_Driver/Src/stm32f4xx_hal_tim_ex.c **** 
1350:Drivers/STM32F4xx_HAL_Driver/Src/stm32f4xx_hal_tim_ex.c ****   /* Set the TIM complementary channel state */
1351:Drivers/STM32F4xx_HAL_Driver/Src/stm32f4xx_hal_tim_ex.c ****   if (TIM_CHANNEL_N_STATE_GET(htim, Channel) == HAL_TIM_CHANNEL_STATE_BUSY)
1352:Drivers/STM32F4xx_HAL_Driver/Src/stm32f4xx_hal_tim_ex.c ****   {
1353:Drivers/STM32F4xx_HAL_Driver/Src/stm32f4xx_hal_tim_ex.c ****     return HAL_BUSY;
1354:Drivers/STM32F4xx_HAL_Driver/Src/stm32f4xx_hal_tim_ex.c ****   }
1355:Drivers/STM32F4xx_HAL_Driver/Src/stm32f4xx_hal_tim_ex.c ****   else if (TIM_CHANNEL_N_STATE_GET(htim, Channel) == HAL_TIM_CHANNEL_STATE_READY)
1356:Drivers/STM32F4xx_HAL_Driver/Src/stm32f4xx_hal_tim_ex.c ****   {
1357:Drivers/STM32F4xx_HAL_Driver/Src/stm32f4xx_hal_tim_ex.c ****     if ((pData == NULL) || (Length == 0U))
1358:Drivers/STM32F4xx_HAL_Driver/Src/stm32f4xx_hal_tim_ex.c ****     {
1359:Drivers/STM32F4xx_HAL_Driver/Src/stm32f4xx_hal_tim_ex.c ****       return HAL_ERROR;
1360:Drivers/STM32F4xx_HAL_Driver/Src/stm32f4xx_hal_tim_ex.c ****     }
1361:Drivers/STM32F4xx_HAL_Driver/Src/stm32f4xx_hal_tim_ex.c ****     else
1362:Drivers/STM32F4xx_HAL_Driver/Src/stm32f4xx_hal_tim_ex.c ****     {
1363:Drivers/STM32F4xx_HAL_Driver/Src/stm32f4xx_hal_tim_ex.c ****       TIM_CHANNEL_N_STATE_SET(htim, Channel, HAL_TIM_CHANNEL_STATE_BUSY);
1364:Drivers/STM32F4xx_HAL_Driver/Src/stm32f4xx_hal_tim_ex.c ****     }
1365:Drivers/STM32F4xx_HAL_Driver/Src/stm32f4xx_hal_tim_ex.c ****   }
1366:Drivers/STM32F4xx_HAL_Driver/Src/stm32f4xx_hal_tim_ex.c ****   else
1367:Drivers/STM32F4xx_HAL_Driver/Src/stm32f4xx_hal_tim_ex.c ****   {
1368:Drivers/STM32F4xx_HAL_Driver/Src/stm32f4xx_hal_tim_ex.c ****     return HAL_ERROR;
1369:Drivers/STM32F4xx_HAL_Driver/Src/stm32f4xx_hal_tim_ex.c ****   }
1370:Drivers/STM32F4xx_HAL_Driver/Src/stm32f4xx_hal_tim_ex.c **** 
1371:Drivers/STM32F4xx_HAL_Driver/Src/stm32f4xx_hal_tim_ex.c ****   switch (Channel)
1372:Drivers/STM32F4xx_HAL_Driver/Src/stm32f4xx_hal_tim_ex.c ****   {
1373:Drivers/STM32F4xx_HAL_Driver/Src/stm32f4xx_hal_tim_ex.c ****     case TIM_CHANNEL_1:
1374:Drivers/STM32F4xx_HAL_Driver/Src/stm32f4xx_hal_tim_ex.c ****     {
1375:Drivers/STM32F4xx_HAL_Driver/Src/stm32f4xx_hal_tim_ex.c ****       /* Set the DMA compare callbacks */
1376:Drivers/STM32F4xx_HAL_Driver/Src/stm32f4xx_hal_tim_ex.c ****       htim->hdma[TIM_DMA_ID_CC1]->XferCpltCallback = TIM_DMADelayPulseNCplt;
1377:Drivers/STM32F4xx_HAL_Driver/Src/stm32f4xx_hal_tim_ex.c ****       htim->hdma[TIM_DMA_ID_CC1]->XferHalfCpltCallback = TIM_DMADelayPulseHalfCplt;
1378:Drivers/STM32F4xx_HAL_Driver/Src/stm32f4xx_hal_tim_ex.c **** 
1379:Drivers/STM32F4xx_HAL_Driver/Src/stm32f4xx_hal_tim_ex.c ****       /* Set the DMA error callback */
1380:Drivers/STM32F4xx_HAL_Driver/Src/stm32f4xx_hal_tim_ex.c ****       htim->hdma[TIM_DMA_ID_CC1]->XferErrorCallback = TIM_DMAErrorCCxN ;
1381:Drivers/STM32F4xx_HAL_Driver/Src/stm32f4xx_hal_tim_ex.c **** 
1382:Drivers/STM32F4xx_HAL_Driver/Src/stm32f4xx_hal_tim_ex.c ****       /* Enable the DMA stream */
1383:Drivers/STM32F4xx_HAL_Driver/Src/stm32f4xx_hal_tim_ex.c ****       if (HAL_DMA_Start_IT(htim->hdma[TIM_DMA_ID_CC1], (uint32_t)pData, (uint32_t)&htim->Instance->
1384:Drivers/STM32F4xx_HAL_Driver/Src/stm32f4xx_hal_tim_ex.c ****                            Length) != HAL_OK)
1385:Drivers/STM32F4xx_HAL_Driver/Src/stm32f4xx_hal_tim_ex.c ****       {
1386:Drivers/STM32F4xx_HAL_Driver/Src/stm32f4xx_hal_tim_ex.c ****         /* Return error status */
1387:Drivers/STM32F4xx_HAL_Driver/Src/stm32f4xx_hal_tim_ex.c ****         return HAL_ERROR;
1388:Drivers/STM32F4xx_HAL_Driver/Src/stm32f4xx_hal_tim_ex.c ****       }
1389:Drivers/STM32F4xx_HAL_Driver/Src/stm32f4xx_hal_tim_ex.c ****       /* Enable the TIM Capture/Compare 1 DMA request */
1390:Drivers/STM32F4xx_HAL_Driver/Src/stm32f4xx_hal_tim_ex.c ****       __HAL_TIM_ENABLE_DMA(htim, TIM_DMA_CC1);
1391:Drivers/STM32F4xx_HAL_Driver/Src/stm32f4xx_hal_tim_ex.c ****       break;
1392:Drivers/STM32F4xx_HAL_Driver/Src/stm32f4xx_hal_tim_ex.c ****     }
1393:Drivers/STM32F4xx_HAL_Driver/Src/stm32f4xx_hal_tim_ex.c **** 
1394:Drivers/STM32F4xx_HAL_Driver/Src/stm32f4xx_hal_tim_ex.c ****     case TIM_CHANNEL_2:
1395:Drivers/STM32F4xx_HAL_Driver/Src/stm32f4xx_hal_tim_ex.c ****     {
1396:Drivers/STM32F4xx_HAL_Driver/Src/stm32f4xx_hal_tim_ex.c ****       /* Set the DMA compare callbacks */
1397:Drivers/STM32F4xx_HAL_Driver/Src/stm32f4xx_hal_tim_ex.c ****       htim->hdma[TIM_DMA_ID_CC2]->XferCpltCallback = TIM_DMADelayPulseNCplt;
1398:Drivers/STM32F4xx_HAL_Driver/Src/stm32f4xx_hal_tim_ex.c ****       htim->hdma[TIM_DMA_ID_CC2]->XferHalfCpltCallback = TIM_DMADelayPulseHalfCplt;
ARM GAS  C:\Users\10369\AppData\Local\Temp\ccUaxGpI.s 			page 26


1399:Drivers/STM32F4xx_HAL_Driver/Src/stm32f4xx_hal_tim_ex.c **** 
1400:Drivers/STM32F4xx_HAL_Driver/Src/stm32f4xx_hal_tim_ex.c ****       /* Set the DMA error callback */
1401:Drivers/STM32F4xx_HAL_Driver/Src/stm32f4xx_hal_tim_ex.c ****       htim->hdma[TIM_DMA_ID_CC2]->XferErrorCallback = TIM_DMAErrorCCxN ;
1402:Drivers/STM32F4xx_HAL_Driver/Src/stm32f4xx_hal_tim_ex.c **** 
1403:Drivers/STM32F4xx_HAL_Driver/Src/stm32f4xx_hal_tim_ex.c ****       /* Enable the DMA stream */
1404:Drivers/STM32F4xx_HAL_Driver/Src/stm32f4xx_hal_tim_ex.c ****       if (HAL_DMA_Start_IT(htim->hdma[TIM_DMA_ID_CC2], (uint32_t)pData, (uint32_t)&htim->Instance->
1405:Drivers/STM32F4xx_HAL_Driver/Src/stm32f4xx_hal_tim_ex.c ****                            Length) != HAL_OK)
1406:Drivers/STM32F4xx_HAL_Driver/Src/stm32f4xx_hal_tim_ex.c ****       {
1407:Drivers/STM32F4xx_HAL_Driver/Src/stm32f4xx_hal_tim_ex.c ****         /* Return error status */
1408:Drivers/STM32F4xx_HAL_Driver/Src/stm32f4xx_hal_tim_ex.c ****         return HAL_ERROR;
1409:Drivers/STM32F4xx_HAL_Driver/Src/stm32f4xx_hal_tim_ex.c ****       }
1410:Drivers/STM32F4xx_HAL_Driver/Src/stm32f4xx_hal_tim_ex.c ****       /* Enable the TIM Capture/Compare 2 DMA request */
1411:Drivers/STM32F4xx_HAL_Driver/Src/stm32f4xx_hal_tim_ex.c ****       __HAL_TIM_ENABLE_DMA(htim, TIM_DMA_CC2);
1412:Drivers/STM32F4xx_HAL_Driver/Src/stm32f4xx_hal_tim_ex.c ****       break;
1413:Drivers/STM32F4xx_HAL_Driver/Src/stm32f4xx_hal_tim_ex.c ****     }
1414:Drivers/STM32F4xx_HAL_Driver/Src/stm32f4xx_hal_tim_ex.c **** 
1415:Drivers/STM32F4xx_HAL_Driver/Src/stm32f4xx_hal_tim_ex.c ****     case TIM_CHANNEL_3:
1416:Drivers/STM32F4xx_HAL_Driver/Src/stm32f4xx_hal_tim_ex.c ****     {
1417:Drivers/STM32F4xx_HAL_Driver/Src/stm32f4xx_hal_tim_ex.c ****       /* Set the DMA compare callbacks */
1418:Drivers/STM32F4xx_HAL_Driver/Src/stm32f4xx_hal_tim_ex.c ****       htim->hdma[TIM_DMA_ID_CC3]->XferCpltCallback = TIM_DMADelayPulseNCplt;
1419:Drivers/STM32F4xx_HAL_Driver/Src/stm32f4xx_hal_tim_ex.c ****       htim->hdma[TIM_DMA_ID_CC3]->XferHalfCpltCallback = TIM_DMADelayPulseHalfCplt;
1420:Drivers/STM32F4xx_HAL_Driver/Src/stm32f4xx_hal_tim_ex.c **** 
1421:Drivers/STM32F4xx_HAL_Driver/Src/stm32f4xx_hal_tim_ex.c ****       /* Set the DMA error callback */
1422:Drivers/STM32F4xx_HAL_Driver/Src/stm32f4xx_hal_tim_ex.c ****       htim->hdma[TIM_DMA_ID_CC3]->XferErrorCallback = TIM_DMAErrorCCxN ;
1423:Drivers/STM32F4xx_HAL_Driver/Src/stm32f4xx_hal_tim_ex.c **** 
1424:Drivers/STM32F4xx_HAL_Driver/Src/stm32f4xx_hal_tim_ex.c ****       /* Enable the DMA stream */
1425:Drivers/STM32F4xx_HAL_Driver/Src/stm32f4xx_hal_tim_ex.c ****       if (HAL_DMA_Start_IT(htim->hdma[TIM_DMA_ID_CC3], (uint32_t)pData, (uint32_t)&htim->Instance->
1426:Drivers/STM32F4xx_HAL_Driver/Src/stm32f4xx_hal_tim_ex.c ****                            Length) != HAL_OK)
1427:Drivers/STM32F4xx_HAL_Driver/Src/stm32f4xx_hal_tim_ex.c ****       {
1428:Drivers/STM32F4xx_HAL_Driver/Src/stm32f4xx_hal_tim_ex.c ****         /* Return error status */
1429:Drivers/STM32F4xx_HAL_Driver/Src/stm32f4xx_hal_tim_ex.c ****         return HAL_ERROR;
1430:Drivers/STM32F4xx_HAL_Driver/Src/stm32f4xx_hal_tim_ex.c ****       }
1431:Drivers/STM32F4xx_HAL_Driver/Src/stm32f4xx_hal_tim_ex.c ****       /* Enable the TIM Capture/Compare 3 DMA request */
1432:Drivers/STM32F4xx_HAL_Driver/Src/stm32f4xx_hal_tim_ex.c ****       __HAL_TIM_ENABLE_DMA(htim, TIM_DMA_CC3);
1433:Drivers/STM32F4xx_HAL_Driver/Src/stm32f4xx_hal_tim_ex.c ****       break;
1434:Drivers/STM32F4xx_HAL_Driver/Src/stm32f4xx_hal_tim_ex.c ****     }
1435:Drivers/STM32F4xx_HAL_Driver/Src/stm32f4xx_hal_tim_ex.c **** 
1436:Drivers/STM32F4xx_HAL_Driver/Src/stm32f4xx_hal_tim_ex.c ****     default:
1437:Drivers/STM32F4xx_HAL_Driver/Src/stm32f4xx_hal_tim_ex.c ****       status = HAL_ERROR;
1438:Drivers/STM32F4xx_HAL_Driver/Src/stm32f4xx_hal_tim_ex.c ****       break;
1439:Drivers/STM32F4xx_HAL_Driver/Src/stm32f4xx_hal_tim_ex.c ****   }
1440:Drivers/STM32F4xx_HAL_Driver/Src/stm32f4xx_hal_tim_ex.c **** 
1441:Drivers/STM32F4xx_HAL_Driver/Src/stm32f4xx_hal_tim_ex.c ****   if (status == HAL_OK)
1442:Drivers/STM32F4xx_HAL_Driver/Src/stm32f4xx_hal_tim_ex.c ****   {
1443:Drivers/STM32F4xx_HAL_Driver/Src/stm32f4xx_hal_tim_ex.c ****     /* Enable the complementary PWM output  */
1444:Drivers/STM32F4xx_HAL_Driver/Src/stm32f4xx_hal_tim_ex.c ****     TIM_CCxNChannelCmd(htim->Instance, Channel, TIM_CCxN_ENABLE);
1445:Drivers/STM32F4xx_HAL_Driver/Src/stm32f4xx_hal_tim_ex.c **** 
1446:Drivers/STM32F4xx_HAL_Driver/Src/stm32f4xx_hal_tim_ex.c ****     /* Enable the Main Output */
1447:Drivers/STM32F4xx_HAL_Driver/Src/stm32f4xx_hal_tim_ex.c ****     __HAL_TIM_MOE_ENABLE(htim);
1448:Drivers/STM32F4xx_HAL_Driver/Src/stm32f4xx_hal_tim_ex.c **** 
1449:Drivers/STM32F4xx_HAL_Driver/Src/stm32f4xx_hal_tim_ex.c ****     /* Enable the Peripheral, except in trigger mode where enable is automatically done with trigge
1450:Drivers/STM32F4xx_HAL_Driver/Src/stm32f4xx_hal_tim_ex.c ****     if (IS_TIM_SLAVE_INSTANCE(htim->Instance))
1451:Drivers/STM32F4xx_HAL_Driver/Src/stm32f4xx_hal_tim_ex.c ****     {
1452:Drivers/STM32F4xx_HAL_Driver/Src/stm32f4xx_hal_tim_ex.c ****       tmpsmcr = htim->Instance->SMCR & TIM_SMCR_SMS;
1453:Drivers/STM32F4xx_HAL_Driver/Src/stm32f4xx_hal_tim_ex.c ****       if (!IS_TIM_SLAVEMODE_TRIGGER_ENABLED(tmpsmcr))
1454:Drivers/STM32F4xx_HAL_Driver/Src/stm32f4xx_hal_tim_ex.c ****       {
1455:Drivers/STM32F4xx_HAL_Driver/Src/stm32f4xx_hal_tim_ex.c ****         __HAL_TIM_ENABLE(htim);
ARM GAS  C:\Users\10369\AppData\Local\Temp\ccUaxGpI.s 			page 27


1456:Drivers/STM32F4xx_HAL_Driver/Src/stm32f4xx_hal_tim_ex.c ****       }
1457:Drivers/STM32F4xx_HAL_Driver/Src/stm32f4xx_hal_tim_ex.c ****     }
1458:Drivers/STM32F4xx_HAL_Driver/Src/stm32f4xx_hal_tim_ex.c ****     else
1459:Drivers/STM32F4xx_HAL_Driver/Src/stm32f4xx_hal_tim_ex.c ****     {
1460:Drivers/STM32F4xx_HAL_Driver/Src/stm32f4xx_hal_tim_ex.c ****       __HAL_TIM_ENABLE(htim);
1461:Drivers/STM32F4xx_HAL_Driver/Src/stm32f4xx_hal_tim_ex.c ****     }
1462:Drivers/STM32F4xx_HAL_Driver/Src/stm32f4xx_hal_tim_ex.c ****   }
1463:Drivers/STM32F4xx_HAL_Driver/Src/stm32f4xx_hal_tim_ex.c **** 
1464:Drivers/STM32F4xx_HAL_Driver/Src/stm32f4xx_hal_tim_ex.c ****   /* Return function status */
1465:Drivers/STM32F4xx_HAL_Driver/Src/stm32f4xx_hal_tim_ex.c ****   return status;
1466:Drivers/STM32F4xx_HAL_Driver/Src/stm32f4xx_hal_tim_ex.c **** }
1467:Drivers/STM32F4xx_HAL_Driver/Src/stm32f4xx_hal_tim_ex.c **** 
1468:Drivers/STM32F4xx_HAL_Driver/Src/stm32f4xx_hal_tim_ex.c **** /**
1469:Drivers/STM32F4xx_HAL_Driver/Src/stm32f4xx_hal_tim_ex.c ****   * @brief  Stops the TIM PWM signal generation in DMA mode on the complementary
1470:Drivers/STM32F4xx_HAL_Driver/Src/stm32f4xx_hal_tim_ex.c ****   *         output
1471:Drivers/STM32F4xx_HAL_Driver/Src/stm32f4xx_hal_tim_ex.c ****   * @param  htim TIM handle
1472:Drivers/STM32F4xx_HAL_Driver/Src/stm32f4xx_hal_tim_ex.c ****   * @param  Channel TIM Channel to be disabled
1473:Drivers/STM32F4xx_HAL_Driver/Src/stm32f4xx_hal_tim_ex.c ****   *          This parameter can be one of the following values:
1474:Drivers/STM32F4xx_HAL_Driver/Src/stm32f4xx_hal_tim_ex.c ****   *            @arg TIM_CHANNEL_1: TIM Channel 1 selected
1475:Drivers/STM32F4xx_HAL_Driver/Src/stm32f4xx_hal_tim_ex.c ****   *            @arg TIM_CHANNEL_2: TIM Channel 2 selected
1476:Drivers/STM32F4xx_HAL_Driver/Src/stm32f4xx_hal_tim_ex.c ****   *            @arg TIM_CHANNEL_3: TIM Channel 3 selected
1477:Drivers/STM32F4xx_HAL_Driver/Src/stm32f4xx_hal_tim_ex.c ****   * @retval HAL status
1478:Drivers/STM32F4xx_HAL_Driver/Src/stm32f4xx_hal_tim_ex.c ****   */
1479:Drivers/STM32F4xx_HAL_Driver/Src/stm32f4xx_hal_tim_ex.c **** HAL_StatusTypeDef HAL_TIMEx_PWMN_Stop_DMA(TIM_HandleTypeDef *htim, uint32_t Channel)
1480:Drivers/STM32F4xx_HAL_Driver/Src/stm32f4xx_hal_tim_ex.c **** {
1481:Drivers/STM32F4xx_HAL_Driver/Src/stm32f4xx_hal_tim_ex.c ****   HAL_StatusTypeDef status = HAL_OK;
1482:Drivers/STM32F4xx_HAL_Driver/Src/stm32f4xx_hal_tim_ex.c **** 
1483:Drivers/STM32F4xx_HAL_Driver/Src/stm32f4xx_hal_tim_ex.c ****   /* Check the parameters */
1484:Drivers/STM32F4xx_HAL_Driver/Src/stm32f4xx_hal_tim_ex.c ****   assert_param(IS_TIM_CCXN_INSTANCE(htim->Instance, Channel));
1485:Drivers/STM32F4xx_HAL_Driver/Src/stm32f4xx_hal_tim_ex.c **** 
1486:Drivers/STM32F4xx_HAL_Driver/Src/stm32f4xx_hal_tim_ex.c ****   switch (Channel)
1487:Drivers/STM32F4xx_HAL_Driver/Src/stm32f4xx_hal_tim_ex.c ****   {
1488:Drivers/STM32F4xx_HAL_Driver/Src/stm32f4xx_hal_tim_ex.c ****     case TIM_CHANNEL_1:
1489:Drivers/STM32F4xx_HAL_Driver/Src/stm32f4xx_hal_tim_ex.c ****     {
1490:Drivers/STM32F4xx_HAL_Driver/Src/stm32f4xx_hal_tim_ex.c ****       /* Disable the TIM Capture/Compare 1 DMA request */
1491:Drivers/STM32F4xx_HAL_Driver/Src/stm32f4xx_hal_tim_ex.c ****       __HAL_TIM_DISABLE_DMA(htim, TIM_DMA_CC1);
1492:Drivers/STM32F4xx_HAL_Driver/Src/stm32f4xx_hal_tim_ex.c ****       (void)HAL_DMA_Abort_IT(htim->hdma[TIM_DMA_ID_CC1]);
1493:Drivers/STM32F4xx_HAL_Driver/Src/stm32f4xx_hal_tim_ex.c ****       break;
1494:Drivers/STM32F4xx_HAL_Driver/Src/stm32f4xx_hal_tim_ex.c ****     }
1495:Drivers/STM32F4xx_HAL_Driver/Src/stm32f4xx_hal_tim_ex.c **** 
1496:Drivers/STM32F4xx_HAL_Driver/Src/stm32f4xx_hal_tim_ex.c ****     case TIM_CHANNEL_2:
1497:Drivers/STM32F4xx_HAL_Driver/Src/stm32f4xx_hal_tim_ex.c ****     {
1498:Drivers/STM32F4xx_HAL_Driver/Src/stm32f4xx_hal_tim_ex.c ****       /* Disable the TIM Capture/Compare 2 DMA request */
1499:Drivers/STM32F4xx_HAL_Driver/Src/stm32f4xx_hal_tim_ex.c ****       __HAL_TIM_DISABLE_DMA(htim, TIM_DMA_CC2);
1500:Drivers/STM32F4xx_HAL_Driver/Src/stm32f4xx_hal_tim_ex.c ****       (void)HAL_DMA_Abort_IT(htim->hdma[TIM_DMA_ID_CC2]);
1501:Drivers/STM32F4xx_HAL_Driver/Src/stm32f4xx_hal_tim_ex.c ****       break;
1502:Drivers/STM32F4xx_HAL_Driver/Src/stm32f4xx_hal_tim_ex.c ****     }
1503:Drivers/STM32F4xx_HAL_Driver/Src/stm32f4xx_hal_tim_ex.c **** 
1504:Drivers/STM32F4xx_HAL_Driver/Src/stm32f4xx_hal_tim_ex.c ****     case TIM_CHANNEL_3:
1505:Drivers/STM32F4xx_HAL_Driver/Src/stm32f4xx_hal_tim_ex.c ****     {
1506:Drivers/STM32F4xx_HAL_Driver/Src/stm32f4xx_hal_tim_ex.c ****       /* Disable the TIM Capture/Compare 3 DMA request */
1507:Drivers/STM32F4xx_HAL_Driver/Src/stm32f4xx_hal_tim_ex.c ****       __HAL_TIM_DISABLE_DMA(htim, TIM_DMA_CC3);
1508:Drivers/STM32F4xx_HAL_Driver/Src/stm32f4xx_hal_tim_ex.c ****       (void)HAL_DMA_Abort_IT(htim->hdma[TIM_DMA_ID_CC3]);
1509:Drivers/STM32F4xx_HAL_Driver/Src/stm32f4xx_hal_tim_ex.c ****       break;
1510:Drivers/STM32F4xx_HAL_Driver/Src/stm32f4xx_hal_tim_ex.c ****     }
1511:Drivers/STM32F4xx_HAL_Driver/Src/stm32f4xx_hal_tim_ex.c **** 
1512:Drivers/STM32F4xx_HAL_Driver/Src/stm32f4xx_hal_tim_ex.c ****     default:
ARM GAS  C:\Users\10369\AppData\Local\Temp\ccUaxGpI.s 			page 28


1513:Drivers/STM32F4xx_HAL_Driver/Src/stm32f4xx_hal_tim_ex.c ****       status = HAL_ERROR;
1514:Drivers/STM32F4xx_HAL_Driver/Src/stm32f4xx_hal_tim_ex.c ****       break;
1515:Drivers/STM32F4xx_HAL_Driver/Src/stm32f4xx_hal_tim_ex.c ****   }
1516:Drivers/STM32F4xx_HAL_Driver/Src/stm32f4xx_hal_tim_ex.c **** 
1517:Drivers/STM32F4xx_HAL_Driver/Src/stm32f4xx_hal_tim_ex.c ****   if (status == HAL_OK)
1518:Drivers/STM32F4xx_HAL_Driver/Src/stm32f4xx_hal_tim_ex.c ****   {
1519:Drivers/STM32F4xx_HAL_Driver/Src/stm32f4xx_hal_tim_ex.c ****     /* Disable the complementary PWM output */
1520:Drivers/STM32F4xx_HAL_Driver/Src/stm32f4xx_hal_tim_ex.c ****     TIM_CCxNChannelCmd(htim->Instance, Channel, TIM_CCxN_DISABLE);
1521:Drivers/STM32F4xx_HAL_Driver/Src/stm32f4xx_hal_tim_ex.c **** 
1522:Drivers/STM32F4xx_HAL_Driver/Src/stm32f4xx_hal_tim_ex.c ****     /* Disable the Main Output */
1523:Drivers/STM32F4xx_HAL_Driver/Src/stm32f4xx_hal_tim_ex.c ****     __HAL_TIM_MOE_DISABLE(htim);
1524:Drivers/STM32F4xx_HAL_Driver/Src/stm32f4xx_hal_tim_ex.c **** 
1525:Drivers/STM32F4xx_HAL_Driver/Src/stm32f4xx_hal_tim_ex.c ****     /* Disable the Peripheral */
1526:Drivers/STM32F4xx_HAL_Driver/Src/stm32f4xx_hal_tim_ex.c ****     __HAL_TIM_DISABLE(htim);
1527:Drivers/STM32F4xx_HAL_Driver/Src/stm32f4xx_hal_tim_ex.c **** 
1528:Drivers/STM32F4xx_HAL_Driver/Src/stm32f4xx_hal_tim_ex.c ****     /* Set the TIM complementary channel state */
1529:Drivers/STM32F4xx_HAL_Driver/Src/stm32f4xx_hal_tim_ex.c ****     TIM_CHANNEL_N_STATE_SET(htim, Channel, HAL_TIM_CHANNEL_STATE_READY);
1530:Drivers/STM32F4xx_HAL_Driver/Src/stm32f4xx_hal_tim_ex.c ****   }
1531:Drivers/STM32F4xx_HAL_Driver/Src/stm32f4xx_hal_tim_ex.c **** 
1532:Drivers/STM32F4xx_HAL_Driver/Src/stm32f4xx_hal_tim_ex.c ****   /* Return function status */
1533:Drivers/STM32F4xx_HAL_Driver/Src/stm32f4xx_hal_tim_ex.c ****   return status;
1534:Drivers/STM32F4xx_HAL_Driver/Src/stm32f4xx_hal_tim_ex.c **** }
1535:Drivers/STM32F4xx_HAL_Driver/Src/stm32f4xx_hal_tim_ex.c **** 
1536:Drivers/STM32F4xx_HAL_Driver/Src/stm32f4xx_hal_tim_ex.c **** /**
1537:Drivers/STM32F4xx_HAL_Driver/Src/stm32f4xx_hal_tim_ex.c ****   * @}
1538:Drivers/STM32F4xx_HAL_Driver/Src/stm32f4xx_hal_tim_ex.c ****   */
1539:Drivers/STM32F4xx_HAL_Driver/Src/stm32f4xx_hal_tim_ex.c **** 
1540:Drivers/STM32F4xx_HAL_Driver/Src/stm32f4xx_hal_tim_ex.c **** /** @defgroup TIMEx_Exported_Functions_Group4 Extended Timer Complementary One Pulse functions
1541:Drivers/STM32F4xx_HAL_Driver/Src/stm32f4xx_hal_tim_ex.c ****   * @brief    Timer Complementary One Pulse functions
1542:Drivers/STM32F4xx_HAL_Driver/Src/stm32f4xx_hal_tim_ex.c ****   *
1543:Drivers/STM32F4xx_HAL_Driver/Src/stm32f4xx_hal_tim_ex.c **** @verbatim
1544:Drivers/STM32F4xx_HAL_Driver/Src/stm32f4xx_hal_tim_ex.c ****   ==============================================================================
1545:Drivers/STM32F4xx_HAL_Driver/Src/stm32f4xx_hal_tim_ex.c ****                 ##### Timer Complementary One Pulse functions #####
1546:Drivers/STM32F4xx_HAL_Driver/Src/stm32f4xx_hal_tim_ex.c ****   ==============================================================================
1547:Drivers/STM32F4xx_HAL_Driver/Src/stm32f4xx_hal_tim_ex.c ****   [..]
1548:Drivers/STM32F4xx_HAL_Driver/Src/stm32f4xx_hal_tim_ex.c ****     This section provides functions allowing to:
1549:Drivers/STM32F4xx_HAL_Driver/Src/stm32f4xx_hal_tim_ex.c ****     (+) Start the Complementary One Pulse generation.
1550:Drivers/STM32F4xx_HAL_Driver/Src/stm32f4xx_hal_tim_ex.c ****     (+) Stop the Complementary One Pulse.
1551:Drivers/STM32F4xx_HAL_Driver/Src/stm32f4xx_hal_tim_ex.c ****     (+) Start the Complementary One Pulse and enable interrupts.
1552:Drivers/STM32F4xx_HAL_Driver/Src/stm32f4xx_hal_tim_ex.c ****     (+) Stop the Complementary One Pulse and disable interrupts.
1553:Drivers/STM32F4xx_HAL_Driver/Src/stm32f4xx_hal_tim_ex.c **** 
1554:Drivers/STM32F4xx_HAL_Driver/Src/stm32f4xx_hal_tim_ex.c **** @endverbatim
1555:Drivers/STM32F4xx_HAL_Driver/Src/stm32f4xx_hal_tim_ex.c ****   * @{
1556:Drivers/STM32F4xx_HAL_Driver/Src/stm32f4xx_hal_tim_ex.c ****   */
1557:Drivers/STM32F4xx_HAL_Driver/Src/stm32f4xx_hal_tim_ex.c **** 
1558:Drivers/STM32F4xx_HAL_Driver/Src/stm32f4xx_hal_tim_ex.c **** /**
1559:Drivers/STM32F4xx_HAL_Driver/Src/stm32f4xx_hal_tim_ex.c ****   * @brief  Starts the TIM One Pulse signal generation on the complementary
1560:Drivers/STM32F4xx_HAL_Driver/Src/stm32f4xx_hal_tim_ex.c ****   *         output.
1561:Drivers/STM32F4xx_HAL_Driver/Src/stm32f4xx_hal_tim_ex.c ****   * @note OutputChannel must match the pulse output channel chosen when calling
1562:Drivers/STM32F4xx_HAL_Driver/Src/stm32f4xx_hal_tim_ex.c ****   *       @ref HAL_TIM_OnePulse_ConfigChannel().
1563:Drivers/STM32F4xx_HAL_Driver/Src/stm32f4xx_hal_tim_ex.c ****   * @param  htim TIM One Pulse handle
1564:Drivers/STM32F4xx_HAL_Driver/Src/stm32f4xx_hal_tim_ex.c ****   * @param  OutputChannel pulse output channel to enable
1565:Drivers/STM32F4xx_HAL_Driver/Src/stm32f4xx_hal_tim_ex.c ****   *          This parameter can be one of the following values:
1566:Drivers/STM32F4xx_HAL_Driver/Src/stm32f4xx_hal_tim_ex.c ****   *            @arg TIM_CHANNEL_1: TIM Channel 1 selected
1567:Drivers/STM32F4xx_HAL_Driver/Src/stm32f4xx_hal_tim_ex.c ****   *            @arg TIM_CHANNEL_2: TIM Channel 2 selected
1568:Drivers/STM32F4xx_HAL_Driver/Src/stm32f4xx_hal_tim_ex.c ****   * @retval HAL status
1569:Drivers/STM32F4xx_HAL_Driver/Src/stm32f4xx_hal_tim_ex.c ****   */
ARM GAS  C:\Users\10369\AppData\Local\Temp\ccUaxGpI.s 			page 29


1570:Drivers/STM32F4xx_HAL_Driver/Src/stm32f4xx_hal_tim_ex.c **** HAL_StatusTypeDef HAL_TIMEx_OnePulseN_Start(TIM_HandleTypeDef *htim, uint32_t OutputChannel)
1571:Drivers/STM32F4xx_HAL_Driver/Src/stm32f4xx_hal_tim_ex.c **** {
1572:Drivers/STM32F4xx_HAL_Driver/Src/stm32f4xx_hal_tim_ex.c ****   uint32_t input_channel = (OutputChannel == TIM_CHANNEL_1) ? TIM_CHANNEL_2 : TIM_CHANNEL_1;
1573:Drivers/STM32F4xx_HAL_Driver/Src/stm32f4xx_hal_tim_ex.c ****   HAL_TIM_ChannelStateTypeDef channel_1_state = TIM_CHANNEL_STATE_GET(htim, TIM_CHANNEL_1);
1574:Drivers/STM32F4xx_HAL_Driver/Src/stm32f4xx_hal_tim_ex.c ****   HAL_TIM_ChannelStateTypeDef channel_2_state = TIM_CHANNEL_STATE_GET(htim, TIM_CHANNEL_2);
1575:Drivers/STM32F4xx_HAL_Driver/Src/stm32f4xx_hal_tim_ex.c ****   HAL_TIM_ChannelStateTypeDef complementary_channel_1_state = TIM_CHANNEL_N_STATE_GET(htim, TIM_CHA
1576:Drivers/STM32F4xx_HAL_Driver/Src/stm32f4xx_hal_tim_ex.c ****   HAL_TIM_ChannelStateTypeDef complementary_channel_2_state = TIM_CHANNEL_N_STATE_GET(htim, TIM_CHA
1577:Drivers/STM32F4xx_HAL_Driver/Src/stm32f4xx_hal_tim_ex.c **** 
1578:Drivers/STM32F4xx_HAL_Driver/Src/stm32f4xx_hal_tim_ex.c ****   /* Check the parameters */
1579:Drivers/STM32F4xx_HAL_Driver/Src/stm32f4xx_hal_tim_ex.c ****   assert_param(IS_TIM_CCXN_INSTANCE(htim->Instance, OutputChannel));
1580:Drivers/STM32F4xx_HAL_Driver/Src/stm32f4xx_hal_tim_ex.c **** 
1581:Drivers/STM32F4xx_HAL_Driver/Src/stm32f4xx_hal_tim_ex.c ****   /* Check the TIM channels state */
1582:Drivers/STM32F4xx_HAL_Driver/Src/stm32f4xx_hal_tim_ex.c ****   if ((channel_1_state != HAL_TIM_CHANNEL_STATE_READY)
1583:Drivers/STM32F4xx_HAL_Driver/Src/stm32f4xx_hal_tim_ex.c ****       || (channel_2_state != HAL_TIM_CHANNEL_STATE_READY)
1584:Drivers/STM32F4xx_HAL_Driver/Src/stm32f4xx_hal_tim_ex.c ****       || (complementary_channel_1_state != HAL_TIM_CHANNEL_STATE_READY)
1585:Drivers/STM32F4xx_HAL_Driver/Src/stm32f4xx_hal_tim_ex.c ****       || (complementary_channel_2_state != HAL_TIM_CHANNEL_STATE_READY))
1586:Drivers/STM32F4xx_HAL_Driver/Src/stm32f4xx_hal_tim_ex.c ****   {
1587:Drivers/STM32F4xx_HAL_Driver/Src/stm32f4xx_hal_tim_ex.c ****     return HAL_ERROR;
1588:Drivers/STM32F4xx_HAL_Driver/Src/stm32f4xx_hal_tim_ex.c ****   }
1589:Drivers/STM32F4xx_HAL_Driver/Src/stm32f4xx_hal_tim_ex.c **** 
1590:Drivers/STM32F4xx_HAL_Driver/Src/stm32f4xx_hal_tim_ex.c ****   /* Set the TIM channels state */
1591:Drivers/STM32F4xx_HAL_Driver/Src/stm32f4xx_hal_tim_ex.c ****   TIM_CHANNEL_STATE_SET(htim, TIM_CHANNEL_1, HAL_TIM_CHANNEL_STATE_BUSY);
1592:Drivers/STM32F4xx_HAL_Driver/Src/stm32f4xx_hal_tim_ex.c ****   TIM_CHANNEL_STATE_SET(htim, TIM_CHANNEL_2, HAL_TIM_CHANNEL_STATE_BUSY);
1593:Drivers/STM32F4xx_HAL_Driver/Src/stm32f4xx_hal_tim_ex.c ****   TIM_CHANNEL_N_STATE_SET(htim, TIM_CHANNEL_1, HAL_TIM_CHANNEL_STATE_BUSY);
1594:Drivers/STM32F4xx_HAL_Driver/Src/stm32f4xx_hal_tim_ex.c ****   TIM_CHANNEL_N_STATE_SET(htim, TIM_CHANNEL_2, HAL_TIM_CHANNEL_STATE_BUSY);
1595:Drivers/STM32F4xx_HAL_Driver/Src/stm32f4xx_hal_tim_ex.c **** 
1596:Drivers/STM32F4xx_HAL_Driver/Src/stm32f4xx_hal_tim_ex.c ****   /* Enable the complementary One Pulse output channel and the Input Capture channel */
1597:Drivers/STM32F4xx_HAL_Driver/Src/stm32f4xx_hal_tim_ex.c ****   TIM_CCxNChannelCmd(htim->Instance, OutputChannel, TIM_CCxN_ENABLE);
1598:Drivers/STM32F4xx_HAL_Driver/Src/stm32f4xx_hal_tim_ex.c ****   TIM_CCxChannelCmd(htim->Instance, input_channel, TIM_CCx_ENABLE);
1599:Drivers/STM32F4xx_HAL_Driver/Src/stm32f4xx_hal_tim_ex.c **** 
1600:Drivers/STM32F4xx_HAL_Driver/Src/stm32f4xx_hal_tim_ex.c ****   /* Enable the Main Output */
1601:Drivers/STM32F4xx_HAL_Driver/Src/stm32f4xx_hal_tim_ex.c ****   __HAL_TIM_MOE_ENABLE(htim);
1602:Drivers/STM32F4xx_HAL_Driver/Src/stm32f4xx_hal_tim_ex.c **** 
1603:Drivers/STM32F4xx_HAL_Driver/Src/stm32f4xx_hal_tim_ex.c ****   /* Return function status */
1604:Drivers/STM32F4xx_HAL_Driver/Src/stm32f4xx_hal_tim_ex.c ****   return HAL_OK;
1605:Drivers/STM32F4xx_HAL_Driver/Src/stm32f4xx_hal_tim_ex.c **** }
1606:Drivers/STM32F4xx_HAL_Driver/Src/stm32f4xx_hal_tim_ex.c **** 
1607:Drivers/STM32F4xx_HAL_Driver/Src/stm32f4xx_hal_tim_ex.c **** /**
1608:Drivers/STM32F4xx_HAL_Driver/Src/stm32f4xx_hal_tim_ex.c ****   * @brief  Stops the TIM One Pulse signal generation on the complementary
1609:Drivers/STM32F4xx_HAL_Driver/Src/stm32f4xx_hal_tim_ex.c ****   *         output.
1610:Drivers/STM32F4xx_HAL_Driver/Src/stm32f4xx_hal_tim_ex.c ****   * @note OutputChannel must match the pulse output channel chosen when calling
1611:Drivers/STM32F4xx_HAL_Driver/Src/stm32f4xx_hal_tim_ex.c ****   *       @ref HAL_TIM_OnePulse_ConfigChannel().
1612:Drivers/STM32F4xx_HAL_Driver/Src/stm32f4xx_hal_tim_ex.c ****   * @param  htim TIM One Pulse handle
1613:Drivers/STM32F4xx_HAL_Driver/Src/stm32f4xx_hal_tim_ex.c ****   * @param  OutputChannel pulse output channel to disable
1614:Drivers/STM32F4xx_HAL_Driver/Src/stm32f4xx_hal_tim_ex.c ****   *          This parameter can be one of the following values:
1615:Drivers/STM32F4xx_HAL_Driver/Src/stm32f4xx_hal_tim_ex.c ****   *            @arg TIM_CHANNEL_1: TIM Channel 1 selected
1616:Drivers/STM32F4xx_HAL_Driver/Src/stm32f4xx_hal_tim_ex.c ****   *            @arg TIM_CHANNEL_2: TIM Channel 2 selected
1617:Drivers/STM32F4xx_HAL_Driver/Src/stm32f4xx_hal_tim_ex.c ****   * @retval HAL status
1618:Drivers/STM32F4xx_HAL_Driver/Src/stm32f4xx_hal_tim_ex.c ****   */
1619:Drivers/STM32F4xx_HAL_Driver/Src/stm32f4xx_hal_tim_ex.c **** HAL_StatusTypeDef HAL_TIMEx_OnePulseN_Stop(TIM_HandleTypeDef *htim, uint32_t OutputChannel)
1620:Drivers/STM32F4xx_HAL_Driver/Src/stm32f4xx_hal_tim_ex.c **** {
1621:Drivers/STM32F4xx_HAL_Driver/Src/stm32f4xx_hal_tim_ex.c ****   uint32_t input_channel = (OutputChannel == TIM_CHANNEL_1) ? TIM_CHANNEL_2 : TIM_CHANNEL_1;
1622:Drivers/STM32F4xx_HAL_Driver/Src/stm32f4xx_hal_tim_ex.c **** 
1623:Drivers/STM32F4xx_HAL_Driver/Src/stm32f4xx_hal_tim_ex.c ****   /* Check the parameters */
1624:Drivers/STM32F4xx_HAL_Driver/Src/stm32f4xx_hal_tim_ex.c ****   assert_param(IS_TIM_CCXN_INSTANCE(htim->Instance, OutputChannel));
1625:Drivers/STM32F4xx_HAL_Driver/Src/stm32f4xx_hal_tim_ex.c **** 
1626:Drivers/STM32F4xx_HAL_Driver/Src/stm32f4xx_hal_tim_ex.c ****   /* Disable the complementary One Pulse output channel and the Input Capture channel */
ARM GAS  C:\Users\10369\AppData\Local\Temp\ccUaxGpI.s 			page 30


1627:Drivers/STM32F4xx_HAL_Driver/Src/stm32f4xx_hal_tim_ex.c ****   TIM_CCxNChannelCmd(htim->Instance, OutputChannel, TIM_CCxN_DISABLE);
1628:Drivers/STM32F4xx_HAL_Driver/Src/stm32f4xx_hal_tim_ex.c ****   TIM_CCxChannelCmd(htim->Instance, input_channel, TIM_CCx_DISABLE);
1629:Drivers/STM32F4xx_HAL_Driver/Src/stm32f4xx_hal_tim_ex.c **** 
1630:Drivers/STM32F4xx_HAL_Driver/Src/stm32f4xx_hal_tim_ex.c ****   /* Disable the Main Output */
1631:Drivers/STM32F4xx_HAL_Driver/Src/stm32f4xx_hal_tim_ex.c ****   __HAL_TIM_MOE_DISABLE(htim);
1632:Drivers/STM32F4xx_HAL_Driver/Src/stm32f4xx_hal_tim_ex.c **** 
1633:Drivers/STM32F4xx_HAL_Driver/Src/stm32f4xx_hal_tim_ex.c ****   /* Disable the Peripheral */
1634:Drivers/STM32F4xx_HAL_Driver/Src/stm32f4xx_hal_tim_ex.c ****   __HAL_TIM_DISABLE(htim);
1635:Drivers/STM32F4xx_HAL_Driver/Src/stm32f4xx_hal_tim_ex.c **** 
1636:Drivers/STM32F4xx_HAL_Driver/Src/stm32f4xx_hal_tim_ex.c ****   /* Set the TIM  channels state */
1637:Drivers/STM32F4xx_HAL_Driver/Src/stm32f4xx_hal_tim_ex.c ****   TIM_CHANNEL_STATE_SET(htim, TIM_CHANNEL_1, HAL_TIM_CHANNEL_STATE_READY);
1638:Drivers/STM32F4xx_HAL_Driver/Src/stm32f4xx_hal_tim_ex.c ****   TIM_CHANNEL_STATE_SET(htim, TIM_CHANNEL_2, HAL_TIM_CHANNEL_STATE_READY);
1639:Drivers/STM32F4xx_HAL_Driver/Src/stm32f4xx_hal_tim_ex.c ****   TIM_CHANNEL_N_STATE_SET(htim, TIM_CHANNEL_1, HAL_TIM_CHANNEL_STATE_READY);
1640:Drivers/STM32F4xx_HAL_Driver/Src/stm32f4xx_hal_tim_ex.c ****   TIM_CHANNEL_N_STATE_SET(htim, TIM_CHANNEL_2, HAL_TIM_CHANNEL_STATE_READY);
1641:Drivers/STM32F4xx_HAL_Driver/Src/stm32f4xx_hal_tim_ex.c **** 
1642:Drivers/STM32F4xx_HAL_Driver/Src/stm32f4xx_hal_tim_ex.c ****   /* Return function status */
1643:Drivers/STM32F4xx_HAL_Driver/Src/stm32f4xx_hal_tim_ex.c ****   return HAL_OK;
1644:Drivers/STM32F4xx_HAL_Driver/Src/stm32f4xx_hal_tim_ex.c **** }
1645:Drivers/STM32F4xx_HAL_Driver/Src/stm32f4xx_hal_tim_ex.c **** 
1646:Drivers/STM32F4xx_HAL_Driver/Src/stm32f4xx_hal_tim_ex.c **** /**
1647:Drivers/STM32F4xx_HAL_Driver/Src/stm32f4xx_hal_tim_ex.c ****   * @brief  Starts the TIM One Pulse signal generation in interrupt mode on the
1648:Drivers/STM32F4xx_HAL_Driver/Src/stm32f4xx_hal_tim_ex.c ****   *         complementary channel.
1649:Drivers/STM32F4xx_HAL_Driver/Src/stm32f4xx_hal_tim_ex.c ****   * @note OutputChannel must match the pulse output channel chosen when calling
1650:Drivers/STM32F4xx_HAL_Driver/Src/stm32f4xx_hal_tim_ex.c ****   *       @ref HAL_TIM_OnePulse_ConfigChannel().
1651:Drivers/STM32F4xx_HAL_Driver/Src/stm32f4xx_hal_tim_ex.c ****   * @param  htim TIM One Pulse handle
1652:Drivers/STM32F4xx_HAL_Driver/Src/stm32f4xx_hal_tim_ex.c ****   * @param  OutputChannel pulse output channel to enable
1653:Drivers/STM32F4xx_HAL_Driver/Src/stm32f4xx_hal_tim_ex.c ****   *          This parameter can be one of the following values:
1654:Drivers/STM32F4xx_HAL_Driver/Src/stm32f4xx_hal_tim_ex.c ****   *            @arg TIM_CHANNEL_1: TIM Channel 1 selected
1655:Drivers/STM32F4xx_HAL_Driver/Src/stm32f4xx_hal_tim_ex.c ****   *            @arg TIM_CHANNEL_2: TIM Channel 2 selected
1656:Drivers/STM32F4xx_HAL_Driver/Src/stm32f4xx_hal_tim_ex.c ****   * @retval HAL status
1657:Drivers/STM32F4xx_HAL_Driver/Src/stm32f4xx_hal_tim_ex.c ****   */
1658:Drivers/STM32F4xx_HAL_Driver/Src/stm32f4xx_hal_tim_ex.c **** HAL_StatusTypeDef HAL_TIMEx_OnePulseN_Start_IT(TIM_HandleTypeDef *htim, uint32_t OutputChannel)
1659:Drivers/STM32F4xx_HAL_Driver/Src/stm32f4xx_hal_tim_ex.c **** {
1660:Drivers/STM32F4xx_HAL_Driver/Src/stm32f4xx_hal_tim_ex.c ****   uint32_t input_channel = (OutputChannel == TIM_CHANNEL_1) ? TIM_CHANNEL_2 : TIM_CHANNEL_1;
1661:Drivers/STM32F4xx_HAL_Driver/Src/stm32f4xx_hal_tim_ex.c ****   HAL_TIM_ChannelStateTypeDef channel_1_state = TIM_CHANNEL_STATE_GET(htim, TIM_CHANNEL_1);
1662:Drivers/STM32F4xx_HAL_Driver/Src/stm32f4xx_hal_tim_ex.c ****   HAL_TIM_ChannelStateTypeDef channel_2_state = TIM_CHANNEL_STATE_GET(htim, TIM_CHANNEL_2);
1663:Drivers/STM32F4xx_HAL_Driver/Src/stm32f4xx_hal_tim_ex.c ****   HAL_TIM_ChannelStateTypeDef complementary_channel_1_state = TIM_CHANNEL_N_STATE_GET(htim, TIM_CHA
1664:Drivers/STM32F4xx_HAL_Driver/Src/stm32f4xx_hal_tim_ex.c ****   HAL_TIM_ChannelStateTypeDef complementary_channel_2_state = TIM_CHANNEL_N_STATE_GET(htim, TIM_CHA
1665:Drivers/STM32F4xx_HAL_Driver/Src/stm32f4xx_hal_tim_ex.c **** 
1666:Drivers/STM32F4xx_HAL_Driver/Src/stm32f4xx_hal_tim_ex.c ****   /* Check the parameters */
1667:Drivers/STM32F4xx_HAL_Driver/Src/stm32f4xx_hal_tim_ex.c ****   assert_param(IS_TIM_CCXN_INSTANCE(htim->Instance, OutputChannel));
1668:Drivers/STM32F4xx_HAL_Driver/Src/stm32f4xx_hal_tim_ex.c **** 
1669:Drivers/STM32F4xx_HAL_Driver/Src/stm32f4xx_hal_tim_ex.c ****   /* Check the TIM channels state */
1670:Drivers/STM32F4xx_HAL_Driver/Src/stm32f4xx_hal_tim_ex.c ****   if ((channel_1_state != HAL_TIM_CHANNEL_STATE_READY)
1671:Drivers/STM32F4xx_HAL_Driver/Src/stm32f4xx_hal_tim_ex.c ****       || (channel_2_state != HAL_TIM_CHANNEL_STATE_READY)
1672:Drivers/STM32F4xx_HAL_Driver/Src/stm32f4xx_hal_tim_ex.c ****       || (complementary_channel_1_state != HAL_TIM_CHANNEL_STATE_READY)
1673:Drivers/STM32F4xx_HAL_Driver/Src/stm32f4xx_hal_tim_ex.c ****       || (complementary_channel_2_state != HAL_TIM_CHANNEL_STATE_READY))
1674:Drivers/STM32F4xx_HAL_Driver/Src/stm32f4xx_hal_tim_ex.c ****   {
1675:Drivers/STM32F4xx_HAL_Driver/Src/stm32f4xx_hal_tim_ex.c ****     return HAL_ERROR;
1676:Drivers/STM32F4xx_HAL_Driver/Src/stm32f4xx_hal_tim_ex.c ****   }
1677:Drivers/STM32F4xx_HAL_Driver/Src/stm32f4xx_hal_tim_ex.c **** 
1678:Drivers/STM32F4xx_HAL_Driver/Src/stm32f4xx_hal_tim_ex.c ****   /* Set the TIM channels state */
1679:Drivers/STM32F4xx_HAL_Driver/Src/stm32f4xx_hal_tim_ex.c ****   TIM_CHANNEL_STATE_SET(htim, TIM_CHANNEL_1, HAL_TIM_CHANNEL_STATE_BUSY);
1680:Drivers/STM32F4xx_HAL_Driver/Src/stm32f4xx_hal_tim_ex.c ****   TIM_CHANNEL_STATE_SET(htim, TIM_CHANNEL_2, HAL_TIM_CHANNEL_STATE_BUSY);
1681:Drivers/STM32F4xx_HAL_Driver/Src/stm32f4xx_hal_tim_ex.c ****   TIM_CHANNEL_N_STATE_SET(htim, TIM_CHANNEL_1, HAL_TIM_CHANNEL_STATE_BUSY);
1682:Drivers/STM32F4xx_HAL_Driver/Src/stm32f4xx_hal_tim_ex.c ****   TIM_CHANNEL_N_STATE_SET(htim, TIM_CHANNEL_2, HAL_TIM_CHANNEL_STATE_BUSY);
1683:Drivers/STM32F4xx_HAL_Driver/Src/stm32f4xx_hal_tim_ex.c **** 
ARM GAS  C:\Users\10369\AppData\Local\Temp\ccUaxGpI.s 			page 31


1684:Drivers/STM32F4xx_HAL_Driver/Src/stm32f4xx_hal_tim_ex.c ****   /* Enable the TIM Capture/Compare 1 interrupt */
1685:Drivers/STM32F4xx_HAL_Driver/Src/stm32f4xx_hal_tim_ex.c ****   __HAL_TIM_ENABLE_IT(htim, TIM_IT_CC1);
1686:Drivers/STM32F4xx_HAL_Driver/Src/stm32f4xx_hal_tim_ex.c **** 
1687:Drivers/STM32F4xx_HAL_Driver/Src/stm32f4xx_hal_tim_ex.c ****   /* Enable the TIM Capture/Compare 2 interrupt */
1688:Drivers/STM32F4xx_HAL_Driver/Src/stm32f4xx_hal_tim_ex.c ****   __HAL_TIM_ENABLE_IT(htim, TIM_IT_CC2);
1689:Drivers/STM32F4xx_HAL_Driver/Src/stm32f4xx_hal_tim_ex.c **** 
1690:Drivers/STM32F4xx_HAL_Driver/Src/stm32f4xx_hal_tim_ex.c ****   /* Enable the complementary One Pulse output channel and the Input Capture channel */
1691:Drivers/STM32F4xx_HAL_Driver/Src/stm32f4xx_hal_tim_ex.c ****   TIM_CCxNChannelCmd(htim->Instance, OutputChannel, TIM_CCxN_ENABLE);
1692:Drivers/STM32F4xx_HAL_Driver/Src/stm32f4xx_hal_tim_ex.c ****   TIM_CCxChannelCmd(htim->Instance, input_channel, TIM_CCx_ENABLE);
1693:Drivers/STM32F4xx_HAL_Driver/Src/stm32f4xx_hal_tim_ex.c **** 
1694:Drivers/STM32F4xx_HAL_Driver/Src/stm32f4xx_hal_tim_ex.c ****   /* Enable the Main Output */
1695:Drivers/STM32F4xx_HAL_Driver/Src/stm32f4xx_hal_tim_ex.c ****   __HAL_TIM_MOE_ENABLE(htim);
1696:Drivers/STM32F4xx_HAL_Driver/Src/stm32f4xx_hal_tim_ex.c **** 
1697:Drivers/STM32F4xx_HAL_Driver/Src/stm32f4xx_hal_tim_ex.c ****   /* Return function status */
1698:Drivers/STM32F4xx_HAL_Driver/Src/stm32f4xx_hal_tim_ex.c ****   return HAL_OK;
1699:Drivers/STM32F4xx_HAL_Driver/Src/stm32f4xx_hal_tim_ex.c **** }
1700:Drivers/STM32F4xx_HAL_Driver/Src/stm32f4xx_hal_tim_ex.c **** 
1701:Drivers/STM32F4xx_HAL_Driver/Src/stm32f4xx_hal_tim_ex.c **** /**
1702:Drivers/STM32F4xx_HAL_Driver/Src/stm32f4xx_hal_tim_ex.c ****   * @brief  Stops the TIM One Pulse signal generation in interrupt mode on the
1703:Drivers/STM32F4xx_HAL_Driver/Src/stm32f4xx_hal_tim_ex.c ****   *         complementary channel.
1704:Drivers/STM32F4xx_HAL_Driver/Src/stm32f4xx_hal_tim_ex.c ****   * @note OutputChannel must match the pulse output channel chosen when calling
1705:Drivers/STM32F4xx_HAL_Driver/Src/stm32f4xx_hal_tim_ex.c ****   *       @ref HAL_TIM_OnePulse_ConfigChannel().
1706:Drivers/STM32F4xx_HAL_Driver/Src/stm32f4xx_hal_tim_ex.c ****   * @param  htim TIM One Pulse handle
1707:Drivers/STM32F4xx_HAL_Driver/Src/stm32f4xx_hal_tim_ex.c ****   * @param  OutputChannel pulse output channel to disable
1708:Drivers/STM32F4xx_HAL_Driver/Src/stm32f4xx_hal_tim_ex.c ****   *          This parameter can be one of the following values:
1709:Drivers/STM32F4xx_HAL_Driver/Src/stm32f4xx_hal_tim_ex.c ****   *            @arg TIM_CHANNEL_1: TIM Channel 1 selected
1710:Drivers/STM32F4xx_HAL_Driver/Src/stm32f4xx_hal_tim_ex.c ****   *            @arg TIM_CHANNEL_2: TIM Channel 2 selected
1711:Drivers/STM32F4xx_HAL_Driver/Src/stm32f4xx_hal_tim_ex.c ****   * @retval HAL status
1712:Drivers/STM32F4xx_HAL_Driver/Src/stm32f4xx_hal_tim_ex.c ****   */
1713:Drivers/STM32F4xx_HAL_Driver/Src/stm32f4xx_hal_tim_ex.c **** HAL_StatusTypeDef HAL_TIMEx_OnePulseN_Stop_IT(TIM_HandleTypeDef *htim, uint32_t OutputChannel)
1714:Drivers/STM32F4xx_HAL_Driver/Src/stm32f4xx_hal_tim_ex.c **** {
1715:Drivers/STM32F4xx_HAL_Driver/Src/stm32f4xx_hal_tim_ex.c ****   uint32_t input_channel = (OutputChannel == TIM_CHANNEL_1) ? TIM_CHANNEL_2 : TIM_CHANNEL_1;
1716:Drivers/STM32F4xx_HAL_Driver/Src/stm32f4xx_hal_tim_ex.c **** 
1717:Drivers/STM32F4xx_HAL_Driver/Src/stm32f4xx_hal_tim_ex.c ****   /* Check the parameters */
1718:Drivers/STM32F4xx_HAL_Driver/Src/stm32f4xx_hal_tim_ex.c ****   assert_param(IS_TIM_CCXN_INSTANCE(htim->Instance, OutputChannel));
1719:Drivers/STM32F4xx_HAL_Driver/Src/stm32f4xx_hal_tim_ex.c **** 
1720:Drivers/STM32F4xx_HAL_Driver/Src/stm32f4xx_hal_tim_ex.c ****   /* Disable the TIM Capture/Compare 1 interrupt */
1721:Drivers/STM32F4xx_HAL_Driver/Src/stm32f4xx_hal_tim_ex.c ****   __HAL_TIM_DISABLE_IT(htim, TIM_IT_CC1);
1722:Drivers/STM32F4xx_HAL_Driver/Src/stm32f4xx_hal_tim_ex.c **** 
1723:Drivers/STM32F4xx_HAL_Driver/Src/stm32f4xx_hal_tim_ex.c ****   /* Disable the TIM Capture/Compare 2 interrupt */
1724:Drivers/STM32F4xx_HAL_Driver/Src/stm32f4xx_hal_tim_ex.c ****   __HAL_TIM_DISABLE_IT(htim, TIM_IT_CC2);
1725:Drivers/STM32F4xx_HAL_Driver/Src/stm32f4xx_hal_tim_ex.c **** 
1726:Drivers/STM32F4xx_HAL_Driver/Src/stm32f4xx_hal_tim_ex.c ****   /* Disable the complementary One Pulse output channel and the Input Capture channel */
1727:Drivers/STM32F4xx_HAL_Driver/Src/stm32f4xx_hal_tim_ex.c ****   TIM_CCxNChannelCmd(htim->Instance, OutputChannel, TIM_CCxN_DISABLE);
1728:Drivers/STM32F4xx_HAL_Driver/Src/stm32f4xx_hal_tim_ex.c ****   TIM_CCxChannelCmd(htim->Instance, input_channel, TIM_CCx_DISABLE);
1729:Drivers/STM32F4xx_HAL_Driver/Src/stm32f4xx_hal_tim_ex.c **** 
1730:Drivers/STM32F4xx_HAL_Driver/Src/stm32f4xx_hal_tim_ex.c ****   /* Disable the Main Output */
1731:Drivers/STM32F4xx_HAL_Driver/Src/stm32f4xx_hal_tim_ex.c ****   __HAL_TIM_MOE_DISABLE(htim);
1732:Drivers/STM32F4xx_HAL_Driver/Src/stm32f4xx_hal_tim_ex.c **** 
1733:Drivers/STM32F4xx_HAL_Driver/Src/stm32f4xx_hal_tim_ex.c ****   /* Disable the Peripheral */
1734:Drivers/STM32F4xx_HAL_Driver/Src/stm32f4xx_hal_tim_ex.c ****   __HAL_TIM_DISABLE(htim);
1735:Drivers/STM32F4xx_HAL_Driver/Src/stm32f4xx_hal_tim_ex.c **** 
1736:Drivers/STM32F4xx_HAL_Driver/Src/stm32f4xx_hal_tim_ex.c ****   /* Set the TIM  channels state */
1737:Drivers/STM32F4xx_HAL_Driver/Src/stm32f4xx_hal_tim_ex.c ****   TIM_CHANNEL_STATE_SET(htim, TIM_CHANNEL_1, HAL_TIM_CHANNEL_STATE_READY);
1738:Drivers/STM32F4xx_HAL_Driver/Src/stm32f4xx_hal_tim_ex.c ****   TIM_CHANNEL_STATE_SET(htim, TIM_CHANNEL_2, HAL_TIM_CHANNEL_STATE_READY);
1739:Drivers/STM32F4xx_HAL_Driver/Src/stm32f4xx_hal_tim_ex.c ****   TIM_CHANNEL_N_STATE_SET(htim, TIM_CHANNEL_1, HAL_TIM_CHANNEL_STATE_READY);
1740:Drivers/STM32F4xx_HAL_Driver/Src/stm32f4xx_hal_tim_ex.c ****   TIM_CHANNEL_N_STATE_SET(htim, TIM_CHANNEL_2, HAL_TIM_CHANNEL_STATE_READY);
ARM GAS  C:\Users\10369\AppData\Local\Temp\ccUaxGpI.s 			page 32


1741:Drivers/STM32F4xx_HAL_Driver/Src/stm32f4xx_hal_tim_ex.c **** 
1742:Drivers/STM32F4xx_HAL_Driver/Src/stm32f4xx_hal_tim_ex.c ****   /* Return function status */
1743:Drivers/STM32F4xx_HAL_Driver/Src/stm32f4xx_hal_tim_ex.c ****   return HAL_OK;
1744:Drivers/STM32F4xx_HAL_Driver/Src/stm32f4xx_hal_tim_ex.c **** }
1745:Drivers/STM32F4xx_HAL_Driver/Src/stm32f4xx_hal_tim_ex.c **** 
1746:Drivers/STM32F4xx_HAL_Driver/Src/stm32f4xx_hal_tim_ex.c **** /**
1747:Drivers/STM32F4xx_HAL_Driver/Src/stm32f4xx_hal_tim_ex.c ****   * @}
1748:Drivers/STM32F4xx_HAL_Driver/Src/stm32f4xx_hal_tim_ex.c ****   */
1749:Drivers/STM32F4xx_HAL_Driver/Src/stm32f4xx_hal_tim_ex.c **** 
1750:Drivers/STM32F4xx_HAL_Driver/Src/stm32f4xx_hal_tim_ex.c **** /** @defgroup TIMEx_Exported_Functions_Group5 Extended Peripheral Control functions
1751:Drivers/STM32F4xx_HAL_Driver/Src/stm32f4xx_hal_tim_ex.c ****   * @brief    Peripheral Control functions
1752:Drivers/STM32F4xx_HAL_Driver/Src/stm32f4xx_hal_tim_ex.c ****   *
1753:Drivers/STM32F4xx_HAL_Driver/Src/stm32f4xx_hal_tim_ex.c **** @verbatim
1754:Drivers/STM32F4xx_HAL_Driver/Src/stm32f4xx_hal_tim_ex.c ****   ==============================================================================
1755:Drivers/STM32F4xx_HAL_Driver/Src/stm32f4xx_hal_tim_ex.c ****                     ##### Peripheral Control functions #####
1756:Drivers/STM32F4xx_HAL_Driver/Src/stm32f4xx_hal_tim_ex.c ****   ==============================================================================
1757:Drivers/STM32F4xx_HAL_Driver/Src/stm32f4xx_hal_tim_ex.c ****   [..]
1758:Drivers/STM32F4xx_HAL_Driver/Src/stm32f4xx_hal_tim_ex.c ****     This section provides functions allowing to:
1759:Drivers/STM32F4xx_HAL_Driver/Src/stm32f4xx_hal_tim_ex.c ****       (+) Configure the commutation event in case of use of the Hall sensor interface.
1760:Drivers/STM32F4xx_HAL_Driver/Src/stm32f4xx_hal_tim_ex.c ****       (+) Configure Output channels for OC and PWM mode.
1761:Drivers/STM32F4xx_HAL_Driver/Src/stm32f4xx_hal_tim_ex.c **** 
1762:Drivers/STM32F4xx_HAL_Driver/Src/stm32f4xx_hal_tim_ex.c ****       (+) Configure Complementary channels, break features and dead time.
1763:Drivers/STM32F4xx_HAL_Driver/Src/stm32f4xx_hal_tim_ex.c ****       (+) Configure Master synchronization.
1764:Drivers/STM32F4xx_HAL_Driver/Src/stm32f4xx_hal_tim_ex.c ****       (+) Configure timer remapping capabilities.
1765:Drivers/STM32F4xx_HAL_Driver/Src/stm32f4xx_hal_tim_ex.c **** 
1766:Drivers/STM32F4xx_HAL_Driver/Src/stm32f4xx_hal_tim_ex.c **** @endverbatim
1767:Drivers/STM32F4xx_HAL_Driver/Src/stm32f4xx_hal_tim_ex.c ****   * @{
1768:Drivers/STM32F4xx_HAL_Driver/Src/stm32f4xx_hal_tim_ex.c ****   */
1769:Drivers/STM32F4xx_HAL_Driver/Src/stm32f4xx_hal_tim_ex.c **** 
1770:Drivers/STM32F4xx_HAL_Driver/Src/stm32f4xx_hal_tim_ex.c **** /**
1771:Drivers/STM32F4xx_HAL_Driver/Src/stm32f4xx_hal_tim_ex.c ****   * @brief  Configure the TIM commutation event sequence.
1772:Drivers/STM32F4xx_HAL_Driver/Src/stm32f4xx_hal_tim_ex.c ****   * @note  This function is mandatory to use the commutation event in order to
1773:Drivers/STM32F4xx_HAL_Driver/Src/stm32f4xx_hal_tim_ex.c ****   *        update the configuration at each commutation detection on the TRGI input of the Timer,
1774:Drivers/STM32F4xx_HAL_Driver/Src/stm32f4xx_hal_tim_ex.c ****   *        the typical use of this feature is with the use of another Timer(interface Timer)
1775:Drivers/STM32F4xx_HAL_Driver/Src/stm32f4xx_hal_tim_ex.c ****   *        configured in Hall sensor interface, this interface Timer will generate the
1776:Drivers/STM32F4xx_HAL_Driver/Src/stm32f4xx_hal_tim_ex.c ****   *        commutation at its TRGO output (connected to Timer used in this function) each time
1777:Drivers/STM32F4xx_HAL_Driver/Src/stm32f4xx_hal_tim_ex.c ****   *        the TI1 of the Interface Timer detect a commutation at its input TI1.
1778:Drivers/STM32F4xx_HAL_Driver/Src/stm32f4xx_hal_tim_ex.c ****   * @param  htim TIM handle
1779:Drivers/STM32F4xx_HAL_Driver/Src/stm32f4xx_hal_tim_ex.c ****   * @param  InputTrigger the Internal trigger corresponding to the Timer Interfacing with the Hall 
1780:Drivers/STM32F4xx_HAL_Driver/Src/stm32f4xx_hal_tim_ex.c ****   *          This parameter can be one of the following values:
1781:Drivers/STM32F4xx_HAL_Driver/Src/stm32f4xx_hal_tim_ex.c ****   *            @arg TIM_TS_ITR0: Internal trigger 0 selected
1782:Drivers/STM32F4xx_HAL_Driver/Src/stm32f4xx_hal_tim_ex.c ****   *            @arg TIM_TS_ITR1: Internal trigger 1 selected
1783:Drivers/STM32F4xx_HAL_Driver/Src/stm32f4xx_hal_tim_ex.c ****   *            @arg TIM_TS_ITR2: Internal trigger 2 selected
1784:Drivers/STM32F4xx_HAL_Driver/Src/stm32f4xx_hal_tim_ex.c ****   *            @arg TIM_TS_ITR3: Internal trigger 3 selected
1785:Drivers/STM32F4xx_HAL_Driver/Src/stm32f4xx_hal_tim_ex.c ****   *            @arg TIM_TS_NONE: No trigger is needed
1786:Drivers/STM32F4xx_HAL_Driver/Src/stm32f4xx_hal_tim_ex.c ****   * @param  CommutationSource the Commutation Event source
1787:Drivers/STM32F4xx_HAL_Driver/Src/stm32f4xx_hal_tim_ex.c ****   *          This parameter can be one of the following values:
1788:Drivers/STM32F4xx_HAL_Driver/Src/stm32f4xx_hal_tim_ex.c ****   *            @arg TIM_COMMUTATION_TRGI: Commutation source is the TRGI of the Interface Timer
1789:Drivers/STM32F4xx_HAL_Driver/Src/stm32f4xx_hal_tim_ex.c ****   *            @arg TIM_COMMUTATION_SOFTWARE:  Commutation source is set by software using the COMG
1790:Drivers/STM32F4xx_HAL_Driver/Src/stm32f4xx_hal_tim_ex.c ****   * @retval HAL status
1791:Drivers/STM32F4xx_HAL_Driver/Src/stm32f4xx_hal_tim_ex.c ****   */
1792:Drivers/STM32F4xx_HAL_Driver/Src/stm32f4xx_hal_tim_ex.c **** HAL_StatusTypeDef HAL_TIMEx_ConfigCommutEvent(TIM_HandleTypeDef *htim, uint32_t  InputTrigger,
1793:Drivers/STM32F4xx_HAL_Driver/Src/stm32f4xx_hal_tim_ex.c ****                                               uint32_t  CommutationSource)
1794:Drivers/STM32F4xx_HAL_Driver/Src/stm32f4xx_hal_tim_ex.c **** {
1795:Drivers/STM32F4xx_HAL_Driver/Src/stm32f4xx_hal_tim_ex.c ****   /* Check the parameters */
1796:Drivers/STM32F4xx_HAL_Driver/Src/stm32f4xx_hal_tim_ex.c ****   assert_param(IS_TIM_COMMUTATION_EVENT_INSTANCE(htim->Instance));
1797:Drivers/STM32F4xx_HAL_Driver/Src/stm32f4xx_hal_tim_ex.c ****   assert_param(IS_TIM_INTERNAL_TRIGGEREVENT_SELECTION(InputTrigger));
ARM GAS  C:\Users\10369\AppData\Local\Temp\ccUaxGpI.s 			page 33


1798:Drivers/STM32F4xx_HAL_Driver/Src/stm32f4xx_hal_tim_ex.c **** 
1799:Drivers/STM32F4xx_HAL_Driver/Src/stm32f4xx_hal_tim_ex.c ****   __HAL_LOCK(htim);
1800:Drivers/STM32F4xx_HAL_Driver/Src/stm32f4xx_hal_tim_ex.c **** 
1801:Drivers/STM32F4xx_HAL_Driver/Src/stm32f4xx_hal_tim_ex.c ****   if ((InputTrigger == TIM_TS_ITR0) || (InputTrigger == TIM_TS_ITR1) ||
1802:Drivers/STM32F4xx_HAL_Driver/Src/stm32f4xx_hal_tim_ex.c ****       (InputTrigger == TIM_TS_ITR2) || (InputTrigger == TIM_TS_ITR3))
1803:Drivers/STM32F4xx_HAL_Driver/Src/stm32f4xx_hal_tim_ex.c ****   {
1804:Drivers/STM32F4xx_HAL_Driver/Src/stm32f4xx_hal_tim_ex.c ****     /* Select the Input trigger */
1805:Drivers/STM32F4xx_HAL_Driver/Src/stm32f4xx_hal_tim_ex.c ****     htim->Instance->SMCR &= ~TIM_SMCR_TS;
1806:Drivers/STM32F4xx_HAL_Driver/Src/stm32f4xx_hal_tim_ex.c ****     htim->Instance->SMCR |= InputTrigger;
1807:Drivers/STM32F4xx_HAL_Driver/Src/stm32f4xx_hal_tim_ex.c ****   }
1808:Drivers/STM32F4xx_HAL_Driver/Src/stm32f4xx_hal_tim_ex.c **** 
1809:Drivers/STM32F4xx_HAL_Driver/Src/stm32f4xx_hal_tim_ex.c ****   /* Select the Capture Compare preload feature */
1810:Drivers/STM32F4xx_HAL_Driver/Src/stm32f4xx_hal_tim_ex.c ****   htim->Instance->CR2 |= TIM_CR2_CCPC;
1811:Drivers/STM32F4xx_HAL_Driver/Src/stm32f4xx_hal_tim_ex.c ****   /* Select the Commutation event source */
1812:Drivers/STM32F4xx_HAL_Driver/Src/stm32f4xx_hal_tim_ex.c ****   htim->Instance->CR2 &= ~TIM_CR2_CCUS;
1813:Drivers/STM32F4xx_HAL_Driver/Src/stm32f4xx_hal_tim_ex.c ****   htim->Instance->CR2 |= CommutationSource;
1814:Drivers/STM32F4xx_HAL_Driver/Src/stm32f4xx_hal_tim_ex.c **** 
1815:Drivers/STM32F4xx_HAL_Driver/Src/stm32f4xx_hal_tim_ex.c ****   /* Disable Commutation Interrupt */
1816:Drivers/STM32F4xx_HAL_Driver/Src/stm32f4xx_hal_tim_ex.c ****   __HAL_TIM_DISABLE_IT(htim, TIM_IT_COM);
1817:Drivers/STM32F4xx_HAL_Driver/Src/stm32f4xx_hal_tim_ex.c **** 
1818:Drivers/STM32F4xx_HAL_Driver/Src/stm32f4xx_hal_tim_ex.c ****   /* Disable Commutation DMA request */
1819:Drivers/STM32F4xx_HAL_Driver/Src/stm32f4xx_hal_tim_ex.c ****   __HAL_TIM_DISABLE_DMA(htim, TIM_DMA_COM);
1820:Drivers/STM32F4xx_HAL_Driver/Src/stm32f4xx_hal_tim_ex.c **** 
1821:Drivers/STM32F4xx_HAL_Driver/Src/stm32f4xx_hal_tim_ex.c ****   __HAL_UNLOCK(htim);
1822:Drivers/STM32F4xx_HAL_Driver/Src/stm32f4xx_hal_tim_ex.c **** 
1823:Drivers/STM32F4xx_HAL_Driver/Src/stm32f4xx_hal_tim_ex.c ****   return HAL_OK;
1824:Drivers/STM32F4xx_HAL_Driver/Src/stm32f4xx_hal_tim_ex.c **** }
1825:Drivers/STM32F4xx_HAL_Driver/Src/stm32f4xx_hal_tim_ex.c **** 
1826:Drivers/STM32F4xx_HAL_Driver/Src/stm32f4xx_hal_tim_ex.c **** /**
1827:Drivers/STM32F4xx_HAL_Driver/Src/stm32f4xx_hal_tim_ex.c ****   * @brief  Configure the TIM commutation event sequence with interrupt.
1828:Drivers/STM32F4xx_HAL_Driver/Src/stm32f4xx_hal_tim_ex.c ****   * @note  This function is mandatory to use the commutation event in order to
1829:Drivers/STM32F4xx_HAL_Driver/Src/stm32f4xx_hal_tim_ex.c ****   *        update the configuration at each commutation detection on the TRGI input of the Timer,
1830:Drivers/STM32F4xx_HAL_Driver/Src/stm32f4xx_hal_tim_ex.c ****   *        the typical use of this feature is with the use of another Timer(interface Timer)
1831:Drivers/STM32F4xx_HAL_Driver/Src/stm32f4xx_hal_tim_ex.c ****   *        configured in Hall sensor interface, this interface Timer will generate the
1832:Drivers/STM32F4xx_HAL_Driver/Src/stm32f4xx_hal_tim_ex.c ****   *        commutation at its TRGO output (connected to Timer used in this function) each time
1833:Drivers/STM32F4xx_HAL_Driver/Src/stm32f4xx_hal_tim_ex.c ****   *        the TI1 of the Interface Timer detect a commutation at its input TI1.
1834:Drivers/STM32F4xx_HAL_Driver/Src/stm32f4xx_hal_tim_ex.c ****   * @param  htim TIM handle
1835:Drivers/STM32F4xx_HAL_Driver/Src/stm32f4xx_hal_tim_ex.c ****   * @param  InputTrigger the Internal trigger corresponding to the Timer Interfacing with the Hall 
1836:Drivers/STM32F4xx_HAL_Driver/Src/stm32f4xx_hal_tim_ex.c ****   *          This parameter can be one of the following values:
1837:Drivers/STM32F4xx_HAL_Driver/Src/stm32f4xx_hal_tim_ex.c ****   *            @arg TIM_TS_ITR0: Internal trigger 0 selected
1838:Drivers/STM32F4xx_HAL_Driver/Src/stm32f4xx_hal_tim_ex.c ****   *            @arg TIM_TS_ITR1: Internal trigger 1 selected
1839:Drivers/STM32F4xx_HAL_Driver/Src/stm32f4xx_hal_tim_ex.c ****   *            @arg TIM_TS_ITR2: Internal trigger 2 selected
1840:Drivers/STM32F4xx_HAL_Driver/Src/stm32f4xx_hal_tim_ex.c ****   *            @arg TIM_TS_ITR3: Internal trigger 3 selected
1841:Drivers/STM32F4xx_HAL_Driver/Src/stm32f4xx_hal_tim_ex.c ****   *            @arg TIM_TS_NONE: No trigger is needed
1842:Drivers/STM32F4xx_HAL_Driver/Src/stm32f4xx_hal_tim_ex.c ****   * @param  CommutationSource the Commutation Event source
1843:Drivers/STM32F4xx_HAL_Driver/Src/stm32f4xx_hal_tim_ex.c ****   *          This parameter can be one of the following values:
1844:Drivers/STM32F4xx_HAL_Driver/Src/stm32f4xx_hal_tim_ex.c ****   *            @arg TIM_COMMUTATION_TRGI: Commutation source is the TRGI of the Interface Timer
1845:Drivers/STM32F4xx_HAL_Driver/Src/stm32f4xx_hal_tim_ex.c ****   *            @arg TIM_COMMUTATION_SOFTWARE:  Commutation source is set by software using the COMG
1846:Drivers/STM32F4xx_HAL_Driver/Src/stm32f4xx_hal_tim_ex.c ****   * @retval HAL status
1847:Drivers/STM32F4xx_HAL_Driver/Src/stm32f4xx_hal_tim_ex.c ****   */
1848:Drivers/STM32F4xx_HAL_Driver/Src/stm32f4xx_hal_tim_ex.c **** HAL_StatusTypeDef HAL_TIMEx_ConfigCommutEvent_IT(TIM_HandleTypeDef *htim, uint32_t  InputTrigger,
1849:Drivers/STM32F4xx_HAL_Driver/Src/stm32f4xx_hal_tim_ex.c ****                                                  uint32_t  CommutationSource)
1850:Drivers/STM32F4xx_HAL_Driver/Src/stm32f4xx_hal_tim_ex.c **** {
1851:Drivers/STM32F4xx_HAL_Driver/Src/stm32f4xx_hal_tim_ex.c ****   /* Check the parameters */
1852:Drivers/STM32F4xx_HAL_Driver/Src/stm32f4xx_hal_tim_ex.c ****   assert_param(IS_TIM_COMMUTATION_EVENT_INSTANCE(htim->Instance));
1853:Drivers/STM32F4xx_HAL_Driver/Src/stm32f4xx_hal_tim_ex.c ****   assert_param(IS_TIM_INTERNAL_TRIGGEREVENT_SELECTION(InputTrigger));
1854:Drivers/STM32F4xx_HAL_Driver/Src/stm32f4xx_hal_tim_ex.c **** 
ARM GAS  C:\Users\10369\AppData\Local\Temp\ccUaxGpI.s 			page 34


1855:Drivers/STM32F4xx_HAL_Driver/Src/stm32f4xx_hal_tim_ex.c ****   __HAL_LOCK(htim);
1856:Drivers/STM32F4xx_HAL_Driver/Src/stm32f4xx_hal_tim_ex.c **** 
1857:Drivers/STM32F4xx_HAL_Driver/Src/stm32f4xx_hal_tim_ex.c ****   if ((InputTrigger == TIM_TS_ITR0) || (InputTrigger == TIM_TS_ITR1) ||
1858:Drivers/STM32F4xx_HAL_Driver/Src/stm32f4xx_hal_tim_ex.c ****       (InputTrigger == TIM_TS_ITR2) || (InputTrigger == TIM_TS_ITR3))
1859:Drivers/STM32F4xx_HAL_Driver/Src/stm32f4xx_hal_tim_ex.c ****   {
1860:Drivers/STM32F4xx_HAL_Driver/Src/stm32f4xx_hal_tim_ex.c ****     /* Select the Input trigger */
1861:Drivers/STM32F4xx_HAL_Driver/Src/stm32f4xx_hal_tim_ex.c ****     htim->Instance->SMCR &= ~TIM_SMCR_TS;
1862:Drivers/STM32F4xx_HAL_Driver/Src/stm32f4xx_hal_tim_ex.c ****     htim->Instance->SMCR |= InputTrigger;
1863:Drivers/STM32F4xx_HAL_Driver/Src/stm32f4xx_hal_tim_ex.c ****   }
1864:Drivers/STM32F4xx_HAL_Driver/Src/stm32f4xx_hal_tim_ex.c **** 
1865:Drivers/STM32F4xx_HAL_Driver/Src/stm32f4xx_hal_tim_ex.c ****   /* Select the Capture Compare preload feature */
1866:Drivers/STM32F4xx_HAL_Driver/Src/stm32f4xx_hal_tim_ex.c ****   htim->Instance->CR2 |= TIM_CR2_CCPC;
1867:Drivers/STM32F4xx_HAL_Driver/Src/stm32f4xx_hal_tim_ex.c ****   /* Select the Commutation event source */
1868:Drivers/STM32F4xx_HAL_Driver/Src/stm32f4xx_hal_tim_ex.c ****   htim->Instance->CR2 &= ~TIM_CR2_CCUS;
1869:Drivers/STM32F4xx_HAL_Driver/Src/stm32f4xx_hal_tim_ex.c ****   htim->Instance->CR2 |= CommutationSource;
1870:Drivers/STM32F4xx_HAL_Driver/Src/stm32f4xx_hal_tim_ex.c **** 
1871:Drivers/STM32F4xx_HAL_Driver/Src/stm32f4xx_hal_tim_ex.c ****   /* Disable Commutation DMA request */
1872:Drivers/STM32F4xx_HAL_Driver/Src/stm32f4xx_hal_tim_ex.c ****   __HAL_TIM_DISABLE_DMA(htim, TIM_DMA_COM);
1873:Drivers/STM32F4xx_HAL_Driver/Src/stm32f4xx_hal_tim_ex.c **** 
1874:Drivers/STM32F4xx_HAL_Driver/Src/stm32f4xx_hal_tim_ex.c ****   /* Enable the Commutation Interrupt */
1875:Drivers/STM32F4xx_HAL_Driver/Src/stm32f4xx_hal_tim_ex.c ****   __HAL_TIM_ENABLE_IT(htim, TIM_IT_COM);
1876:Drivers/STM32F4xx_HAL_Driver/Src/stm32f4xx_hal_tim_ex.c **** 
1877:Drivers/STM32F4xx_HAL_Driver/Src/stm32f4xx_hal_tim_ex.c ****   __HAL_UNLOCK(htim);
1878:Drivers/STM32F4xx_HAL_Driver/Src/stm32f4xx_hal_tim_ex.c **** 
1879:Drivers/STM32F4xx_HAL_Driver/Src/stm32f4xx_hal_tim_ex.c ****   return HAL_OK;
1880:Drivers/STM32F4xx_HAL_Driver/Src/stm32f4xx_hal_tim_ex.c **** }
1881:Drivers/STM32F4xx_HAL_Driver/Src/stm32f4xx_hal_tim_ex.c **** 
1882:Drivers/STM32F4xx_HAL_Driver/Src/stm32f4xx_hal_tim_ex.c **** /**
1883:Drivers/STM32F4xx_HAL_Driver/Src/stm32f4xx_hal_tim_ex.c ****   * @brief  Configure the TIM commutation event sequence with DMA.
1884:Drivers/STM32F4xx_HAL_Driver/Src/stm32f4xx_hal_tim_ex.c ****   * @note  This function is mandatory to use the commutation event in order to
1885:Drivers/STM32F4xx_HAL_Driver/Src/stm32f4xx_hal_tim_ex.c ****   *        update the configuration at each commutation detection on the TRGI input of the Timer,
1886:Drivers/STM32F4xx_HAL_Driver/Src/stm32f4xx_hal_tim_ex.c ****   *        the typical use of this feature is with the use of another Timer(interface Timer)
1887:Drivers/STM32F4xx_HAL_Driver/Src/stm32f4xx_hal_tim_ex.c ****   *        configured in Hall sensor interface, this interface Timer will generate the
1888:Drivers/STM32F4xx_HAL_Driver/Src/stm32f4xx_hal_tim_ex.c ****   *        commutation at its TRGO output (connected to Timer used in this function) each time
1889:Drivers/STM32F4xx_HAL_Driver/Src/stm32f4xx_hal_tim_ex.c ****   *        the TI1 of the Interface Timer detect a commutation at its input TI1.
1890:Drivers/STM32F4xx_HAL_Driver/Src/stm32f4xx_hal_tim_ex.c ****   * @note  The user should configure the DMA in his own software, in This function only the COMDE b
1891:Drivers/STM32F4xx_HAL_Driver/Src/stm32f4xx_hal_tim_ex.c ****   * @param  htim TIM handle
1892:Drivers/STM32F4xx_HAL_Driver/Src/stm32f4xx_hal_tim_ex.c ****   * @param  InputTrigger the Internal trigger corresponding to the Timer Interfacing with the Hall 
1893:Drivers/STM32F4xx_HAL_Driver/Src/stm32f4xx_hal_tim_ex.c ****   *          This parameter can be one of the following values:
1894:Drivers/STM32F4xx_HAL_Driver/Src/stm32f4xx_hal_tim_ex.c ****   *            @arg TIM_TS_ITR0: Internal trigger 0 selected
1895:Drivers/STM32F4xx_HAL_Driver/Src/stm32f4xx_hal_tim_ex.c ****   *            @arg TIM_TS_ITR1: Internal trigger 1 selected
1896:Drivers/STM32F4xx_HAL_Driver/Src/stm32f4xx_hal_tim_ex.c ****   *            @arg TIM_TS_ITR2: Internal trigger 2 selected
1897:Drivers/STM32F4xx_HAL_Driver/Src/stm32f4xx_hal_tim_ex.c ****   *            @arg TIM_TS_ITR3: Internal trigger 3 selected
1898:Drivers/STM32F4xx_HAL_Driver/Src/stm32f4xx_hal_tim_ex.c ****   *            @arg TIM_TS_NONE: No trigger is needed
1899:Drivers/STM32F4xx_HAL_Driver/Src/stm32f4xx_hal_tim_ex.c ****   * @param  CommutationSource the Commutation Event source
1900:Drivers/STM32F4xx_HAL_Driver/Src/stm32f4xx_hal_tim_ex.c ****   *          This parameter can be one of the following values:
1901:Drivers/STM32F4xx_HAL_Driver/Src/stm32f4xx_hal_tim_ex.c ****   *            @arg TIM_COMMUTATION_TRGI: Commutation source is the TRGI of the Interface Timer
1902:Drivers/STM32F4xx_HAL_Driver/Src/stm32f4xx_hal_tim_ex.c ****   *            @arg TIM_COMMUTATION_SOFTWARE:  Commutation source is set by software using the COMG
1903:Drivers/STM32F4xx_HAL_Driver/Src/stm32f4xx_hal_tim_ex.c ****   * @retval HAL status
1904:Drivers/STM32F4xx_HAL_Driver/Src/stm32f4xx_hal_tim_ex.c ****   */
1905:Drivers/STM32F4xx_HAL_Driver/Src/stm32f4xx_hal_tim_ex.c **** HAL_StatusTypeDef HAL_TIMEx_ConfigCommutEvent_DMA(TIM_HandleTypeDef *htim, uint32_t  InputTrigger,
1906:Drivers/STM32F4xx_HAL_Driver/Src/stm32f4xx_hal_tim_ex.c ****                                                   uint32_t  CommutationSource)
1907:Drivers/STM32F4xx_HAL_Driver/Src/stm32f4xx_hal_tim_ex.c **** {
1908:Drivers/STM32F4xx_HAL_Driver/Src/stm32f4xx_hal_tim_ex.c ****   /* Check the parameters */
1909:Drivers/STM32F4xx_HAL_Driver/Src/stm32f4xx_hal_tim_ex.c ****   assert_param(IS_TIM_COMMUTATION_EVENT_INSTANCE(htim->Instance));
1910:Drivers/STM32F4xx_HAL_Driver/Src/stm32f4xx_hal_tim_ex.c ****   assert_param(IS_TIM_INTERNAL_TRIGGEREVENT_SELECTION(InputTrigger));
1911:Drivers/STM32F4xx_HAL_Driver/Src/stm32f4xx_hal_tim_ex.c **** 
ARM GAS  C:\Users\10369\AppData\Local\Temp\ccUaxGpI.s 			page 35


1912:Drivers/STM32F4xx_HAL_Driver/Src/stm32f4xx_hal_tim_ex.c ****   __HAL_LOCK(htim);
1913:Drivers/STM32F4xx_HAL_Driver/Src/stm32f4xx_hal_tim_ex.c **** 
1914:Drivers/STM32F4xx_HAL_Driver/Src/stm32f4xx_hal_tim_ex.c ****   if ((InputTrigger == TIM_TS_ITR0) || (InputTrigger == TIM_TS_ITR1) ||
1915:Drivers/STM32F4xx_HAL_Driver/Src/stm32f4xx_hal_tim_ex.c ****       (InputTrigger == TIM_TS_ITR2) || (InputTrigger == TIM_TS_ITR3))
1916:Drivers/STM32F4xx_HAL_Driver/Src/stm32f4xx_hal_tim_ex.c ****   {
1917:Drivers/STM32F4xx_HAL_Driver/Src/stm32f4xx_hal_tim_ex.c ****     /* Select the Input trigger */
1918:Drivers/STM32F4xx_HAL_Driver/Src/stm32f4xx_hal_tim_ex.c ****     htim->Instance->SMCR &= ~TIM_SMCR_TS;
1919:Drivers/STM32F4xx_HAL_Driver/Src/stm32f4xx_hal_tim_ex.c ****     htim->Instance->SMCR |= InputTrigger;
1920:Drivers/STM32F4xx_HAL_Driver/Src/stm32f4xx_hal_tim_ex.c ****   }
1921:Drivers/STM32F4xx_HAL_Driver/Src/stm32f4xx_hal_tim_ex.c **** 
1922:Drivers/STM32F4xx_HAL_Driver/Src/stm32f4xx_hal_tim_ex.c ****   /* Select the Capture Compare preload feature */
1923:Drivers/STM32F4xx_HAL_Driver/Src/stm32f4xx_hal_tim_ex.c ****   htim->Instance->CR2 |= TIM_CR2_CCPC;
1924:Drivers/STM32F4xx_HAL_Driver/Src/stm32f4xx_hal_tim_ex.c ****   /* Select the Commutation event source */
1925:Drivers/STM32F4xx_HAL_Driver/Src/stm32f4xx_hal_tim_ex.c ****   htim->Instance->CR2 &= ~TIM_CR2_CCUS;
1926:Drivers/STM32F4xx_HAL_Driver/Src/stm32f4xx_hal_tim_ex.c ****   htim->Instance->CR2 |= CommutationSource;
1927:Drivers/STM32F4xx_HAL_Driver/Src/stm32f4xx_hal_tim_ex.c **** 
1928:Drivers/STM32F4xx_HAL_Driver/Src/stm32f4xx_hal_tim_ex.c ****   /* Enable the Commutation DMA Request */
1929:Drivers/STM32F4xx_HAL_Driver/Src/stm32f4xx_hal_tim_ex.c ****   /* Set the DMA Commutation Callback */
1930:Drivers/STM32F4xx_HAL_Driver/Src/stm32f4xx_hal_tim_ex.c ****   htim->hdma[TIM_DMA_ID_COMMUTATION]->XferCpltCallback = TIMEx_DMACommutationCplt;
1931:Drivers/STM32F4xx_HAL_Driver/Src/stm32f4xx_hal_tim_ex.c ****   htim->hdma[TIM_DMA_ID_COMMUTATION]->XferHalfCpltCallback = TIMEx_DMACommutationHalfCplt;
1932:Drivers/STM32F4xx_HAL_Driver/Src/stm32f4xx_hal_tim_ex.c ****   /* Set the DMA error callback */
1933:Drivers/STM32F4xx_HAL_Driver/Src/stm32f4xx_hal_tim_ex.c ****   htim->hdma[TIM_DMA_ID_COMMUTATION]->XferErrorCallback = TIM_DMAError;
1934:Drivers/STM32F4xx_HAL_Driver/Src/stm32f4xx_hal_tim_ex.c **** 
1935:Drivers/STM32F4xx_HAL_Driver/Src/stm32f4xx_hal_tim_ex.c ****   /* Disable Commutation Interrupt */
1936:Drivers/STM32F4xx_HAL_Driver/Src/stm32f4xx_hal_tim_ex.c ****   __HAL_TIM_DISABLE_IT(htim, TIM_IT_COM);
1937:Drivers/STM32F4xx_HAL_Driver/Src/stm32f4xx_hal_tim_ex.c **** 
1938:Drivers/STM32F4xx_HAL_Driver/Src/stm32f4xx_hal_tim_ex.c ****   /* Enable the Commutation DMA Request */
1939:Drivers/STM32F4xx_HAL_Driver/Src/stm32f4xx_hal_tim_ex.c ****   __HAL_TIM_ENABLE_DMA(htim, TIM_DMA_COM);
1940:Drivers/STM32F4xx_HAL_Driver/Src/stm32f4xx_hal_tim_ex.c **** 
1941:Drivers/STM32F4xx_HAL_Driver/Src/stm32f4xx_hal_tim_ex.c ****   __HAL_UNLOCK(htim);
1942:Drivers/STM32F4xx_HAL_Driver/Src/stm32f4xx_hal_tim_ex.c **** 
1943:Drivers/STM32F4xx_HAL_Driver/Src/stm32f4xx_hal_tim_ex.c ****   return HAL_OK;
1944:Drivers/STM32F4xx_HAL_Driver/Src/stm32f4xx_hal_tim_ex.c **** }
1945:Drivers/STM32F4xx_HAL_Driver/Src/stm32f4xx_hal_tim_ex.c **** 
1946:Drivers/STM32F4xx_HAL_Driver/Src/stm32f4xx_hal_tim_ex.c **** /**
1947:Drivers/STM32F4xx_HAL_Driver/Src/stm32f4xx_hal_tim_ex.c ****   * @brief  Configures the TIM in master mode.
1948:Drivers/STM32F4xx_HAL_Driver/Src/stm32f4xx_hal_tim_ex.c ****   * @param  htim TIM handle.
1949:Drivers/STM32F4xx_HAL_Driver/Src/stm32f4xx_hal_tim_ex.c ****   * @param  sMasterConfig pointer to a TIM_MasterConfigTypeDef structure that
1950:Drivers/STM32F4xx_HAL_Driver/Src/stm32f4xx_hal_tim_ex.c ****   *         contains the selected trigger output (TRGO) and the Master/Slave
1951:Drivers/STM32F4xx_HAL_Driver/Src/stm32f4xx_hal_tim_ex.c ****   *         mode.
1952:Drivers/STM32F4xx_HAL_Driver/Src/stm32f4xx_hal_tim_ex.c ****   * @retval HAL status
1953:Drivers/STM32F4xx_HAL_Driver/Src/stm32f4xx_hal_tim_ex.c ****   */
1954:Drivers/STM32F4xx_HAL_Driver/Src/stm32f4xx_hal_tim_ex.c **** HAL_StatusTypeDef HAL_TIMEx_MasterConfigSynchronization(TIM_HandleTypeDef *htim,
1955:Drivers/STM32F4xx_HAL_Driver/Src/stm32f4xx_hal_tim_ex.c ****                                                         const TIM_MasterConfigTypeDef *sMasterConfi
1956:Drivers/STM32F4xx_HAL_Driver/Src/stm32f4xx_hal_tim_ex.c **** {
1957:Drivers/STM32F4xx_HAL_Driver/Src/stm32f4xx_hal_tim_ex.c ****   uint32_t tmpcr2;
1958:Drivers/STM32F4xx_HAL_Driver/Src/stm32f4xx_hal_tim_ex.c ****   uint32_t tmpsmcr;
1959:Drivers/STM32F4xx_HAL_Driver/Src/stm32f4xx_hal_tim_ex.c **** 
1960:Drivers/STM32F4xx_HAL_Driver/Src/stm32f4xx_hal_tim_ex.c ****   /* Check the parameters */
1961:Drivers/STM32F4xx_HAL_Driver/Src/stm32f4xx_hal_tim_ex.c ****   assert_param(IS_TIM_MASTER_INSTANCE(htim->Instance));
1962:Drivers/STM32F4xx_HAL_Driver/Src/stm32f4xx_hal_tim_ex.c ****   assert_param(IS_TIM_TRGO_SOURCE(sMasterConfig->MasterOutputTrigger));
1963:Drivers/STM32F4xx_HAL_Driver/Src/stm32f4xx_hal_tim_ex.c ****   assert_param(IS_TIM_MSM_STATE(sMasterConfig->MasterSlaveMode));
1964:Drivers/STM32F4xx_HAL_Driver/Src/stm32f4xx_hal_tim_ex.c **** 
1965:Drivers/STM32F4xx_HAL_Driver/Src/stm32f4xx_hal_tim_ex.c ****   /* Check input state */
1966:Drivers/STM32F4xx_HAL_Driver/Src/stm32f4xx_hal_tim_ex.c ****   __HAL_LOCK(htim);
1967:Drivers/STM32F4xx_HAL_Driver/Src/stm32f4xx_hal_tim_ex.c **** 
1968:Drivers/STM32F4xx_HAL_Driver/Src/stm32f4xx_hal_tim_ex.c ****   /* Change the handler state */
ARM GAS  C:\Users\10369\AppData\Local\Temp\ccUaxGpI.s 			page 36


1969:Drivers/STM32F4xx_HAL_Driver/Src/stm32f4xx_hal_tim_ex.c ****   htim->State = HAL_TIM_STATE_BUSY;
1970:Drivers/STM32F4xx_HAL_Driver/Src/stm32f4xx_hal_tim_ex.c **** 
1971:Drivers/STM32F4xx_HAL_Driver/Src/stm32f4xx_hal_tim_ex.c ****   /* Get the TIMx CR2 register value */
1972:Drivers/STM32F4xx_HAL_Driver/Src/stm32f4xx_hal_tim_ex.c ****   tmpcr2 = htim->Instance->CR2;
1973:Drivers/STM32F4xx_HAL_Driver/Src/stm32f4xx_hal_tim_ex.c **** 
1974:Drivers/STM32F4xx_HAL_Driver/Src/stm32f4xx_hal_tim_ex.c ****   /* Get the TIMx SMCR register value */
1975:Drivers/STM32F4xx_HAL_Driver/Src/stm32f4xx_hal_tim_ex.c ****   tmpsmcr = htim->Instance->SMCR;
1976:Drivers/STM32F4xx_HAL_Driver/Src/stm32f4xx_hal_tim_ex.c **** 
1977:Drivers/STM32F4xx_HAL_Driver/Src/stm32f4xx_hal_tim_ex.c ****   /* Reset the MMS Bits */
1978:Drivers/STM32F4xx_HAL_Driver/Src/stm32f4xx_hal_tim_ex.c ****   tmpcr2 &= ~TIM_CR2_MMS;
1979:Drivers/STM32F4xx_HAL_Driver/Src/stm32f4xx_hal_tim_ex.c ****   /* Select the TRGO source */
1980:Drivers/STM32F4xx_HAL_Driver/Src/stm32f4xx_hal_tim_ex.c ****   tmpcr2 |=  sMasterConfig->MasterOutputTrigger;
1981:Drivers/STM32F4xx_HAL_Driver/Src/stm32f4xx_hal_tim_ex.c **** 
1982:Drivers/STM32F4xx_HAL_Driver/Src/stm32f4xx_hal_tim_ex.c ****   /* Update TIMx CR2 */
1983:Drivers/STM32F4xx_HAL_Driver/Src/stm32f4xx_hal_tim_ex.c ****   htim->Instance->CR2 = tmpcr2;
1984:Drivers/STM32F4xx_HAL_Driver/Src/stm32f4xx_hal_tim_ex.c **** 
1985:Drivers/STM32F4xx_HAL_Driver/Src/stm32f4xx_hal_tim_ex.c ****   if (IS_TIM_SLAVE_INSTANCE(htim->Instance))
1986:Drivers/STM32F4xx_HAL_Driver/Src/stm32f4xx_hal_tim_ex.c ****   {
1987:Drivers/STM32F4xx_HAL_Driver/Src/stm32f4xx_hal_tim_ex.c ****     /* Reset the MSM Bit */
1988:Drivers/STM32F4xx_HAL_Driver/Src/stm32f4xx_hal_tim_ex.c ****     tmpsmcr &= ~TIM_SMCR_MSM;
1989:Drivers/STM32F4xx_HAL_Driver/Src/stm32f4xx_hal_tim_ex.c ****     /* Set master mode */
1990:Drivers/STM32F4xx_HAL_Driver/Src/stm32f4xx_hal_tim_ex.c ****     tmpsmcr |= sMasterConfig->MasterSlaveMode;
1991:Drivers/STM32F4xx_HAL_Driver/Src/stm32f4xx_hal_tim_ex.c **** 
1992:Drivers/STM32F4xx_HAL_Driver/Src/stm32f4xx_hal_tim_ex.c ****     /* Update TIMx SMCR */
1993:Drivers/STM32F4xx_HAL_Driver/Src/stm32f4xx_hal_tim_ex.c ****     htim->Instance->SMCR = tmpsmcr;
1994:Drivers/STM32F4xx_HAL_Driver/Src/stm32f4xx_hal_tim_ex.c ****   }
1995:Drivers/STM32F4xx_HAL_Driver/Src/stm32f4xx_hal_tim_ex.c **** 
1996:Drivers/STM32F4xx_HAL_Driver/Src/stm32f4xx_hal_tim_ex.c ****   /* Change the htim state */
1997:Drivers/STM32F4xx_HAL_Driver/Src/stm32f4xx_hal_tim_ex.c ****   htim->State = HAL_TIM_STATE_READY;
1998:Drivers/STM32F4xx_HAL_Driver/Src/stm32f4xx_hal_tim_ex.c **** 
1999:Drivers/STM32F4xx_HAL_Driver/Src/stm32f4xx_hal_tim_ex.c ****   __HAL_UNLOCK(htim);
2000:Drivers/STM32F4xx_HAL_Driver/Src/stm32f4xx_hal_tim_ex.c **** 
2001:Drivers/STM32F4xx_HAL_Driver/Src/stm32f4xx_hal_tim_ex.c ****   return HAL_OK;
2002:Drivers/STM32F4xx_HAL_Driver/Src/stm32f4xx_hal_tim_ex.c **** }
2003:Drivers/STM32F4xx_HAL_Driver/Src/stm32f4xx_hal_tim_ex.c **** 
2004:Drivers/STM32F4xx_HAL_Driver/Src/stm32f4xx_hal_tim_ex.c **** /**
2005:Drivers/STM32F4xx_HAL_Driver/Src/stm32f4xx_hal_tim_ex.c ****   * @brief  Configures the Break feature, dead time, Lock level, OSSI/OSSR State
2006:Drivers/STM32F4xx_HAL_Driver/Src/stm32f4xx_hal_tim_ex.c ****   *         and the AOE(automatic output enable).
2007:Drivers/STM32F4xx_HAL_Driver/Src/stm32f4xx_hal_tim_ex.c ****   * @param  htim TIM handle
2008:Drivers/STM32F4xx_HAL_Driver/Src/stm32f4xx_hal_tim_ex.c ****   * @param  sBreakDeadTimeConfig pointer to a TIM_ConfigBreakDeadConfigTypeDef structure that
2009:Drivers/STM32F4xx_HAL_Driver/Src/stm32f4xx_hal_tim_ex.c ****   *         contains the BDTR Register configuration  information for the TIM peripheral.
2010:Drivers/STM32F4xx_HAL_Driver/Src/stm32f4xx_hal_tim_ex.c ****   * @note   Interrupts can be generated when an active level is detected on the
2011:Drivers/STM32F4xx_HAL_Driver/Src/stm32f4xx_hal_tim_ex.c ****   *         break input, the break 2 input or the system break input. Break
2012:Drivers/STM32F4xx_HAL_Driver/Src/stm32f4xx_hal_tim_ex.c ****   *         interrupt can be enabled by calling the @ref __HAL_TIM_ENABLE_IT macro.
2013:Drivers/STM32F4xx_HAL_Driver/Src/stm32f4xx_hal_tim_ex.c ****   * @retval HAL status
2014:Drivers/STM32F4xx_HAL_Driver/Src/stm32f4xx_hal_tim_ex.c ****   */
2015:Drivers/STM32F4xx_HAL_Driver/Src/stm32f4xx_hal_tim_ex.c **** HAL_StatusTypeDef HAL_TIMEx_ConfigBreakDeadTime(TIM_HandleTypeDef *htim,
2016:Drivers/STM32F4xx_HAL_Driver/Src/stm32f4xx_hal_tim_ex.c ****                                                 const TIM_BreakDeadTimeConfigTypeDef *sBreakDeadTim
2017:Drivers/STM32F4xx_HAL_Driver/Src/stm32f4xx_hal_tim_ex.c **** {
2018:Drivers/STM32F4xx_HAL_Driver/Src/stm32f4xx_hal_tim_ex.c ****   /* Keep this variable initialized to 0 as it is used to configure BDTR register */
2019:Drivers/STM32F4xx_HAL_Driver/Src/stm32f4xx_hal_tim_ex.c ****   uint32_t tmpbdtr = 0U;
2020:Drivers/STM32F4xx_HAL_Driver/Src/stm32f4xx_hal_tim_ex.c **** 
2021:Drivers/STM32F4xx_HAL_Driver/Src/stm32f4xx_hal_tim_ex.c ****   /* Check the parameters */
2022:Drivers/STM32F4xx_HAL_Driver/Src/stm32f4xx_hal_tim_ex.c ****   assert_param(IS_TIM_BREAK_INSTANCE(htim->Instance));
2023:Drivers/STM32F4xx_HAL_Driver/Src/stm32f4xx_hal_tim_ex.c ****   assert_param(IS_TIM_OSSR_STATE(sBreakDeadTimeConfig->OffStateRunMode));
2024:Drivers/STM32F4xx_HAL_Driver/Src/stm32f4xx_hal_tim_ex.c ****   assert_param(IS_TIM_OSSI_STATE(sBreakDeadTimeConfig->OffStateIDLEMode));
2025:Drivers/STM32F4xx_HAL_Driver/Src/stm32f4xx_hal_tim_ex.c ****   assert_param(IS_TIM_LOCK_LEVEL(sBreakDeadTimeConfig->LockLevel));
ARM GAS  C:\Users\10369\AppData\Local\Temp\ccUaxGpI.s 			page 37


2026:Drivers/STM32F4xx_HAL_Driver/Src/stm32f4xx_hal_tim_ex.c ****   assert_param(IS_TIM_DEADTIME(sBreakDeadTimeConfig->DeadTime));
2027:Drivers/STM32F4xx_HAL_Driver/Src/stm32f4xx_hal_tim_ex.c ****   assert_param(IS_TIM_BREAK_STATE(sBreakDeadTimeConfig->BreakState));
2028:Drivers/STM32F4xx_HAL_Driver/Src/stm32f4xx_hal_tim_ex.c ****   assert_param(IS_TIM_BREAK_POLARITY(sBreakDeadTimeConfig->BreakPolarity));
2029:Drivers/STM32F4xx_HAL_Driver/Src/stm32f4xx_hal_tim_ex.c ****   assert_param(IS_TIM_AUTOMATIC_OUTPUT_STATE(sBreakDeadTimeConfig->AutomaticOutput));
2030:Drivers/STM32F4xx_HAL_Driver/Src/stm32f4xx_hal_tim_ex.c **** 
2031:Drivers/STM32F4xx_HAL_Driver/Src/stm32f4xx_hal_tim_ex.c ****   /* Check input state */
2032:Drivers/STM32F4xx_HAL_Driver/Src/stm32f4xx_hal_tim_ex.c ****   __HAL_LOCK(htim);
2033:Drivers/STM32F4xx_HAL_Driver/Src/stm32f4xx_hal_tim_ex.c **** 
2034:Drivers/STM32F4xx_HAL_Driver/Src/stm32f4xx_hal_tim_ex.c ****   /* Set the Lock level, the Break enable Bit and the Polarity, the OSSR State,
2035:Drivers/STM32F4xx_HAL_Driver/Src/stm32f4xx_hal_tim_ex.c ****      the OSSI State, the dead time value and the Automatic Output Enable Bit */
2036:Drivers/STM32F4xx_HAL_Driver/Src/stm32f4xx_hal_tim_ex.c **** 
2037:Drivers/STM32F4xx_HAL_Driver/Src/stm32f4xx_hal_tim_ex.c ****   /* Set the BDTR bits */
2038:Drivers/STM32F4xx_HAL_Driver/Src/stm32f4xx_hal_tim_ex.c ****   MODIFY_REG(tmpbdtr, TIM_BDTR_DTG, sBreakDeadTimeConfig->DeadTime);
2039:Drivers/STM32F4xx_HAL_Driver/Src/stm32f4xx_hal_tim_ex.c ****   MODIFY_REG(tmpbdtr, TIM_BDTR_LOCK, sBreakDeadTimeConfig->LockLevel);
2040:Drivers/STM32F4xx_HAL_Driver/Src/stm32f4xx_hal_tim_ex.c ****   MODIFY_REG(tmpbdtr, TIM_BDTR_OSSI, sBreakDeadTimeConfig->OffStateIDLEMode);
2041:Drivers/STM32F4xx_HAL_Driver/Src/stm32f4xx_hal_tim_ex.c ****   MODIFY_REG(tmpbdtr, TIM_BDTR_OSSR, sBreakDeadTimeConfig->OffStateRunMode);
2042:Drivers/STM32F4xx_HAL_Driver/Src/stm32f4xx_hal_tim_ex.c ****   MODIFY_REG(tmpbdtr, TIM_BDTR_BKE, sBreakDeadTimeConfig->BreakState);
2043:Drivers/STM32F4xx_HAL_Driver/Src/stm32f4xx_hal_tim_ex.c ****   MODIFY_REG(tmpbdtr, TIM_BDTR_BKP, sBreakDeadTimeConfig->BreakPolarity);
2044:Drivers/STM32F4xx_HAL_Driver/Src/stm32f4xx_hal_tim_ex.c ****   MODIFY_REG(tmpbdtr, TIM_BDTR_AOE, sBreakDeadTimeConfig->AutomaticOutput);
2045:Drivers/STM32F4xx_HAL_Driver/Src/stm32f4xx_hal_tim_ex.c **** 
2046:Drivers/STM32F4xx_HAL_Driver/Src/stm32f4xx_hal_tim_ex.c **** 
2047:Drivers/STM32F4xx_HAL_Driver/Src/stm32f4xx_hal_tim_ex.c ****   /* Set TIMx_BDTR */
2048:Drivers/STM32F4xx_HAL_Driver/Src/stm32f4xx_hal_tim_ex.c ****   htim->Instance->BDTR = tmpbdtr;
2049:Drivers/STM32F4xx_HAL_Driver/Src/stm32f4xx_hal_tim_ex.c **** 
2050:Drivers/STM32F4xx_HAL_Driver/Src/stm32f4xx_hal_tim_ex.c ****   __HAL_UNLOCK(htim);
2051:Drivers/STM32F4xx_HAL_Driver/Src/stm32f4xx_hal_tim_ex.c **** 
2052:Drivers/STM32F4xx_HAL_Driver/Src/stm32f4xx_hal_tim_ex.c ****   return HAL_OK;
2053:Drivers/STM32F4xx_HAL_Driver/Src/stm32f4xx_hal_tim_ex.c **** }
2054:Drivers/STM32F4xx_HAL_Driver/Src/stm32f4xx_hal_tim_ex.c **** 
2055:Drivers/STM32F4xx_HAL_Driver/Src/stm32f4xx_hal_tim_ex.c **** /**
2056:Drivers/STM32F4xx_HAL_Driver/Src/stm32f4xx_hal_tim_ex.c ****   * @brief  Configures the TIMx Remapping input capabilities.
2057:Drivers/STM32F4xx_HAL_Driver/Src/stm32f4xx_hal_tim_ex.c ****   * @param  htim TIM handle.
2058:Drivers/STM32F4xx_HAL_Driver/Src/stm32f4xx_hal_tim_ex.c ****   * @param  Remap specifies the TIM remapping source.
2059:Drivers/STM32F4xx_HAL_Driver/Src/stm32f4xx_hal_tim_ex.c ****   *         For TIM1, the parameter can have the following values:                   (**)
2060:Drivers/STM32F4xx_HAL_Driver/Src/stm32f4xx_hal_tim_ex.c ****   *           @arg TIM_TIM1_TIM3_TRGO:  TIM1 ITR2 is connected to TIM3 TRGO
2061:Drivers/STM32F4xx_HAL_Driver/Src/stm32f4xx_hal_tim_ex.c ****   *           @arg TIM_TIM1_LPTIM:      TIM1 ITR2 is connected to LPTIM1 output
2062:Drivers/STM32F4xx_HAL_Driver/Src/stm32f4xx_hal_tim_ex.c ****   *
2063:Drivers/STM32F4xx_HAL_Driver/Src/stm32f4xx_hal_tim_ex.c ****   *         For TIM2, the parameter can have the following values:                   (**)
2064:Drivers/STM32F4xx_HAL_Driver/Src/stm32f4xx_hal_tim_ex.c ****   *           @arg TIM_TIM2_TIM8_TRGO:  TIM2 ITR1 is connected to TIM8 TRGO          (*)
2065:Drivers/STM32F4xx_HAL_Driver/Src/stm32f4xx_hal_tim_ex.c ****   *           @arg TIM_TIM2_ETH_PTP:    TIM2 ITR1 is connected to PTP trigger output (*)
2066:Drivers/STM32F4xx_HAL_Driver/Src/stm32f4xx_hal_tim_ex.c ****   *           @arg TIM_TIM2_USBFS_SOF:  TIM2 ITR1 is connected to OTG FS SOF
2067:Drivers/STM32F4xx_HAL_Driver/Src/stm32f4xx_hal_tim_ex.c ****   *           @arg TIM_TIM2_USBHS_SOF:  TIM2 ITR1 is connected to OTG FS SOF
2068:Drivers/STM32F4xx_HAL_Driver/Src/stm32f4xx_hal_tim_ex.c ****   *
2069:Drivers/STM32F4xx_HAL_Driver/Src/stm32f4xx_hal_tim_ex.c ****   *         For TIM5, the parameter can have the following values:
2070:Drivers/STM32F4xx_HAL_Driver/Src/stm32f4xx_hal_tim_ex.c ****   *           @arg TIM_TIM5_GPIO:       TIM5 TI4 is connected to GPIO
2071:Drivers/STM32F4xx_HAL_Driver/Src/stm32f4xx_hal_tim_ex.c ****   *           @arg TIM_TIM5_LSI:        TIM5 TI4 is connected to LSI
2072:Drivers/STM32F4xx_HAL_Driver/Src/stm32f4xx_hal_tim_ex.c ****   *           @arg TIM_TIM5_LSE:        TIM5 TI4 is connected to LSE
2073:Drivers/STM32F4xx_HAL_Driver/Src/stm32f4xx_hal_tim_ex.c ****   *           @arg TIM_TIM5_RTC:        TIM5 TI4 is connected to the RTC wakeup interrupt
2074:Drivers/STM32F4xx_HAL_Driver/Src/stm32f4xx_hal_tim_ex.c ****   *           @arg TIM_TIM5_TIM3_TRGO:  TIM5 ITR1 is connected to TIM3 TRGO          (*)
2075:Drivers/STM32F4xx_HAL_Driver/Src/stm32f4xx_hal_tim_ex.c ****   *           @arg TIM_TIM5_LPTIM:      TIM5 ITR1 is connected to LPTIM1 output      (*)
2076:Drivers/STM32F4xx_HAL_Driver/Src/stm32f4xx_hal_tim_ex.c ****   *
2077:Drivers/STM32F4xx_HAL_Driver/Src/stm32f4xx_hal_tim_ex.c ****   *         For TIM9, the parameter can have the following values:                   (**)
2078:Drivers/STM32F4xx_HAL_Driver/Src/stm32f4xx_hal_tim_ex.c ****   *           @arg TIM_TIM9_TIM3_TRGO:  TIM9 ITR1 is connected to TIM3 TRGO
2079:Drivers/STM32F4xx_HAL_Driver/Src/stm32f4xx_hal_tim_ex.c ****   *           @arg TIM_TIM9_LPTIM:      TIM9 ITR1 is connected to LPTIM1 output
2080:Drivers/STM32F4xx_HAL_Driver/Src/stm32f4xx_hal_tim_ex.c ****   *
2081:Drivers/STM32F4xx_HAL_Driver/Src/stm32f4xx_hal_tim_ex.c ****   *         For TIM11, the parameter can have the following values:
2082:Drivers/STM32F4xx_HAL_Driver/Src/stm32f4xx_hal_tim_ex.c ****   *           @arg TIM_TIM11_GPIO:     TIM11 TI1 is connected to GPIO
ARM GAS  C:\Users\10369\AppData\Local\Temp\ccUaxGpI.s 			page 38


2083:Drivers/STM32F4xx_HAL_Driver/Src/stm32f4xx_hal_tim_ex.c ****   *           @arg TIM_TIM11_HSE:      TIM11 TI1 is connected to HSE_RTC clock
2084:Drivers/STM32F4xx_HAL_Driver/Src/stm32f4xx_hal_tim_ex.c ****   *           @arg TIM_TIM11_SPDIFRX:  TIM11 TI1 is connected to SPDIFRX_FRAME_SYNC  (*)
2085:Drivers/STM32F4xx_HAL_Driver/Src/stm32f4xx_hal_tim_ex.c ****   *
2086:Drivers/STM32F4xx_HAL_Driver/Src/stm32f4xx_hal_tim_ex.c ****   *         (*)  Value not defined in all devices. \n
2087:Drivers/STM32F4xx_HAL_Driver/Src/stm32f4xx_hal_tim_ex.c ****   *         (**) Register not available in all devices.
2088:Drivers/STM32F4xx_HAL_Driver/Src/stm32f4xx_hal_tim_ex.c ****   *
2089:Drivers/STM32F4xx_HAL_Driver/Src/stm32f4xx_hal_tim_ex.c ****   * @retval HAL status
2090:Drivers/STM32F4xx_HAL_Driver/Src/stm32f4xx_hal_tim_ex.c ****   */
2091:Drivers/STM32F4xx_HAL_Driver/Src/stm32f4xx_hal_tim_ex.c **** HAL_StatusTypeDef HAL_TIMEx_RemapConfig(TIM_HandleTypeDef *htim, uint32_t Remap)
2092:Drivers/STM32F4xx_HAL_Driver/Src/stm32f4xx_hal_tim_ex.c **** {
2093:Drivers/STM32F4xx_HAL_Driver/Src/stm32f4xx_hal_tim_ex.c ****   /* Check parameters */
2094:Drivers/STM32F4xx_HAL_Driver/Src/stm32f4xx_hal_tim_ex.c ****   assert_param(IS_TIM_REMAP(htim->Instance, Remap));
2095:Drivers/STM32F4xx_HAL_Driver/Src/stm32f4xx_hal_tim_ex.c **** 
2096:Drivers/STM32F4xx_HAL_Driver/Src/stm32f4xx_hal_tim_ex.c ****   __HAL_LOCK(htim);
2097:Drivers/STM32F4xx_HAL_Driver/Src/stm32f4xx_hal_tim_ex.c **** 
2098:Drivers/STM32F4xx_HAL_Driver/Src/stm32f4xx_hal_tim_ex.c **** #if defined(LPTIM_OR_TIM1_ITR2_RMP) && defined(LPTIM_OR_TIM5_ITR1_RMP) && defined(LPTIM_OR_TIM9_ITR
2099:Drivers/STM32F4xx_HAL_Driver/Src/stm32f4xx_hal_tim_ex.c ****   if ((Remap & LPTIM_REMAP_MASK) == LPTIM_REMAP_MASK)
2100:Drivers/STM32F4xx_HAL_Driver/Src/stm32f4xx_hal_tim_ex.c ****   {
2101:Drivers/STM32F4xx_HAL_Driver/Src/stm32f4xx_hal_tim_ex.c ****     /* Connect TIMx internal trigger to LPTIM1 output */
2102:Drivers/STM32F4xx_HAL_Driver/Src/stm32f4xx_hal_tim_ex.c ****     __HAL_RCC_LPTIM1_CLK_ENABLE();
2103:Drivers/STM32F4xx_HAL_Driver/Src/stm32f4xx_hal_tim_ex.c ****     MODIFY_REG(LPTIM1->OR,
2104:Drivers/STM32F4xx_HAL_Driver/Src/stm32f4xx_hal_tim_ex.c ****                (LPTIM_OR_TIM1_ITR2_RMP | LPTIM_OR_TIM5_ITR1_RMP | LPTIM_OR_TIM9_ITR1_RMP),
2105:Drivers/STM32F4xx_HAL_Driver/Src/stm32f4xx_hal_tim_ex.c ****                Remap & ~(LPTIM_REMAP_MASK));
2106:Drivers/STM32F4xx_HAL_Driver/Src/stm32f4xx_hal_tim_ex.c ****   }
2107:Drivers/STM32F4xx_HAL_Driver/Src/stm32f4xx_hal_tim_ex.c ****   else
2108:Drivers/STM32F4xx_HAL_Driver/Src/stm32f4xx_hal_tim_ex.c ****   {
2109:Drivers/STM32F4xx_HAL_Driver/Src/stm32f4xx_hal_tim_ex.c ****     /* Set the Timer remapping configuration */
2110:Drivers/STM32F4xx_HAL_Driver/Src/stm32f4xx_hal_tim_ex.c ****     WRITE_REG(htim->Instance->OR, Remap);
2111:Drivers/STM32F4xx_HAL_Driver/Src/stm32f4xx_hal_tim_ex.c ****   }
2112:Drivers/STM32F4xx_HAL_Driver/Src/stm32f4xx_hal_tim_ex.c **** #else
2113:Drivers/STM32F4xx_HAL_Driver/Src/stm32f4xx_hal_tim_ex.c ****   /* Set the Timer remapping configuration */
2114:Drivers/STM32F4xx_HAL_Driver/Src/stm32f4xx_hal_tim_ex.c ****   WRITE_REG(htim->Instance->OR, Remap);
2115:Drivers/STM32F4xx_HAL_Driver/Src/stm32f4xx_hal_tim_ex.c **** #endif /* LPTIM_OR_TIM1_ITR2_RMP &&  LPTIM_OR_TIM5_ITR1_RMP && LPTIM_OR_TIM9_ITR1_RMP */
2116:Drivers/STM32F4xx_HAL_Driver/Src/stm32f4xx_hal_tim_ex.c **** 
2117:Drivers/STM32F4xx_HAL_Driver/Src/stm32f4xx_hal_tim_ex.c ****   __HAL_UNLOCK(htim);
2118:Drivers/STM32F4xx_HAL_Driver/Src/stm32f4xx_hal_tim_ex.c **** 
2119:Drivers/STM32F4xx_HAL_Driver/Src/stm32f4xx_hal_tim_ex.c ****   return HAL_OK;
2120:Drivers/STM32F4xx_HAL_Driver/Src/stm32f4xx_hal_tim_ex.c **** }
2121:Drivers/STM32F4xx_HAL_Driver/Src/stm32f4xx_hal_tim_ex.c **** 
2122:Drivers/STM32F4xx_HAL_Driver/Src/stm32f4xx_hal_tim_ex.c **** /**
2123:Drivers/STM32F4xx_HAL_Driver/Src/stm32f4xx_hal_tim_ex.c ****   * @}
2124:Drivers/STM32F4xx_HAL_Driver/Src/stm32f4xx_hal_tim_ex.c ****   */
2125:Drivers/STM32F4xx_HAL_Driver/Src/stm32f4xx_hal_tim_ex.c **** 
2126:Drivers/STM32F4xx_HAL_Driver/Src/stm32f4xx_hal_tim_ex.c **** /** @defgroup TIMEx_Exported_Functions_Group6 Extended Callbacks functions
2127:Drivers/STM32F4xx_HAL_Driver/Src/stm32f4xx_hal_tim_ex.c ****   * @brief    Extended Callbacks functions
2128:Drivers/STM32F4xx_HAL_Driver/Src/stm32f4xx_hal_tim_ex.c ****   *
2129:Drivers/STM32F4xx_HAL_Driver/Src/stm32f4xx_hal_tim_ex.c **** @verbatim
2130:Drivers/STM32F4xx_HAL_Driver/Src/stm32f4xx_hal_tim_ex.c ****   ==============================================================================
2131:Drivers/STM32F4xx_HAL_Driver/Src/stm32f4xx_hal_tim_ex.c ****                     ##### Extended Callbacks functions #####
2132:Drivers/STM32F4xx_HAL_Driver/Src/stm32f4xx_hal_tim_ex.c ****   ==============================================================================
2133:Drivers/STM32F4xx_HAL_Driver/Src/stm32f4xx_hal_tim_ex.c ****   [..]
2134:Drivers/STM32F4xx_HAL_Driver/Src/stm32f4xx_hal_tim_ex.c ****     This section provides Extended TIM callback functions:
2135:Drivers/STM32F4xx_HAL_Driver/Src/stm32f4xx_hal_tim_ex.c ****     (+) Timer Commutation callback
2136:Drivers/STM32F4xx_HAL_Driver/Src/stm32f4xx_hal_tim_ex.c ****     (+) Timer Break callback
2137:Drivers/STM32F4xx_HAL_Driver/Src/stm32f4xx_hal_tim_ex.c **** 
2138:Drivers/STM32F4xx_HAL_Driver/Src/stm32f4xx_hal_tim_ex.c **** @endverbatim
2139:Drivers/STM32F4xx_HAL_Driver/Src/stm32f4xx_hal_tim_ex.c ****   * @{
ARM GAS  C:\Users\10369\AppData\Local\Temp\ccUaxGpI.s 			page 39


2140:Drivers/STM32F4xx_HAL_Driver/Src/stm32f4xx_hal_tim_ex.c ****   */
2141:Drivers/STM32F4xx_HAL_Driver/Src/stm32f4xx_hal_tim_ex.c **** 
2142:Drivers/STM32F4xx_HAL_Driver/Src/stm32f4xx_hal_tim_ex.c **** /**
2143:Drivers/STM32F4xx_HAL_Driver/Src/stm32f4xx_hal_tim_ex.c ****   * @brief  Commutation callback in non-blocking mode
2144:Drivers/STM32F4xx_HAL_Driver/Src/stm32f4xx_hal_tim_ex.c ****   * @param  htim TIM handle
2145:Drivers/STM32F4xx_HAL_Driver/Src/stm32f4xx_hal_tim_ex.c ****   * @retval None
2146:Drivers/STM32F4xx_HAL_Driver/Src/stm32f4xx_hal_tim_ex.c ****   */
2147:Drivers/STM32F4xx_HAL_Driver/Src/stm32f4xx_hal_tim_ex.c **** __weak void HAL_TIMEx_CommutCallback(TIM_HandleTypeDef *htim)
2148:Drivers/STM32F4xx_HAL_Driver/Src/stm32f4xx_hal_tim_ex.c **** {
2149:Drivers/STM32F4xx_HAL_Driver/Src/stm32f4xx_hal_tim_ex.c ****   /* Prevent unused argument(s) compilation warning */
2150:Drivers/STM32F4xx_HAL_Driver/Src/stm32f4xx_hal_tim_ex.c ****   UNUSED(htim);
2151:Drivers/STM32F4xx_HAL_Driver/Src/stm32f4xx_hal_tim_ex.c **** 
2152:Drivers/STM32F4xx_HAL_Driver/Src/stm32f4xx_hal_tim_ex.c ****   /* NOTE : This function should not be modified, when the callback is needed,
2153:Drivers/STM32F4xx_HAL_Driver/Src/stm32f4xx_hal_tim_ex.c ****             the HAL_TIMEx_CommutCallback could be implemented in the user file
2154:Drivers/STM32F4xx_HAL_Driver/Src/stm32f4xx_hal_tim_ex.c ****    */
2155:Drivers/STM32F4xx_HAL_Driver/Src/stm32f4xx_hal_tim_ex.c **** }
2156:Drivers/STM32F4xx_HAL_Driver/Src/stm32f4xx_hal_tim_ex.c **** /**
2157:Drivers/STM32F4xx_HAL_Driver/Src/stm32f4xx_hal_tim_ex.c ****   * @brief  Commutation half complete callback in non-blocking mode
2158:Drivers/STM32F4xx_HAL_Driver/Src/stm32f4xx_hal_tim_ex.c ****   * @param  htim TIM handle
2159:Drivers/STM32F4xx_HAL_Driver/Src/stm32f4xx_hal_tim_ex.c ****   * @retval None
2160:Drivers/STM32F4xx_HAL_Driver/Src/stm32f4xx_hal_tim_ex.c ****   */
2161:Drivers/STM32F4xx_HAL_Driver/Src/stm32f4xx_hal_tim_ex.c **** __weak void HAL_TIMEx_CommutHalfCpltCallback(TIM_HandleTypeDef *htim)
2162:Drivers/STM32F4xx_HAL_Driver/Src/stm32f4xx_hal_tim_ex.c **** {
2163:Drivers/STM32F4xx_HAL_Driver/Src/stm32f4xx_hal_tim_ex.c ****   /* Prevent unused argument(s) compilation warning */
2164:Drivers/STM32F4xx_HAL_Driver/Src/stm32f4xx_hal_tim_ex.c ****   UNUSED(htim);
2165:Drivers/STM32F4xx_HAL_Driver/Src/stm32f4xx_hal_tim_ex.c **** 
2166:Drivers/STM32F4xx_HAL_Driver/Src/stm32f4xx_hal_tim_ex.c ****   /* NOTE : This function should not be modified, when the callback is needed,
2167:Drivers/STM32F4xx_HAL_Driver/Src/stm32f4xx_hal_tim_ex.c ****             the HAL_TIMEx_CommutHalfCpltCallback could be implemented in the user file
2168:Drivers/STM32F4xx_HAL_Driver/Src/stm32f4xx_hal_tim_ex.c ****    */
2169:Drivers/STM32F4xx_HAL_Driver/Src/stm32f4xx_hal_tim_ex.c **** }
2170:Drivers/STM32F4xx_HAL_Driver/Src/stm32f4xx_hal_tim_ex.c **** 
2171:Drivers/STM32F4xx_HAL_Driver/Src/stm32f4xx_hal_tim_ex.c **** /**
2172:Drivers/STM32F4xx_HAL_Driver/Src/stm32f4xx_hal_tim_ex.c ****   * @brief  Break detection callback in non-blocking mode
2173:Drivers/STM32F4xx_HAL_Driver/Src/stm32f4xx_hal_tim_ex.c ****   * @param  htim TIM handle
2174:Drivers/STM32F4xx_HAL_Driver/Src/stm32f4xx_hal_tim_ex.c ****   * @retval None
2175:Drivers/STM32F4xx_HAL_Driver/Src/stm32f4xx_hal_tim_ex.c ****   */
2176:Drivers/STM32F4xx_HAL_Driver/Src/stm32f4xx_hal_tim_ex.c **** __weak void HAL_TIMEx_BreakCallback(TIM_HandleTypeDef *htim)
2177:Drivers/STM32F4xx_HAL_Driver/Src/stm32f4xx_hal_tim_ex.c **** {
2178:Drivers/STM32F4xx_HAL_Driver/Src/stm32f4xx_hal_tim_ex.c ****   /* Prevent unused argument(s) compilation warning */
2179:Drivers/STM32F4xx_HAL_Driver/Src/stm32f4xx_hal_tim_ex.c ****   UNUSED(htim);
2180:Drivers/STM32F4xx_HAL_Driver/Src/stm32f4xx_hal_tim_ex.c **** 
2181:Drivers/STM32F4xx_HAL_Driver/Src/stm32f4xx_hal_tim_ex.c ****   /* NOTE : This function should not be modified, when the callback is needed,
2182:Drivers/STM32F4xx_HAL_Driver/Src/stm32f4xx_hal_tim_ex.c ****             the HAL_TIMEx_BreakCallback could be implemented in the user file
2183:Drivers/STM32F4xx_HAL_Driver/Src/stm32f4xx_hal_tim_ex.c ****    */
2184:Drivers/STM32F4xx_HAL_Driver/Src/stm32f4xx_hal_tim_ex.c **** }
2185:Drivers/STM32F4xx_HAL_Driver/Src/stm32f4xx_hal_tim_ex.c **** /**
2186:Drivers/STM32F4xx_HAL_Driver/Src/stm32f4xx_hal_tim_ex.c ****   * @}
2187:Drivers/STM32F4xx_HAL_Driver/Src/stm32f4xx_hal_tim_ex.c ****   */
2188:Drivers/STM32F4xx_HAL_Driver/Src/stm32f4xx_hal_tim_ex.c **** 
2189:Drivers/STM32F4xx_HAL_Driver/Src/stm32f4xx_hal_tim_ex.c **** /** @defgroup TIMEx_Exported_Functions_Group7 Extended Peripheral State functions
2190:Drivers/STM32F4xx_HAL_Driver/Src/stm32f4xx_hal_tim_ex.c ****   * @brief    Extended Peripheral State functions
2191:Drivers/STM32F4xx_HAL_Driver/Src/stm32f4xx_hal_tim_ex.c ****   *
2192:Drivers/STM32F4xx_HAL_Driver/Src/stm32f4xx_hal_tim_ex.c **** @verbatim
2193:Drivers/STM32F4xx_HAL_Driver/Src/stm32f4xx_hal_tim_ex.c ****   ==============================================================================
2194:Drivers/STM32F4xx_HAL_Driver/Src/stm32f4xx_hal_tim_ex.c ****                 ##### Extended Peripheral State functions #####
2195:Drivers/STM32F4xx_HAL_Driver/Src/stm32f4xx_hal_tim_ex.c ****   ==============================================================================
2196:Drivers/STM32F4xx_HAL_Driver/Src/stm32f4xx_hal_tim_ex.c ****   [..]
ARM GAS  C:\Users\10369\AppData\Local\Temp\ccUaxGpI.s 			page 40


2197:Drivers/STM32F4xx_HAL_Driver/Src/stm32f4xx_hal_tim_ex.c ****     This subsection permits to get in run-time the status of the peripheral
2198:Drivers/STM32F4xx_HAL_Driver/Src/stm32f4xx_hal_tim_ex.c ****     and the data flow.
2199:Drivers/STM32F4xx_HAL_Driver/Src/stm32f4xx_hal_tim_ex.c **** 
2200:Drivers/STM32F4xx_HAL_Driver/Src/stm32f4xx_hal_tim_ex.c **** @endverbatim
2201:Drivers/STM32F4xx_HAL_Driver/Src/stm32f4xx_hal_tim_ex.c ****   * @{
2202:Drivers/STM32F4xx_HAL_Driver/Src/stm32f4xx_hal_tim_ex.c ****   */
2203:Drivers/STM32F4xx_HAL_Driver/Src/stm32f4xx_hal_tim_ex.c **** 
2204:Drivers/STM32F4xx_HAL_Driver/Src/stm32f4xx_hal_tim_ex.c **** /**
2205:Drivers/STM32F4xx_HAL_Driver/Src/stm32f4xx_hal_tim_ex.c ****   * @brief  Return the TIM Hall Sensor interface handle state.
2206:Drivers/STM32F4xx_HAL_Driver/Src/stm32f4xx_hal_tim_ex.c ****   * @param  htim TIM Hall Sensor handle
2207:Drivers/STM32F4xx_HAL_Driver/Src/stm32f4xx_hal_tim_ex.c ****   * @retval HAL state
2208:Drivers/STM32F4xx_HAL_Driver/Src/stm32f4xx_hal_tim_ex.c ****   */
2209:Drivers/STM32F4xx_HAL_Driver/Src/stm32f4xx_hal_tim_ex.c **** HAL_TIM_StateTypeDef HAL_TIMEx_HallSensor_GetState(const TIM_HandleTypeDef *htim)
2210:Drivers/STM32F4xx_HAL_Driver/Src/stm32f4xx_hal_tim_ex.c **** {
2211:Drivers/STM32F4xx_HAL_Driver/Src/stm32f4xx_hal_tim_ex.c ****   return htim->State;
2212:Drivers/STM32F4xx_HAL_Driver/Src/stm32f4xx_hal_tim_ex.c **** }
2213:Drivers/STM32F4xx_HAL_Driver/Src/stm32f4xx_hal_tim_ex.c **** 
2214:Drivers/STM32F4xx_HAL_Driver/Src/stm32f4xx_hal_tim_ex.c **** /**
2215:Drivers/STM32F4xx_HAL_Driver/Src/stm32f4xx_hal_tim_ex.c ****   * @brief  Return actual state of the TIM complementary channel.
2216:Drivers/STM32F4xx_HAL_Driver/Src/stm32f4xx_hal_tim_ex.c ****   * @param  htim TIM handle
2217:Drivers/STM32F4xx_HAL_Driver/Src/stm32f4xx_hal_tim_ex.c ****   * @param  ChannelN TIM Complementary channel
2218:Drivers/STM32F4xx_HAL_Driver/Src/stm32f4xx_hal_tim_ex.c ****   *          This parameter can be one of the following values:
2219:Drivers/STM32F4xx_HAL_Driver/Src/stm32f4xx_hal_tim_ex.c ****   *            @arg TIM_CHANNEL_1: TIM Channel 1
2220:Drivers/STM32F4xx_HAL_Driver/Src/stm32f4xx_hal_tim_ex.c ****   *            @arg TIM_CHANNEL_2: TIM Channel 2
2221:Drivers/STM32F4xx_HAL_Driver/Src/stm32f4xx_hal_tim_ex.c ****   *            @arg TIM_CHANNEL_3: TIM Channel 3
2222:Drivers/STM32F4xx_HAL_Driver/Src/stm32f4xx_hal_tim_ex.c ****   * @retval TIM Complementary channel state
2223:Drivers/STM32F4xx_HAL_Driver/Src/stm32f4xx_hal_tim_ex.c ****   */
2224:Drivers/STM32F4xx_HAL_Driver/Src/stm32f4xx_hal_tim_ex.c **** HAL_TIM_ChannelStateTypeDef HAL_TIMEx_GetChannelNState(const TIM_HandleTypeDef *htim,  uint32_t Cha
2225:Drivers/STM32F4xx_HAL_Driver/Src/stm32f4xx_hal_tim_ex.c **** {
2226:Drivers/STM32F4xx_HAL_Driver/Src/stm32f4xx_hal_tim_ex.c ****   HAL_TIM_ChannelStateTypeDef channel_state;
2227:Drivers/STM32F4xx_HAL_Driver/Src/stm32f4xx_hal_tim_ex.c **** 
2228:Drivers/STM32F4xx_HAL_Driver/Src/stm32f4xx_hal_tim_ex.c ****   /* Check the parameters */
2229:Drivers/STM32F4xx_HAL_Driver/Src/stm32f4xx_hal_tim_ex.c ****   assert_param(IS_TIM_CCXN_INSTANCE(htim->Instance, ChannelN));
2230:Drivers/STM32F4xx_HAL_Driver/Src/stm32f4xx_hal_tim_ex.c **** 
2231:Drivers/STM32F4xx_HAL_Driver/Src/stm32f4xx_hal_tim_ex.c ****   channel_state = TIM_CHANNEL_N_STATE_GET(htim, ChannelN);
2232:Drivers/STM32F4xx_HAL_Driver/Src/stm32f4xx_hal_tim_ex.c **** 
2233:Drivers/STM32F4xx_HAL_Driver/Src/stm32f4xx_hal_tim_ex.c ****   return channel_state;
2234:Drivers/STM32F4xx_HAL_Driver/Src/stm32f4xx_hal_tim_ex.c **** }
2235:Drivers/STM32F4xx_HAL_Driver/Src/stm32f4xx_hal_tim_ex.c **** /**
2236:Drivers/STM32F4xx_HAL_Driver/Src/stm32f4xx_hal_tim_ex.c ****   * @}
2237:Drivers/STM32F4xx_HAL_Driver/Src/stm32f4xx_hal_tim_ex.c ****   */
2238:Drivers/STM32F4xx_HAL_Driver/Src/stm32f4xx_hal_tim_ex.c **** 
2239:Drivers/STM32F4xx_HAL_Driver/Src/stm32f4xx_hal_tim_ex.c **** /**
2240:Drivers/STM32F4xx_HAL_Driver/Src/stm32f4xx_hal_tim_ex.c ****   * @}
2241:Drivers/STM32F4xx_HAL_Driver/Src/stm32f4xx_hal_tim_ex.c ****   */
2242:Drivers/STM32F4xx_HAL_Driver/Src/stm32f4xx_hal_tim_ex.c **** 
2243:Drivers/STM32F4xx_HAL_Driver/Src/stm32f4xx_hal_tim_ex.c **** /* Private functions ---------------------------------------------------------*/
2244:Drivers/STM32F4xx_HAL_Driver/Src/stm32f4xx_hal_tim_ex.c **** /** @defgroup TIMEx_Private_Functions TIM Extended Private Functions
2245:Drivers/STM32F4xx_HAL_Driver/Src/stm32f4xx_hal_tim_ex.c ****   * @{
2246:Drivers/STM32F4xx_HAL_Driver/Src/stm32f4xx_hal_tim_ex.c ****   */
2247:Drivers/STM32F4xx_HAL_Driver/Src/stm32f4xx_hal_tim_ex.c **** 
2248:Drivers/STM32F4xx_HAL_Driver/Src/stm32f4xx_hal_tim_ex.c **** /**
2249:Drivers/STM32F4xx_HAL_Driver/Src/stm32f4xx_hal_tim_ex.c ****   * @brief  TIM DMA Commutation callback.
2250:Drivers/STM32F4xx_HAL_Driver/Src/stm32f4xx_hal_tim_ex.c ****   * @param  hdma pointer to DMA handle.
2251:Drivers/STM32F4xx_HAL_Driver/Src/stm32f4xx_hal_tim_ex.c ****   * @retval None
2252:Drivers/STM32F4xx_HAL_Driver/Src/stm32f4xx_hal_tim_ex.c ****   */
2253:Drivers/STM32F4xx_HAL_Driver/Src/stm32f4xx_hal_tim_ex.c **** void TIMEx_DMACommutationCplt(DMA_HandleTypeDef *hdma)
ARM GAS  C:\Users\10369\AppData\Local\Temp\ccUaxGpI.s 			page 41


2254:Drivers/STM32F4xx_HAL_Driver/Src/stm32f4xx_hal_tim_ex.c **** {
2255:Drivers/STM32F4xx_HAL_Driver/Src/stm32f4xx_hal_tim_ex.c ****   TIM_HandleTypeDef *htim = (TIM_HandleTypeDef *)((DMA_HandleTypeDef *)hdma)->Parent;
2256:Drivers/STM32F4xx_HAL_Driver/Src/stm32f4xx_hal_tim_ex.c **** 
2257:Drivers/STM32F4xx_HAL_Driver/Src/stm32f4xx_hal_tim_ex.c ****   /* Change the htim state */
2258:Drivers/STM32F4xx_HAL_Driver/Src/stm32f4xx_hal_tim_ex.c ****   htim->State = HAL_TIM_STATE_READY;
2259:Drivers/STM32F4xx_HAL_Driver/Src/stm32f4xx_hal_tim_ex.c **** 
2260:Drivers/STM32F4xx_HAL_Driver/Src/stm32f4xx_hal_tim_ex.c **** #if (USE_HAL_TIM_REGISTER_CALLBACKS == 1)
2261:Drivers/STM32F4xx_HAL_Driver/Src/stm32f4xx_hal_tim_ex.c ****   htim->CommutationCallback(htim);
2262:Drivers/STM32F4xx_HAL_Driver/Src/stm32f4xx_hal_tim_ex.c **** #else
2263:Drivers/STM32F4xx_HAL_Driver/Src/stm32f4xx_hal_tim_ex.c ****   HAL_TIMEx_CommutCallback(htim);
2264:Drivers/STM32F4xx_HAL_Driver/Src/stm32f4xx_hal_tim_ex.c **** #endif /* USE_HAL_TIM_REGISTER_CALLBACKS */
2265:Drivers/STM32F4xx_HAL_Driver/Src/stm32f4xx_hal_tim_ex.c **** }
2266:Drivers/STM32F4xx_HAL_Driver/Src/stm32f4xx_hal_tim_ex.c **** 
2267:Drivers/STM32F4xx_HAL_Driver/Src/stm32f4xx_hal_tim_ex.c **** /**
2268:Drivers/STM32F4xx_HAL_Driver/Src/stm32f4xx_hal_tim_ex.c ****   * @brief  TIM DMA Commutation half complete callback.
2269:Drivers/STM32F4xx_HAL_Driver/Src/stm32f4xx_hal_tim_ex.c ****   * @param  hdma pointer to DMA handle.
2270:Drivers/STM32F4xx_HAL_Driver/Src/stm32f4xx_hal_tim_ex.c ****   * @retval None
2271:Drivers/STM32F4xx_HAL_Driver/Src/stm32f4xx_hal_tim_ex.c ****   */
2272:Drivers/STM32F4xx_HAL_Driver/Src/stm32f4xx_hal_tim_ex.c **** void TIMEx_DMACommutationHalfCplt(DMA_HandleTypeDef *hdma)
2273:Drivers/STM32F4xx_HAL_Driver/Src/stm32f4xx_hal_tim_ex.c **** {
2274:Drivers/STM32F4xx_HAL_Driver/Src/stm32f4xx_hal_tim_ex.c ****   TIM_HandleTypeDef *htim = (TIM_HandleTypeDef *)((DMA_HandleTypeDef *)hdma)->Parent;
2275:Drivers/STM32F4xx_HAL_Driver/Src/stm32f4xx_hal_tim_ex.c **** 
2276:Drivers/STM32F4xx_HAL_Driver/Src/stm32f4xx_hal_tim_ex.c ****   /* Change the htim state */
2277:Drivers/STM32F4xx_HAL_Driver/Src/stm32f4xx_hal_tim_ex.c ****   htim->State = HAL_TIM_STATE_READY;
2278:Drivers/STM32F4xx_HAL_Driver/Src/stm32f4xx_hal_tim_ex.c **** 
2279:Drivers/STM32F4xx_HAL_Driver/Src/stm32f4xx_hal_tim_ex.c **** #if (USE_HAL_TIM_REGISTER_CALLBACKS == 1)
2280:Drivers/STM32F4xx_HAL_Driver/Src/stm32f4xx_hal_tim_ex.c ****   htim->CommutationHalfCpltCallback(htim);
2281:Drivers/STM32F4xx_HAL_Driver/Src/stm32f4xx_hal_tim_ex.c **** #else
2282:Drivers/STM32F4xx_HAL_Driver/Src/stm32f4xx_hal_tim_ex.c ****   HAL_TIMEx_CommutHalfCpltCallback(htim);
2283:Drivers/STM32F4xx_HAL_Driver/Src/stm32f4xx_hal_tim_ex.c **** #endif /* USE_HAL_TIM_REGISTER_CALLBACKS */
2284:Drivers/STM32F4xx_HAL_Driver/Src/stm32f4xx_hal_tim_ex.c **** }
2285:Drivers/STM32F4xx_HAL_Driver/Src/stm32f4xx_hal_tim_ex.c **** 
2286:Drivers/STM32F4xx_HAL_Driver/Src/stm32f4xx_hal_tim_ex.c **** 
2287:Drivers/STM32F4xx_HAL_Driver/Src/stm32f4xx_hal_tim_ex.c **** /**
2288:Drivers/STM32F4xx_HAL_Driver/Src/stm32f4xx_hal_tim_ex.c ****   * @brief  TIM DMA Delay Pulse complete callback (complementary channel).
2289:Drivers/STM32F4xx_HAL_Driver/Src/stm32f4xx_hal_tim_ex.c ****   * @param  hdma pointer to DMA handle.
2290:Drivers/STM32F4xx_HAL_Driver/Src/stm32f4xx_hal_tim_ex.c ****   * @retval None
2291:Drivers/STM32F4xx_HAL_Driver/Src/stm32f4xx_hal_tim_ex.c ****   */
2292:Drivers/STM32F4xx_HAL_Driver/Src/stm32f4xx_hal_tim_ex.c **** static void TIM_DMADelayPulseNCplt(DMA_HandleTypeDef *hdma)
2293:Drivers/STM32F4xx_HAL_Driver/Src/stm32f4xx_hal_tim_ex.c **** {
2294:Drivers/STM32F4xx_HAL_Driver/Src/stm32f4xx_hal_tim_ex.c ****   TIM_HandleTypeDef *htim = (TIM_HandleTypeDef *)((DMA_HandleTypeDef *)hdma)->Parent;
2295:Drivers/STM32F4xx_HAL_Driver/Src/stm32f4xx_hal_tim_ex.c **** 
2296:Drivers/STM32F4xx_HAL_Driver/Src/stm32f4xx_hal_tim_ex.c ****   if (hdma == htim->hdma[TIM_DMA_ID_CC1])
2297:Drivers/STM32F4xx_HAL_Driver/Src/stm32f4xx_hal_tim_ex.c ****   {
2298:Drivers/STM32F4xx_HAL_Driver/Src/stm32f4xx_hal_tim_ex.c ****     htim->Channel = HAL_TIM_ACTIVE_CHANNEL_1;
2299:Drivers/STM32F4xx_HAL_Driver/Src/stm32f4xx_hal_tim_ex.c **** 
2300:Drivers/STM32F4xx_HAL_Driver/Src/stm32f4xx_hal_tim_ex.c ****     if (hdma->Init.Mode == DMA_NORMAL)
2301:Drivers/STM32F4xx_HAL_Driver/Src/stm32f4xx_hal_tim_ex.c ****     {
2302:Drivers/STM32F4xx_HAL_Driver/Src/stm32f4xx_hal_tim_ex.c ****       TIM_CHANNEL_N_STATE_SET(htim, TIM_CHANNEL_1, HAL_TIM_CHANNEL_STATE_READY);
2303:Drivers/STM32F4xx_HAL_Driver/Src/stm32f4xx_hal_tim_ex.c ****     }
2304:Drivers/STM32F4xx_HAL_Driver/Src/stm32f4xx_hal_tim_ex.c ****   }
2305:Drivers/STM32F4xx_HAL_Driver/Src/stm32f4xx_hal_tim_ex.c ****   else if (hdma == htim->hdma[TIM_DMA_ID_CC2])
2306:Drivers/STM32F4xx_HAL_Driver/Src/stm32f4xx_hal_tim_ex.c ****   {
2307:Drivers/STM32F4xx_HAL_Driver/Src/stm32f4xx_hal_tim_ex.c ****     htim->Channel = HAL_TIM_ACTIVE_CHANNEL_2;
2308:Drivers/STM32F4xx_HAL_Driver/Src/stm32f4xx_hal_tim_ex.c **** 
2309:Drivers/STM32F4xx_HAL_Driver/Src/stm32f4xx_hal_tim_ex.c ****     if (hdma->Init.Mode == DMA_NORMAL)
2310:Drivers/STM32F4xx_HAL_Driver/Src/stm32f4xx_hal_tim_ex.c ****     {
ARM GAS  C:\Users\10369\AppData\Local\Temp\ccUaxGpI.s 			page 42


2311:Drivers/STM32F4xx_HAL_Driver/Src/stm32f4xx_hal_tim_ex.c ****       TIM_CHANNEL_N_STATE_SET(htim, TIM_CHANNEL_2, HAL_TIM_CHANNEL_STATE_READY);
2312:Drivers/STM32F4xx_HAL_Driver/Src/stm32f4xx_hal_tim_ex.c ****     }
2313:Drivers/STM32F4xx_HAL_Driver/Src/stm32f4xx_hal_tim_ex.c ****   }
2314:Drivers/STM32F4xx_HAL_Driver/Src/stm32f4xx_hal_tim_ex.c ****   else if (hdma == htim->hdma[TIM_DMA_ID_CC3])
2315:Drivers/STM32F4xx_HAL_Driver/Src/stm32f4xx_hal_tim_ex.c ****   {
2316:Drivers/STM32F4xx_HAL_Driver/Src/stm32f4xx_hal_tim_ex.c ****     htim->Channel = HAL_TIM_ACTIVE_CHANNEL_3;
2317:Drivers/STM32F4xx_HAL_Driver/Src/stm32f4xx_hal_tim_ex.c **** 
2318:Drivers/STM32F4xx_HAL_Driver/Src/stm32f4xx_hal_tim_ex.c ****     if (hdma->Init.Mode == DMA_NORMAL)
2319:Drivers/STM32F4xx_HAL_Driver/Src/stm32f4xx_hal_tim_ex.c ****     {
2320:Drivers/STM32F4xx_HAL_Driver/Src/stm32f4xx_hal_tim_ex.c ****       TIM_CHANNEL_N_STATE_SET(htim, TIM_CHANNEL_3, HAL_TIM_CHANNEL_STATE_READY);
2321:Drivers/STM32F4xx_HAL_Driver/Src/stm32f4xx_hal_tim_ex.c ****     }
2322:Drivers/STM32F4xx_HAL_Driver/Src/stm32f4xx_hal_tim_ex.c ****   }
2323:Drivers/STM32F4xx_HAL_Driver/Src/stm32f4xx_hal_tim_ex.c ****   else
2324:Drivers/STM32F4xx_HAL_Driver/Src/stm32f4xx_hal_tim_ex.c ****   {
2325:Drivers/STM32F4xx_HAL_Driver/Src/stm32f4xx_hal_tim_ex.c ****     /* nothing to do */
2326:Drivers/STM32F4xx_HAL_Driver/Src/stm32f4xx_hal_tim_ex.c ****   }
2327:Drivers/STM32F4xx_HAL_Driver/Src/stm32f4xx_hal_tim_ex.c **** 
2328:Drivers/STM32F4xx_HAL_Driver/Src/stm32f4xx_hal_tim_ex.c **** #if (USE_HAL_TIM_REGISTER_CALLBACKS == 1)
2329:Drivers/STM32F4xx_HAL_Driver/Src/stm32f4xx_hal_tim_ex.c ****   htim->PWM_PulseFinishedCallback(htim);
2330:Drivers/STM32F4xx_HAL_Driver/Src/stm32f4xx_hal_tim_ex.c **** #else
2331:Drivers/STM32F4xx_HAL_Driver/Src/stm32f4xx_hal_tim_ex.c ****   HAL_TIM_PWM_PulseFinishedCallback(htim);
2332:Drivers/STM32F4xx_HAL_Driver/Src/stm32f4xx_hal_tim_ex.c **** #endif /* USE_HAL_TIM_REGISTER_CALLBACKS */
2333:Drivers/STM32F4xx_HAL_Driver/Src/stm32f4xx_hal_tim_ex.c **** 
2334:Drivers/STM32F4xx_HAL_Driver/Src/stm32f4xx_hal_tim_ex.c ****   htim->Channel = HAL_TIM_ACTIVE_CHANNEL_CLEARED;
2335:Drivers/STM32F4xx_HAL_Driver/Src/stm32f4xx_hal_tim_ex.c **** }
2336:Drivers/STM32F4xx_HAL_Driver/Src/stm32f4xx_hal_tim_ex.c **** 
2337:Drivers/STM32F4xx_HAL_Driver/Src/stm32f4xx_hal_tim_ex.c **** /**
2338:Drivers/STM32F4xx_HAL_Driver/Src/stm32f4xx_hal_tim_ex.c ****   * @brief  TIM DMA error callback (complementary channel)
2339:Drivers/STM32F4xx_HAL_Driver/Src/stm32f4xx_hal_tim_ex.c ****   * @param  hdma pointer to DMA handle.
2340:Drivers/STM32F4xx_HAL_Driver/Src/stm32f4xx_hal_tim_ex.c ****   * @retval None
2341:Drivers/STM32F4xx_HAL_Driver/Src/stm32f4xx_hal_tim_ex.c ****   */
2342:Drivers/STM32F4xx_HAL_Driver/Src/stm32f4xx_hal_tim_ex.c **** static void TIM_DMAErrorCCxN(DMA_HandleTypeDef *hdma)
2343:Drivers/STM32F4xx_HAL_Driver/Src/stm32f4xx_hal_tim_ex.c **** {
2344:Drivers/STM32F4xx_HAL_Driver/Src/stm32f4xx_hal_tim_ex.c ****   TIM_HandleTypeDef *htim = (TIM_HandleTypeDef *)((DMA_HandleTypeDef *)hdma)->Parent;
2345:Drivers/STM32F4xx_HAL_Driver/Src/stm32f4xx_hal_tim_ex.c **** 
2346:Drivers/STM32F4xx_HAL_Driver/Src/stm32f4xx_hal_tim_ex.c ****   if (hdma == htim->hdma[TIM_DMA_ID_CC1])
2347:Drivers/STM32F4xx_HAL_Driver/Src/stm32f4xx_hal_tim_ex.c ****   {
2348:Drivers/STM32F4xx_HAL_Driver/Src/stm32f4xx_hal_tim_ex.c ****     htim->Channel = HAL_TIM_ACTIVE_CHANNEL_1;
2349:Drivers/STM32F4xx_HAL_Driver/Src/stm32f4xx_hal_tim_ex.c ****     TIM_CHANNEL_N_STATE_SET(htim, TIM_CHANNEL_1, HAL_TIM_CHANNEL_STATE_READY);
2350:Drivers/STM32F4xx_HAL_Driver/Src/stm32f4xx_hal_tim_ex.c ****   }
2351:Drivers/STM32F4xx_HAL_Driver/Src/stm32f4xx_hal_tim_ex.c ****   else if (hdma == htim->hdma[TIM_DMA_ID_CC2])
2352:Drivers/STM32F4xx_HAL_Driver/Src/stm32f4xx_hal_tim_ex.c ****   {
2353:Drivers/STM32F4xx_HAL_Driver/Src/stm32f4xx_hal_tim_ex.c ****     htim->Channel = HAL_TIM_ACTIVE_CHANNEL_2;
2354:Drivers/STM32F4xx_HAL_Driver/Src/stm32f4xx_hal_tim_ex.c ****     TIM_CHANNEL_N_STATE_SET(htim, TIM_CHANNEL_2, HAL_TIM_CHANNEL_STATE_READY);
2355:Drivers/STM32F4xx_HAL_Driver/Src/stm32f4xx_hal_tim_ex.c ****   }
2356:Drivers/STM32F4xx_HAL_Driver/Src/stm32f4xx_hal_tim_ex.c ****   else if (hdma == htim->hdma[TIM_DMA_ID_CC3])
2357:Drivers/STM32F4xx_HAL_Driver/Src/stm32f4xx_hal_tim_ex.c ****   {
2358:Drivers/STM32F4xx_HAL_Driver/Src/stm32f4xx_hal_tim_ex.c ****     htim->Channel = HAL_TIM_ACTIVE_CHANNEL_3;
2359:Drivers/STM32F4xx_HAL_Driver/Src/stm32f4xx_hal_tim_ex.c ****     TIM_CHANNEL_N_STATE_SET(htim, TIM_CHANNEL_3, HAL_TIM_CHANNEL_STATE_READY);
2360:Drivers/STM32F4xx_HAL_Driver/Src/stm32f4xx_hal_tim_ex.c ****   }
2361:Drivers/STM32F4xx_HAL_Driver/Src/stm32f4xx_hal_tim_ex.c ****   else
2362:Drivers/STM32F4xx_HAL_Driver/Src/stm32f4xx_hal_tim_ex.c ****   {
2363:Drivers/STM32F4xx_HAL_Driver/Src/stm32f4xx_hal_tim_ex.c ****     /* nothing to do */
2364:Drivers/STM32F4xx_HAL_Driver/Src/stm32f4xx_hal_tim_ex.c ****   }
2365:Drivers/STM32F4xx_HAL_Driver/Src/stm32f4xx_hal_tim_ex.c **** 
2366:Drivers/STM32F4xx_HAL_Driver/Src/stm32f4xx_hal_tim_ex.c **** #if (USE_HAL_TIM_REGISTER_CALLBACKS == 1)
2367:Drivers/STM32F4xx_HAL_Driver/Src/stm32f4xx_hal_tim_ex.c ****   htim->ErrorCallback(htim);
ARM GAS  C:\Users\10369\AppData\Local\Temp\ccUaxGpI.s 			page 43


2368:Drivers/STM32F4xx_HAL_Driver/Src/stm32f4xx_hal_tim_ex.c **** #else
2369:Drivers/STM32F4xx_HAL_Driver/Src/stm32f4xx_hal_tim_ex.c ****   HAL_TIM_ErrorCallback(htim);
2370:Drivers/STM32F4xx_HAL_Driver/Src/stm32f4xx_hal_tim_ex.c **** #endif /* USE_HAL_TIM_REGISTER_CALLBACKS */
2371:Drivers/STM32F4xx_HAL_Driver/Src/stm32f4xx_hal_tim_ex.c **** 
2372:Drivers/STM32F4xx_HAL_Driver/Src/stm32f4xx_hal_tim_ex.c ****   htim->Channel = HAL_TIM_ACTIVE_CHANNEL_CLEARED;
2373:Drivers/STM32F4xx_HAL_Driver/Src/stm32f4xx_hal_tim_ex.c **** }
2374:Drivers/STM32F4xx_HAL_Driver/Src/stm32f4xx_hal_tim_ex.c **** 
2375:Drivers/STM32F4xx_HAL_Driver/Src/stm32f4xx_hal_tim_ex.c **** /**
2376:Drivers/STM32F4xx_HAL_Driver/Src/stm32f4xx_hal_tim_ex.c ****   * @brief  Enables or disables the TIM Capture Compare Channel xN.
2377:Drivers/STM32F4xx_HAL_Driver/Src/stm32f4xx_hal_tim_ex.c ****   * @param  TIMx to select the TIM peripheral
2378:Drivers/STM32F4xx_HAL_Driver/Src/stm32f4xx_hal_tim_ex.c ****   * @param  Channel specifies the TIM Channel
2379:Drivers/STM32F4xx_HAL_Driver/Src/stm32f4xx_hal_tim_ex.c ****   *          This parameter can be one of the following values:
2380:Drivers/STM32F4xx_HAL_Driver/Src/stm32f4xx_hal_tim_ex.c ****   *            @arg TIM_CHANNEL_1: TIM Channel 1
2381:Drivers/STM32F4xx_HAL_Driver/Src/stm32f4xx_hal_tim_ex.c ****   *            @arg TIM_CHANNEL_2: TIM Channel 2
2382:Drivers/STM32F4xx_HAL_Driver/Src/stm32f4xx_hal_tim_ex.c ****   *            @arg TIM_CHANNEL_3: TIM Channel 3
2383:Drivers/STM32F4xx_HAL_Driver/Src/stm32f4xx_hal_tim_ex.c ****   * @param  ChannelNState specifies the TIM Channel CCxNE bit new state.
2384:Drivers/STM32F4xx_HAL_Driver/Src/stm32f4xx_hal_tim_ex.c ****   *          This parameter can be: TIM_CCxN_ENABLE or TIM_CCxN_Disable.
2385:Drivers/STM32F4xx_HAL_Driver/Src/stm32f4xx_hal_tim_ex.c ****   * @retval None
2386:Drivers/STM32F4xx_HAL_Driver/Src/stm32f4xx_hal_tim_ex.c ****   */
2387:Drivers/STM32F4xx_HAL_Driver/Src/stm32f4xx_hal_tim_ex.c **** static void TIM_CCxNChannelCmd(TIM_TypeDef *TIMx, uint32_t Channel, uint32_t ChannelNState)
2388:Drivers/STM32F4xx_HAL_Driver/Src/stm32f4xx_hal_tim_ex.c **** {
  29              		.loc 1 2388 1 view -0
  30              		.cfi_startproc
  31              		@ args = 0, pretend = 0, frame = 0
  32              		@ frame_needed = 0, uses_anonymous_args = 0
  33              		@ link register save eliminated.
2389:Drivers/STM32F4xx_HAL_Driver/Src/stm32f4xx_hal_tim_ex.c ****   uint32_t tmp;
  34              		.loc 1 2389 3 view .LVU1
2390:Drivers/STM32F4xx_HAL_Driver/Src/stm32f4xx_hal_tim_ex.c **** 
2391:Drivers/STM32F4xx_HAL_Driver/Src/stm32f4xx_hal_tim_ex.c ****   tmp = TIM_CCER_CC1NE << (Channel & 0xFU); /* 0xFU = 15 bits max shift */
  35              		.loc 1 2391 3 view .LVU2
  36              		.loc 1 2391 36 is_stmt 0 view .LVU3
  37 0000 01F00F01 		and	r1, r1, #15
  38              	.LVL1:
  39              		.loc 1 2391 7 view .LVU4
  40 0004 4FF0040C 		mov	ip, #4
  41 0008 0CFA01FC 		lsl	ip, ip, r1
  42              	.LVL2:
2392:Drivers/STM32F4xx_HAL_Driver/Src/stm32f4xx_hal_tim_ex.c **** 
2393:Drivers/STM32F4xx_HAL_Driver/Src/stm32f4xx_hal_tim_ex.c ****   /* Reset the CCxNE Bit */
2394:Drivers/STM32F4xx_HAL_Driver/Src/stm32f4xx_hal_tim_ex.c ****   TIMx->CCER &=  ~tmp;
  43              		.loc 1 2394 3 is_stmt 1 view .LVU5
  44              		.loc 1 2394 7 is_stmt 0 view .LVU6
  45 000c 036A     		ldr	r3, [r0, #32]
  46              		.loc 1 2394 14 view .LVU7
  47 000e 23EA0C03 		bic	r3, r3, ip
  48 0012 0362     		str	r3, [r0, #32]
2395:Drivers/STM32F4xx_HAL_Driver/Src/stm32f4xx_hal_tim_ex.c **** 
2396:Drivers/STM32F4xx_HAL_Driver/Src/stm32f4xx_hal_tim_ex.c ****   /* Set or reset the CCxNE Bit */
2397:Drivers/STM32F4xx_HAL_Driver/Src/stm32f4xx_hal_tim_ex.c ****   TIMx->CCER |= (uint32_t)(ChannelNState << (Channel & 0xFU)); /* 0xFU = 15 bits max shift */
  49              		.loc 1 2397 3 is_stmt 1 view .LVU8
  50              		.loc 1 2397 7 is_stmt 0 view .LVU9
  51 0014 036A     		ldr	r3, [r0, #32]
  52              		.loc 1 2397 42 view .LVU10
  53 0016 8A40     		lsls	r2, r2, r1
  54              	.LVL3:
  55              		.loc 1 2397 14 view .LVU11
ARM GAS  C:\Users\10369\AppData\Local\Temp\ccUaxGpI.s 			page 44


  56 0018 1343     		orrs	r3, r3, r2
  57 001a 0362     		str	r3, [r0, #32]
2398:Drivers/STM32F4xx_HAL_Driver/Src/stm32f4xx_hal_tim_ex.c **** }
  58              		.loc 1 2398 1 view .LVU12
  59 001c 7047     		bx	lr
  60              		.cfi_endproc
  61              	.LFE175:
  63              		.section	.text.TIM_DMAErrorCCxN,"ax",%progbits
  64              		.align	1
  65              		.syntax unified
  66              		.thumb
  67              		.thumb_func
  69              	TIM_DMAErrorCCxN:
  70              	.LVL4:
  71              	.LFB174:
2343:Drivers/STM32F4xx_HAL_Driver/Src/stm32f4xx_hal_tim_ex.c ****   TIM_HandleTypeDef *htim = (TIM_HandleTypeDef *)((DMA_HandleTypeDef *)hdma)->Parent;
  72              		.loc 1 2343 1 is_stmt 1 view -0
  73              		.cfi_startproc
  74              		@ args = 0, pretend = 0, frame = 0
  75              		@ frame_needed = 0, uses_anonymous_args = 0
2343:Drivers/STM32F4xx_HAL_Driver/Src/stm32f4xx_hal_tim_ex.c ****   TIM_HandleTypeDef *htim = (TIM_HandleTypeDef *)((DMA_HandleTypeDef *)hdma)->Parent;
  76              		.loc 1 2343 1 is_stmt 0 view .LVU14
  77 0000 10B5     		push	{r4, lr}
  78              	.LCFI0:
  79              		.cfi_def_cfa_offset 8
  80              		.cfi_offset 4, -8
  81              		.cfi_offset 14, -4
2344:Drivers/STM32F4xx_HAL_Driver/Src/stm32f4xx_hal_tim_ex.c **** 
  82              		.loc 1 2344 3 is_stmt 1 view .LVU15
2344:Drivers/STM32F4xx_HAL_Driver/Src/stm32f4xx_hal_tim_ex.c **** 
  83              		.loc 1 2344 22 is_stmt 0 view .LVU16
  84 0002 846B     		ldr	r4, [r0, #56]
  85              	.LVL5:
2346:Drivers/STM32F4xx_HAL_Driver/Src/stm32f4xx_hal_tim_ex.c ****   {
  86              		.loc 1 2346 3 is_stmt 1 view .LVU17
2346:Drivers/STM32F4xx_HAL_Driver/Src/stm32f4xx_hal_tim_ex.c ****   {
  87              		.loc 1 2346 25 is_stmt 0 view .LVU18
  88 0004 636A     		ldr	r3, [r4, #36]
2346:Drivers/STM32F4xx_HAL_Driver/Src/stm32f4xx_hal_tim_ex.c ****   {
  89              		.loc 1 2346 6 view .LVU19
  90 0006 8342     		cmp	r3, r0
  91 0008 0BD0     		beq	.L7
2351:Drivers/STM32F4xx_HAL_Driver/Src/stm32f4xx_hal_tim_ex.c ****   {
  92              		.loc 1 2351 8 is_stmt 1 view .LVU20
2351:Drivers/STM32F4xx_HAL_Driver/Src/stm32f4xx_hal_tim_ex.c ****   {
  93              		.loc 1 2351 30 is_stmt 0 view .LVU21
  94 000a A36A     		ldr	r3, [r4, #40]
2351:Drivers/STM32F4xx_HAL_Driver/Src/stm32f4xx_hal_tim_ex.c ****   {
  95              		.loc 1 2351 11 view .LVU22
  96 000c 8342     		cmp	r3, r0
  97 000e 0DD0     		beq	.L8
2356:Drivers/STM32F4xx_HAL_Driver/Src/stm32f4xx_hal_tim_ex.c ****   {
  98              		.loc 1 2356 8 is_stmt 1 view .LVU23
2356:Drivers/STM32F4xx_HAL_Driver/Src/stm32f4xx_hal_tim_ex.c ****   {
  99              		.loc 1 2356 30 is_stmt 0 view .LVU24
 100 0010 E36A     		ldr	r3, [r4, #44]
2356:Drivers/STM32F4xx_HAL_Driver/Src/stm32f4xx_hal_tim_ex.c ****   {
ARM GAS  C:\Users\10369\AppData\Local\Temp\ccUaxGpI.s 			page 45


 101              		.loc 1 2356 11 view .LVU25
 102 0012 8342     		cmp	r3, r0
 103 0014 10D0     		beq	.L9
 104              	.L4:
2364:Drivers/STM32F4xx_HAL_Driver/Src/stm32f4xx_hal_tim_ex.c **** 
 105              		.loc 1 2364 3 is_stmt 1 view .LVU26
2369:Drivers/STM32F4xx_HAL_Driver/Src/stm32f4xx_hal_tim_ex.c **** #endif /* USE_HAL_TIM_REGISTER_CALLBACKS */
 106              		.loc 1 2369 3 view .LVU27
 107 0016 2046     		mov	r0, r4
 108              	.LVL6:
2369:Drivers/STM32F4xx_HAL_Driver/Src/stm32f4xx_hal_tim_ex.c **** #endif /* USE_HAL_TIM_REGISTER_CALLBACKS */
 109              		.loc 1 2369 3 is_stmt 0 view .LVU28
 110 0018 FFF7FEFF 		bl	HAL_TIM_ErrorCallback
 111              	.LVL7:
2372:Drivers/STM32F4xx_HAL_Driver/Src/stm32f4xx_hal_tim_ex.c **** }
 112              		.loc 1 2372 3 is_stmt 1 view .LVU29
2372:Drivers/STM32F4xx_HAL_Driver/Src/stm32f4xx_hal_tim_ex.c **** }
 113              		.loc 1 2372 17 is_stmt 0 view .LVU30
 114 001c 0023     		movs	r3, #0
 115 001e 2377     		strb	r3, [r4, #28]
2373:Drivers/STM32F4xx_HAL_Driver/Src/stm32f4xx_hal_tim_ex.c **** 
 116              		.loc 1 2373 1 view .LVU31
 117 0020 10BD     		pop	{r4, pc}
 118              	.LVL8:
 119              	.L7:
2348:Drivers/STM32F4xx_HAL_Driver/Src/stm32f4xx_hal_tim_ex.c ****     TIM_CHANNEL_N_STATE_SET(htim, TIM_CHANNEL_1, HAL_TIM_CHANNEL_STATE_READY);
 120              		.loc 1 2348 5 is_stmt 1 view .LVU32
2348:Drivers/STM32F4xx_HAL_Driver/Src/stm32f4xx_hal_tim_ex.c ****     TIM_CHANNEL_N_STATE_SET(htim, TIM_CHANNEL_1, HAL_TIM_CHANNEL_STATE_READY);
 121              		.loc 1 2348 19 is_stmt 0 view .LVU33
 122 0022 0123     		movs	r3, #1
 123 0024 2377     		strb	r3, [r4, #28]
2349:Drivers/STM32F4xx_HAL_Driver/Src/stm32f4xx_hal_tim_ex.c ****   }
 124              		.loc 1 2349 5 is_stmt 1 view .LVU34
 125 0026 84F84230 		strb	r3, [r4, #66]
 126 002a F4E7     		b	.L4
 127              	.L8:
2353:Drivers/STM32F4xx_HAL_Driver/Src/stm32f4xx_hal_tim_ex.c ****     TIM_CHANNEL_N_STATE_SET(htim, TIM_CHANNEL_2, HAL_TIM_CHANNEL_STATE_READY);
 128              		.loc 1 2353 5 view .LVU35
2353:Drivers/STM32F4xx_HAL_Driver/Src/stm32f4xx_hal_tim_ex.c ****     TIM_CHANNEL_N_STATE_SET(htim, TIM_CHANNEL_2, HAL_TIM_CHANNEL_STATE_READY);
 129              		.loc 1 2353 19 is_stmt 0 view .LVU36
 130 002c 0223     		movs	r3, #2
 131 002e 2377     		strb	r3, [r4, #28]
2354:Drivers/STM32F4xx_HAL_Driver/Src/stm32f4xx_hal_tim_ex.c ****   }
 132              		.loc 1 2354 5 is_stmt 1 view .LVU37
 133 0030 0123     		movs	r3, #1
 134 0032 84F84330 		strb	r3, [r4, #67]
 135 0036 EEE7     		b	.L4
 136              	.L9:
2358:Drivers/STM32F4xx_HAL_Driver/Src/stm32f4xx_hal_tim_ex.c ****     TIM_CHANNEL_N_STATE_SET(htim, TIM_CHANNEL_3, HAL_TIM_CHANNEL_STATE_READY);
 137              		.loc 1 2358 5 view .LVU38
2358:Drivers/STM32F4xx_HAL_Driver/Src/stm32f4xx_hal_tim_ex.c ****     TIM_CHANNEL_N_STATE_SET(htim, TIM_CHANNEL_3, HAL_TIM_CHANNEL_STATE_READY);
 138              		.loc 1 2358 19 is_stmt 0 view .LVU39
 139 0038 0423     		movs	r3, #4
 140 003a 2377     		strb	r3, [r4, #28]
2359:Drivers/STM32F4xx_HAL_Driver/Src/stm32f4xx_hal_tim_ex.c ****   }
 141              		.loc 1 2359 5 is_stmt 1 view .LVU40
 142 003c 0123     		movs	r3, #1
ARM GAS  C:\Users\10369\AppData\Local\Temp\ccUaxGpI.s 			page 46


 143 003e 84F84430 		strb	r3, [r4, #68]
 144 0042 E8E7     		b	.L4
 145              		.cfi_endproc
 146              	.LFE174:
 148              		.section	.text.TIM_DMADelayPulseNCplt,"ax",%progbits
 149              		.align	1
 150              		.syntax unified
 151              		.thumb
 152              		.thumb_func
 154              	TIM_DMADelayPulseNCplt:
 155              	.LVL9:
 156              	.LFB173:
2293:Drivers/STM32F4xx_HAL_Driver/Src/stm32f4xx_hal_tim_ex.c ****   TIM_HandleTypeDef *htim = (TIM_HandleTypeDef *)((DMA_HandleTypeDef *)hdma)->Parent;
 157              		.loc 1 2293 1 view -0
 158              		.cfi_startproc
 159              		@ args = 0, pretend = 0, frame = 0
 160              		@ frame_needed = 0, uses_anonymous_args = 0
2293:Drivers/STM32F4xx_HAL_Driver/Src/stm32f4xx_hal_tim_ex.c ****   TIM_HandleTypeDef *htim = (TIM_HandleTypeDef *)((DMA_HandleTypeDef *)hdma)->Parent;
 161              		.loc 1 2293 1 is_stmt 0 view .LVU42
 162 0000 10B5     		push	{r4, lr}
 163              	.LCFI1:
 164              		.cfi_def_cfa_offset 8
 165              		.cfi_offset 4, -8
 166              		.cfi_offset 14, -4
2294:Drivers/STM32F4xx_HAL_Driver/Src/stm32f4xx_hal_tim_ex.c **** 
 167              		.loc 1 2294 3 is_stmt 1 view .LVU43
2294:Drivers/STM32F4xx_HAL_Driver/Src/stm32f4xx_hal_tim_ex.c **** 
 168              		.loc 1 2294 22 is_stmt 0 view .LVU44
 169 0002 846B     		ldr	r4, [r0, #56]
 170              	.LVL10:
2296:Drivers/STM32F4xx_HAL_Driver/Src/stm32f4xx_hal_tim_ex.c ****   {
 171              		.loc 1 2296 3 is_stmt 1 view .LVU45
2296:Drivers/STM32F4xx_HAL_Driver/Src/stm32f4xx_hal_tim_ex.c ****   {
 172              		.loc 1 2296 25 is_stmt 0 view .LVU46
 173 0004 636A     		ldr	r3, [r4, #36]
2296:Drivers/STM32F4xx_HAL_Driver/Src/stm32f4xx_hal_tim_ex.c ****   {
 174              		.loc 1 2296 6 view .LVU47
 175 0006 8342     		cmp	r3, r0
 176 0008 0BD0     		beq	.L15
2305:Drivers/STM32F4xx_HAL_Driver/Src/stm32f4xx_hal_tim_ex.c ****   {
 177              		.loc 1 2305 8 is_stmt 1 view .LVU48
2305:Drivers/STM32F4xx_HAL_Driver/Src/stm32f4xx_hal_tim_ex.c ****   {
 178              		.loc 1 2305 30 is_stmt 0 view .LVU49
 179 000a A36A     		ldr	r3, [r4, #40]
2305:Drivers/STM32F4xx_HAL_Driver/Src/stm32f4xx_hal_tim_ex.c ****   {
 180              		.loc 1 2305 11 view .LVU50
 181 000c 8342     		cmp	r3, r0
 182 000e 11D0     		beq	.L16
2314:Drivers/STM32F4xx_HAL_Driver/Src/stm32f4xx_hal_tim_ex.c ****   {
 183              		.loc 1 2314 8 is_stmt 1 view .LVU51
2314:Drivers/STM32F4xx_HAL_Driver/Src/stm32f4xx_hal_tim_ex.c ****   {
 184              		.loc 1 2314 30 is_stmt 0 view .LVU52
 185 0010 E36A     		ldr	r3, [r4, #44]
2314:Drivers/STM32F4xx_HAL_Driver/Src/stm32f4xx_hal_tim_ex.c ****   {
 186              		.loc 1 2314 11 view .LVU53
 187 0012 8342     		cmp	r3, r0
 188 0014 17D0     		beq	.L17
ARM GAS  C:\Users\10369\AppData\Local\Temp\ccUaxGpI.s 			page 47


 189              	.L12:
2326:Drivers/STM32F4xx_HAL_Driver/Src/stm32f4xx_hal_tim_ex.c **** 
 190              		.loc 1 2326 3 is_stmt 1 view .LVU54
2331:Drivers/STM32F4xx_HAL_Driver/Src/stm32f4xx_hal_tim_ex.c **** #endif /* USE_HAL_TIM_REGISTER_CALLBACKS */
 191              		.loc 1 2331 3 view .LVU55
 192 0016 2046     		mov	r0, r4
 193              	.LVL11:
2331:Drivers/STM32F4xx_HAL_Driver/Src/stm32f4xx_hal_tim_ex.c **** #endif /* USE_HAL_TIM_REGISTER_CALLBACKS */
 194              		.loc 1 2331 3 is_stmt 0 view .LVU56
 195 0018 FFF7FEFF 		bl	HAL_TIM_PWM_PulseFinishedCallback
 196              	.LVL12:
2334:Drivers/STM32F4xx_HAL_Driver/Src/stm32f4xx_hal_tim_ex.c **** }
 197              		.loc 1 2334 3 is_stmt 1 view .LVU57
2334:Drivers/STM32F4xx_HAL_Driver/Src/stm32f4xx_hal_tim_ex.c **** }
 198              		.loc 1 2334 17 is_stmt 0 view .LVU58
 199 001c 0023     		movs	r3, #0
 200 001e 2377     		strb	r3, [r4, #28]
2335:Drivers/STM32F4xx_HAL_Driver/Src/stm32f4xx_hal_tim_ex.c **** 
 201              		.loc 1 2335 1 view .LVU59
 202 0020 10BD     		pop	{r4, pc}
 203              	.LVL13:
 204              	.L15:
2298:Drivers/STM32F4xx_HAL_Driver/Src/stm32f4xx_hal_tim_ex.c **** 
 205              		.loc 1 2298 5 is_stmt 1 view .LVU60
2298:Drivers/STM32F4xx_HAL_Driver/Src/stm32f4xx_hal_tim_ex.c **** 
 206              		.loc 1 2298 19 is_stmt 0 view .LVU61
 207 0022 0123     		movs	r3, #1
 208 0024 2377     		strb	r3, [r4, #28]
2300:Drivers/STM32F4xx_HAL_Driver/Src/stm32f4xx_hal_tim_ex.c ****     {
 209              		.loc 1 2300 5 is_stmt 1 view .LVU62
2300:Drivers/STM32F4xx_HAL_Driver/Src/stm32f4xx_hal_tim_ex.c ****     {
 210              		.loc 1 2300 19 is_stmt 0 view .LVU63
 211 0026 C369     		ldr	r3, [r0, #28]
2300:Drivers/STM32F4xx_HAL_Driver/Src/stm32f4xx_hal_tim_ex.c ****     {
 212              		.loc 1 2300 8 view .LVU64
 213 0028 002B     		cmp	r3, #0
 214 002a F4D1     		bne	.L12
2302:Drivers/STM32F4xx_HAL_Driver/Src/stm32f4xx_hal_tim_ex.c ****     }
 215              		.loc 1 2302 7 is_stmt 1 view .LVU65
 216 002c 0123     		movs	r3, #1
 217 002e 84F84230 		strb	r3, [r4, #66]
 218 0032 F0E7     		b	.L12
 219              	.L16:
2307:Drivers/STM32F4xx_HAL_Driver/Src/stm32f4xx_hal_tim_ex.c **** 
 220              		.loc 1 2307 5 view .LVU66
2307:Drivers/STM32F4xx_HAL_Driver/Src/stm32f4xx_hal_tim_ex.c **** 
 221              		.loc 1 2307 19 is_stmt 0 view .LVU67
 222 0034 0223     		movs	r3, #2
 223 0036 2377     		strb	r3, [r4, #28]
2309:Drivers/STM32F4xx_HAL_Driver/Src/stm32f4xx_hal_tim_ex.c ****     {
 224              		.loc 1 2309 5 is_stmt 1 view .LVU68
2309:Drivers/STM32F4xx_HAL_Driver/Src/stm32f4xx_hal_tim_ex.c ****     {
 225              		.loc 1 2309 19 is_stmt 0 view .LVU69
 226 0038 C369     		ldr	r3, [r0, #28]
2309:Drivers/STM32F4xx_HAL_Driver/Src/stm32f4xx_hal_tim_ex.c ****     {
 227              		.loc 1 2309 8 view .LVU70
 228 003a 002B     		cmp	r3, #0
ARM GAS  C:\Users\10369\AppData\Local\Temp\ccUaxGpI.s 			page 48


 229 003c EBD1     		bne	.L12
2311:Drivers/STM32F4xx_HAL_Driver/Src/stm32f4xx_hal_tim_ex.c ****     }
 230              		.loc 1 2311 7 is_stmt 1 view .LVU71
 231 003e 0123     		movs	r3, #1
 232 0040 84F84330 		strb	r3, [r4, #67]
 233 0044 E7E7     		b	.L12
 234              	.L17:
2316:Drivers/STM32F4xx_HAL_Driver/Src/stm32f4xx_hal_tim_ex.c **** 
 235              		.loc 1 2316 5 view .LVU72
2316:Drivers/STM32F4xx_HAL_Driver/Src/stm32f4xx_hal_tim_ex.c **** 
 236              		.loc 1 2316 19 is_stmt 0 view .LVU73
 237 0046 0423     		movs	r3, #4
 238 0048 2377     		strb	r3, [r4, #28]
2318:Drivers/STM32F4xx_HAL_Driver/Src/stm32f4xx_hal_tim_ex.c ****     {
 239              		.loc 1 2318 5 is_stmt 1 view .LVU74
2318:Drivers/STM32F4xx_HAL_Driver/Src/stm32f4xx_hal_tim_ex.c ****     {
 240              		.loc 1 2318 19 is_stmt 0 view .LVU75
 241 004a C369     		ldr	r3, [r0, #28]
2318:Drivers/STM32F4xx_HAL_Driver/Src/stm32f4xx_hal_tim_ex.c ****     {
 242              		.loc 1 2318 8 view .LVU76
 243 004c 002B     		cmp	r3, #0
 244 004e E2D1     		bne	.L12
2320:Drivers/STM32F4xx_HAL_Driver/Src/stm32f4xx_hal_tim_ex.c ****     }
 245              		.loc 1 2320 7 is_stmt 1 view .LVU77
 246 0050 0123     		movs	r3, #1
 247 0052 84F84430 		strb	r3, [r4, #68]
 248 0056 DEE7     		b	.L12
 249              		.cfi_endproc
 250              	.LFE173:
 252              		.section	.text.HAL_TIMEx_HallSensor_MspInit,"ax",%progbits
 253              		.align	1
 254              		.weak	HAL_TIMEx_HallSensor_MspInit
 255              		.syntax unified
 256              		.thumb
 257              		.thumb_func
 259              	HAL_TIMEx_HallSensor_MspInit:
 260              	.LVL14:
 261              	.LFB136:
 286:Drivers/STM32F4xx_HAL_Driver/Src/stm32f4xx_hal_tim_ex.c ****   /* Prevent unused argument(s) compilation warning */
 262              		.loc 1 286 1 view -0
 263              		.cfi_startproc
 264              		@ args = 0, pretend = 0, frame = 0
 265              		@ frame_needed = 0, uses_anonymous_args = 0
 266              		@ link register save eliminated.
 288:Drivers/STM32F4xx_HAL_Driver/Src/stm32f4xx_hal_tim_ex.c **** 
 267              		.loc 1 288 3 view .LVU79
 293:Drivers/STM32F4xx_HAL_Driver/Src/stm32f4xx_hal_tim_ex.c **** 
 268              		.loc 1 293 1 is_stmt 0 view .LVU80
 269 0000 7047     		bx	lr
 270              		.cfi_endproc
 271              	.LFE136:
 273              		.section	.text.HAL_TIMEx_HallSensor_Init,"ax",%progbits
 274              		.align	1
 275              		.global	HAL_TIMEx_HallSensor_Init
 276              		.syntax unified
 277              		.thumb
 278              		.thumb_func
ARM GAS  C:\Users\10369\AppData\Local\Temp\ccUaxGpI.s 			page 49


 280              	HAL_TIMEx_HallSensor_Init:
 281              	.LVL15:
 282              	.LFB134:
 139:Drivers/STM32F4xx_HAL_Driver/Src/stm32f4xx_hal_tim_ex.c ****   TIM_OC_InitTypeDef OC_Config;
 283              		.loc 1 139 1 is_stmt 1 view -0
 284              		.cfi_startproc
 285              		@ args = 0, pretend = 0, frame = 32
 286              		@ frame_needed = 0, uses_anonymous_args = 0
 140:Drivers/STM32F4xx_HAL_Driver/Src/stm32f4xx_hal_tim_ex.c **** 
 287              		.loc 1 140 3 view .LVU82
 143:Drivers/STM32F4xx_HAL_Driver/Src/stm32f4xx_hal_tim_ex.c ****   {
 288              		.loc 1 143 3 view .LVU83
 143:Drivers/STM32F4xx_HAL_Driver/Src/stm32f4xx_hal_tim_ex.c ****   {
 289              		.loc 1 143 6 is_stmt 0 view .LVU84
 290 0000 0028     		cmp	r0, #0
 291 0002 65D0     		beq	.L22
 139:Drivers/STM32F4xx_HAL_Driver/Src/stm32f4xx_hal_tim_ex.c ****   TIM_OC_InitTypeDef OC_Config;
 292              		.loc 1 139 1 view .LVU85
 293 0004 70B5     		push	{r4, r5, r6, lr}
 294              	.LCFI2:
 295              		.cfi_def_cfa_offset 16
 296              		.cfi_offset 4, -16
 297              		.cfi_offset 5, -12
 298              		.cfi_offset 6, -8
 299              		.cfi_offset 14, -4
 300 0006 88B0     		sub	sp, sp, #32
 301              	.LCFI3:
 302              		.cfi_def_cfa_offset 48
 303 0008 0E46     		mov	r6, r1
 304 000a 0446     		mov	r4, r0
 149:Drivers/STM32F4xx_HAL_Driver/Src/stm32f4xx_hal_tim_ex.c ****   assert_param(IS_TIM_COUNTER_MODE(htim->Init.CounterMode));
 305              		.loc 1 149 3 is_stmt 1 view .LVU86
 150:Drivers/STM32F4xx_HAL_Driver/Src/stm32f4xx_hal_tim_ex.c ****   assert_param(IS_TIM_CLOCKDIVISION_DIV(htim->Init.ClockDivision));
 306              		.loc 1 150 3 view .LVU87
 151:Drivers/STM32F4xx_HAL_Driver/Src/stm32f4xx_hal_tim_ex.c ****   assert_param(IS_TIM_AUTORELOAD_PRELOAD(htim->Init.AutoReloadPreload));
 307              		.loc 1 151 3 view .LVU88
 152:Drivers/STM32F4xx_HAL_Driver/Src/stm32f4xx_hal_tim_ex.c ****   assert_param(IS_TIM_IC_POLARITY(sConfig->IC1Polarity));
 308              		.loc 1 152 3 view .LVU89
 153:Drivers/STM32F4xx_HAL_Driver/Src/stm32f4xx_hal_tim_ex.c ****   assert_param(IS_TIM_PERIOD(htim, htim->Init.Period));
 309              		.loc 1 153 3 view .LVU90
 154:Drivers/STM32F4xx_HAL_Driver/Src/stm32f4xx_hal_tim_ex.c ****   assert_param(IS_TIM_IC_PRESCALER(sConfig->IC1Prescaler));
 310              		.loc 1 154 3 view .LVU91
 155:Drivers/STM32F4xx_HAL_Driver/Src/stm32f4xx_hal_tim_ex.c ****   assert_param(IS_TIM_IC_FILTER(sConfig->IC1Filter));
 311              		.loc 1 155 3 view .LVU92
 156:Drivers/STM32F4xx_HAL_Driver/Src/stm32f4xx_hal_tim_ex.c **** 
 312              		.loc 1 156 3 view .LVU93
 158:Drivers/STM32F4xx_HAL_Driver/Src/stm32f4xx_hal_tim_ex.c ****   {
 313              		.loc 1 158 3 view .LVU94
 158:Drivers/STM32F4xx_HAL_Driver/Src/stm32f4xx_hal_tim_ex.c ****   {
 314              		.loc 1 158 11 is_stmt 0 view .LVU95
 315 000c 90F83D30 		ldrb	r3, [r0, #61]	@ zero_extendqisi2
 158:Drivers/STM32F4xx_HAL_Driver/Src/stm32f4xx_hal_tim_ex.c ****   {
 316              		.loc 1 158 6 view .LVU96
 317 0010 002B     		cmp	r3, #0
 318 0012 58D0     		beq	.L27
 319              	.LVL16:
 320              	.L21:
ARM GAS  C:\Users\10369\AppData\Local\Temp\ccUaxGpI.s 			page 50


 180:Drivers/STM32F4xx_HAL_Driver/Src/stm32f4xx_hal_tim_ex.c **** 
 321              		.loc 1 180 3 is_stmt 1 view .LVU97
 180:Drivers/STM32F4xx_HAL_Driver/Src/stm32f4xx_hal_tim_ex.c **** 
 322              		.loc 1 180 15 is_stmt 0 view .LVU98
 323 0014 0223     		movs	r3, #2
 324 0016 84F83D30 		strb	r3, [r4, #61]
 183:Drivers/STM32F4xx_HAL_Driver/Src/stm32f4xx_hal_tim_ex.c **** 
 325              		.loc 1 183 3 is_stmt 1 view .LVU99
 183:Drivers/STM32F4xx_HAL_Driver/Src/stm32f4xx_hal_tim_ex.c **** 
 326              		.loc 1 183 38 is_stmt 0 view .LVU100
 327 001a 2146     		mov	r1, r4
 183:Drivers/STM32F4xx_HAL_Driver/Src/stm32f4xx_hal_tim_ex.c **** 
 328              		.loc 1 183 3 view .LVU101
 329 001c 51F8040B 		ldr	r0, [r1], #4
 330 0020 FFF7FEFF 		bl	TIM_Base_SetConfig
 331              	.LVL17:
 186:Drivers/STM32F4xx_HAL_Driver/Src/stm32f4xx_hal_tim_ex.c **** 
 332              		.loc 1 186 3 is_stmt 1 view .LVU102
 333 0024 B368     		ldr	r3, [r6, #8]
 334 0026 0322     		movs	r2, #3
 335 0028 3168     		ldr	r1, [r6]
 336 002a 2068     		ldr	r0, [r4]
 337 002c FFF7FEFF 		bl	TIM_TI1_SetConfig
 338              	.LVL18:
 189:Drivers/STM32F4xx_HAL_Driver/Src/stm32f4xx_hal_tim_ex.c ****   /* Set the IC1PSC value */
 339              		.loc 1 189 3 view .LVU103
 189:Drivers/STM32F4xx_HAL_Driver/Src/stm32f4xx_hal_tim_ex.c ****   /* Set the IC1PSC value */
 340              		.loc 1 189 7 is_stmt 0 view .LVU104
 341 0030 2268     		ldr	r2, [r4]
 189:Drivers/STM32F4xx_HAL_Driver/Src/stm32f4xx_hal_tim_ex.c ****   /* Set the IC1PSC value */
 342              		.loc 1 189 17 view .LVU105
 343 0032 9369     		ldr	r3, [r2, #24]
 189:Drivers/STM32F4xx_HAL_Driver/Src/stm32f4xx_hal_tim_ex.c ****   /* Set the IC1PSC value */
 344              		.loc 1 189 25 view .LVU106
 345 0034 23F00C03 		bic	r3, r3, #12
 346 0038 9361     		str	r3, [r2, #24]
 191:Drivers/STM32F4xx_HAL_Driver/Src/stm32f4xx_hal_tim_ex.c **** 
 347              		.loc 1 191 3 is_stmt 1 view .LVU107
 191:Drivers/STM32F4xx_HAL_Driver/Src/stm32f4xx_hal_tim_ex.c **** 
 348              		.loc 1 191 7 is_stmt 0 view .LVU108
 349 003a 2268     		ldr	r2, [r4]
 191:Drivers/STM32F4xx_HAL_Driver/Src/stm32f4xx_hal_tim_ex.c **** 
 350              		.loc 1 191 17 view .LVU109
 351 003c 9369     		ldr	r3, [r2, #24]
 191:Drivers/STM32F4xx_HAL_Driver/Src/stm32f4xx_hal_tim_ex.c **** 
 352              		.loc 1 191 35 view .LVU110
 353 003e 7168     		ldr	r1, [r6, #4]
 191:Drivers/STM32F4xx_HAL_Driver/Src/stm32f4xx_hal_tim_ex.c **** 
 354              		.loc 1 191 25 view .LVU111
 355 0040 0B43     		orrs	r3, r3, r1
 356 0042 9361     		str	r3, [r2, #24]
 194:Drivers/STM32F4xx_HAL_Driver/Src/stm32f4xx_hal_tim_ex.c **** 
 357              		.loc 1 194 3 is_stmt 1 view .LVU112
 194:Drivers/STM32F4xx_HAL_Driver/Src/stm32f4xx_hal_tim_ex.c **** 
 358              		.loc 1 194 7 is_stmt 0 view .LVU113
 359 0044 2268     		ldr	r2, [r4]
 194:Drivers/STM32F4xx_HAL_Driver/Src/stm32f4xx_hal_tim_ex.c **** 
ARM GAS  C:\Users\10369\AppData\Local\Temp\ccUaxGpI.s 			page 51


 360              		.loc 1 194 17 view .LVU114
 361 0046 5368     		ldr	r3, [r2, #4]
 194:Drivers/STM32F4xx_HAL_Driver/Src/stm32f4xx_hal_tim_ex.c **** 
 362              		.loc 1 194 23 view .LVU115
 363 0048 43F08003 		orr	r3, r3, #128
 364 004c 5360     		str	r3, [r2, #4]
 197:Drivers/STM32F4xx_HAL_Driver/Src/stm32f4xx_hal_tim_ex.c ****   htim->Instance->SMCR |= TIM_TS_TI1F_ED;
 365              		.loc 1 197 3 is_stmt 1 view .LVU116
 197:Drivers/STM32F4xx_HAL_Driver/Src/stm32f4xx_hal_tim_ex.c ****   htim->Instance->SMCR |= TIM_TS_TI1F_ED;
 366              		.loc 1 197 7 is_stmt 0 view .LVU117
 367 004e 2268     		ldr	r2, [r4]
 197:Drivers/STM32F4xx_HAL_Driver/Src/stm32f4xx_hal_tim_ex.c ****   htim->Instance->SMCR |= TIM_TS_TI1F_ED;
 368              		.loc 1 197 17 view .LVU118
 369 0050 9368     		ldr	r3, [r2, #8]
 197:Drivers/STM32F4xx_HAL_Driver/Src/stm32f4xx_hal_tim_ex.c ****   htim->Instance->SMCR |= TIM_TS_TI1F_ED;
 370              		.loc 1 197 24 view .LVU119
 371 0052 23F07003 		bic	r3, r3, #112
 372 0056 9360     		str	r3, [r2, #8]
 198:Drivers/STM32F4xx_HAL_Driver/Src/stm32f4xx_hal_tim_ex.c **** 
 373              		.loc 1 198 3 is_stmt 1 view .LVU120
 198:Drivers/STM32F4xx_HAL_Driver/Src/stm32f4xx_hal_tim_ex.c **** 
 374              		.loc 1 198 7 is_stmt 0 view .LVU121
 375 0058 2268     		ldr	r2, [r4]
 198:Drivers/STM32F4xx_HAL_Driver/Src/stm32f4xx_hal_tim_ex.c **** 
 376              		.loc 1 198 17 view .LVU122
 377 005a 9368     		ldr	r3, [r2, #8]
 198:Drivers/STM32F4xx_HAL_Driver/Src/stm32f4xx_hal_tim_ex.c **** 
 378              		.loc 1 198 24 view .LVU123
 379 005c 43F04003 		orr	r3, r3, #64
 380 0060 9360     		str	r3, [r2, #8]
 201:Drivers/STM32F4xx_HAL_Driver/Src/stm32f4xx_hal_tim_ex.c ****   htim->Instance->SMCR |= TIM_SLAVEMODE_RESET;
 381              		.loc 1 201 3 is_stmt 1 view .LVU124
 201:Drivers/STM32F4xx_HAL_Driver/Src/stm32f4xx_hal_tim_ex.c ****   htim->Instance->SMCR |= TIM_SLAVEMODE_RESET;
 382              		.loc 1 201 7 is_stmt 0 view .LVU125
 383 0062 2268     		ldr	r2, [r4]
 201:Drivers/STM32F4xx_HAL_Driver/Src/stm32f4xx_hal_tim_ex.c ****   htim->Instance->SMCR |= TIM_SLAVEMODE_RESET;
 384              		.loc 1 201 17 view .LVU126
 385 0064 9368     		ldr	r3, [r2, #8]
 201:Drivers/STM32F4xx_HAL_Driver/Src/stm32f4xx_hal_tim_ex.c ****   htim->Instance->SMCR |= TIM_SLAVEMODE_RESET;
 386              		.loc 1 201 24 view .LVU127
 387 0066 23F00703 		bic	r3, r3, #7
 388 006a 9360     		str	r3, [r2, #8]
 202:Drivers/STM32F4xx_HAL_Driver/Src/stm32f4xx_hal_tim_ex.c **** 
 389              		.loc 1 202 3 is_stmt 1 view .LVU128
 202:Drivers/STM32F4xx_HAL_Driver/Src/stm32f4xx_hal_tim_ex.c **** 
 390              		.loc 1 202 7 is_stmt 0 view .LVU129
 391 006c 2268     		ldr	r2, [r4]
 202:Drivers/STM32F4xx_HAL_Driver/Src/stm32f4xx_hal_tim_ex.c **** 
 392              		.loc 1 202 17 view .LVU130
 393 006e 9368     		ldr	r3, [r2, #8]
 202:Drivers/STM32F4xx_HAL_Driver/Src/stm32f4xx_hal_tim_ex.c **** 
 394              		.loc 1 202 24 view .LVU131
 395 0070 43F00403 		orr	r3, r3, #4
 396 0074 9360     		str	r3, [r2, #8]
 205:Drivers/STM32F4xx_HAL_Driver/Src/stm32f4xx_hal_tim_ex.c ****   OC_Config.OCIdleState = TIM_OCIDLESTATE_RESET;
 397              		.loc 1 205 3 is_stmt 1 view .LVU132
 205:Drivers/STM32F4xx_HAL_Driver/Src/stm32f4xx_hal_tim_ex.c ****   OC_Config.OCIdleState = TIM_OCIDLESTATE_RESET;
ARM GAS  C:\Users\10369\AppData\Local\Temp\ccUaxGpI.s 			page 52


 398              		.loc 1 205 24 is_stmt 0 view .LVU133
 399 0076 0025     		movs	r5, #0
 400 0078 0595     		str	r5, [sp, #20]
 206:Drivers/STM32F4xx_HAL_Driver/Src/stm32f4xx_hal_tim_ex.c ****   OC_Config.OCMode = TIM_OCMODE_PWM2;
 401              		.loc 1 206 3 is_stmt 1 view .LVU134
 206:Drivers/STM32F4xx_HAL_Driver/Src/stm32f4xx_hal_tim_ex.c ****   OC_Config.OCMode = TIM_OCMODE_PWM2;
 402              		.loc 1 206 25 is_stmt 0 view .LVU135
 403 007a 0695     		str	r5, [sp, #24]
 207:Drivers/STM32F4xx_HAL_Driver/Src/stm32f4xx_hal_tim_ex.c ****   OC_Config.OCNIdleState = TIM_OCNIDLESTATE_RESET;
 404              		.loc 1 207 3 is_stmt 1 view .LVU136
 207:Drivers/STM32F4xx_HAL_Driver/Src/stm32f4xx_hal_tim_ex.c ****   OC_Config.OCNIdleState = TIM_OCNIDLESTATE_RESET;
 405              		.loc 1 207 20 is_stmt 0 view .LVU137
 406 007c 7023     		movs	r3, #112
 407 007e 0193     		str	r3, [sp, #4]
 208:Drivers/STM32F4xx_HAL_Driver/Src/stm32f4xx_hal_tim_ex.c ****   OC_Config.OCNPolarity = TIM_OCNPOLARITY_HIGH;
 408              		.loc 1 208 3 is_stmt 1 view .LVU138
 208:Drivers/STM32F4xx_HAL_Driver/Src/stm32f4xx_hal_tim_ex.c ****   OC_Config.OCNPolarity = TIM_OCNPOLARITY_HIGH;
 409              		.loc 1 208 26 is_stmt 0 view .LVU139
 410 0080 0795     		str	r5, [sp, #28]
 209:Drivers/STM32F4xx_HAL_Driver/Src/stm32f4xx_hal_tim_ex.c ****   OC_Config.OCPolarity = TIM_OCPOLARITY_HIGH;
 411              		.loc 1 209 3 is_stmt 1 view .LVU140
 209:Drivers/STM32F4xx_HAL_Driver/Src/stm32f4xx_hal_tim_ex.c ****   OC_Config.OCPolarity = TIM_OCPOLARITY_HIGH;
 412              		.loc 1 209 25 is_stmt 0 view .LVU141
 413 0082 0495     		str	r5, [sp, #16]
 210:Drivers/STM32F4xx_HAL_Driver/Src/stm32f4xx_hal_tim_ex.c ****   OC_Config.Pulse = sConfig->Commutation_Delay;
 414              		.loc 1 210 3 is_stmt 1 view .LVU142
 210:Drivers/STM32F4xx_HAL_Driver/Src/stm32f4xx_hal_tim_ex.c ****   OC_Config.Pulse = sConfig->Commutation_Delay;
 415              		.loc 1 210 24 is_stmt 0 view .LVU143
 416 0084 0395     		str	r5, [sp, #12]
 211:Drivers/STM32F4xx_HAL_Driver/Src/stm32f4xx_hal_tim_ex.c **** 
 417              		.loc 1 211 3 is_stmt 1 view .LVU144
 211:Drivers/STM32F4xx_HAL_Driver/Src/stm32f4xx_hal_tim_ex.c **** 
 418              		.loc 1 211 28 is_stmt 0 view .LVU145
 419 0086 F368     		ldr	r3, [r6, #12]
 211:Drivers/STM32F4xx_HAL_Driver/Src/stm32f4xx_hal_tim_ex.c **** 
 420              		.loc 1 211 19 view .LVU146
 421 0088 0293     		str	r3, [sp, #8]
 213:Drivers/STM32F4xx_HAL_Driver/Src/stm32f4xx_hal_tim_ex.c **** 
 422              		.loc 1 213 3 is_stmt 1 view .LVU147
 423 008a 01A9     		add	r1, sp, #4
 424 008c 2068     		ldr	r0, [r4]
 425 008e FFF7FEFF 		bl	TIM_OC2_SetConfig
 426              	.LVL19:
 217:Drivers/STM32F4xx_HAL_Driver/Src/stm32f4xx_hal_tim_ex.c ****   htim->Instance->CR2 |= TIM_TRGO_OC2REF;
 427              		.loc 1 217 3 view .LVU148
 217:Drivers/STM32F4xx_HAL_Driver/Src/stm32f4xx_hal_tim_ex.c ****   htim->Instance->CR2 |= TIM_TRGO_OC2REF;
 428              		.loc 1 217 7 is_stmt 0 view .LVU149
 429 0092 2268     		ldr	r2, [r4]
 217:Drivers/STM32F4xx_HAL_Driver/Src/stm32f4xx_hal_tim_ex.c ****   htim->Instance->CR2 |= TIM_TRGO_OC2REF;
 430              		.loc 1 217 17 view .LVU150
 431 0094 5368     		ldr	r3, [r2, #4]
 217:Drivers/STM32F4xx_HAL_Driver/Src/stm32f4xx_hal_tim_ex.c ****   htim->Instance->CR2 |= TIM_TRGO_OC2REF;
 432              		.loc 1 217 23 view .LVU151
 433 0096 23F07003 		bic	r3, r3, #112
 434 009a 5360     		str	r3, [r2, #4]
 218:Drivers/STM32F4xx_HAL_Driver/Src/stm32f4xx_hal_tim_ex.c **** 
 435              		.loc 1 218 3 is_stmt 1 view .LVU152
ARM GAS  C:\Users\10369\AppData\Local\Temp\ccUaxGpI.s 			page 53


 218:Drivers/STM32F4xx_HAL_Driver/Src/stm32f4xx_hal_tim_ex.c **** 
 436              		.loc 1 218 7 is_stmt 0 view .LVU153
 437 009c 2268     		ldr	r2, [r4]
 218:Drivers/STM32F4xx_HAL_Driver/Src/stm32f4xx_hal_tim_ex.c **** 
 438              		.loc 1 218 17 view .LVU154
 439 009e 5368     		ldr	r3, [r2, #4]
 218:Drivers/STM32F4xx_HAL_Driver/Src/stm32f4xx_hal_tim_ex.c **** 
 440              		.loc 1 218 23 view .LVU155
 441 00a0 43F05003 		orr	r3, r3, #80
 442 00a4 5360     		str	r3, [r2, #4]
 221:Drivers/STM32F4xx_HAL_Driver/Src/stm32f4xx_hal_tim_ex.c **** 
 443              		.loc 1 221 3 is_stmt 1 view .LVU156
 221:Drivers/STM32F4xx_HAL_Driver/Src/stm32f4xx_hal_tim_ex.c **** 
 444              		.loc 1 221 23 is_stmt 0 view .LVU157
 445 00a6 0123     		movs	r3, #1
 446 00a8 84F84630 		strb	r3, [r4, #70]
 224:Drivers/STM32F4xx_HAL_Driver/Src/stm32f4xx_hal_tim_ex.c ****   TIM_CHANNEL_STATE_SET(htim, TIM_CHANNEL_2, HAL_TIM_CHANNEL_STATE_READY);
 447              		.loc 1 224 3 is_stmt 1 view .LVU158
 448 00ac 84F83E30 		strb	r3, [r4, #62]
 225:Drivers/STM32F4xx_HAL_Driver/Src/stm32f4xx_hal_tim_ex.c ****   TIM_CHANNEL_N_STATE_SET(htim, TIM_CHANNEL_1, HAL_TIM_CHANNEL_STATE_READY);
 449              		.loc 1 225 3 view .LVU159
 450 00b0 84F83F30 		strb	r3, [r4, #63]
 226:Drivers/STM32F4xx_HAL_Driver/Src/stm32f4xx_hal_tim_ex.c ****   TIM_CHANNEL_N_STATE_SET(htim, TIM_CHANNEL_2, HAL_TIM_CHANNEL_STATE_READY);
 451              		.loc 1 226 3 view .LVU160
 452 00b4 84F84230 		strb	r3, [r4, #66]
 227:Drivers/STM32F4xx_HAL_Driver/Src/stm32f4xx_hal_tim_ex.c **** 
 453              		.loc 1 227 3 view .LVU161
 454 00b8 84F84330 		strb	r3, [r4, #67]
 230:Drivers/STM32F4xx_HAL_Driver/Src/stm32f4xx_hal_tim_ex.c **** 
 455              		.loc 1 230 3 view .LVU162
 230:Drivers/STM32F4xx_HAL_Driver/Src/stm32f4xx_hal_tim_ex.c **** 
 456              		.loc 1 230 15 is_stmt 0 view .LVU163
 457 00bc 84F83D30 		strb	r3, [r4, #61]
 232:Drivers/STM32F4xx_HAL_Driver/Src/stm32f4xx_hal_tim_ex.c **** }
 458              		.loc 1 232 3 is_stmt 1 view .LVU164
 232:Drivers/STM32F4xx_HAL_Driver/Src/stm32f4xx_hal_tim_ex.c **** }
 459              		.loc 1 232 10 is_stmt 0 view .LVU165
 460 00c0 2846     		mov	r0, r5
 233:Drivers/STM32F4xx_HAL_Driver/Src/stm32f4xx_hal_tim_ex.c **** 
 461              		.loc 1 233 1 view .LVU166
 462 00c2 08B0     		add	sp, sp, #32
 463              	.LCFI4:
 464              		.cfi_remember_state
 465              		.cfi_def_cfa_offset 16
 466              		@ sp needed
 467 00c4 70BD     		pop	{r4, r5, r6, pc}
 468              	.LVL20:
 469              	.L27:
 470              	.LCFI5:
 471              		.cfi_restore_state
 161:Drivers/STM32F4xx_HAL_Driver/Src/stm32f4xx_hal_tim_ex.c **** 
 472              		.loc 1 161 5 is_stmt 1 view .LVU167
 161:Drivers/STM32F4xx_HAL_Driver/Src/stm32f4xx_hal_tim_ex.c **** 
 473              		.loc 1 161 16 is_stmt 0 view .LVU168
 474 00c6 80F83C30 		strb	r3, [r0, #60]
 175:Drivers/STM32F4xx_HAL_Driver/Src/stm32f4xx_hal_tim_ex.c **** #endif /* USE_HAL_TIM_REGISTER_CALLBACKS */
 475              		.loc 1 175 5 is_stmt 1 view .LVU169
ARM GAS  C:\Users\10369\AppData\Local\Temp\ccUaxGpI.s 			page 54


 476 00ca FFF7FEFF 		bl	HAL_TIMEx_HallSensor_MspInit
 477              	.LVL21:
 175:Drivers/STM32F4xx_HAL_Driver/Src/stm32f4xx_hal_tim_ex.c **** #endif /* USE_HAL_TIM_REGISTER_CALLBACKS */
 478              		.loc 1 175 5 is_stmt 0 view .LVU170
 479 00ce A1E7     		b	.L21
 480              	.LVL22:
 481              	.L22:
 482              	.LCFI6:
 483              		.cfi_def_cfa_offset 0
 484              		.cfi_restore 4
 485              		.cfi_restore 5
 486              		.cfi_restore 6
 487              		.cfi_restore 14
 145:Drivers/STM32F4xx_HAL_Driver/Src/stm32f4xx_hal_tim_ex.c ****   }
 488              		.loc 1 145 12 view .LVU171
 489 00d0 0120     		movs	r0, #1
 490              	.LVL23:
 233:Drivers/STM32F4xx_HAL_Driver/Src/stm32f4xx_hal_tim_ex.c **** 
 491              		.loc 1 233 1 view .LVU172
 492 00d2 7047     		bx	lr
 493              		.cfi_endproc
 494              	.LFE134:
 496              		.section	.text.HAL_TIMEx_HallSensor_MspDeInit,"ax",%progbits
 497              		.align	1
 498              		.weak	HAL_TIMEx_HallSensor_MspDeInit
 499              		.syntax unified
 500              		.thumb
 501              		.thumb_func
 503              	HAL_TIMEx_HallSensor_MspDeInit:
 504              	.LVL24:
 505              	.LFB137:
 301:Drivers/STM32F4xx_HAL_Driver/Src/stm32f4xx_hal_tim_ex.c ****   /* Prevent unused argument(s) compilation warning */
 506              		.loc 1 301 1 is_stmt 1 view -0
 507              		.cfi_startproc
 508              		@ args = 0, pretend = 0, frame = 0
 509              		@ frame_needed = 0, uses_anonymous_args = 0
 510              		@ link register save eliminated.
 303:Drivers/STM32F4xx_HAL_Driver/Src/stm32f4xx_hal_tim_ex.c **** 
 511              		.loc 1 303 3 view .LVU174
 308:Drivers/STM32F4xx_HAL_Driver/Src/stm32f4xx_hal_tim_ex.c **** 
 512              		.loc 1 308 1 is_stmt 0 view .LVU175
 513 0000 7047     		bx	lr
 514              		.cfi_endproc
 515              	.LFE137:
 517              		.section	.text.HAL_TIMEx_HallSensor_DeInit,"ax",%progbits
 518              		.align	1
 519              		.global	HAL_TIMEx_HallSensor_DeInit
 520              		.syntax unified
 521              		.thumb
 522              		.thumb_func
 524              	HAL_TIMEx_HallSensor_DeInit:
 525              	.LVL25:
 526              	.LFB135:
 241:Drivers/STM32F4xx_HAL_Driver/Src/stm32f4xx_hal_tim_ex.c ****   /* Check the parameters */
 527              		.loc 1 241 1 is_stmt 1 view -0
 528              		.cfi_startproc
 529              		@ args = 0, pretend = 0, frame = 0
ARM GAS  C:\Users\10369\AppData\Local\Temp\ccUaxGpI.s 			page 55


 530              		@ frame_needed = 0, uses_anonymous_args = 0
 241:Drivers/STM32F4xx_HAL_Driver/Src/stm32f4xx_hal_tim_ex.c ****   /* Check the parameters */
 531              		.loc 1 241 1 is_stmt 0 view .LVU177
 532 0000 10B5     		push	{r4, lr}
 533              	.LCFI7:
 534              		.cfi_def_cfa_offset 8
 535              		.cfi_offset 4, -8
 536              		.cfi_offset 14, -4
 537 0002 0446     		mov	r4, r0
 243:Drivers/STM32F4xx_HAL_Driver/Src/stm32f4xx_hal_tim_ex.c **** 
 538              		.loc 1 243 3 is_stmt 1 view .LVU178
 245:Drivers/STM32F4xx_HAL_Driver/Src/stm32f4xx_hal_tim_ex.c **** 
 539              		.loc 1 245 3 view .LVU179
 245:Drivers/STM32F4xx_HAL_Driver/Src/stm32f4xx_hal_tim_ex.c **** 
 540              		.loc 1 245 15 is_stmt 0 view .LVU180
 541 0004 0223     		movs	r3, #2
 542 0006 80F83D30 		strb	r3, [r0, #61]
 248:Drivers/STM32F4xx_HAL_Driver/Src/stm32f4xx_hal_tim_ex.c **** 
 543              		.loc 1 248 3 is_stmt 1 view .LVU181
 248:Drivers/STM32F4xx_HAL_Driver/Src/stm32f4xx_hal_tim_ex.c **** 
 544              		.loc 1 248 3 view .LVU182
 545 000a 0368     		ldr	r3, [r0]
 546 000c 196A     		ldr	r1, [r3, #32]
 547 000e 41F21112 		movw	r2, #4369
 548 0012 1142     		tst	r1, r2
 549 0014 08D1     		bne	.L30
 248:Drivers/STM32F4xx_HAL_Driver/Src/stm32f4xx_hal_tim_ex.c **** 
 550              		.loc 1 248 3 discriminator 1 view .LVU183
 551 0016 196A     		ldr	r1, [r3, #32]
 552 0018 40F24442 		movw	r2, #1092
 553 001c 1142     		tst	r1, r2
 554 001e 03D1     		bne	.L30
 248:Drivers/STM32F4xx_HAL_Driver/Src/stm32f4xx_hal_tim_ex.c **** 
 555              		.loc 1 248 3 discriminator 3 view .LVU184
 556 0020 1A68     		ldr	r2, [r3]
 557 0022 22F00102 		bic	r2, r2, #1
 558 0026 1A60     		str	r2, [r3]
 559              	.L30:
 248:Drivers/STM32F4xx_HAL_Driver/Src/stm32f4xx_hal_tim_ex.c **** 
 560              		.loc 1 248 3 discriminator 5 view .LVU185
 259:Drivers/STM32F4xx_HAL_Driver/Src/stm32f4xx_hal_tim_ex.c **** #endif /* USE_HAL_TIM_REGISTER_CALLBACKS */
 561              		.loc 1 259 3 view .LVU186
 562 0028 2046     		mov	r0, r4
 563              	.LVL26:
 259:Drivers/STM32F4xx_HAL_Driver/Src/stm32f4xx_hal_tim_ex.c **** #endif /* USE_HAL_TIM_REGISTER_CALLBACKS */
 564              		.loc 1 259 3 is_stmt 0 view .LVU187
 565 002a FFF7FEFF 		bl	HAL_TIMEx_HallSensor_MspDeInit
 566              	.LVL27:
 263:Drivers/STM32F4xx_HAL_Driver/Src/stm32f4xx_hal_tim_ex.c **** 
 567              		.loc 1 263 3 is_stmt 1 view .LVU188
 263:Drivers/STM32F4xx_HAL_Driver/Src/stm32f4xx_hal_tim_ex.c **** 
 568              		.loc 1 263 23 is_stmt 0 view .LVU189
 569 002e 0020     		movs	r0, #0
 570 0030 84F84600 		strb	r0, [r4, #70]
 266:Drivers/STM32F4xx_HAL_Driver/Src/stm32f4xx_hal_tim_ex.c ****   TIM_CHANNEL_STATE_SET(htim, TIM_CHANNEL_2, HAL_TIM_CHANNEL_STATE_RESET);
 571              		.loc 1 266 3 is_stmt 1 view .LVU190
 572 0034 84F83E00 		strb	r0, [r4, #62]
ARM GAS  C:\Users\10369\AppData\Local\Temp\ccUaxGpI.s 			page 56


 267:Drivers/STM32F4xx_HAL_Driver/Src/stm32f4xx_hal_tim_ex.c ****   TIM_CHANNEL_N_STATE_SET(htim, TIM_CHANNEL_1, HAL_TIM_CHANNEL_STATE_RESET);
 573              		.loc 1 267 3 view .LVU191
 574 0038 84F83F00 		strb	r0, [r4, #63]
 268:Drivers/STM32F4xx_HAL_Driver/Src/stm32f4xx_hal_tim_ex.c ****   TIM_CHANNEL_N_STATE_SET(htim, TIM_CHANNEL_2, HAL_TIM_CHANNEL_STATE_RESET);
 575              		.loc 1 268 3 view .LVU192
 576 003c 84F84200 		strb	r0, [r4, #66]
 269:Drivers/STM32F4xx_HAL_Driver/Src/stm32f4xx_hal_tim_ex.c **** 
 577              		.loc 1 269 3 view .LVU193
 578 0040 84F84300 		strb	r0, [r4, #67]
 272:Drivers/STM32F4xx_HAL_Driver/Src/stm32f4xx_hal_tim_ex.c **** 
 579              		.loc 1 272 3 view .LVU194
 272:Drivers/STM32F4xx_HAL_Driver/Src/stm32f4xx_hal_tim_ex.c **** 
 580              		.loc 1 272 15 is_stmt 0 view .LVU195
 581 0044 84F83D00 		strb	r0, [r4, #61]
 275:Drivers/STM32F4xx_HAL_Driver/Src/stm32f4xx_hal_tim_ex.c **** 
 582              		.loc 1 275 3 is_stmt 1 view .LVU196
 275:Drivers/STM32F4xx_HAL_Driver/Src/stm32f4xx_hal_tim_ex.c **** 
 583              		.loc 1 275 3 view .LVU197
 584 0048 84F83C00 		strb	r0, [r4, #60]
 275:Drivers/STM32F4xx_HAL_Driver/Src/stm32f4xx_hal_tim_ex.c **** 
 585              		.loc 1 275 3 view .LVU198
 277:Drivers/STM32F4xx_HAL_Driver/Src/stm32f4xx_hal_tim_ex.c **** }
 586              		.loc 1 277 3 view .LVU199
 278:Drivers/STM32F4xx_HAL_Driver/Src/stm32f4xx_hal_tim_ex.c **** 
 587              		.loc 1 278 1 is_stmt 0 view .LVU200
 588 004c 10BD     		pop	{r4, pc}
 278:Drivers/STM32F4xx_HAL_Driver/Src/stm32f4xx_hal_tim_ex.c **** 
 589              		.loc 1 278 1 view .LVU201
 590              		.cfi_endproc
 591              	.LFE135:
 593              		.section	.text.HAL_TIMEx_HallSensor_Start,"ax",%progbits
 594              		.align	1
 595              		.global	HAL_TIMEx_HallSensor_Start
 596              		.syntax unified
 597              		.thumb
 598              		.thumb_func
 600              	HAL_TIMEx_HallSensor_Start:
 601              	.LVL28:
 602              	.LFB138:
 316:Drivers/STM32F4xx_HAL_Driver/Src/stm32f4xx_hal_tim_ex.c ****   uint32_t tmpsmcr;
 603              		.loc 1 316 1 is_stmt 1 view -0
 604              		.cfi_startproc
 605              		@ args = 0, pretend = 0, frame = 0
 606              		@ frame_needed = 0, uses_anonymous_args = 0
 316:Drivers/STM32F4xx_HAL_Driver/Src/stm32f4xx_hal_tim_ex.c ****   uint32_t tmpsmcr;
 607              		.loc 1 316 1 is_stmt 0 view .LVU203
 608 0000 10B5     		push	{r4, lr}
 609              	.LCFI8:
 610              		.cfi_def_cfa_offset 8
 611              		.cfi_offset 4, -8
 612              		.cfi_offset 14, -4
 613 0002 0446     		mov	r4, r0
 317:Drivers/STM32F4xx_HAL_Driver/Src/stm32f4xx_hal_tim_ex.c ****   HAL_TIM_ChannelStateTypeDef channel_1_state = TIM_CHANNEL_STATE_GET(htim, TIM_CHANNEL_1);
 614              		.loc 1 317 3 is_stmt 1 view .LVU204
 318:Drivers/STM32F4xx_HAL_Driver/Src/stm32f4xx_hal_tim_ex.c ****   HAL_TIM_ChannelStateTypeDef channel_2_state = TIM_CHANNEL_STATE_GET(htim, TIM_CHANNEL_2);
 615              		.loc 1 318 3 view .LVU205
 318:Drivers/STM32F4xx_HAL_Driver/Src/stm32f4xx_hal_tim_ex.c ****   HAL_TIM_ChannelStateTypeDef channel_2_state = TIM_CHANNEL_STATE_GET(htim, TIM_CHANNEL_2);
ARM GAS  C:\Users\10369\AppData\Local\Temp\ccUaxGpI.s 			page 57


 616              		.loc 1 318 31 is_stmt 0 view .LVU206
 617 0004 90F83EC0 		ldrb	ip, [r0, #62]	@ zero_extendqisi2
 618              	.LVL29:
 319:Drivers/STM32F4xx_HAL_Driver/Src/stm32f4xx_hal_tim_ex.c ****   HAL_TIM_ChannelStateTypeDef complementary_channel_1_state = TIM_CHANNEL_N_STATE_GET(htim, TIM_CHA
 619              		.loc 1 319 3 is_stmt 1 view .LVU207
 319:Drivers/STM32F4xx_HAL_Driver/Src/stm32f4xx_hal_tim_ex.c ****   HAL_TIM_ChannelStateTypeDef complementary_channel_1_state = TIM_CHANNEL_N_STATE_GET(htim, TIM_CHA
 620              		.loc 1 319 31 is_stmt 0 view .LVU208
 621 0008 90F83F30 		ldrb	r3, [r0, #63]	@ zero_extendqisi2
 622              	.LVL30:
 320:Drivers/STM32F4xx_HAL_Driver/Src/stm32f4xx_hal_tim_ex.c ****   HAL_TIM_ChannelStateTypeDef complementary_channel_2_state = TIM_CHANNEL_N_STATE_GET(htim, TIM_CHA
 623              		.loc 1 320 3 is_stmt 1 view .LVU209
 320:Drivers/STM32F4xx_HAL_Driver/Src/stm32f4xx_hal_tim_ex.c ****   HAL_TIM_ChannelStateTypeDef complementary_channel_2_state = TIM_CHANNEL_N_STATE_GET(htim, TIM_CHA
 624              		.loc 1 320 31 is_stmt 0 view .LVU210
 625 000c 90F84220 		ldrb	r2, [r0, #66]	@ zero_extendqisi2
 626              	.LVL31:
 321:Drivers/STM32F4xx_HAL_Driver/Src/stm32f4xx_hal_tim_ex.c **** 
 627              		.loc 1 321 3 is_stmt 1 view .LVU211
 321:Drivers/STM32F4xx_HAL_Driver/Src/stm32f4xx_hal_tim_ex.c **** 
 628              		.loc 1 321 31 is_stmt 0 view .LVU212
 629 0010 90F84310 		ldrb	r1, [r0, #67]	@ zero_extendqisi2
 630              	.LVL32:
 324:Drivers/STM32F4xx_HAL_Driver/Src/stm32f4xx_hal_tim_ex.c **** 
 631              		.loc 1 324 3 is_stmt 1 view .LVU213
 327:Drivers/STM32F4xx_HAL_Driver/Src/stm32f4xx_hal_tim_ex.c ****       || (channel_2_state != HAL_TIM_CHANNEL_STATE_READY)
 632              		.loc 1 327 3 view .LVU214
 327:Drivers/STM32F4xx_HAL_Driver/Src/stm32f4xx_hal_tim_ex.c ****       || (channel_2_state != HAL_TIM_CHANNEL_STATE_READY)
 633              		.loc 1 327 6 is_stmt 0 view .LVU215
 634 0014 BCF1010F 		cmp	ip, #1
 635 0018 49D1     		bne	.L36
 636 001a 5FFA8CF0 		uxtb	r0, ip
 637              	.LVL33:
 327:Drivers/STM32F4xx_HAL_Driver/Src/stm32f4xx_hal_tim_ex.c ****       || (channel_2_state != HAL_TIM_CHANNEL_STATE_READY)
 638              		.loc 1 327 6 view .LVU216
 639 001e DBB2     		uxtb	r3, r3
 327:Drivers/STM32F4xx_HAL_Driver/Src/stm32f4xx_hal_tim_ex.c ****       || (channel_2_state != HAL_TIM_CHANNEL_STATE_READY)
 640              		.loc 1 327 6 view .LVU217
 641 0020 D2B2     		uxtb	r2, r2
 327:Drivers/STM32F4xx_HAL_Driver/Src/stm32f4xx_hal_tim_ex.c ****       || (channel_2_state != HAL_TIM_CHANNEL_STATE_READY)
 642              		.loc 1 327 6 view .LVU218
 643 0022 C9B2     		uxtb	r1, r1
 328:Drivers/STM32F4xx_HAL_Driver/Src/stm32f4xx_hal_tim_ex.c ****       || (complementary_channel_1_state != HAL_TIM_CHANNEL_STATE_READY)
 644              		.loc 1 328 7 view .LVU219
 645 0024 012B     		cmp	r3, #1
 646 0026 43D1     		bne	.L33
 329:Drivers/STM32F4xx_HAL_Driver/Src/stm32f4xx_hal_tim_ex.c ****       || (complementary_channel_2_state != HAL_TIM_CHANNEL_STATE_READY))
 647              		.loc 1 329 7 view .LVU220
 648 0028 012A     		cmp	r2, #1
 649 002a 42D1     		bne	.L37
 330:Drivers/STM32F4xx_HAL_Driver/Src/stm32f4xx_hal_tim_ex.c ****   {
 650              		.loc 1 330 7 view .LVU221
 651 002c 0129     		cmp	r1, #1
 652 002e 01D0     		beq	.L41
 332:Drivers/STM32F4xx_HAL_Driver/Src/stm32f4xx_hal_tim_ex.c ****   }
 653              		.loc 1 332 12 view .LVU222
 654 0030 1046     		mov	r0, r2
 655 0032 3DE0     		b	.L33
 656              	.L41:
ARM GAS  C:\Users\10369\AppData\Local\Temp\ccUaxGpI.s 			page 58


 336:Drivers/STM32F4xx_HAL_Driver/Src/stm32f4xx_hal_tim_ex.c ****   TIM_CHANNEL_STATE_SET(htim, TIM_CHANNEL_2, HAL_TIM_CHANNEL_STATE_BUSY);
 657              		.loc 1 336 3 is_stmt 1 view .LVU223
 658 0034 0223     		movs	r3, #2
 659              	.LVL34:
 336:Drivers/STM32F4xx_HAL_Driver/Src/stm32f4xx_hal_tim_ex.c ****   TIM_CHANNEL_STATE_SET(htim, TIM_CHANNEL_2, HAL_TIM_CHANNEL_STATE_BUSY);
 660              		.loc 1 336 3 is_stmt 0 view .LVU224
 661 0036 84F83E30 		strb	r3, [r4, #62]
 337:Drivers/STM32F4xx_HAL_Driver/Src/stm32f4xx_hal_tim_ex.c ****   TIM_CHANNEL_N_STATE_SET(htim, TIM_CHANNEL_1, HAL_TIM_CHANNEL_STATE_BUSY);
 662              		.loc 1 337 3 is_stmt 1 view .LVU225
 663 003a 84F83F30 		strb	r3, [r4, #63]
 338:Drivers/STM32F4xx_HAL_Driver/Src/stm32f4xx_hal_tim_ex.c ****   TIM_CHANNEL_N_STATE_SET(htim, TIM_CHANNEL_2, HAL_TIM_CHANNEL_STATE_BUSY);
 664              		.loc 1 338 3 view .LVU226
 665 003e 84F84230 		strb	r3, [r4, #66]
 339:Drivers/STM32F4xx_HAL_Driver/Src/stm32f4xx_hal_tim_ex.c **** 
 666              		.loc 1 339 3 view .LVU227
 667 0042 84F84330 		strb	r3, [r4, #67]
 344:Drivers/STM32F4xx_HAL_Driver/Src/stm32f4xx_hal_tim_ex.c **** 
 668              		.loc 1 344 3 view .LVU228
 669 0046 0021     		movs	r1, #0
 670              	.LVL35:
 344:Drivers/STM32F4xx_HAL_Driver/Src/stm32f4xx_hal_tim_ex.c **** 
 671              		.loc 1 344 3 is_stmt 0 view .LVU229
 672 0048 2068     		ldr	r0, [r4]
 673 004a FFF7FEFF 		bl	TIM_CCxChannelCmd
 674              	.LVL36:
 347:Drivers/STM32F4xx_HAL_Driver/Src/stm32f4xx_hal_tim_ex.c ****   {
 675              		.loc 1 347 3 is_stmt 1 view .LVU230
 347:Drivers/STM32F4xx_HAL_Driver/Src/stm32f4xx_hal_tim_ex.c ****   {
 676              		.loc 1 347 7 is_stmt 0 view .LVU231
 677 004e 2368     		ldr	r3, [r4]
 347:Drivers/STM32F4xx_HAL_Driver/Src/stm32f4xx_hal_tim_ex.c ****   {
 678              		.loc 1 347 6 view .LVU232
 679 0050 1A4A     		ldr	r2, .L42
 680 0052 9342     		cmp	r3, r2
 681 0054 20D0     		beq	.L34
 347:Drivers/STM32F4xx_HAL_Driver/Src/stm32f4xx_hal_tim_ex.c ****   {
 682              		.loc 1 347 7 discriminator 1 view .LVU233
 683 0056 B3F1804F 		cmp	r3, #1073741824
 684 005a 1DD0     		beq	.L34
 347:Drivers/STM32F4xx_HAL_Driver/Src/stm32f4xx_hal_tim_ex.c ****   {
 685              		.loc 1 347 7 discriminator 2 view .LVU234
 686 005c A2F57C42 		sub	r2, r2, #64512
 687 0060 9342     		cmp	r3, r2
 688 0062 19D0     		beq	.L34
 347:Drivers/STM32F4xx_HAL_Driver/Src/stm32f4xx_hal_tim_ex.c ****   {
 689              		.loc 1 347 7 discriminator 3 view .LVU235
 690 0064 02F58062 		add	r2, r2, #1024
 691 0068 9342     		cmp	r3, r2
 692 006a 15D0     		beq	.L34
 347:Drivers/STM32F4xx_HAL_Driver/Src/stm32f4xx_hal_tim_ex.c ****   {
 693              		.loc 1 347 7 discriminator 4 view .LVU236
 694 006c 02F58062 		add	r2, r2, #1024
 695 0070 9342     		cmp	r3, r2
 696 0072 11D0     		beq	.L34
 347:Drivers/STM32F4xx_HAL_Driver/Src/stm32f4xx_hal_tim_ex.c ****   {
 697              		.loc 1 347 7 discriminator 5 view .LVU237
 698 0074 02F57842 		add	r2, r2, #63488
ARM GAS  C:\Users\10369\AppData\Local\Temp\ccUaxGpI.s 			page 59


 699 0078 9342     		cmp	r3, r2
 700 007a 0DD0     		beq	.L34
 347:Drivers/STM32F4xx_HAL_Driver/Src/stm32f4xx_hal_tim_ex.c ****   {
 701              		.loc 1 347 7 discriminator 6 view .LVU238
 702 007c 02F57052 		add	r2, r2, #15360
 703 0080 9342     		cmp	r3, r2
 704 0082 09D0     		beq	.L34
 347:Drivers/STM32F4xx_HAL_Driver/Src/stm32f4xx_hal_tim_ex.c ****   {
 705              		.loc 1 347 7 discriminator 7 view .LVU239
 706 0084 A2F59432 		sub	r2, r2, #75776
 707 0088 9342     		cmp	r3, r2
 708 008a 05D0     		beq	.L34
 357:Drivers/STM32F4xx_HAL_Driver/Src/stm32f4xx_hal_tim_ex.c ****   }
 709              		.loc 1 357 5 is_stmt 1 view .LVU240
 710 008c 1A68     		ldr	r2, [r3]
 711 008e 42F00102 		orr	r2, r2, #1
 712 0092 1A60     		str	r2, [r3]
 361:Drivers/STM32F4xx_HAL_Driver/Src/stm32f4xx_hal_tim_ex.c **** }
 713              		.loc 1 361 10 is_stmt 0 view .LVU241
 714 0094 0020     		movs	r0, #0
 715 0096 0BE0     		b	.L33
 716              	.L34:
 349:Drivers/STM32F4xx_HAL_Driver/Src/stm32f4xx_hal_tim_ex.c ****     if (!IS_TIM_SLAVEMODE_TRIGGER_ENABLED(tmpsmcr))
 717              		.loc 1 349 5 is_stmt 1 view .LVU242
 349:Drivers/STM32F4xx_HAL_Driver/Src/stm32f4xx_hal_tim_ex.c ****     if (!IS_TIM_SLAVEMODE_TRIGGER_ENABLED(tmpsmcr))
 718              		.loc 1 349 29 is_stmt 0 view .LVU243
 719 0098 9A68     		ldr	r2, [r3, #8]
 349:Drivers/STM32F4xx_HAL_Driver/Src/stm32f4xx_hal_tim_ex.c ****     if (!IS_TIM_SLAVEMODE_TRIGGER_ENABLED(tmpsmcr))
 720              		.loc 1 349 13 view .LVU244
 721 009a 02F00702 		and	r2, r2, #7
 722              	.LVL37:
 350:Drivers/STM32F4xx_HAL_Driver/Src/stm32f4xx_hal_tim_ex.c ****     {
 723              		.loc 1 350 5 is_stmt 1 view .LVU245
 350:Drivers/STM32F4xx_HAL_Driver/Src/stm32f4xx_hal_tim_ex.c ****     {
 724              		.loc 1 350 8 is_stmt 0 view .LVU246
 725 009e 062A     		cmp	r2, #6
 726 00a0 09D0     		beq	.L39
 352:Drivers/STM32F4xx_HAL_Driver/Src/stm32f4xx_hal_tim_ex.c ****     }
 727              		.loc 1 352 7 is_stmt 1 view .LVU247
 728 00a2 1A68     		ldr	r2, [r3]
 729              	.LVL38:
 352:Drivers/STM32F4xx_HAL_Driver/Src/stm32f4xx_hal_tim_ex.c ****     }
 730              		.loc 1 352 7 is_stmt 0 view .LVU248
 731 00a4 42F00102 		orr	r2, r2, #1
 732 00a8 1A60     		str	r2, [r3]
 361:Drivers/STM32F4xx_HAL_Driver/Src/stm32f4xx_hal_tim_ex.c **** }
 733              		.loc 1 361 10 view .LVU249
 734 00aa 0020     		movs	r0, #0
 735 00ac 00E0     		b	.L33
 736              	.LVL39:
 737              	.L36:
 332:Drivers/STM32F4xx_HAL_Driver/Src/stm32f4xx_hal_tim_ex.c ****   }
 738              		.loc 1 332 12 view .LVU250
 739 00ae 0120     		movs	r0, #1
 740              	.LVL40:
 741              	.L33:
 362:Drivers/STM32F4xx_HAL_Driver/Src/stm32f4xx_hal_tim_ex.c **** 
ARM GAS  C:\Users\10369\AppData\Local\Temp\ccUaxGpI.s 			page 60


 742              		.loc 1 362 1 view .LVU251
 743 00b0 10BD     		pop	{r4, pc}
 744              	.LVL41:
 745              	.L37:
 332:Drivers/STM32F4xx_HAL_Driver/Src/stm32f4xx_hal_tim_ex.c ****   }
 746              		.loc 1 332 12 view .LVU252
 747 00b2 1846     		mov	r0, r3
 748 00b4 FCE7     		b	.L33
 749              	.LVL42:
 750              	.L39:
 361:Drivers/STM32F4xx_HAL_Driver/Src/stm32f4xx_hal_tim_ex.c **** }
 751              		.loc 1 361 10 view .LVU253
 752 00b6 0020     		movs	r0, #0
 753 00b8 FAE7     		b	.L33
 754              	.L43:
 755 00ba 00BF     		.align	2
 756              	.L42:
 757 00bc 00000140 		.word	1073807360
 758              		.cfi_endproc
 759              	.LFE138:
 761              		.section	.text.HAL_TIMEx_HallSensor_Stop,"ax",%progbits
 762              		.align	1
 763              		.global	HAL_TIMEx_HallSensor_Stop
 764              		.syntax unified
 765              		.thumb
 766              		.thumb_func
 768              	HAL_TIMEx_HallSensor_Stop:
 769              	.LVL43:
 770              	.LFB139:
 370:Drivers/STM32F4xx_HAL_Driver/Src/stm32f4xx_hal_tim_ex.c ****   /* Check the parameters */
 771              		.loc 1 370 1 is_stmt 1 view -0
 772              		.cfi_startproc
 773              		@ args = 0, pretend = 0, frame = 0
 774              		@ frame_needed = 0, uses_anonymous_args = 0
 370:Drivers/STM32F4xx_HAL_Driver/Src/stm32f4xx_hal_tim_ex.c ****   /* Check the parameters */
 775              		.loc 1 370 1 is_stmt 0 view .LVU255
 776 0000 10B5     		push	{r4, lr}
 777              	.LCFI9:
 778              		.cfi_def_cfa_offset 8
 779              		.cfi_offset 4, -8
 780              		.cfi_offset 14, -4
 781 0002 0446     		mov	r4, r0
 372:Drivers/STM32F4xx_HAL_Driver/Src/stm32f4xx_hal_tim_ex.c **** 
 782              		.loc 1 372 3 is_stmt 1 view .LVU256
 377:Drivers/STM32F4xx_HAL_Driver/Src/stm32f4xx_hal_tim_ex.c **** 
 783              		.loc 1 377 3 view .LVU257
 784 0004 0022     		movs	r2, #0
 785 0006 1146     		mov	r1, r2
 786 0008 0068     		ldr	r0, [r0]
 787              	.LVL44:
 377:Drivers/STM32F4xx_HAL_Driver/Src/stm32f4xx_hal_tim_ex.c **** 
 788              		.loc 1 377 3 is_stmt 0 view .LVU258
 789 000a FFF7FEFF 		bl	TIM_CCxChannelCmd
 790              	.LVL45:
 380:Drivers/STM32F4xx_HAL_Driver/Src/stm32f4xx_hal_tim_ex.c **** 
 791              		.loc 1 380 3 is_stmt 1 view .LVU259
 380:Drivers/STM32F4xx_HAL_Driver/Src/stm32f4xx_hal_tim_ex.c **** 
ARM GAS  C:\Users\10369\AppData\Local\Temp\ccUaxGpI.s 			page 61


 792              		.loc 1 380 3 view .LVU260
 793 000e 2368     		ldr	r3, [r4]
 794 0010 196A     		ldr	r1, [r3, #32]
 795 0012 41F21112 		movw	r2, #4369
 796 0016 1142     		tst	r1, r2
 797 0018 08D1     		bne	.L45
 380:Drivers/STM32F4xx_HAL_Driver/Src/stm32f4xx_hal_tim_ex.c **** 
 798              		.loc 1 380 3 discriminator 1 view .LVU261
 799 001a 196A     		ldr	r1, [r3, #32]
 800 001c 40F24442 		movw	r2, #1092
 801 0020 1142     		tst	r1, r2
 802 0022 03D1     		bne	.L45
 380:Drivers/STM32F4xx_HAL_Driver/Src/stm32f4xx_hal_tim_ex.c **** 
 803              		.loc 1 380 3 discriminator 3 view .LVU262
 804 0024 1A68     		ldr	r2, [r3]
 805 0026 22F00102 		bic	r2, r2, #1
 806 002a 1A60     		str	r2, [r3]
 807              	.L45:
 380:Drivers/STM32F4xx_HAL_Driver/Src/stm32f4xx_hal_tim_ex.c **** 
 808              		.loc 1 380 3 discriminator 5 view .LVU263
 383:Drivers/STM32F4xx_HAL_Driver/Src/stm32f4xx_hal_tim_ex.c ****   TIM_CHANNEL_STATE_SET(htim, TIM_CHANNEL_2, HAL_TIM_CHANNEL_STATE_READY);
 809              		.loc 1 383 3 view .LVU264
 810 002c 0123     		movs	r3, #1
 811 002e 84F83E30 		strb	r3, [r4, #62]
 384:Drivers/STM32F4xx_HAL_Driver/Src/stm32f4xx_hal_tim_ex.c ****   TIM_CHANNEL_N_STATE_SET(htim, TIM_CHANNEL_1, HAL_TIM_CHANNEL_STATE_READY);
 812              		.loc 1 384 3 view .LVU265
 813 0032 84F83F30 		strb	r3, [r4, #63]
 385:Drivers/STM32F4xx_HAL_Driver/Src/stm32f4xx_hal_tim_ex.c ****   TIM_CHANNEL_N_STATE_SET(htim, TIM_CHANNEL_2, HAL_TIM_CHANNEL_STATE_READY);
 814              		.loc 1 385 3 view .LVU266
 815 0036 84F84230 		strb	r3, [r4, #66]
 386:Drivers/STM32F4xx_HAL_Driver/Src/stm32f4xx_hal_tim_ex.c **** 
 816              		.loc 1 386 3 view .LVU267
 817 003a 84F84330 		strb	r3, [r4, #67]
 389:Drivers/STM32F4xx_HAL_Driver/Src/stm32f4xx_hal_tim_ex.c **** }
 818              		.loc 1 389 3 view .LVU268
 390:Drivers/STM32F4xx_HAL_Driver/Src/stm32f4xx_hal_tim_ex.c **** 
 819              		.loc 1 390 1 is_stmt 0 view .LVU269
 820 003e 0020     		movs	r0, #0
 821 0040 10BD     		pop	{r4, pc}
 390:Drivers/STM32F4xx_HAL_Driver/Src/stm32f4xx_hal_tim_ex.c **** 
 822              		.loc 1 390 1 view .LVU270
 823              		.cfi_endproc
 824              	.LFE139:
 826              		.section	.text.HAL_TIMEx_HallSensor_Start_IT,"ax",%progbits
 827              		.align	1
 828              		.global	HAL_TIMEx_HallSensor_Start_IT
 829              		.syntax unified
 830              		.thumb
 831              		.thumb_func
 833              	HAL_TIMEx_HallSensor_Start_IT:
 834              	.LVL46:
 835              	.LFB140:
 398:Drivers/STM32F4xx_HAL_Driver/Src/stm32f4xx_hal_tim_ex.c ****   uint32_t tmpsmcr;
 836              		.loc 1 398 1 is_stmt 1 view -0
 837              		.cfi_startproc
 838              		@ args = 0, pretend = 0, frame = 0
 839              		@ frame_needed = 0, uses_anonymous_args = 0
ARM GAS  C:\Users\10369\AppData\Local\Temp\ccUaxGpI.s 			page 62


 398:Drivers/STM32F4xx_HAL_Driver/Src/stm32f4xx_hal_tim_ex.c ****   uint32_t tmpsmcr;
 840              		.loc 1 398 1 is_stmt 0 view .LVU272
 841 0000 10B5     		push	{r4, lr}
 842              	.LCFI10:
 843              		.cfi_def_cfa_offset 8
 844              		.cfi_offset 4, -8
 845              		.cfi_offset 14, -4
 846 0002 0446     		mov	r4, r0
 399:Drivers/STM32F4xx_HAL_Driver/Src/stm32f4xx_hal_tim_ex.c ****   HAL_TIM_ChannelStateTypeDef channel_1_state = TIM_CHANNEL_STATE_GET(htim, TIM_CHANNEL_1);
 847              		.loc 1 399 3 is_stmt 1 view .LVU273
 400:Drivers/STM32F4xx_HAL_Driver/Src/stm32f4xx_hal_tim_ex.c ****   HAL_TIM_ChannelStateTypeDef channel_2_state = TIM_CHANNEL_STATE_GET(htim, TIM_CHANNEL_2);
 848              		.loc 1 400 3 view .LVU274
 400:Drivers/STM32F4xx_HAL_Driver/Src/stm32f4xx_hal_tim_ex.c ****   HAL_TIM_ChannelStateTypeDef channel_2_state = TIM_CHANNEL_STATE_GET(htim, TIM_CHANNEL_2);
 849              		.loc 1 400 31 is_stmt 0 view .LVU275
 850 0004 90F83EC0 		ldrb	ip, [r0, #62]	@ zero_extendqisi2
 851              	.LVL47:
 401:Drivers/STM32F4xx_HAL_Driver/Src/stm32f4xx_hal_tim_ex.c ****   HAL_TIM_ChannelStateTypeDef complementary_channel_1_state = TIM_CHANNEL_N_STATE_GET(htim, TIM_CHA
 852              		.loc 1 401 3 is_stmt 1 view .LVU276
 401:Drivers/STM32F4xx_HAL_Driver/Src/stm32f4xx_hal_tim_ex.c ****   HAL_TIM_ChannelStateTypeDef complementary_channel_1_state = TIM_CHANNEL_N_STATE_GET(htim, TIM_CHA
 853              		.loc 1 401 31 is_stmt 0 view .LVU277
 854 0008 90F83F30 		ldrb	r3, [r0, #63]	@ zero_extendqisi2
 855              	.LVL48:
 402:Drivers/STM32F4xx_HAL_Driver/Src/stm32f4xx_hal_tim_ex.c ****   HAL_TIM_ChannelStateTypeDef complementary_channel_2_state = TIM_CHANNEL_N_STATE_GET(htim, TIM_CHA
 856              		.loc 1 402 3 is_stmt 1 view .LVU278
 402:Drivers/STM32F4xx_HAL_Driver/Src/stm32f4xx_hal_tim_ex.c ****   HAL_TIM_ChannelStateTypeDef complementary_channel_2_state = TIM_CHANNEL_N_STATE_GET(htim, TIM_CHA
 857              		.loc 1 402 31 is_stmt 0 view .LVU279
 858 000c 90F84220 		ldrb	r2, [r0, #66]	@ zero_extendqisi2
 859              	.LVL49:
 403:Drivers/STM32F4xx_HAL_Driver/Src/stm32f4xx_hal_tim_ex.c **** 
 860              		.loc 1 403 3 is_stmt 1 view .LVU280
 403:Drivers/STM32F4xx_HAL_Driver/Src/stm32f4xx_hal_tim_ex.c **** 
 861              		.loc 1 403 31 is_stmt 0 view .LVU281
 862 0010 90F84310 		ldrb	r1, [r0, #67]	@ zero_extendqisi2
 863              	.LVL50:
 406:Drivers/STM32F4xx_HAL_Driver/Src/stm32f4xx_hal_tim_ex.c **** 
 864              		.loc 1 406 3 is_stmt 1 view .LVU282
 409:Drivers/STM32F4xx_HAL_Driver/Src/stm32f4xx_hal_tim_ex.c ****       || (channel_2_state != HAL_TIM_CHANNEL_STATE_READY)
 865              		.loc 1 409 3 view .LVU283
 409:Drivers/STM32F4xx_HAL_Driver/Src/stm32f4xx_hal_tim_ex.c ****       || (channel_2_state != HAL_TIM_CHANNEL_STATE_READY)
 866              		.loc 1 409 6 is_stmt 0 view .LVU284
 867 0014 BCF1010F 		cmp	ip, #1
 868 0018 4FD1     		bne	.L51
 869 001a 5FFA8CF0 		uxtb	r0, ip
 870              	.LVL51:
 409:Drivers/STM32F4xx_HAL_Driver/Src/stm32f4xx_hal_tim_ex.c ****       || (channel_2_state != HAL_TIM_CHANNEL_STATE_READY)
 871              		.loc 1 409 6 view .LVU285
 872 001e DBB2     		uxtb	r3, r3
 409:Drivers/STM32F4xx_HAL_Driver/Src/stm32f4xx_hal_tim_ex.c ****       || (channel_2_state != HAL_TIM_CHANNEL_STATE_READY)
 873              		.loc 1 409 6 view .LVU286
 874 0020 D2B2     		uxtb	r2, r2
 409:Drivers/STM32F4xx_HAL_Driver/Src/stm32f4xx_hal_tim_ex.c ****       || (channel_2_state != HAL_TIM_CHANNEL_STATE_READY)
 875              		.loc 1 409 6 view .LVU287
 876 0022 C9B2     		uxtb	r1, r1
 410:Drivers/STM32F4xx_HAL_Driver/Src/stm32f4xx_hal_tim_ex.c ****       || (complementary_channel_1_state != HAL_TIM_CHANNEL_STATE_READY)
 877              		.loc 1 410 7 view .LVU288
 878 0024 012B     		cmp	r3, #1
 879 0026 49D1     		bne	.L48
ARM GAS  C:\Users\10369\AppData\Local\Temp\ccUaxGpI.s 			page 63


 411:Drivers/STM32F4xx_HAL_Driver/Src/stm32f4xx_hal_tim_ex.c ****       || (complementary_channel_2_state != HAL_TIM_CHANNEL_STATE_READY))
 880              		.loc 1 411 7 view .LVU289
 881 0028 012A     		cmp	r2, #1
 882 002a 48D1     		bne	.L52
 412:Drivers/STM32F4xx_HAL_Driver/Src/stm32f4xx_hal_tim_ex.c ****   {
 883              		.loc 1 412 7 view .LVU290
 884 002c 0129     		cmp	r1, #1
 885 002e 01D0     		beq	.L56
 414:Drivers/STM32F4xx_HAL_Driver/Src/stm32f4xx_hal_tim_ex.c ****   }
 886              		.loc 1 414 12 view .LVU291
 887 0030 1046     		mov	r0, r2
 888 0032 43E0     		b	.L48
 889              	.L56:
 418:Drivers/STM32F4xx_HAL_Driver/Src/stm32f4xx_hal_tim_ex.c ****   TIM_CHANNEL_STATE_SET(htim, TIM_CHANNEL_2, HAL_TIM_CHANNEL_STATE_BUSY);
 890              		.loc 1 418 3 is_stmt 1 view .LVU292
 891 0034 0223     		movs	r3, #2
 892              	.LVL52:
 418:Drivers/STM32F4xx_HAL_Driver/Src/stm32f4xx_hal_tim_ex.c ****   TIM_CHANNEL_STATE_SET(htim, TIM_CHANNEL_2, HAL_TIM_CHANNEL_STATE_BUSY);
 893              		.loc 1 418 3 is_stmt 0 view .LVU293
 894 0036 84F83E30 		strb	r3, [r4, #62]
 419:Drivers/STM32F4xx_HAL_Driver/Src/stm32f4xx_hal_tim_ex.c ****   TIM_CHANNEL_N_STATE_SET(htim, TIM_CHANNEL_1, HAL_TIM_CHANNEL_STATE_BUSY);
 895              		.loc 1 419 3 is_stmt 1 view .LVU294
 896 003a 84F83F30 		strb	r3, [r4, #63]
 420:Drivers/STM32F4xx_HAL_Driver/Src/stm32f4xx_hal_tim_ex.c ****   TIM_CHANNEL_N_STATE_SET(htim, TIM_CHANNEL_2, HAL_TIM_CHANNEL_STATE_BUSY);
 897              		.loc 1 420 3 view .LVU295
 898 003e 84F84230 		strb	r3, [r4, #66]
 421:Drivers/STM32F4xx_HAL_Driver/Src/stm32f4xx_hal_tim_ex.c **** 
 899              		.loc 1 421 3 view .LVU296
 900 0042 84F84330 		strb	r3, [r4, #67]
 424:Drivers/STM32F4xx_HAL_Driver/Src/stm32f4xx_hal_tim_ex.c **** 
 901              		.loc 1 424 3 view .LVU297
 902 0046 2268     		ldr	r2, [r4]
 903              	.LVL53:
 424:Drivers/STM32F4xx_HAL_Driver/Src/stm32f4xx_hal_tim_ex.c **** 
 904              		.loc 1 424 3 is_stmt 0 view .LVU298
 905 0048 D368     		ldr	r3, [r2, #12]
 906 004a 43F00203 		orr	r3, r3, #2
 907 004e D360     		str	r3, [r2, #12]
 429:Drivers/STM32F4xx_HAL_Driver/Src/stm32f4xx_hal_tim_ex.c **** 
 908              		.loc 1 429 3 is_stmt 1 view .LVU299
 909 0050 0122     		movs	r2, #1
 910 0052 0021     		movs	r1, #0
 911              	.LVL54:
 429:Drivers/STM32F4xx_HAL_Driver/Src/stm32f4xx_hal_tim_ex.c **** 
 912              		.loc 1 429 3 is_stmt 0 view .LVU300
 913 0054 2068     		ldr	r0, [r4]
 914 0056 FFF7FEFF 		bl	TIM_CCxChannelCmd
 915              	.LVL55:
 432:Drivers/STM32F4xx_HAL_Driver/Src/stm32f4xx_hal_tim_ex.c ****   {
 916              		.loc 1 432 3 is_stmt 1 view .LVU301
 432:Drivers/STM32F4xx_HAL_Driver/Src/stm32f4xx_hal_tim_ex.c ****   {
 917              		.loc 1 432 7 is_stmt 0 view .LVU302
 918 005a 2368     		ldr	r3, [r4]
 432:Drivers/STM32F4xx_HAL_Driver/Src/stm32f4xx_hal_tim_ex.c ****   {
 919              		.loc 1 432 6 view .LVU303
 920 005c 1A4A     		ldr	r2, .L57
 921 005e 9342     		cmp	r3, r2
ARM GAS  C:\Users\10369\AppData\Local\Temp\ccUaxGpI.s 			page 64


 922 0060 20D0     		beq	.L49
 432:Drivers/STM32F4xx_HAL_Driver/Src/stm32f4xx_hal_tim_ex.c ****   {
 923              		.loc 1 432 7 discriminator 1 view .LVU304
 924 0062 B3F1804F 		cmp	r3, #1073741824
 925 0066 1DD0     		beq	.L49
 432:Drivers/STM32F4xx_HAL_Driver/Src/stm32f4xx_hal_tim_ex.c ****   {
 926              		.loc 1 432 7 discriminator 2 view .LVU305
 927 0068 A2F57C42 		sub	r2, r2, #64512
 928 006c 9342     		cmp	r3, r2
 929 006e 19D0     		beq	.L49
 432:Drivers/STM32F4xx_HAL_Driver/Src/stm32f4xx_hal_tim_ex.c ****   {
 930              		.loc 1 432 7 discriminator 3 view .LVU306
 931 0070 02F58062 		add	r2, r2, #1024
 932 0074 9342     		cmp	r3, r2
 933 0076 15D0     		beq	.L49
 432:Drivers/STM32F4xx_HAL_Driver/Src/stm32f4xx_hal_tim_ex.c ****   {
 934              		.loc 1 432 7 discriminator 4 view .LVU307
 935 0078 02F58062 		add	r2, r2, #1024
 936 007c 9342     		cmp	r3, r2
 937 007e 11D0     		beq	.L49
 432:Drivers/STM32F4xx_HAL_Driver/Src/stm32f4xx_hal_tim_ex.c ****   {
 938              		.loc 1 432 7 discriminator 5 view .LVU308
 939 0080 02F57842 		add	r2, r2, #63488
 940 0084 9342     		cmp	r3, r2
 941 0086 0DD0     		beq	.L49
 432:Drivers/STM32F4xx_HAL_Driver/Src/stm32f4xx_hal_tim_ex.c ****   {
 942              		.loc 1 432 7 discriminator 6 view .LVU309
 943 0088 02F57052 		add	r2, r2, #15360
 944 008c 9342     		cmp	r3, r2
 945 008e 09D0     		beq	.L49
 432:Drivers/STM32F4xx_HAL_Driver/Src/stm32f4xx_hal_tim_ex.c ****   {
 946              		.loc 1 432 7 discriminator 7 view .LVU310
 947 0090 A2F59432 		sub	r2, r2, #75776
 948 0094 9342     		cmp	r3, r2
 949 0096 05D0     		beq	.L49
 442:Drivers/STM32F4xx_HAL_Driver/Src/stm32f4xx_hal_tim_ex.c ****   }
 950              		.loc 1 442 5 is_stmt 1 view .LVU311
 951 0098 1A68     		ldr	r2, [r3]
 952 009a 42F00102 		orr	r2, r2, #1
 953 009e 1A60     		str	r2, [r3]
 446:Drivers/STM32F4xx_HAL_Driver/Src/stm32f4xx_hal_tim_ex.c **** }
 954              		.loc 1 446 10 is_stmt 0 view .LVU312
 955 00a0 0020     		movs	r0, #0
 956 00a2 0BE0     		b	.L48
 957              	.L49:
 434:Drivers/STM32F4xx_HAL_Driver/Src/stm32f4xx_hal_tim_ex.c ****     if (!IS_TIM_SLAVEMODE_TRIGGER_ENABLED(tmpsmcr))
 958              		.loc 1 434 5 is_stmt 1 view .LVU313
 434:Drivers/STM32F4xx_HAL_Driver/Src/stm32f4xx_hal_tim_ex.c ****     if (!IS_TIM_SLAVEMODE_TRIGGER_ENABLED(tmpsmcr))
 959              		.loc 1 434 29 is_stmt 0 view .LVU314
 960 00a4 9A68     		ldr	r2, [r3, #8]
 434:Drivers/STM32F4xx_HAL_Driver/Src/stm32f4xx_hal_tim_ex.c ****     if (!IS_TIM_SLAVEMODE_TRIGGER_ENABLED(tmpsmcr))
 961              		.loc 1 434 13 view .LVU315
 962 00a6 02F00702 		and	r2, r2, #7
 963              	.LVL56:
 435:Drivers/STM32F4xx_HAL_Driver/Src/stm32f4xx_hal_tim_ex.c ****     {
 964              		.loc 1 435 5 is_stmt 1 view .LVU316
 435:Drivers/STM32F4xx_HAL_Driver/Src/stm32f4xx_hal_tim_ex.c ****     {
ARM GAS  C:\Users\10369\AppData\Local\Temp\ccUaxGpI.s 			page 65


 965              		.loc 1 435 8 is_stmt 0 view .LVU317
 966 00aa 062A     		cmp	r2, #6
 967 00ac 09D0     		beq	.L54
 437:Drivers/STM32F4xx_HAL_Driver/Src/stm32f4xx_hal_tim_ex.c ****     }
 968              		.loc 1 437 7 is_stmt 1 view .LVU318
 969 00ae 1A68     		ldr	r2, [r3]
 970              	.LVL57:
 437:Drivers/STM32F4xx_HAL_Driver/Src/stm32f4xx_hal_tim_ex.c ****     }
 971              		.loc 1 437 7 is_stmt 0 view .LVU319
 972 00b0 42F00102 		orr	r2, r2, #1
 973 00b4 1A60     		str	r2, [r3]
 446:Drivers/STM32F4xx_HAL_Driver/Src/stm32f4xx_hal_tim_ex.c **** }
 974              		.loc 1 446 10 view .LVU320
 975 00b6 0020     		movs	r0, #0
 976 00b8 00E0     		b	.L48
 977              	.LVL58:
 978              	.L51:
 414:Drivers/STM32F4xx_HAL_Driver/Src/stm32f4xx_hal_tim_ex.c ****   }
 979              		.loc 1 414 12 view .LVU321
 980 00ba 0120     		movs	r0, #1
 981              	.LVL59:
 982              	.L48:
 447:Drivers/STM32F4xx_HAL_Driver/Src/stm32f4xx_hal_tim_ex.c **** 
 983              		.loc 1 447 1 view .LVU322
 984 00bc 10BD     		pop	{r4, pc}
 985              	.LVL60:
 986              	.L52:
 414:Drivers/STM32F4xx_HAL_Driver/Src/stm32f4xx_hal_tim_ex.c ****   }
 987              		.loc 1 414 12 view .LVU323
 988 00be 1846     		mov	r0, r3
 989 00c0 FCE7     		b	.L48
 990              	.LVL61:
 991              	.L54:
 446:Drivers/STM32F4xx_HAL_Driver/Src/stm32f4xx_hal_tim_ex.c **** }
 992              		.loc 1 446 10 view .LVU324
 993 00c2 0020     		movs	r0, #0
 994 00c4 FAE7     		b	.L48
 995              	.L58:
 996 00c6 00BF     		.align	2
 997              	.L57:
 998 00c8 00000140 		.word	1073807360
 999              		.cfi_endproc
 1000              	.LFE140:
 1002              		.section	.text.HAL_TIMEx_HallSensor_Stop_IT,"ax",%progbits
 1003              		.align	1
 1004              		.global	HAL_TIMEx_HallSensor_Stop_IT
 1005              		.syntax unified
 1006              		.thumb
 1007              		.thumb_func
 1009              	HAL_TIMEx_HallSensor_Stop_IT:
 1010              	.LVL62:
 1011              	.LFB141:
 455:Drivers/STM32F4xx_HAL_Driver/Src/stm32f4xx_hal_tim_ex.c ****   /* Check the parameters */
 1012              		.loc 1 455 1 is_stmt 1 view -0
 1013              		.cfi_startproc
 1014              		@ args = 0, pretend = 0, frame = 0
 1015              		@ frame_needed = 0, uses_anonymous_args = 0
ARM GAS  C:\Users\10369\AppData\Local\Temp\ccUaxGpI.s 			page 66


 455:Drivers/STM32F4xx_HAL_Driver/Src/stm32f4xx_hal_tim_ex.c ****   /* Check the parameters */
 1016              		.loc 1 455 1 is_stmt 0 view .LVU326
 1017 0000 10B5     		push	{r4, lr}
 1018              	.LCFI11:
 1019              		.cfi_def_cfa_offset 8
 1020              		.cfi_offset 4, -8
 1021              		.cfi_offset 14, -4
 1022 0002 0446     		mov	r4, r0
 457:Drivers/STM32F4xx_HAL_Driver/Src/stm32f4xx_hal_tim_ex.c **** 
 1023              		.loc 1 457 3 is_stmt 1 view .LVU327
 462:Drivers/STM32F4xx_HAL_Driver/Src/stm32f4xx_hal_tim_ex.c **** 
 1024              		.loc 1 462 3 view .LVU328
 1025 0004 0022     		movs	r2, #0
 1026 0006 1146     		mov	r1, r2
 1027 0008 0068     		ldr	r0, [r0]
 1028              	.LVL63:
 462:Drivers/STM32F4xx_HAL_Driver/Src/stm32f4xx_hal_tim_ex.c **** 
 1029              		.loc 1 462 3 is_stmt 0 view .LVU329
 1030 000a FFF7FEFF 		bl	TIM_CCxChannelCmd
 1031              	.LVL64:
 465:Drivers/STM32F4xx_HAL_Driver/Src/stm32f4xx_hal_tim_ex.c **** 
 1032              		.loc 1 465 3 is_stmt 1 view .LVU330
 1033 000e 2268     		ldr	r2, [r4]
 1034 0010 D368     		ldr	r3, [r2, #12]
 1035 0012 23F00203 		bic	r3, r3, #2
 1036 0016 D360     		str	r3, [r2, #12]
 468:Drivers/STM32F4xx_HAL_Driver/Src/stm32f4xx_hal_tim_ex.c **** 
 1037              		.loc 1 468 3 view .LVU331
 468:Drivers/STM32F4xx_HAL_Driver/Src/stm32f4xx_hal_tim_ex.c **** 
 1038              		.loc 1 468 3 view .LVU332
 1039 0018 2368     		ldr	r3, [r4]
 1040 001a 196A     		ldr	r1, [r3, #32]
 1041 001c 41F21112 		movw	r2, #4369
 1042 0020 1142     		tst	r1, r2
 1043 0022 08D1     		bne	.L60
 468:Drivers/STM32F4xx_HAL_Driver/Src/stm32f4xx_hal_tim_ex.c **** 
 1044              		.loc 1 468 3 discriminator 1 view .LVU333
 1045 0024 196A     		ldr	r1, [r3, #32]
 1046 0026 40F24442 		movw	r2, #1092
 1047 002a 1142     		tst	r1, r2
 1048 002c 03D1     		bne	.L60
 468:Drivers/STM32F4xx_HAL_Driver/Src/stm32f4xx_hal_tim_ex.c **** 
 1049              		.loc 1 468 3 discriminator 3 view .LVU334
 1050 002e 1A68     		ldr	r2, [r3]
 1051 0030 22F00102 		bic	r2, r2, #1
 1052 0034 1A60     		str	r2, [r3]
 1053              	.L60:
 468:Drivers/STM32F4xx_HAL_Driver/Src/stm32f4xx_hal_tim_ex.c **** 
 1054              		.loc 1 468 3 discriminator 5 view .LVU335
 471:Drivers/STM32F4xx_HAL_Driver/Src/stm32f4xx_hal_tim_ex.c ****   TIM_CHANNEL_STATE_SET(htim, TIM_CHANNEL_2, HAL_TIM_CHANNEL_STATE_READY);
 1055              		.loc 1 471 3 view .LVU336
 1056 0036 0123     		movs	r3, #1
 1057 0038 84F83E30 		strb	r3, [r4, #62]
 472:Drivers/STM32F4xx_HAL_Driver/Src/stm32f4xx_hal_tim_ex.c ****   TIM_CHANNEL_N_STATE_SET(htim, TIM_CHANNEL_1, HAL_TIM_CHANNEL_STATE_READY);
 1058              		.loc 1 472 3 view .LVU337
 1059 003c 84F83F30 		strb	r3, [r4, #63]
 473:Drivers/STM32F4xx_HAL_Driver/Src/stm32f4xx_hal_tim_ex.c ****   TIM_CHANNEL_N_STATE_SET(htim, TIM_CHANNEL_2, HAL_TIM_CHANNEL_STATE_READY);
ARM GAS  C:\Users\10369\AppData\Local\Temp\ccUaxGpI.s 			page 67


 1060              		.loc 1 473 3 view .LVU338
 1061 0040 84F84230 		strb	r3, [r4, #66]
 474:Drivers/STM32F4xx_HAL_Driver/Src/stm32f4xx_hal_tim_ex.c **** 
 1062              		.loc 1 474 3 view .LVU339
 1063 0044 84F84330 		strb	r3, [r4, #67]
 477:Drivers/STM32F4xx_HAL_Driver/Src/stm32f4xx_hal_tim_ex.c **** }
 1064              		.loc 1 477 3 view .LVU340
 478:Drivers/STM32F4xx_HAL_Driver/Src/stm32f4xx_hal_tim_ex.c **** 
 1065              		.loc 1 478 1 is_stmt 0 view .LVU341
 1066 0048 0020     		movs	r0, #0
 1067 004a 10BD     		pop	{r4, pc}
 478:Drivers/STM32F4xx_HAL_Driver/Src/stm32f4xx_hal_tim_ex.c **** 
 1068              		.loc 1 478 1 view .LVU342
 1069              		.cfi_endproc
 1070              	.LFE141:
 1072              		.section	.text.HAL_TIMEx_HallSensor_Start_DMA,"ax",%progbits
 1073              		.align	1
 1074              		.global	HAL_TIMEx_HallSensor_Start_DMA
 1075              		.syntax unified
 1076              		.thumb
 1077              		.thumb_func
 1079              	HAL_TIMEx_HallSensor_Start_DMA:
 1080              	.LVL65:
 1081              	.LFB142:
 488:Drivers/STM32F4xx_HAL_Driver/Src/stm32f4xx_hal_tim_ex.c ****   uint32_t tmpsmcr;
 1082              		.loc 1 488 1 is_stmt 1 view -0
 1083              		.cfi_startproc
 1084              		@ args = 0, pretend = 0, frame = 0
 1085              		@ frame_needed = 0, uses_anonymous_args = 0
 488:Drivers/STM32F4xx_HAL_Driver/Src/stm32f4xx_hal_tim_ex.c ****   uint32_t tmpsmcr;
 1086              		.loc 1 488 1 is_stmt 0 view .LVU344
 1087 0000 F8B5     		push	{r3, r4, r5, r6, r7, lr}
 1088              	.LCFI12:
 1089              		.cfi_def_cfa_offset 24
 1090              		.cfi_offset 3, -24
 1091              		.cfi_offset 4, -20
 1092              		.cfi_offset 5, -16
 1093              		.cfi_offset 6, -12
 1094              		.cfi_offset 7, -8
 1095              		.cfi_offset 14, -4
 1096 0002 0446     		mov	r4, r0
 489:Drivers/STM32F4xx_HAL_Driver/Src/stm32f4xx_hal_tim_ex.c ****   HAL_TIM_ChannelStateTypeDef channel_1_state = TIM_CHANNEL_STATE_GET(htim, TIM_CHANNEL_1);
 1097              		.loc 1 489 3 is_stmt 1 view .LVU345
 490:Drivers/STM32F4xx_HAL_Driver/Src/stm32f4xx_hal_tim_ex.c ****   HAL_TIM_ChannelStateTypeDef complementary_channel_1_state = TIM_CHANNEL_N_STATE_GET(htim, TIM_CHA
 1098              		.loc 1 490 3 view .LVU346
 490:Drivers/STM32F4xx_HAL_Driver/Src/stm32f4xx_hal_tim_ex.c ****   HAL_TIM_ChannelStateTypeDef complementary_channel_1_state = TIM_CHANNEL_N_STATE_GET(htim, TIM_CHA
 1099              		.loc 1 490 31 is_stmt 0 view .LVU347
 1100 0004 90F83EC0 		ldrb	ip, [r0, #62]	@ zero_extendqisi2
 1101 0008 5FFA8CF0 		uxtb	r0, ip
 1102              	.LVL66:
 491:Drivers/STM32F4xx_HAL_Driver/Src/stm32f4xx_hal_tim_ex.c **** 
 1103              		.loc 1 491 3 is_stmt 1 view .LVU348
 491:Drivers/STM32F4xx_HAL_Driver/Src/stm32f4xx_hal_tim_ex.c **** 
 1104              		.loc 1 491 31 is_stmt 0 view .LVU349
 1105 000c 94F84250 		ldrb	r5, [r4, #66]	@ zero_extendqisi2
 1106              	.LVL67:
 494:Drivers/STM32F4xx_HAL_Driver/Src/stm32f4xx_hal_tim_ex.c **** 
ARM GAS  C:\Users\10369\AppData\Local\Temp\ccUaxGpI.s 			page 68


 1107              		.loc 1 494 3 is_stmt 1 view .LVU350
 497:Drivers/STM32F4xx_HAL_Driver/Src/stm32f4xx_hal_tim_ex.c ****       || (complementary_channel_1_state == HAL_TIM_CHANNEL_STATE_BUSY))
 1108              		.loc 1 497 3 view .LVU351
 497:Drivers/STM32F4xx_HAL_Driver/Src/stm32f4xx_hal_tim_ex.c ****       || (complementary_channel_1_state == HAL_TIM_CHANNEL_STATE_BUSY))
 1109              		.loc 1 497 6 is_stmt 0 view .LVU352
 1110 0010 BCF1020F 		cmp	ip, #2
 1111 0014 5FD0     		beq	.L63
 1112 0016 0F46     		mov	r7, r1
 1113 0018 1646     		mov	r6, r2
 1114 001a EDB2     		uxtb	r5, r5
 498:Drivers/STM32F4xx_HAL_Driver/Src/stm32f4xx_hal_tim_ex.c ****   {
 1115              		.loc 1 498 7 view .LVU353
 1116 001c 022D     		cmp	r5, #2
 1117 001e 57D0     		beq	.L66
 502:Drivers/STM32F4xx_HAL_Driver/Src/stm32f4xx_hal_tim_ex.c ****            && (complementary_channel_1_state == HAL_TIM_CHANNEL_STATE_READY))
 1118              		.loc 1 502 8 is_stmt 1 view .LVU354
 502:Drivers/STM32F4xx_HAL_Driver/Src/stm32f4xx_hal_tim_ex.c ****            && (complementary_channel_1_state == HAL_TIM_CHANNEL_STATE_READY))
 1119              		.loc 1 502 11 is_stmt 0 view .LVU355
 1120 0020 0128     		cmp	r0, #1
 1121 0022 57D1     		bne	.L67
 503:Drivers/STM32F4xx_HAL_Driver/Src/stm32f4xx_hal_tim_ex.c ****   {
 1122              		.loc 1 503 12 view .LVU356
 1123 0024 012D     		cmp	r5, #1
 1124 0026 56D1     		bne	.L63
 505:Drivers/STM32F4xx_HAL_Driver/Src/stm32f4xx_hal_tim_ex.c ****     {
 1125              		.loc 1 505 5 is_stmt 1 view .LVU357
 505:Drivers/STM32F4xx_HAL_Driver/Src/stm32f4xx_hal_tim_ex.c ****     {
 1126              		.loc 1 505 8 is_stmt 0 view .LVU358
 1127 0028 0029     		cmp	r1, #0
 1128 002a 55D0     		beq	.L68
 505:Drivers/STM32F4xx_HAL_Driver/Src/stm32f4xx_hal_tim_ex.c ****     {
 1129              		.loc 1 505 25 discriminator 1 view .LVU359
 1130 002c 0AB9     		cbnz	r2, .L72
 507:Drivers/STM32F4xx_HAL_Driver/Src/stm32f4xx_hal_tim_ex.c ****     }
 1131              		.loc 1 507 14 view .LVU360
 1132 002e 2846     		mov	r0, r5
 1133              	.LVL68:
 507:Drivers/STM32F4xx_HAL_Driver/Src/stm32f4xx_hal_tim_ex.c ****     }
 1134              		.loc 1 507 14 view .LVU361
 1135 0030 51E0     		b	.L63
 1136              	.LVL69:
 1137              	.L72:
 511:Drivers/STM32F4xx_HAL_Driver/Src/stm32f4xx_hal_tim_ex.c ****       TIM_CHANNEL_N_STATE_SET(htim, TIM_CHANNEL_1, HAL_TIM_CHANNEL_STATE_BUSY);
 1138              		.loc 1 511 7 is_stmt 1 view .LVU362
 1139 0032 0223     		movs	r3, #2
 1140 0034 84F83E30 		strb	r3, [r4, #62]
 512:Drivers/STM32F4xx_HAL_Driver/Src/stm32f4xx_hal_tim_ex.c ****     }
 1141              		.loc 1 512 7 view .LVU363
 1142 0038 84F84230 		strb	r3, [r4, #66]
 523:Drivers/STM32F4xx_HAL_Driver/Src/stm32f4xx_hal_tim_ex.c **** 
 1143              		.loc 1 523 3 view .LVU364
 1144 003c 0122     		movs	r2, #1
 1145              	.LVL70:
 523:Drivers/STM32F4xx_HAL_Driver/Src/stm32f4xx_hal_tim_ex.c **** 
 1146              		.loc 1 523 3 is_stmt 0 view .LVU365
 1147 003e 0021     		movs	r1, #0
 1148              	.LVL71:
ARM GAS  C:\Users\10369\AppData\Local\Temp\ccUaxGpI.s 			page 69


 523:Drivers/STM32F4xx_HAL_Driver/Src/stm32f4xx_hal_tim_ex.c **** 
 1149              		.loc 1 523 3 view .LVU366
 1150 0040 2068     		ldr	r0, [r4]
 1151              	.LVL72:
 523:Drivers/STM32F4xx_HAL_Driver/Src/stm32f4xx_hal_tim_ex.c **** 
 1152              		.loc 1 523 3 view .LVU367
 1153 0042 FFF7FEFF 		bl	TIM_CCxChannelCmd
 1154              	.LVL73:
 526:Drivers/STM32F4xx_HAL_Driver/Src/stm32f4xx_hal_tim_ex.c ****   htim->hdma[TIM_DMA_ID_CC1]->XferHalfCpltCallback = TIM_DMACaptureHalfCplt;
 1155              		.loc 1 526 3 is_stmt 1 view .LVU368
 526:Drivers/STM32F4xx_HAL_Driver/Src/stm32f4xx_hal_tim_ex.c ****   htim->hdma[TIM_DMA_ID_CC1]->XferHalfCpltCallback = TIM_DMACaptureHalfCplt;
 1156              		.loc 1 526 13 is_stmt 0 view .LVU369
 1157 0046 636A     		ldr	r3, [r4, #36]
 526:Drivers/STM32F4xx_HAL_Driver/Src/stm32f4xx_hal_tim_ex.c ****   htim->hdma[TIM_DMA_ID_CC1]->XferHalfCpltCallback = TIM_DMACaptureHalfCplt;
 1158              		.loc 1 526 48 view .LVU370
 1159 0048 254A     		ldr	r2, .L73
 1160 004a DA63     		str	r2, [r3, #60]
 527:Drivers/STM32F4xx_HAL_Driver/Src/stm32f4xx_hal_tim_ex.c ****   /* Set the DMA error callback */
 1161              		.loc 1 527 3 is_stmt 1 view .LVU371
 527:Drivers/STM32F4xx_HAL_Driver/Src/stm32f4xx_hal_tim_ex.c ****   /* Set the DMA error callback */
 1162              		.loc 1 527 13 is_stmt 0 view .LVU372
 1163 004c 636A     		ldr	r3, [r4, #36]
 527:Drivers/STM32F4xx_HAL_Driver/Src/stm32f4xx_hal_tim_ex.c ****   /* Set the DMA error callback */
 1164              		.loc 1 527 52 view .LVU373
 1165 004e 254A     		ldr	r2, .L73+4
 1166 0050 1A64     		str	r2, [r3, #64]
 529:Drivers/STM32F4xx_HAL_Driver/Src/stm32f4xx_hal_tim_ex.c **** 
 1167              		.loc 1 529 3 is_stmt 1 view .LVU374
 529:Drivers/STM32F4xx_HAL_Driver/Src/stm32f4xx_hal_tim_ex.c **** 
 1168              		.loc 1 529 13 is_stmt 0 view .LVU375
 1169 0052 636A     		ldr	r3, [r4, #36]
 529:Drivers/STM32F4xx_HAL_Driver/Src/stm32f4xx_hal_tim_ex.c **** 
 1170              		.loc 1 529 49 view .LVU376
 1171 0054 244A     		ldr	r2, .L73+8
 1172 0056 DA64     		str	r2, [r3, #76]
 532:Drivers/STM32F4xx_HAL_Driver/Src/stm32f4xx_hal_tim_ex.c ****   {
 1173              		.loc 1 532 3 is_stmt 1 view .LVU377
 532:Drivers/STM32F4xx_HAL_Driver/Src/stm32f4xx_hal_tim_ex.c ****   {
 1174              		.loc 1 532 67 is_stmt 0 view .LVU378
 1175 0058 2168     		ldr	r1, [r4]
 532:Drivers/STM32F4xx_HAL_Driver/Src/stm32f4xx_hal_tim_ex.c ****   {
 1176              		.loc 1 532 7 view .LVU379
 1177 005a 3346     		mov	r3, r6
 1178 005c 3A46     		mov	r2, r7
 1179 005e 3431     		adds	r1, r1, #52
 1180 0060 606A     		ldr	r0, [r4, #36]
 1181 0062 FFF7FEFF 		bl	HAL_DMA_Start_IT
 1182              	.LVL74:
 532:Drivers/STM32F4xx_HAL_Driver/Src/stm32f4xx_hal_tim_ex.c ****   {
 1183              		.loc 1 532 6 discriminator 1 view .LVU380
 1184 0066 0028     		cmp	r0, #0
 1185 0068 38D1     		bne	.L70
 538:Drivers/STM32F4xx_HAL_Driver/Src/stm32f4xx_hal_tim_ex.c **** 
 1186              		.loc 1 538 3 is_stmt 1 view .LVU381
 1187 006a 2268     		ldr	r2, [r4]
 1188 006c D368     		ldr	r3, [r2, #12]
 1189 006e 43F40073 		orr	r3, r3, #512
ARM GAS  C:\Users\10369\AppData\Local\Temp\ccUaxGpI.s 			page 70


 1190 0072 D360     		str	r3, [r2, #12]
 541:Drivers/STM32F4xx_HAL_Driver/Src/stm32f4xx_hal_tim_ex.c ****   {
 1191              		.loc 1 541 3 view .LVU382
 541:Drivers/STM32F4xx_HAL_Driver/Src/stm32f4xx_hal_tim_ex.c ****   {
 1192              		.loc 1 541 7 is_stmt 0 view .LVU383
 1193 0074 2368     		ldr	r3, [r4]
 541:Drivers/STM32F4xx_HAL_Driver/Src/stm32f4xx_hal_tim_ex.c ****   {
 1194              		.loc 1 541 6 view .LVU384
 1195 0076 1D4A     		ldr	r2, .L73+12
 1196 0078 9342     		cmp	r3, r2
 1197 007a 1FD0     		beq	.L64
 541:Drivers/STM32F4xx_HAL_Driver/Src/stm32f4xx_hal_tim_ex.c ****   {
 1198              		.loc 1 541 7 discriminator 1 view .LVU385
 1199 007c B3F1804F 		cmp	r3, #1073741824
 1200 0080 1CD0     		beq	.L64
 541:Drivers/STM32F4xx_HAL_Driver/Src/stm32f4xx_hal_tim_ex.c ****   {
 1201              		.loc 1 541 7 discriminator 2 view .LVU386
 1202 0082 A2F57C42 		sub	r2, r2, #64512
 1203 0086 9342     		cmp	r3, r2
 1204 0088 18D0     		beq	.L64
 541:Drivers/STM32F4xx_HAL_Driver/Src/stm32f4xx_hal_tim_ex.c ****   {
 1205              		.loc 1 541 7 discriminator 3 view .LVU387
 1206 008a 02F58062 		add	r2, r2, #1024
 1207 008e 9342     		cmp	r3, r2
 1208 0090 14D0     		beq	.L64
 541:Drivers/STM32F4xx_HAL_Driver/Src/stm32f4xx_hal_tim_ex.c ****   {
 1209              		.loc 1 541 7 discriminator 4 view .LVU388
 1210 0092 02F58062 		add	r2, r2, #1024
 1211 0096 9342     		cmp	r3, r2
 1212 0098 10D0     		beq	.L64
 541:Drivers/STM32F4xx_HAL_Driver/Src/stm32f4xx_hal_tim_ex.c ****   {
 1213              		.loc 1 541 7 discriminator 5 view .LVU389
 1214 009a 02F57842 		add	r2, r2, #63488
 1215 009e 9342     		cmp	r3, r2
 1216 00a0 0CD0     		beq	.L64
 541:Drivers/STM32F4xx_HAL_Driver/Src/stm32f4xx_hal_tim_ex.c ****   {
 1217              		.loc 1 541 7 discriminator 6 view .LVU390
 1218 00a2 02F57052 		add	r2, r2, #15360
 1219 00a6 9342     		cmp	r3, r2
 1220 00a8 08D0     		beq	.L64
 541:Drivers/STM32F4xx_HAL_Driver/Src/stm32f4xx_hal_tim_ex.c ****   {
 1221              		.loc 1 541 7 discriminator 7 view .LVU391
 1222 00aa A2F59432 		sub	r2, r2, #75776
 1223 00ae 9342     		cmp	r3, r2
 1224 00b0 04D0     		beq	.L64
 551:Drivers/STM32F4xx_HAL_Driver/Src/stm32f4xx_hal_tim_ex.c ****   }
 1225              		.loc 1 551 5 is_stmt 1 view .LVU392
 1226 00b2 1A68     		ldr	r2, [r3]
 1227 00b4 42F00102 		orr	r2, r2, #1
 1228 00b8 1A60     		str	r2, [r3]
 1229 00ba 0CE0     		b	.L63
 1230              	.L64:
 543:Drivers/STM32F4xx_HAL_Driver/Src/stm32f4xx_hal_tim_ex.c ****     if (!IS_TIM_SLAVEMODE_TRIGGER_ENABLED(tmpsmcr))
 1231              		.loc 1 543 5 view .LVU393
 543:Drivers/STM32F4xx_HAL_Driver/Src/stm32f4xx_hal_tim_ex.c ****     if (!IS_TIM_SLAVEMODE_TRIGGER_ENABLED(tmpsmcr))
 1232              		.loc 1 543 29 is_stmt 0 view .LVU394
 1233 00bc 9A68     		ldr	r2, [r3, #8]
ARM GAS  C:\Users\10369\AppData\Local\Temp\ccUaxGpI.s 			page 71


 543:Drivers/STM32F4xx_HAL_Driver/Src/stm32f4xx_hal_tim_ex.c ****     if (!IS_TIM_SLAVEMODE_TRIGGER_ENABLED(tmpsmcr))
 1234              		.loc 1 543 13 view .LVU395
 1235 00be 02F00702 		and	r2, r2, #7
 1236              	.LVL75:
 544:Drivers/STM32F4xx_HAL_Driver/Src/stm32f4xx_hal_tim_ex.c ****     {
 1237              		.loc 1 544 5 is_stmt 1 view .LVU396
 544:Drivers/STM32F4xx_HAL_Driver/Src/stm32f4xx_hal_tim_ex.c ****     {
 1238              		.loc 1 544 8 is_stmt 0 view .LVU397
 1239 00c2 062A     		cmp	r2, #6
 1240 00c4 07D0     		beq	.L63
 546:Drivers/STM32F4xx_HAL_Driver/Src/stm32f4xx_hal_tim_ex.c ****     }
 1241              		.loc 1 546 7 is_stmt 1 view .LVU398
 1242 00c6 1A68     		ldr	r2, [r3]
 1243              	.LVL76:
 546:Drivers/STM32F4xx_HAL_Driver/Src/stm32f4xx_hal_tim_ex.c ****     }
 1244              		.loc 1 546 7 is_stmt 0 view .LVU399
 1245 00c8 42F00102 		orr	r2, r2, #1
 1246 00cc 1A60     		str	r2, [r3]
 1247 00ce 02E0     		b	.L63
 1248              	.LVL77:
 1249              	.L66:
 500:Drivers/STM32F4xx_HAL_Driver/Src/stm32f4xx_hal_tim_ex.c ****   }
 1250              		.loc 1 500 12 view .LVU400
 1251 00d0 2846     		mov	r0, r5
 1252              	.LVL78:
 500:Drivers/STM32F4xx_HAL_Driver/Src/stm32f4xx_hal_tim_ex.c ****   }
 1253              		.loc 1 500 12 view .LVU401
 1254 00d2 00E0     		b	.L63
 1255              	.LVL79:
 1256              	.L67:
 517:Drivers/STM32F4xx_HAL_Driver/Src/stm32f4xx_hal_tim_ex.c ****   }
 1257              		.loc 1 517 12 view .LVU402
 1258 00d4 0120     		movs	r0, #1
 1259              	.LVL80:
 1260              	.L63:
 556:Drivers/STM32F4xx_HAL_Driver/Src/stm32f4xx_hal_tim_ex.c **** 
 1261              		.loc 1 556 1 view .LVU403
 1262 00d6 F8BD     		pop	{r3, r4, r5, r6, r7, pc}
 1263              	.LVL81:
 1264              	.L68:
 507:Drivers/STM32F4xx_HAL_Driver/Src/stm32f4xx_hal_tim_ex.c ****     }
 1265              		.loc 1 507 14 view .LVU404
 1266 00d8 2846     		mov	r0, r5
 1267              	.LVL82:
 507:Drivers/STM32F4xx_HAL_Driver/Src/stm32f4xx_hal_tim_ex.c ****     }
 1268              		.loc 1 507 14 view .LVU405
 1269 00da FCE7     		b	.L63
 1270              	.LVL83:
 1271              	.L70:
 535:Drivers/STM32F4xx_HAL_Driver/Src/stm32f4xx_hal_tim_ex.c ****   }
 1272              		.loc 1 535 12 view .LVU406
 1273 00dc 2846     		mov	r0, r5
 1274 00de FAE7     		b	.L63
 1275              	.L74:
 1276              		.align	2
 1277              	.L73:
 1278 00e0 00000000 		.word	TIM_DMACaptureCplt
ARM GAS  C:\Users\10369\AppData\Local\Temp\ccUaxGpI.s 			page 72


 1279 00e4 00000000 		.word	TIM_DMACaptureHalfCplt
 1280 00e8 00000000 		.word	TIM_DMAError
 1281 00ec 00000140 		.word	1073807360
 1282              		.cfi_endproc
 1283              	.LFE142:
 1285              		.section	.text.HAL_TIMEx_HallSensor_Stop_DMA,"ax",%progbits
 1286              		.align	1
 1287              		.global	HAL_TIMEx_HallSensor_Stop_DMA
 1288              		.syntax unified
 1289              		.thumb
 1290              		.thumb_func
 1292              	HAL_TIMEx_HallSensor_Stop_DMA:
 1293              	.LVL84:
 1294              	.LFB143:
 564:Drivers/STM32F4xx_HAL_Driver/Src/stm32f4xx_hal_tim_ex.c ****   /* Check the parameters */
 1295              		.loc 1 564 1 is_stmt 1 view -0
 1296              		.cfi_startproc
 1297              		@ args = 0, pretend = 0, frame = 0
 1298              		@ frame_needed = 0, uses_anonymous_args = 0
 564:Drivers/STM32F4xx_HAL_Driver/Src/stm32f4xx_hal_tim_ex.c ****   /* Check the parameters */
 1299              		.loc 1 564 1 is_stmt 0 view .LVU408
 1300 0000 10B5     		push	{r4, lr}
 1301              	.LCFI13:
 1302              		.cfi_def_cfa_offset 8
 1303              		.cfi_offset 4, -8
 1304              		.cfi_offset 14, -4
 1305 0002 0446     		mov	r4, r0
 566:Drivers/STM32F4xx_HAL_Driver/Src/stm32f4xx_hal_tim_ex.c **** 
 1306              		.loc 1 566 3 is_stmt 1 view .LVU409
 571:Drivers/STM32F4xx_HAL_Driver/Src/stm32f4xx_hal_tim_ex.c **** 
 1307              		.loc 1 571 3 view .LVU410
 1308 0004 0022     		movs	r2, #0
 1309 0006 1146     		mov	r1, r2
 1310 0008 0068     		ldr	r0, [r0]
 1311              	.LVL85:
 571:Drivers/STM32F4xx_HAL_Driver/Src/stm32f4xx_hal_tim_ex.c **** 
 1312              		.loc 1 571 3 is_stmt 0 view .LVU411
 1313 000a FFF7FEFF 		bl	TIM_CCxChannelCmd
 1314              	.LVL86:
 575:Drivers/STM32F4xx_HAL_Driver/Src/stm32f4xx_hal_tim_ex.c **** 
 1315              		.loc 1 575 3 is_stmt 1 view .LVU412
 1316 000e 2268     		ldr	r2, [r4]
 1317 0010 D368     		ldr	r3, [r2, #12]
 1318 0012 23F40073 		bic	r3, r3, #512
 1319 0016 D360     		str	r3, [r2, #12]
 577:Drivers/STM32F4xx_HAL_Driver/Src/stm32f4xx_hal_tim_ex.c **** 
 1320              		.loc 1 577 3 view .LVU413
 577:Drivers/STM32F4xx_HAL_Driver/Src/stm32f4xx_hal_tim_ex.c **** 
 1321              		.loc 1 577 9 is_stmt 0 view .LVU414
 1322 0018 606A     		ldr	r0, [r4, #36]
 1323 001a FFF7FEFF 		bl	HAL_DMA_Abort_IT
 1324              	.LVL87:
 580:Drivers/STM32F4xx_HAL_Driver/Src/stm32f4xx_hal_tim_ex.c **** 
 1325              		.loc 1 580 3 is_stmt 1 view .LVU415
 580:Drivers/STM32F4xx_HAL_Driver/Src/stm32f4xx_hal_tim_ex.c **** 
 1326              		.loc 1 580 3 view .LVU416
 1327 001e 2368     		ldr	r3, [r4]
ARM GAS  C:\Users\10369\AppData\Local\Temp\ccUaxGpI.s 			page 73


 1328 0020 196A     		ldr	r1, [r3, #32]
 1329 0022 41F21112 		movw	r2, #4369
 1330 0026 1142     		tst	r1, r2
 1331 0028 08D1     		bne	.L76
 580:Drivers/STM32F4xx_HAL_Driver/Src/stm32f4xx_hal_tim_ex.c **** 
 1332              		.loc 1 580 3 discriminator 1 view .LVU417
 1333 002a 196A     		ldr	r1, [r3, #32]
 1334 002c 40F24442 		movw	r2, #1092
 1335 0030 1142     		tst	r1, r2
 1336 0032 03D1     		bne	.L76
 580:Drivers/STM32F4xx_HAL_Driver/Src/stm32f4xx_hal_tim_ex.c **** 
 1337              		.loc 1 580 3 discriminator 3 view .LVU418
 1338 0034 1A68     		ldr	r2, [r3]
 1339 0036 22F00102 		bic	r2, r2, #1
 1340 003a 1A60     		str	r2, [r3]
 1341              	.L76:
 580:Drivers/STM32F4xx_HAL_Driver/Src/stm32f4xx_hal_tim_ex.c **** 
 1342              		.loc 1 580 3 discriminator 5 view .LVU419
 583:Drivers/STM32F4xx_HAL_Driver/Src/stm32f4xx_hal_tim_ex.c ****   TIM_CHANNEL_N_STATE_SET(htim, TIM_CHANNEL_1, HAL_TIM_CHANNEL_STATE_READY);
 1343              		.loc 1 583 3 view .LVU420
 1344 003c 0123     		movs	r3, #1
 1345 003e 84F83E30 		strb	r3, [r4, #62]
 584:Drivers/STM32F4xx_HAL_Driver/Src/stm32f4xx_hal_tim_ex.c **** 
 1346              		.loc 1 584 3 view .LVU421
 1347 0042 84F84230 		strb	r3, [r4, #66]
 587:Drivers/STM32F4xx_HAL_Driver/Src/stm32f4xx_hal_tim_ex.c **** }
 1348              		.loc 1 587 3 view .LVU422
 588:Drivers/STM32F4xx_HAL_Driver/Src/stm32f4xx_hal_tim_ex.c **** 
 1349              		.loc 1 588 1 is_stmt 0 view .LVU423
 1350 0046 0020     		movs	r0, #0
 1351 0048 10BD     		pop	{r4, pc}
 588:Drivers/STM32F4xx_HAL_Driver/Src/stm32f4xx_hal_tim_ex.c **** 
 1352              		.loc 1 588 1 view .LVU424
 1353              		.cfi_endproc
 1354              	.LFE143:
 1356              		.section	.text.HAL_TIMEx_OCN_Start,"ax",%progbits
 1357              		.align	1
 1358              		.global	HAL_TIMEx_OCN_Start
 1359              		.syntax unified
 1360              		.thumb
 1361              		.thumb_func
 1363              	HAL_TIMEx_OCN_Start:
 1364              	.LVL88:
 1365              	.LFB144:
 626:Drivers/STM32F4xx_HAL_Driver/Src/stm32f4xx_hal_tim_ex.c ****   uint32_t tmpsmcr;
 1366              		.loc 1 626 1 is_stmt 1 view -0
 1367              		.cfi_startproc
 1368              		@ args = 0, pretend = 0, frame = 0
 1369              		@ frame_needed = 0, uses_anonymous_args = 0
 626:Drivers/STM32F4xx_HAL_Driver/Src/stm32f4xx_hal_tim_ex.c ****   uint32_t tmpsmcr;
 1370              		.loc 1 626 1 is_stmt 0 view .LVU426
 1371 0000 10B5     		push	{r4, lr}
 1372              	.LCFI14:
 1373              		.cfi_def_cfa_offset 8
 1374              		.cfi_offset 4, -8
 1375              		.cfi_offset 14, -4
 1376 0002 0446     		mov	r4, r0
ARM GAS  C:\Users\10369\AppData\Local\Temp\ccUaxGpI.s 			page 74


 627:Drivers/STM32F4xx_HAL_Driver/Src/stm32f4xx_hal_tim_ex.c **** 
 1377              		.loc 1 627 3 is_stmt 1 view .LVU427
 630:Drivers/STM32F4xx_HAL_Driver/Src/stm32f4xx_hal_tim_ex.c **** 
 1378              		.loc 1 630 3 view .LVU428
 633:Drivers/STM32F4xx_HAL_Driver/Src/stm32f4xx_hal_tim_ex.c ****   {
 1379              		.loc 1 633 3 view .LVU429
 633:Drivers/STM32F4xx_HAL_Driver/Src/stm32f4xx_hal_tim_ex.c ****   {
 1380              		.loc 1 633 46 is_stmt 0 view .LVU430
 1381 0004 0846     		mov	r0, r1
 1382              	.LVL89:
 633:Drivers/STM32F4xx_HAL_Driver/Src/stm32f4xx_hal_tim_ex.c ****   {
 1383              		.loc 1 633 46 view .LVU431
 1384 0006 0029     		cmp	r1, #0
 1385 0008 3AD1     		bne	.L79
 633:Drivers/STM32F4xx_HAL_Driver/Src/stm32f4xx_hal_tim_ex.c ****   {
 1386              		.loc 1 633 7 discriminator 1 view .LVU432
 1387 000a 94F84230 		ldrb	r3, [r4, #66]	@ zero_extendqisi2
 633:Drivers/STM32F4xx_HAL_Driver/Src/stm32f4xx_hal_tim_ex.c ****   {
 1388              		.loc 1 633 46 discriminator 1 view .LVU433
 1389 000e 013B     		subs	r3, r3, #1
 1390 0010 18BF     		it	ne
 1391 0012 0123     		movne	r3, #1
 1392              	.L80:
 633:Drivers/STM32F4xx_HAL_Driver/Src/stm32f4xx_hal_tim_ex.c ****   {
 1393              		.loc 1 633 6 discriminator 12 view .LVU434
 1394 0014 002B     		cmp	r3, #0
 1395 0016 64D1     		bne	.L90
 639:Drivers/STM32F4xx_HAL_Driver/Src/stm32f4xx_hal_tim_ex.c **** 
 1396              		.loc 1 639 3 is_stmt 1 view .LVU435
 1397 0018 0028     		cmp	r0, #0
 1398 001a 47D1     		bne	.L84
 639:Drivers/STM32F4xx_HAL_Driver/Src/stm32f4xx_hal_tim_ex.c **** 
 1399              		.loc 1 639 3 is_stmt 0 discriminator 1 view .LVU436
 1400 001c 0223     		movs	r3, #2
 1401 001e 84F84230 		strb	r3, [r4, #66]
 1402              	.L85:
 642:Drivers/STM32F4xx_HAL_Driver/Src/stm32f4xx_hal_tim_ex.c **** 
 1403              		.loc 1 642 3 is_stmt 1 view .LVU437
 1404 0022 0422     		movs	r2, #4
 1405 0024 0146     		mov	r1, r0
 1406              	.LVL90:
 642:Drivers/STM32F4xx_HAL_Driver/Src/stm32f4xx_hal_tim_ex.c **** 
 1407              		.loc 1 642 3 is_stmt 0 view .LVU438
 1408 0026 2068     		ldr	r0, [r4]
 1409              	.LVL91:
 642:Drivers/STM32F4xx_HAL_Driver/Src/stm32f4xx_hal_tim_ex.c **** 
 1410              		.loc 1 642 3 view .LVU439
 1411 0028 FFF7FEFF 		bl	TIM_CCxNChannelCmd
 1412              	.LVL92:
 645:Drivers/STM32F4xx_HAL_Driver/Src/stm32f4xx_hal_tim_ex.c **** 
 1413              		.loc 1 645 3 is_stmt 1 view .LVU440
 1414 002c 2268     		ldr	r2, [r4]
 1415 002e 536C     		ldr	r3, [r2, #68]
 1416 0030 43F40043 		orr	r3, r3, #32768
 1417 0034 5364     		str	r3, [r2, #68]
 648:Drivers/STM32F4xx_HAL_Driver/Src/stm32f4xx_hal_tim_ex.c ****   {
 1418              		.loc 1 648 3 view .LVU441
ARM GAS  C:\Users\10369\AppData\Local\Temp\ccUaxGpI.s 			page 75


 648:Drivers/STM32F4xx_HAL_Driver/Src/stm32f4xx_hal_tim_ex.c ****   {
 1419              		.loc 1 648 7 is_stmt 0 view .LVU442
 1420 0036 2368     		ldr	r3, [r4]
 648:Drivers/STM32F4xx_HAL_Driver/Src/stm32f4xx_hal_tim_ex.c ****   {
 1421              		.loc 1 648 6 view .LVU443
 1422 0038 2C4A     		ldr	r2, .L97
 1423 003a 9342     		cmp	r3, r2
 1424 003c 46D0     		beq	.L88
 648:Drivers/STM32F4xx_HAL_Driver/Src/stm32f4xx_hal_tim_ex.c ****   {
 1425              		.loc 1 648 7 discriminator 1 view .LVU444
 1426 003e B3F1804F 		cmp	r3, #1073741824
 1427 0042 43D0     		beq	.L88
 648:Drivers/STM32F4xx_HAL_Driver/Src/stm32f4xx_hal_tim_ex.c ****   {
 1428              		.loc 1 648 7 discriminator 2 view .LVU445
 1429 0044 A2F57C42 		sub	r2, r2, #64512
 1430 0048 9342     		cmp	r3, r2
 1431 004a 3FD0     		beq	.L88
 648:Drivers/STM32F4xx_HAL_Driver/Src/stm32f4xx_hal_tim_ex.c ****   {
 1432              		.loc 1 648 7 discriminator 3 view .LVU446
 1433 004c 02F58062 		add	r2, r2, #1024
 1434 0050 9342     		cmp	r3, r2
 1435 0052 3BD0     		beq	.L88
 648:Drivers/STM32F4xx_HAL_Driver/Src/stm32f4xx_hal_tim_ex.c ****   {
 1436              		.loc 1 648 7 discriminator 4 view .LVU447
 1437 0054 02F58062 		add	r2, r2, #1024
 1438 0058 9342     		cmp	r3, r2
 1439 005a 37D0     		beq	.L88
 648:Drivers/STM32F4xx_HAL_Driver/Src/stm32f4xx_hal_tim_ex.c ****   {
 1440              		.loc 1 648 7 discriminator 5 view .LVU448
 1441 005c 02F57842 		add	r2, r2, #63488
 1442 0060 9342     		cmp	r3, r2
 1443 0062 33D0     		beq	.L88
 648:Drivers/STM32F4xx_HAL_Driver/Src/stm32f4xx_hal_tim_ex.c ****   {
 1444              		.loc 1 648 7 discriminator 6 view .LVU449
 1445 0064 02F57052 		add	r2, r2, #15360
 1446 0068 9342     		cmp	r3, r2
 1447 006a 2FD0     		beq	.L88
 648:Drivers/STM32F4xx_HAL_Driver/Src/stm32f4xx_hal_tim_ex.c ****   {
 1448              		.loc 1 648 7 discriminator 7 view .LVU450
 1449 006c A2F59432 		sub	r2, r2, #75776
 1450 0070 9342     		cmp	r3, r2
 1451 0072 2BD0     		beq	.L88
 658:Drivers/STM32F4xx_HAL_Driver/Src/stm32f4xx_hal_tim_ex.c ****   }
 1452              		.loc 1 658 5 is_stmt 1 view .LVU451
 1453 0074 1A68     		ldr	r2, [r3]
 1454 0076 42F00102 		orr	r2, r2, #1
 1455 007a 1A60     		str	r2, [r3]
 662:Drivers/STM32F4xx_HAL_Driver/Src/stm32f4xx_hal_tim_ex.c **** }
 1456              		.loc 1 662 10 is_stmt 0 view .LVU452
 1457 007c 0020     		movs	r0, #0
 1458 007e 2FE0     		b	.L83
 1459              	.LVL93:
 1460              	.L79:
 633:Drivers/STM32F4xx_HAL_Driver/Src/stm32f4xx_hal_tim_ex.c ****   {
 1461              		.loc 1 633 46 discriminator 2 view .LVU453
 1462 0080 0429     		cmp	r1, #4
 1463 0082 07D0     		beq	.L93
ARM GAS  C:\Users\10369\AppData\Local\Temp\ccUaxGpI.s 			page 76


 633:Drivers/STM32F4xx_HAL_Driver/Src/stm32f4xx_hal_tim_ex.c ****   {
 1464              		.loc 1 633 46 discriminator 5 view .LVU454
 1465 0084 0829     		cmp	r1, #8
 1466 0086 0BD0     		beq	.L94
 633:Drivers/STM32F4xx_HAL_Driver/Src/stm32f4xx_hal_tim_ex.c ****   {
 1467              		.loc 1 633 7 discriminator 8 view .LVU455
 1468 0088 94F84530 		ldrb	r3, [r4, #69]	@ zero_extendqisi2
 633:Drivers/STM32F4xx_HAL_Driver/Src/stm32f4xx_hal_tim_ex.c ****   {
 1469              		.loc 1 633 46 discriminator 8 view .LVU456
 1470 008c 013B     		subs	r3, r3, #1
 1471 008e 18BF     		it	ne
 1472 0090 0123     		movne	r3, #1
 1473 0092 BFE7     		b	.L80
 1474              	.L93:
 633:Drivers/STM32F4xx_HAL_Driver/Src/stm32f4xx_hal_tim_ex.c ****   {
 1475              		.loc 1 633 7 discriminator 4 view .LVU457
 1476 0094 94F84330 		ldrb	r3, [r4, #67]	@ zero_extendqisi2
 633:Drivers/STM32F4xx_HAL_Driver/Src/stm32f4xx_hal_tim_ex.c ****   {
 1477              		.loc 1 633 46 discriminator 4 view .LVU458
 1478 0098 013B     		subs	r3, r3, #1
 1479 009a 18BF     		it	ne
 1480 009c 0123     		movne	r3, #1
 1481 009e B9E7     		b	.L80
 1482              	.L94:
 633:Drivers/STM32F4xx_HAL_Driver/Src/stm32f4xx_hal_tim_ex.c ****   {
 1483              		.loc 1 633 7 discriminator 7 view .LVU459
 1484 00a0 94F84430 		ldrb	r3, [r4, #68]	@ zero_extendqisi2
 633:Drivers/STM32F4xx_HAL_Driver/Src/stm32f4xx_hal_tim_ex.c ****   {
 1485              		.loc 1 633 46 discriminator 7 view .LVU460
 1486 00a4 013B     		subs	r3, r3, #1
 1487 00a6 18BF     		it	ne
 1488 00a8 0123     		movne	r3, #1
 1489 00aa B3E7     		b	.L80
 1490              	.L84:
 639:Drivers/STM32F4xx_HAL_Driver/Src/stm32f4xx_hal_tim_ex.c **** 
 1491              		.loc 1 639 3 discriminator 2 view .LVU461
 1492 00ac 0428     		cmp	r0, #4
 1493 00ae 05D0     		beq	.L95
 639:Drivers/STM32F4xx_HAL_Driver/Src/stm32f4xx_hal_tim_ex.c **** 
 1494              		.loc 1 639 3 discriminator 4 view .LVU462
 1495 00b0 0828     		cmp	r0, #8
 1496 00b2 07D0     		beq	.L96
 639:Drivers/STM32F4xx_HAL_Driver/Src/stm32f4xx_hal_tim_ex.c **** 
 1497              		.loc 1 639 3 discriminator 7 view .LVU463
 1498 00b4 0223     		movs	r3, #2
 1499 00b6 84F84530 		strb	r3, [r4, #69]
 1500 00ba B2E7     		b	.L85
 1501              	.L95:
 639:Drivers/STM32F4xx_HAL_Driver/Src/stm32f4xx_hal_tim_ex.c **** 
 1502              		.loc 1 639 3 discriminator 3 view .LVU464
 1503 00bc 0223     		movs	r3, #2
 1504 00be 84F84330 		strb	r3, [r4, #67]
 1505 00c2 AEE7     		b	.L85
 1506              	.L96:
 639:Drivers/STM32F4xx_HAL_Driver/Src/stm32f4xx_hal_tim_ex.c **** 
 1507              		.loc 1 639 3 discriminator 6 view .LVU465
 1508 00c4 0223     		movs	r3, #2
ARM GAS  C:\Users\10369\AppData\Local\Temp\ccUaxGpI.s 			page 77


 1509 00c6 84F84430 		strb	r3, [r4, #68]
 1510 00ca AAE7     		b	.L85
 1511              	.LVL94:
 1512              	.L88:
 650:Drivers/STM32F4xx_HAL_Driver/Src/stm32f4xx_hal_tim_ex.c ****     if (!IS_TIM_SLAVEMODE_TRIGGER_ENABLED(tmpsmcr))
 1513              		.loc 1 650 5 is_stmt 1 view .LVU466
 650:Drivers/STM32F4xx_HAL_Driver/Src/stm32f4xx_hal_tim_ex.c ****     if (!IS_TIM_SLAVEMODE_TRIGGER_ENABLED(tmpsmcr))
 1514              		.loc 1 650 29 is_stmt 0 view .LVU467
 1515 00cc 9A68     		ldr	r2, [r3, #8]
 650:Drivers/STM32F4xx_HAL_Driver/Src/stm32f4xx_hal_tim_ex.c ****     if (!IS_TIM_SLAVEMODE_TRIGGER_ENABLED(tmpsmcr))
 1516              		.loc 1 650 13 view .LVU468
 1517 00ce 02F00702 		and	r2, r2, #7
 1518              	.LVL95:
 651:Drivers/STM32F4xx_HAL_Driver/Src/stm32f4xx_hal_tim_ex.c ****     {
 1519              		.loc 1 651 5 is_stmt 1 view .LVU469
 651:Drivers/STM32F4xx_HAL_Driver/Src/stm32f4xx_hal_tim_ex.c ****     {
 1520              		.loc 1 651 8 is_stmt 0 view .LVU470
 1521 00d2 062A     		cmp	r2, #6
 1522 00d4 07D0     		beq	.L91
 653:Drivers/STM32F4xx_HAL_Driver/Src/stm32f4xx_hal_tim_ex.c ****     }
 1523              		.loc 1 653 7 is_stmt 1 view .LVU471
 1524 00d6 1A68     		ldr	r2, [r3]
 1525              	.LVL96:
 653:Drivers/STM32F4xx_HAL_Driver/Src/stm32f4xx_hal_tim_ex.c ****     }
 1526              		.loc 1 653 7 is_stmt 0 view .LVU472
 1527 00d8 42F00102 		orr	r2, r2, #1
 1528 00dc 1A60     		str	r2, [r3]
 662:Drivers/STM32F4xx_HAL_Driver/Src/stm32f4xx_hal_tim_ex.c **** }
 1529              		.loc 1 662 10 view .LVU473
 1530 00de 0020     		movs	r0, #0
 1531              	.LVL97:
 1532              	.L83:
 663:Drivers/STM32F4xx_HAL_Driver/Src/stm32f4xx_hal_tim_ex.c **** 
 1533              		.loc 1 663 1 view .LVU474
 1534 00e0 10BD     		pop	{r4, pc}
 1535              	.LVL98:
 1536              	.L90:
 635:Drivers/STM32F4xx_HAL_Driver/Src/stm32f4xx_hal_tim_ex.c ****   }
 1537              		.loc 1 635 12 view .LVU475
 1538 00e2 0120     		movs	r0, #1
 1539              	.LVL99:
 635:Drivers/STM32F4xx_HAL_Driver/Src/stm32f4xx_hal_tim_ex.c ****   }
 1540              		.loc 1 635 12 view .LVU476
 1541 00e4 FCE7     		b	.L83
 1542              	.LVL100:
 1543              	.L91:
 662:Drivers/STM32F4xx_HAL_Driver/Src/stm32f4xx_hal_tim_ex.c **** }
 1544              		.loc 1 662 10 view .LVU477
 1545 00e6 0020     		movs	r0, #0
 1546 00e8 FAE7     		b	.L83
 1547              	.L98:
 1548 00ea 00BF     		.align	2
 1549              	.L97:
 1550 00ec 00000140 		.word	1073807360
 1551              		.cfi_endproc
 1552              	.LFE144:
 1554              		.section	.text.HAL_TIMEx_OCN_Stop,"ax",%progbits
ARM GAS  C:\Users\10369\AppData\Local\Temp\ccUaxGpI.s 			page 78


 1555              		.align	1
 1556              		.global	HAL_TIMEx_OCN_Stop
 1557              		.syntax unified
 1558              		.thumb
 1559              		.thumb_func
 1561              	HAL_TIMEx_OCN_Stop:
 1562              	.LVL101:
 1563              	.LFB145:
 677:Drivers/STM32F4xx_HAL_Driver/Src/stm32f4xx_hal_tim_ex.c ****   /* Check the parameters */
 1564              		.loc 1 677 1 is_stmt 1 view -0
 1565              		.cfi_startproc
 1566              		@ args = 0, pretend = 0, frame = 0
 1567              		@ frame_needed = 0, uses_anonymous_args = 0
 677:Drivers/STM32F4xx_HAL_Driver/Src/stm32f4xx_hal_tim_ex.c ****   /* Check the parameters */
 1568              		.loc 1 677 1 is_stmt 0 view .LVU479
 1569 0000 38B5     		push	{r3, r4, r5, lr}
 1570              	.LCFI15:
 1571              		.cfi_def_cfa_offset 16
 1572              		.cfi_offset 3, -16
 1573              		.cfi_offset 4, -12
 1574              		.cfi_offset 5, -8
 1575              		.cfi_offset 14, -4
 1576 0002 0446     		mov	r4, r0
 1577 0004 0D46     		mov	r5, r1
 679:Drivers/STM32F4xx_HAL_Driver/Src/stm32f4xx_hal_tim_ex.c **** 
 1578              		.loc 1 679 3 is_stmt 1 view .LVU480
 682:Drivers/STM32F4xx_HAL_Driver/Src/stm32f4xx_hal_tim_ex.c **** 
 1579              		.loc 1 682 3 view .LVU481
 1580 0006 0022     		movs	r2, #0
 1581 0008 0068     		ldr	r0, [r0]
 1582              	.LVL102:
 682:Drivers/STM32F4xx_HAL_Driver/Src/stm32f4xx_hal_tim_ex.c **** 
 1583              		.loc 1 682 3 is_stmt 0 view .LVU482
 1584 000a FFF7FEFF 		bl	TIM_CCxNChannelCmd
 1585              	.LVL103:
 685:Drivers/STM32F4xx_HAL_Driver/Src/stm32f4xx_hal_tim_ex.c **** 
 1586              		.loc 1 685 3 is_stmt 1 view .LVU483
 685:Drivers/STM32F4xx_HAL_Driver/Src/stm32f4xx_hal_tim_ex.c **** 
 1587              		.loc 1 685 3 view .LVU484
 1588 000e 2368     		ldr	r3, [r4]
 1589 0010 196A     		ldr	r1, [r3, #32]
 1590 0012 41F21112 		movw	r2, #4369
 1591 0016 1142     		tst	r1, r2
 1592 0018 08D1     		bne	.L100
 685:Drivers/STM32F4xx_HAL_Driver/Src/stm32f4xx_hal_tim_ex.c **** 
 1593              		.loc 1 685 3 discriminator 1 view .LVU485
 1594 001a 196A     		ldr	r1, [r3, #32]
 1595 001c 40F24442 		movw	r2, #1092
 1596 0020 1142     		tst	r1, r2
 1597 0022 03D1     		bne	.L100
 685:Drivers/STM32F4xx_HAL_Driver/Src/stm32f4xx_hal_tim_ex.c **** 
 1598              		.loc 1 685 3 discriminator 3 view .LVU486
 1599 0024 5A6C     		ldr	r2, [r3, #68]
 1600 0026 22F40042 		bic	r2, r2, #32768
 1601 002a 5A64     		str	r2, [r3, #68]
 1602              	.L100:
 685:Drivers/STM32F4xx_HAL_Driver/Src/stm32f4xx_hal_tim_ex.c **** 
ARM GAS  C:\Users\10369\AppData\Local\Temp\ccUaxGpI.s 			page 79


 1603              		.loc 1 685 3 discriminator 5 view .LVU487
 688:Drivers/STM32F4xx_HAL_Driver/Src/stm32f4xx_hal_tim_ex.c **** 
 1604              		.loc 1 688 3 view .LVU488
 688:Drivers/STM32F4xx_HAL_Driver/Src/stm32f4xx_hal_tim_ex.c **** 
 1605              		.loc 1 688 3 view .LVU489
 1606 002c 2368     		ldr	r3, [r4]
 1607 002e 196A     		ldr	r1, [r3, #32]
 1608 0030 41F21112 		movw	r2, #4369
 1609 0034 1142     		tst	r1, r2
 1610 0036 08D1     		bne	.L101
 688:Drivers/STM32F4xx_HAL_Driver/Src/stm32f4xx_hal_tim_ex.c **** 
 1611              		.loc 1 688 3 discriminator 1 view .LVU490
 1612 0038 196A     		ldr	r1, [r3, #32]
 1613 003a 40F24442 		movw	r2, #1092
 1614 003e 1142     		tst	r1, r2
 1615 0040 03D1     		bne	.L101
 688:Drivers/STM32F4xx_HAL_Driver/Src/stm32f4xx_hal_tim_ex.c **** 
 1616              		.loc 1 688 3 discriminator 3 view .LVU491
 1617 0042 1A68     		ldr	r2, [r3]
 1618 0044 22F00102 		bic	r2, r2, #1
 1619 0048 1A60     		str	r2, [r3]
 1620              	.L101:
 688:Drivers/STM32F4xx_HAL_Driver/Src/stm32f4xx_hal_tim_ex.c **** 
 1621              		.loc 1 688 3 discriminator 5 view .LVU492
 691:Drivers/STM32F4xx_HAL_Driver/Src/stm32f4xx_hal_tim_ex.c **** 
 1622              		.loc 1 691 3 view .LVU493
 1623 004a 25B9     		cbnz	r5, .L102
 691:Drivers/STM32F4xx_HAL_Driver/Src/stm32f4xx_hal_tim_ex.c **** 
 1624              		.loc 1 691 3 is_stmt 0 discriminator 1 view .LVU494
 1625 004c 0123     		movs	r3, #1
 1626 004e 84F84230 		strb	r3, [r4, #66]
 1627              	.L103:
 694:Drivers/STM32F4xx_HAL_Driver/Src/stm32f4xx_hal_tim_ex.c **** }
 1628              		.loc 1 694 3 is_stmt 1 view .LVU495
 695:Drivers/STM32F4xx_HAL_Driver/Src/stm32f4xx_hal_tim_ex.c **** 
 1629              		.loc 1 695 1 is_stmt 0 view .LVU496
 1630 0052 0020     		movs	r0, #0
 1631 0054 38BD     		pop	{r3, r4, r5, pc}
 1632              	.LVL104:
 1633              	.L102:
 691:Drivers/STM32F4xx_HAL_Driver/Src/stm32f4xx_hal_tim_ex.c **** 
 1634              		.loc 1 691 3 discriminator 2 view .LVU497
 1635 0056 042D     		cmp	r5, #4
 1636 0058 05D0     		beq	.L107
 691:Drivers/STM32F4xx_HAL_Driver/Src/stm32f4xx_hal_tim_ex.c **** 
 1637              		.loc 1 691 3 discriminator 4 view .LVU498
 1638 005a 082D     		cmp	r5, #8
 1639 005c 07D0     		beq	.L108
 691:Drivers/STM32F4xx_HAL_Driver/Src/stm32f4xx_hal_tim_ex.c **** 
 1640              		.loc 1 691 3 discriminator 7 view .LVU499
 1641 005e 0123     		movs	r3, #1
 1642 0060 84F84530 		strb	r3, [r4, #69]
 1643 0064 F5E7     		b	.L103
 1644              	.L107:
 691:Drivers/STM32F4xx_HAL_Driver/Src/stm32f4xx_hal_tim_ex.c **** 
 1645              		.loc 1 691 3 discriminator 3 view .LVU500
 1646 0066 0123     		movs	r3, #1
ARM GAS  C:\Users\10369\AppData\Local\Temp\ccUaxGpI.s 			page 80


 1647 0068 84F84330 		strb	r3, [r4, #67]
 1648 006c F1E7     		b	.L103
 1649              	.L108:
 691:Drivers/STM32F4xx_HAL_Driver/Src/stm32f4xx_hal_tim_ex.c **** 
 1650              		.loc 1 691 3 discriminator 6 view .LVU501
 1651 006e 0123     		movs	r3, #1
 1652 0070 84F84430 		strb	r3, [r4, #68]
 1653 0074 EDE7     		b	.L103
 1654              		.cfi_endproc
 1655              	.LFE145:
 1657              		.section	.text.HAL_TIMEx_OCN_Start_IT,"ax",%progbits
 1658              		.align	1
 1659              		.global	HAL_TIMEx_OCN_Start_IT
 1660              		.syntax unified
 1661              		.thumb
 1662              		.thumb_func
 1664              	HAL_TIMEx_OCN_Start_IT:
 1665              	.LVL105:
 1666              	.LFB146:
 709:Drivers/STM32F4xx_HAL_Driver/Src/stm32f4xx_hal_tim_ex.c ****   HAL_StatusTypeDef status = HAL_OK;
 1667              		.loc 1 709 1 is_stmt 1 view -0
 1668              		.cfi_startproc
 1669              		@ args = 0, pretend = 0, frame = 0
 1670              		@ frame_needed = 0, uses_anonymous_args = 0
 709:Drivers/STM32F4xx_HAL_Driver/Src/stm32f4xx_hal_tim_ex.c ****   HAL_StatusTypeDef status = HAL_OK;
 1671              		.loc 1 709 1 is_stmt 0 view .LVU503
 1672 0000 10B5     		push	{r4, lr}
 1673              	.LCFI16:
 1674              		.cfi_def_cfa_offset 8
 1675              		.cfi_offset 4, -8
 1676              		.cfi_offset 14, -4
 1677 0002 0446     		mov	r4, r0
 710:Drivers/STM32F4xx_HAL_Driver/Src/stm32f4xx_hal_tim_ex.c ****   uint32_t tmpsmcr;
 1678              		.loc 1 710 3 is_stmt 1 view .LVU504
 1679              	.LVL106:
 711:Drivers/STM32F4xx_HAL_Driver/Src/stm32f4xx_hal_tim_ex.c **** 
 1680              		.loc 1 711 3 view .LVU505
 714:Drivers/STM32F4xx_HAL_Driver/Src/stm32f4xx_hal_tim_ex.c **** 
 1681              		.loc 1 714 3 view .LVU506
 717:Drivers/STM32F4xx_HAL_Driver/Src/stm32f4xx_hal_tim_ex.c ****   {
 1682              		.loc 1 717 3 view .LVU507
 717:Drivers/STM32F4xx_HAL_Driver/Src/stm32f4xx_hal_tim_ex.c ****   {
 1683              		.loc 1 717 46 is_stmt 0 view .LVU508
 1684 0004 0846     		mov	r0, r1
 1685              	.LVL107:
 717:Drivers/STM32F4xx_HAL_Driver/Src/stm32f4xx_hal_tim_ex.c ****   {
 1686              		.loc 1 717 46 view .LVU509
 1687 0006 0029     		cmp	r1, #0
 1688 0008 44D1     		bne	.L110
 717:Drivers/STM32F4xx_HAL_Driver/Src/stm32f4xx_hal_tim_ex.c ****   {
 1689              		.loc 1 717 7 discriminator 1 view .LVU510
 1690 000a 94F84230 		ldrb	r3, [r4, #66]	@ zero_extendqisi2
 717:Drivers/STM32F4xx_HAL_Driver/Src/stm32f4xx_hal_tim_ex.c ****   {
 1691              		.loc 1 717 46 discriminator 1 view .LVU511
 1692 000e 013B     		subs	r3, r3, #1
 1693 0010 18BF     		it	ne
 1694 0012 0123     		movne	r3, #1
ARM GAS  C:\Users\10369\AppData\Local\Temp\ccUaxGpI.s 			page 81


 1695              	.L111:
 717:Drivers/STM32F4xx_HAL_Driver/Src/stm32f4xx_hal_tim_ex.c ****   {
 1696              		.loc 1 717 6 discriminator 12 view .LVU512
 1697 0014 002B     		cmp	r3, #0
 1698 0016 7FD1     		bne	.L124
 723:Drivers/STM32F4xx_HAL_Driver/Src/stm32f4xx_hal_tim_ex.c **** 
 1699              		.loc 1 723 3 is_stmt 1 view .LVU513
 1700 0018 0028     		cmp	r0, #0
 1701 001a 51D1     		bne	.L115
 723:Drivers/STM32F4xx_HAL_Driver/Src/stm32f4xx_hal_tim_ex.c **** 
 1702              		.loc 1 723 3 is_stmt 0 discriminator 1 view .LVU514
 1703 001c 0223     		movs	r3, #2
 1704 001e 84F84230 		strb	r3, [r4, #66]
 725:Drivers/STM32F4xx_HAL_Driver/Src/stm32f4xx_hal_tim_ex.c ****   {
 1705              		.loc 1 725 3 is_stmt 1 view .LVU515
 1706              	.L116:
 730:Drivers/STM32F4xx_HAL_Driver/Src/stm32f4xx_hal_tim_ex.c ****       break;
 1707              		.loc 1 730 7 view .LVU516
 1708 0022 2268     		ldr	r2, [r4]
 1709 0024 D368     		ldr	r3, [r2, #12]
 1710 0026 43F00203 		orr	r3, r3, #2
 1711 002a D360     		str	r3, [r2, #12]
 731:Drivers/STM32F4xx_HAL_Driver/Src/stm32f4xx_hal_tim_ex.c ****     }
 1712              		.loc 1 731 7 view .LVU517
 754:Drivers/STM32F4xx_HAL_Driver/Src/stm32f4xx_hal_tim_ex.c ****   {
 1713              		.loc 1 754 3 view .LVU518
 1714              	.L121:
 757:Drivers/STM32F4xx_HAL_Driver/Src/stm32f4xx_hal_tim_ex.c **** 
 1715              		.loc 1 757 5 view .LVU519
 1716 002c 2268     		ldr	r2, [r4]
 1717 002e D368     		ldr	r3, [r2, #12]
 1718 0030 43F08003 		orr	r3, r3, #128
 1719 0034 D360     		str	r3, [r2, #12]
 760:Drivers/STM32F4xx_HAL_Driver/Src/stm32f4xx_hal_tim_ex.c **** 
 1720              		.loc 1 760 5 view .LVU520
 1721 0036 0422     		movs	r2, #4
 1722 0038 0146     		mov	r1, r0
 1723              	.LVL108:
 760:Drivers/STM32F4xx_HAL_Driver/Src/stm32f4xx_hal_tim_ex.c **** 
 1724              		.loc 1 760 5 is_stmt 0 view .LVU521
 1725 003a 2068     		ldr	r0, [r4]
 1726              	.LVL109:
 760:Drivers/STM32F4xx_HAL_Driver/Src/stm32f4xx_hal_tim_ex.c **** 
 1727              		.loc 1 760 5 view .LVU522
 1728 003c FFF7FEFF 		bl	TIM_CCxNChannelCmd
 1729              	.LVL110:
 763:Drivers/STM32F4xx_HAL_Driver/Src/stm32f4xx_hal_tim_ex.c **** 
 1730              		.loc 1 763 5 is_stmt 1 view .LVU523
 1731 0040 2268     		ldr	r2, [r4]
 1732 0042 536C     		ldr	r3, [r2, #68]
 1733 0044 43F40043 		orr	r3, r3, #32768
 1734 0048 5364     		str	r3, [r2, #68]
 766:Drivers/STM32F4xx_HAL_Driver/Src/stm32f4xx_hal_tim_ex.c ****     {
 1735              		.loc 1 766 5 view .LVU524
 766:Drivers/STM32F4xx_HAL_Driver/Src/stm32f4xx_hal_tim_ex.c ****     {
 1736              		.loc 1 766 9 is_stmt 0 view .LVU525
 1737 004a 2368     		ldr	r3, [r4]
ARM GAS  C:\Users\10369\AppData\Local\Temp\ccUaxGpI.s 			page 82


 766:Drivers/STM32F4xx_HAL_Driver/Src/stm32f4xx_hal_tim_ex.c ****     {
 1738              		.loc 1 766 8 view .LVU526
 1739 004c 344A     		ldr	r2, .L132
 1740 004e 9342     		cmp	r3, r2
 1741 0050 57D0     		beq	.L122
 766:Drivers/STM32F4xx_HAL_Driver/Src/stm32f4xx_hal_tim_ex.c ****     {
 1742              		.loc 1 766 9 discriminator 1 view .LVU527
 1743 0052 B3F1804F 		cmp	r3, #1073741824
 1744 0056 54D0     		beq	.L122
 766:Drivers/STM32F4xx_HAL_Driver/Src/stm32f4xx_hal_tim_ex.c ****     {
 1745              		.loc 1 766 9 discriminator 2 view .LVU528
 1746 0058 A2F57C42 		sub	r2, r2, #64512
 1747 005c 9342     		cmp	r3, r2
 1748 005e 50D0     		beq	.L122
 766:Drivers/STM32F4xx_HAL_Driver/Src/stm32f4xx_hal_tim_ex.c ****     {
 1749              		.loc 1 766 9 discriminator 3 view .LVU529
 1750 0060 02F58062 		add	r2, r2, #1024
 1751 0064 9342     		cmp	r3, r2
 1752 0066 4CD0     		beq	.L122
 766:Drivers/STM32F4xx_HAL_Driver/Src/stm32f4xx_hal_tim_ex.c ****     {
 1753              		.loc 1 766 9 discriminator 4 view .LVU530
 1754 0068 02F58062 		add	r2, r2, #1024
 1755 006c 9342     		cmp	r3, r2
 1756 006e 48D0     		beq	.L122
 766:Drivers/STM32F4xx_HAL_Driver/Src/stm32f4xx_hal_tim_ex.c ****     {
 1757              		.loc 1 766 9 discriminator 5 view .LVU531
 1758 0070 02F57842 		add	r2, r2, #63488
 1759 0074 9342     		cmp	r3, r2
 1760 0076 44D0     		beq	.L122
 766:Drivers/STM32F4xx_HAL_Driver/Src/stm32f4xx_hal_tim_ex.c ****     {
 1761              		.loc 1 766 9 discriminator 6 view .LVU532
 1762 0078 02F57052 		add	r2, r2, #15360
 1763 007c 9342     		cmp	r3, r2
 1764 007e 40D0     		beq	.L122
 766:Drivers/STM32F4xx_HAL_Driver/Src/stm32f4xx_hal_tim_ex.c ****     {
 1765              		.loc 1 766 9 discriminator 7 view .LVU533
 1766 0080 A2F59432 		sub	r2, r2, #75776
 1767 0084 9342     		cmp	r3, r2
 1768 0086 3CD0     		beq	.L122
 776:Drivers/STM32F4xx_HAL_Driver/Src/stm32f4xx_hal_tim_ex.c ****     }
 1769              		.loc 1 776 7 is_stmt 1 view .LVU534
 1770 0088 1A68     		ldr	r2, [r3]
 1771 008a 42F00102 		orr	r2, r2, #1
 1772 008e 1A60     		str	r2, [r3]
 1773 0090 0020     		movs	r0, #0
 1774 0092 40E0     		b	.L114
 1775              	.LVL111:
 1776              	.L110:
 717:Drivers/STM32F4xx_HAL_Driver/Src/stm32f4xx_hal_tim_ex.c ****   {
 1777              		.loc 1 717 46 is_stmt 0 discriminator 2 view .LVU535
 1778 0094 0429     		cmp	r1, #4
 1779 0096 07D0     		beq	.L128
 717:Drivers/STM32F4xx_HAL_Driver/Src/stm32f4xx_hal_tim_ex.c ****   {
 1780              		.loc 1 717 46 discriminator 5 view .LVU536
 1781 0098 0829     		cmp	r1, #8
 1782 009a 0BD0     		beq	.L129
 717:Drivers/STM32F4xx_HAL_Driver/Src/stm32f4xx_hal_tim_ex.c ****   {
ARM GAS  C:\Users\10369\AppData\Local\Temp\ccUaxGpI.s 			page 83


 1783              		.loc 1 717 7 discriminator 8 view .LVU537
 1784 009c 94F84530 		ldrb	r3, [r4, #69]	@ zero_extendqisi2
 717:Drivers/STM32F4xx_HAL_Driver/Src/stm32f4xx_hal_tim_ex.c ****   {
 1785              		.loc 1 717 46 discriminator 8 view .LVU538
 1786 00a0 013B     		subs	r3, r3, #1
 1787 00a2 18BF     		it	ne
 1788 00a4 0123     		movne	r3, #1
 1789 00a6 B5E7     		b	.L111
 1790              	.L128:
 717:Drivers/STM32F4xx_HAL_Driver/Src/stm32f4xx_hal_tim_ex.c ****   {
 1791              		.loc 1 717 7 discriminator 4 view .LVU539
 1792 00a8 94F84330 		ldrb	r3, [r4, #67]	@ zero_extendqisi2
 717:Drivers/STM32F4xx_HAL_Driver/Src/stm32f4xx_hal_tim_ex.c ****   {
 1793              		.loc 1 717 46 discriminator 4 view .LVU540
 1794 00ac 013B     		subs	r3, r3, #1
 1795 00ae 18BF     		it	ne
 1796 00b0 0123     		movne	r3, #1
 1797 00b2 AFE7     		b	.L111
 1798              	.L129:
 717:Drivers/STM32F4xx_HAL_Driver/Src/stm32f4xx_hal_tim_ex.c ****   {
 1799              		.loc 1 717 7 discriminator 7 view .LVU541
 1800 00b4 94F84430 		ldrb	r3, [r4, #68]	@ zero_extendqisi2
 717:Drivers/STM32F4xx_HAL_Driver/Src/stm32f4xx_hal_tim_ex.c ****   {
 1801              		.loc 1 717 46 discriminator 7 view .LVU542
 1802 00b8 013B     		subs	r3, r3, #1
 1803 00ba 18BF     		it	ne
 1804 00bc 0123     		movne	r3, #1
 1805 00be A9E7     		b	.L111
 1806              	.L115:
 723:Drivers/STM32F4xx_HAL_Driver/Src/stm32f4xx_hal_tim_ex.c **** 
 1807              		.loc 1 723 3 discriminator 2 view .LVU543
 1808 00c0 0428     		cmp	r0, #4
 1809 00c2 0CD0     		beq	.L130
 723:Drivers/STM32F4xx_HAL_Driver/Src/stm32f4xx_hal_tim_ex.c **** 
 1810              		.loc 1 723 3 discriminator 4 view .LVU544
 1811 00c4 0828     		cmp	r0, #8
 1812 00c6 13D0     		beq	.L131
 723:Drivers/STM32F4xx_HAL_Driver/Src/stm32f4xx_hal_tim_ex.c **** 
 1813              		.loc 1 723 3 discriminator 7 view .LVU545
 1814 00c8 0223     		movs	r3, #2
 1815 00ca 84F84530 		strb	r3, [r4, #69]
 725:Drivers/STM32F4xx_HAL_Driver/Src/stm32f4xx_hal_tim_ex.c ****   {
 1816              		.loc 1 725 3 is_stmt 1 view .LVU546
 1817 00ce 0428     		cmp	r0, #4
 1818 00d0 08D0     		beq	.L118
 1819 00d2 0828     		cmp	r0, #8
 1820 00d4 0FD0     		beq	.L120
 1821 00d6 0028     		cmp	r0, #0
 1822 00d8 A3D0     		beq	.L116
 1823 00da 0120     		movs	r0, #1
 1824              	.LVL112:
 725:Drivers/STM32F4xx_HAL_Driver/Src/stm32f4xx_hal_tim_ex.c ****   {
 1825              		.loc 1 725 3 is_stmt 0 view .LVU547
 1826 00dc 1BE0     		b	.L114
 1827              	.LVL113:
 1828              	.L130:
 723:Drivers/STM32F4xx_HAL_Driver/Src/stm32f4xx_hal_tim_ex.c **** 
ARM GAS  C:\Users\10369\AppData\Local\Temp\ccUaxGpI.s 			page 84


 1829              		.loc 1 723 3 discriminator 3 view .LVU548
 1830 00de 0223     		movs	r3, #2
 1831 00e0 84F84330 		strb	r3, [r4, #67]
 725:Drivers/STM32F4xx_HAL_Driver/Src/stm32f4xx_hal_tim_ex.c ****   {
 1832              		.loc 1 725 3 is_stmt 1 view .LVU549
 1833              	.L118:
 737:Drivers/STM32F4xx_HAL_Driver/Src/stm32f4xx_hal_tim_ex.c ****       break;
 1834              		.loc 1 737 7 view .LVU550
 1835 00e4 2268     		ldr	r2, [r4]
 1836 00e6 D368     		ldr	r3, [r2, #12]
 1837 00e8 43F00403 		orr	r3, r3, #4
 1838 00ec D360     		str	r3, [r2, #12]
 738:Drivers/STM32F4xx_HAL_Driver/Src/stm32f4xx_hal_tim_ex.c ****     }
 1839              		.loc 1 738 7 view .LVU551
 754:Drivers/STM32F4xx_HAL_Driver/Src/stm32f4xx_hal_tim_ex.c ****   {
 1840              		.loc 1 754 3 view .LVU552
 1841 00ee 9DE7     		b	.L121
 1842              	.L131:
 723:Drivers/STM32F4xx_HAL_Driver/Src/stm32f4xx_hal_tim_ex.c **** 
 1843              		.loc 1 723 3 is_stmt 0 discriminator 6 view .LVU553
 1844 00f0 0223     		movs	r3, #2
 1845 00f2 84F84430 		strb	r3, [r4, #68]
 725:Drivers/STM32F4xx_HAL_Driver/Src/stm32f4xx_hal_tim_ex.c ****   {
 1846              		.loc 1 725 3 is_stmt 1 view .LVU554
 1847              	.L120:
 744:Drivers/STM32F4xx_HAL_Driver/Src/stm32f4xx_hal_tim_ex.c ****       break;
 1848              		.loc 1 744 7 view .LVU555
 1849 00f6 2268     		ldr	r2, [r4]
 1850 00f8 D368     		ldr	r3, [r2, #12]
 1851 00fa 43F00803 		orr	r3, r3, #8
 1852 00fe D360     		str	r3, [r2, #12]
 745:Drivers/STM32F4xx_HAL_Driver/Src/stm32f4xx_hal_tim_ex.c ****     }
 1853              		.loc 1 745 7 view .LVU556
 754:Drivers/STM32F4xx_HAL_Driver/Src/stm32f4xx_hal_tim_ex.c ****   {
 1854              		.loc 1 754 3 view .LVU557
 1855 0100 94E7     		b	.L121
 1856              	.LVL114:
 1857              	.L122:
 768:Drivers/STM32F4xx_HAL_Driver/Src/stm32f4xx_hal_tim_ex.c ****       if (!IS_TIM_SLAVEMODE_TRIGGER_ENABLED(tmpsmcr))
 1858              		.loc 1 768 7 view .LVU558
 768:Drivers/STM32F4xx_HAL_Driver/Src/stm32f4xx_hal_tim_ex.c ****       if (!IS_TIM_SLAVEMODE_TRIGGER_ENABLED(tmpsmcr))
 1859              		.loc 1 768 31 is_stmt 0 view .LVU559
 1860 0102 9A68     		ldr	r2, [r3, #8]
 768:Drivers/STM32F4xx_HAL_Driver/Src/stm32f4xx_hal_tim_ex.c ****       if (!IS_TIM_SLAVEMODE_TRIGGER_ENABLED(tmpsmcr))
 1861              		.loc 1 768 15 view .LVU560
 1862 0104 02F00702 		and	r2, r2, #7
 1863              	.LVL115:
 769:Drivers/STM32F4xx_HAL_Driver/Src/stm32f4xx_hal_tim_ex.c ****       {
 1864              		.loc 1 769 7 is_stmt 1 view .LVU561
 769:Drivers/STM32F4xx_HAL_Driver/Src/stm32f4xx_hal_tim_ex.c ****       {
 1865              		.loc 1 769 10 is_stmt 0 view .LVU562
 1866 0108 062A     		cmp	r2, #6
 1867 010a 07D0     		beq	.L126
 771:Drivers/STM32F4xx_HAL_Driver/Src/stm32f4xx_hal_tim_ex.c ****       }
 1868              		.loc 1 771 9 is_stmt 1 view .LVU563
 1869 010c 1A68     		ldr	r2, [r3]
 1870              	.LVL116:
ARM GAS  C:\Users\10369\AppData\Local\Temp\ccUaxGpI.s 			page 85


 771:Drivers/STM32F4xx_HAL_Driver/Src/stm32f4xx_hal_tim_ex.c ****       }
 1871              		.loc 1 771 9 is_stmt 0 view .LVU564
 1872 010e 42F00102 		orr	r2, r2, #1
 1873 0112 1A60     		str	r2, [r3]
 1874 0114 0020     		movs	r0, #0
 1875              	.LVL117:
 1876              	.L114:
 782:Drivers/STM32F4xx_HAL_Driver/Src/stm32f4xx_hal_tim_ex.c **** 
 1877              		.loc 1 782 1 view .LVU565
 1878 0116 10BD     		pop	{r4, pc}
 1879              	.LVL118:
 1880              	.L124:
 719:Drivers/STM32F4xx_HAL_Driver/Src/stm32f4xx_hal_tim_ex.c ****   }
 1881              		.loc 1 719 12 view .LVU566
 1882 0118 0120     		movs	r0, #1
 1883              	.LVL119:
 719:Drivers/STM32F4xx_HAL_Driver/Src/stm32f4xx_hal_tim_ex.c ****   }
 1884              		.loc 1 719 12 view .LVU567
 1885 011a FCE7     		b	.L114
 1886              	.LVL120:
 1887              	.L126:
 719:Drivers/STM32F4xx_HAL_Driver/Src/stm32f4xx_hal_tim_ex.c ****   }
 1888              		.loc 1 719 12 view .LVU568
 1889 011c 0020     		movs	r0, #0
 1890 011e FAE7     		b	.L114
 1891              	.L133:
 1892              		.align	2
 1893              	.L132:
 1894 0120 00000140 		.word	1073807360
 1895              		.cfi_endproc
 1896              	.LFE146:
 1898              		.section	.text.HAL_TIMEx_OCN_Stop_IT,"ax",%progbits
 1899              		.align	1
 1900              		.global	HAL_TIMEx_OCN_Stop_IT
 1901              		.syntax unified
 1902              		.thumb
 1903              		.thumb_func
 1905              	HAL_TIMEx_OCN_Stop_IT:
 1906              	.LVL121:
 1907              	.LFB147:
 796:Drivers/STM32F4xx_HAL_Driver/Src/stm32f4xx_hal_tim_ex.c ****   HAL_StatusTypeDef status = HAL_OK;
 1908              		.loc 1 796 1 is_stmt 1 view -0
 1909              		.cfi_startproc
 1910              		@ args = 0, pretend = 0, frame = 0
 1911              		@ frame_needed = 0, uses_anonymous_args = 0
 796:Drivers/STM32F4xx_HAL_Driver/Src/stm32f4xx_hal_tim_ex.c ****   HAL_StatusTypeDef status = HAL_OK;
 1912              		.loc 1 796 1 is_stmt 0 view .LVU570
 1913 0000 38B5     		push	{r3, r4, r5, lr}
 1914              	.LCFI17:
 1915              		.cfi_def_cfa_offset 16
 1916              		.cfi_offset 3, -16
 1917              		.cfi_offset 4, -12
 1918              		.cfi_offset 5, -8
 1919              		.cfi_offset 14, -4
 1920 0002 0446     		mov	r4, r0
 1921 0004 0D46     		mov	r5, r1
 797:Drivers/STM32F4xx_HAL_Driver/Src/stm32f4xx_hal_tim_ex.c ****   uint32_t tmpccer;
ARM GAS  C:\Users\10369\AppData\Local\Temp\ccUaxGpI.s 			page 86


 1922              		.loc 1 797 3 is_stmt 1 view .LVU571
 1923              	.LVL122:
 798:Drivers/STM32F4xx_HAL_Driver/Src/stm32f4xx_hal_tim_ex.c **** 
 1924              		.loc 1 798 3 view .LVU572
 801:Drivers/STM32F4xx_HAL_Driver/Src/stm32f4xx_hal_tim_ex.c **** 
 1925              		.loc 1 801 3 view .LVU573
 803:Drivers/STM32F4xx_HAL_Driver/Src/stm32f4xx_hal_tim_ex.c ****   {
 1926              		.loc 1 803 3 view .LVU574
 1927 0006 0429     		cmp	r1, #4
 1928 0008 3BD0     		beq	.L135
 1929 000a 0829     		cmp	r1, #8
 1930 000c 3FD0     		beq	.L136
 1931 000e 0029     		cmp	r1, #0
 1932 0010 56D1     		bne	.L145
 808:Drivers/STM32F4xx_HAL_Driver/Src/stm32f4xx_hal_tim_ex.c ****       break;
 1933              		.loc 1 808 7 view .LVU575
 1934 0012 0268     		ldr	r2, [r0]
 1935 0014 D368     		ldr	r3, [r2, #12]
 1936 0016 23F00203 		bic	r3, r3, #2
 1937 001a D360     		str	r3, [r2, #12]
 809:Drivers/STM32F4xx_HAL_Driver/Src/stm32f4xx_hal_tim_ex.c ****     }
 1938              		.loc 1 809 7 view .LVU576
 831:Drivers/STM32F4xx_HAL_Driver/Src/stm32f4xx_hal_tim_ex.c ****   {
 1939              		.loc 1 831 3 view .LVU577
 1940              	.L138:
 834:Drivers/STM32F4xx_HAL_Driver/Src/stm32f4xx_hal_tim_ex.c **** 
 1941              		.loc 1 834 5 view .LVU578
 1942 001c 0022     		movs	r2, #0
 1943 001e 2946     		mov	r1, r5
 1944              	.LVL123:
 834:Drivers/STM32F4xx_HAL_Driver/Src/stm32f4xx_hal_tim_ex.c **** 
 1945              		.loc 1 834 5 is_stmt 0 view .LVU579
 1946 0020 2068     		ldr	r0, [r4]
 1947              	.LVL124:
 834:Drivers/STM32F4xx_HAL_Driver/Src/stm32f4xx_hal_tim_ex.c **** 
 1948              		.loc 1 834 5 view .LVU580
 1949 0022 FFF7FEFF 		bl	TIM_CCxNChannelCmd
 1950              	.LVL125:
 837:Drivers/STM32F4xx_HAL_Driver/Src/stm32f4xx_hal_tim_ex.c ****     if ((tmpccer & TIM_CCER_CCxNE_MASK) == (uint32_t)RESET)
 1951              		.loc 1 837 5 is_stmt 1 view .LVU581
 837:Drivers/STM32F4xx_HAL_Driver/Src/stm32f4xx_hal_tim_ex.c ****     if ((tmpccer & TIM_CCER_CCxNE_MASK) == (uint32_t)RESET)
 1952              		.loc 1 837 19 is_stmt 0 view .LVU582
 1953 0026 2368     		ldr	r3, [r4]
 837:Drivers/STM32F4xx_HAL_Driver/Src/stm32f4xx_hal_tim_ex.c ****     if ((tmpccer & TIM_CCER_CCxNE_MASK) == (uint32_t)RESET)
 1954              		.loc 1 837 13 view .LVU583
 1955 0028 196A     		ldr	r1, [r3, #32]
 1956              	.LVL126:
 838:Drivers/STM32F4xx_HAL_Driver/Src/stm32f4xx_hal_tim_ex.c ****     {
 1957              		.loc 1 838 5 is_stmt 1 view .LVU584
 838:Drivers/STM32F4xx_HAL_Driver/Src/stm32f4xx_hal_tim_ex.c ****     {
 1958              		.loc 1 838 8 is_stmt 0 view .LVU585
 1959 002a 40F24442 		movw	r2, #1092
 1960 002e 1142     		tst	r1, r2
 1961 0030 03D1     		bne	.L139
 840:Drivers/STM32F4xx_HAL_Driver/Src/stm32f4xx_hal_tim_ex.c ****     }
 1962              		.loc 1 840 7 is_stmt 1 view .LVU586
 1963 0032 DA68     		ldr	r2, [r3, #12]
ARM GAS  C:\Users\10369\AppData\Local\Temp\ccUaxGpI.s 			page 87


 1964 0034 22F08002 		bic	r2, r2, #128
 1965 0038 DA60     		str	r2, [r3, #12]
 1966              	.L139:
 844:Drivers/STM32F4xx_HAL_Driver/Src/stm32f4xx_hal_tim_ex.c **** 
 1967              		.loc 1 844 5 view .LVU587
 844:Drivers/STM32F4xx_HAL_Driver/Src/stm32f4xx_hal_tim_ex.c **** 
 1968              		.loc 1 844 5 view .LVU588
 1969 003a 2368     		ldr	r3, [r4]
 1970 003c 196A     		ldr	r1, [r3, #32]
 1971              	.LVL127:
 844:Drivers/STM32F4xx_HAL_Driver/Src/stm32f4xx_hal_tim_ex.c **** 
 1972              		.loc 1 844 5 is_stmt 0 view .LVU589
 1973 003e 41F21112 		movw	r2, #4369
 1974 0042 1142     		tst	r1, r2
 1975 0044 08D1     		bne	.L140
 844:Drivers/STM32F4xx_HAL_Driver/Src/stm32f4xx_hal_tim_ex.c **** 
 1976              		.loc 1 844 5 is_stmt 1 discriminator 1 view .LVU590
 1977 0046 196A     		ldr	r1, [r3, #32]
 1978 0048 40F24442 		movw	r2, #1092
 1979 004c 1142     		tst	r1, r2
 1980 004e 03D1     		bne	.L140
 844:Drivers/STM32F4xx_HAL_Driver/Src/stm32f4xx_hal_tim_ex.c **** 
 1981              		.loc 1 844 5 discriminator 3 view .LVU591
 1982 0050 5A6C     		ldr	r2, [r3, #68]
 1983 0052 22F40042 		bic	r2, r2, #32768
 1984 0056 5A64     		str	r2, [r3, #68]
 1985              	.L140:
 844:Drivers/STM32F4xx_HAL_Driver/Src/stm32f4xx_hal_tim_ex.c **** 
 1986              		.loc 1 844 5 discriminator 5 view .LVU592
 847:Drivers/STM32F4xx_HAL_Driver/Src/stm32f4xx_hal_tim_ex.c **** 
 1987              		.loc 1 847 5 view .LVU593
 847:Drivers/STM32F4xx_HAL_Driver/Src/stm32f4xx_hal_tim_ex.c **** 
 1988              		.loc 1 847 5 view .LVU594
 1989 0058 2368     		ldr	r3, [r4]
 1990 005a 196A     		ldr	r1, [r3, #32]
 1991 005c 41F21112 		movw	r2, #4369
 1992 0060 1142     		tst	r1, r2
 1993 0062 08D1     		bne	.L141
 847:Drivers/STM32F4xx_HAL_Driver/Src/stm32f4xx_hal_tim_ex.c **** 
 1994              		.loc 1 847 5 discriminator 1 view .LVU595
 1995 0064 196A     		ldr	r1, [r3, #32]
 1996 0066 40F24442 		movw	r2, #1092
 1997 006a 1142     		tst	r1, r2
 1998 006c 03D1     		bne	.L141
 847:Drivers/STM32F4xx_HAL_Driver/Src/stm32f4xx_hal_tim_ex.c **** 
 1999              		.loc 1 847 5 discriminator 3 view .LVU596
 2000 006e 1A68     		ldr	r2, [r3]
 2001 0070 22F00102 		bic	r2, r2, #1
 2002 0074 1A60     		str	r2, [r3]
 2003              	.L141:
 847:Drivers/STM32F4xx_HAL_Driver/Src/stm32f4xx_hal_tim_ex.c **** 
 2004              		.loc 1 847 5 discriminator 5 view .LVU597
 850:Drivers/STM32F4xx_HAL_Driver/Src/stm32f4xx_hal_tim_ex.c ****   }
 2005              		.loc 1 850 5 view .LVU598
 2006 0076 85B9     		cbnz	r5, .L142
 850:Drivers/STM32F4xx_HAL_Driver/Src/stm32f4xx_hal_tim_ex.c ****   }
 2007              		.loc 1 850 5 is_stmt 0 discriminator 1 view .LVU599
ARM GAS  C:\Users\10369\AppData\Local\Temp\ccUaxGpI.s 			page 88


 2008 0078 0123     		movs	r3, #1
 2009 007a 84F84230 		strb	r3, [r4, #66]
 2010 007e 0020     		movs	r0, #0
 2011              	.LVL128:
 2012              	.L137:
 854:Drivers/STM32F4xx_HAL_Driver/Src/stm32f4xx_hal_tim_ex.c **** }
 2013              		.loc 1 854 3 is_stmt 1 view .LVU600
 855:Drivers/STM32F4xx_HAL_Driver/Src/stm32f4xx_hal_tim_ex.c **** 
 2014              		.loc 1 855 1 is_stmt 0 view .LVU601
 2015 0080 38BD     		pop	{r3, r4, r5, pc}
 2016              	.LVL129:
 2017              	.L135:
 815:Drivers/STM32F4xx_HAL_Driver/Src/stm32f4xx_hal_tim_ex.c ****       break;
 2018              		.loc 1 815 7 is_stmt 1 view .LVU602
 2019 0082 0268     		ldr	r2, [r0]
 2020 0084 D368     		ldr	r3, [r2, #12]
 2021 0086 23F00403 		bic	r3, r3, #4
 2022 008a D360     		str	r3, [r2, #12]
 816:Drivers/STM32F4xx_HAL_Driver/Src/stm32f4xx_hal_tim_ex.c ****     }
 2023              		.loc 1 816 7 view .LVU603
 831:Drivers/STM32F4xx_HAL_Driver/Src/stm32f4xx_hal_tim_ex.c ****   {
 2024              		.loc 1 831 3 view .LVU604
 2025 008c C6E7     		b	.L138
 2026              	.L136:
 822:Drivers/STM32F4xx_HAL_Driver/Src/stm32f4xx_hal_tim_ex.c ****       break;
 2027              		.loc 1 822 7 view .LVU605
 2028 008e 0268     		ldr	r2, [r0]
 2029 0090 D368     		ldr	r3, [r2, #12]
 2030 0092 23F00803 		bic	r3, r3, #8
 2031 0096 D360     		str	r3, [r2, #12]
 823:Drivers/STM32F4xx_HAL_Driver/Src/stm32f4xx_hal_tim_ex.c ****     }
 2032              		.loc 1 823 7 view .LVU606
 831:Drivers/STM32F4xx_HAL_Driver/Src/stm32f4xx_hal_tim_ex.c ****   {
 2033              		.loc 1 831 3 view .LVU607
 2034 0098 C0E7     		b	.L138
 2035              	.LVL130:
 2036              	.L142:
 850:Drivers/STM32F4xx_HAL_Driver/Src/stm32f4xx_hal_tim_ex.c ****   }
 2037              		.loc 1 850 5 is_stmt 0 discriminator 2 view .LVU608
 2038 009a 042D     		cmp	r5, #4
 2039 009c 06D0     		beq	.L147
 850:Drivers/STM32F4xx_HAL_Driver/Src/stm32f4xx_hal_tim_ex.c ****   }
 2040              		.loc 1 850 5 discriminator 4 view .LVU609
 2041 009e 082D     		cmp	r5, #8
 2042 00a0 09D0     		beq	.L148
 850:Drivers/STM32F4xx_HAL_Driver/Src/stm32f4xx_hal_tim_ex.c ****   }
 2043              		.loc 1 850 5 discriminator 7 view .LVU610
 2044 00a2 0123     		movs	r3, #1
 2045 00a4 84F84530 		strb	r3, [r4, #69]
 2046 00a8 0020     		movs	r0, #0
 2047 00aa E9E7     		b	.L137
 2048              	.L147:
 850:Drivers/STM32F4xx_HAL_Driver/Src/stm32f4xx_hal_tim_ex.c ****   }
 2049              		.loc 1 850 5 discriminator 3 view .LVU611
 2050 00ac 0123     		movs	r3, #1
 2051 00ae 84F84330 		strb	r3, [r4, #67]
 2052 00b2 0020     		movs	r0, #0
ARM GAS  C:\Users\10369\AppData\Local\Temp\ccUaxGpI.s 			page 89


 2053 00b4 E4E7     		b	.L137
 2054              	.L148:
 850:Drivers/STM32F4xx_HAL_Driver/Src/stm32f4xx_hal_tim_ex.c ****   }
 2055              		.loc 1 850 5 discriminator 6 view .LVU612
 2056 00b6 0123     		movs	r3, #1
 2057 00b8 84F84430 		strb	r3, [r4, #68]
 2058 00bc 0020     		movs	r0, #0
 2059 00be DFE7     		b	.L137
 2060              	.LVL131:
 2061              	.L145:
 803:Drivers/STM32F4xx_HAL_Driver/Src/stm32f4xx_hal_tim_ex.c ****   {
 2062              		.loc 1 803 3 view .LVU613
 2063 00c0 0120     		movs	r0, #1
 2064              	.LVL132:
 803:Drivers/STM32F4xx_HAL_Driver/Src/stm32f4xx_hal_tim_ex.c ****   {
 2065              		.loc 1 803 3 view .LVU614
 2066 00c2 DDE7     		b	.L137
 2067              		.cfi_endproc
 2068              	.LFE147:
 2070              		.section	.text.HAL_TIMEx_OCN_Start_DMA,"ax",%progbits
 2071              		.align	1
 2072              		.global	HAL_TIMEx_OCN_Start_DMA
 2073              		.syntax unified
 2074              		.thumb
 2075              		.thumb_func
 2077              	HAL_TIMEx_OCN_Start_DMA:
 2078              	.LVL133:
 2079              	.LFB148:
 872:Drivers/STM32F4xx_HAL_Driver/Src/stm32f4xx_hal_tim_ex.c ****   HAL_StatusTypeDef status = HAL_OK;
 2080              		.loc 1 872 1 is_stmt 1 view -0
 2081              		.cfi_startproc
 2082              		@ args = 0, pretend = 0, frame = 0
 2083              		@ frame_needed = 0, uses_anonymous_args = 0
 872:Drivers/STM32F4xx_HAL_Driver/Src/stm32f4xx_hal_tim_ex.c ****   HAL_StatusTypeDef status = HAL_OK;
 2084              		.loc 1 872 1 is_stmt 0 view .LVU616
 2085 0000 70B5     		push	{r4, r5, r6, lr}
 2086              	.LCFI18:
 2087              		.cfi_def_cfa_offset 16
 2088              		.cfi_offset 4, -16
 2089              		.cfi_offset 5, -12
 2090              		.cfi_offset 6, -8
 2091              		.cfi_offset 14, -4
 2092 0002 0446     		mov	r4, r0
 2093 0004 1646     		mov	r6, r2
 873:Drivers/STM32F4xx_HAL_Driver/Src/stm32f4xx_hal_tim_ex.c ****   uint32_t tmpsmcr;
 2094              		.loc 1 873 3 is_stmt 1 view .LVU617
 2095              	.LVL134:
 874:Drivers/STM32F4xx_HAL_Driver/Src/stm32f4xx_hal_tim_ex.c **** 
 2096              		.loc 1 874 3 view .LVU618
 877:Drivers/STM32F4xx_HAL_Driver/Src/stm32f4xx_hal_tim_ex.c **** 
 2097              		.loc 1 877 3 view .LVU619
 880:Drivers/STM32F4xx_HAL_Driver/Src/stm32f4xx_hal_tim_ex.c ****   {
 2098              		.loc 1 880 3 view .LVU620
 880:Drivers/STM32F4xx_HAL_Driver/Src/stm32f4xx_hal_tim_ex.c ****   {
 2099              		.loc 1 880 46 is_stmt 0 view .LVU621
 2100 0006 0D46     		mov	r5, r1
 2101 0008 0029     		cmp	r1, #0
ARM GAS  C:\Users\10369\AppData\Local\Temp\ccUaxGpI.s 			page 90


 2102 000a 6BD1     		bne	.L150
 880:Drivers/STM32F4xx_HAL_Driver/Src/stm32f4xx_hal_tim_ex.c ****   {
 2103              		.loc 1 880 7 discriminator 1 view .LVU622
 2104 000c 90F84200 		ldrb	r0, [r0, #66]	@ zero_extendqisi2
 2105              	.LVL135:
 880:Drivers/STM32F4xx_HAL_Driver/Src/stm32f4xx_hal_tim_ex.c ****   {
 2106              		.loc 1 880 46 discriminator 1 view .LVU623
 2107 0010 0228     		cmp	r0, #2
 2108 0012 14BF     		ite	ne
 2109 0014 0020     		movne	r0, #0
 2110 0016 0120     		moveq	r0, #1
 2111              	.L151:
 880:Drivers/STM32F4xx_HAL_Driver/Src/stm32f4xx_hal_tim_ex.c ****   {
 2112              		.loc 1 880 6 discriminator 12 view .LVU624
 2113 0018 0028     		cmp	r0, #0
 2114 001a 40F0E380 		bne	.L168
 884:Drivers/STM32F4xx_HAL_Driver/Src/stm32f4xx_hal_tim_ex.c ****   {
 2115              		.loc 1 884 8 is_stmt 1 view .LVU625
 884:Drivers/STM32F4xx_HAL_Driver/Src/stm32f4xx_hal_tim_ex.c ****   {
 2116              		.loc 1 884 51 is_stmt 0 view .LVU626
 2117 001e 002D     		cmp	r5, #0
 2118 0020 79D1     		bne	.L155
 884:Drivers/STM32F4xx_HAL_Driver/Src/stm32f4xx_hal_tim_ex.c ****   {
 2119              		.loc 1 884 12 discriminator 1 view .LVU627
 2120 0022 94F84220 		ldrb	r2, [r4, #66]	@ zero_extendqisi2
 2121              	.LVL136:
 884:Drivers/STM32F4xx_HAL_Driver/Src/stm32f4xx_hal_tim_ex.c ****   {
 2122              		.loc 1 884 51 discriminator 1 view .LVU628
 2123 0026 012A     		cmp	r2, #1
 2124 0028 14BF     		ite	ne
 2125 002a 0022     		movne	r2, #0
 2126 002c 0122     		moveq	r2, #1
 2127              	.L156:
 884:Drivers/STM32F4xx_HAL_Driver/Src/stm32f4xx_hal_tim_ex.c ****   {
 2128              		.loc 1 884 11 discriminator 12 view .LVU629
 2129 002e 002A     		cmp	r2, #0
 2130 0030 00F0DA80 		beq	.L169
 886:Drivers/STM32F4xx_HAL_Driver/Src/stm32f4xx_hal_tim_ex.c ****     {
 2131              		.loc 1 886 5 is_stmt 1 view .LVU630
 886:Drivers/STM32F4xx_HAL_Driver/Src/stm32f4xx_hal_tim_ex.c ****     {
 2132              		.loc 1 886 8 is_stmt 0 view .LVU631
 2133 0034 002E     		cmp	r6, #0
 2134 0036 00F0D980 		beq	.L170
 886:Drivers/STM32F4xx_HAL_Driver/Src/stm32f4xx_hal_tim_ex.c ****     {
 2135              		.loc 1 886 25 discriminator 1 view .LVU632
 2136 003a 002B     		cmp	r3, #0
 2137 003c 00F0D880 		beq	.L171
 892:Drivers/STM32F4xx_HAL_Driver/Src/stm32f4xx_hal_tim_ex.c ****     }
 2138              		.loc 1 892 7 is_stmt 1 view .LVU633
 2139 0040 002D     		cmp	r5, #0
 2140 0042 40F08180 		bne	.L159
 892:Drivers/STM32F4xx_HAL_Driver/Src/stm32f4xx_hal_tim_ex.c ****     }
 2141              		.loc 1 892 7 is_stmt 0 discriminator 1 view .LVU634
 2142 0046 0222     		movs	r2, #2
 2143 0048 84F84220 		strb	r2, [r4, #66]
 900:Drivers/STM32F4xx_HAL_Driver/Src/stm32f4xx_hal_tim_ex.c ****   {
 2144              		.loc 1 900 3 is_stmt 1 view .LVU635
ARM GAS  C:\Users\10369\AppData\Local\Temp\ccUaxGpI.s 			page 91


 2145              	.L160:
 905:Drivers/STM32F4xx_HAL_Driver/Src/stm32f4xx_hal_tim_ex.c ****       htim->hdma[TIM_DMA_ID_CC1]->XferHalfCpltCallback = TIM_DMADelayPulseHalfCplt;
 2146              		.loc 1 905 7 view .LVU636
 905:Drivers/STM32F4xx_HAL_Driver/Src/stm32f4xx_hal_tim_ex.c ****       htim->hdma[TIM_DMA_ID_CC1]->XferHalfCpltCallback = TIM_DMADelayPulseHalfCplt;
 2147              		.loc 1 905 17 is_stmt 0 view .LVU637
 2148 004c 626A     		ldr	r2, [r4, #36]
 905:Drivers/STM32F4xx_HAL_Driver/Src/stm32f4xx_hal_tim_ex.c ****       htim->hdma[TIM_DMA_ID_CC1]->XferHalfCpltCallback = TIM_DMADelayPulseHalfCplt;
 2149              		.loc 1 905 52 view .LVU638
 2150 004e 6D49     		ldr	r1, .L184
 2151              	.LVL137:
 905:Drivers/STM32F4xx_HAL_Driver/Src/stm32f4xx_hal_tim_ex.c ****       htim->hdma[TIM_DMA_ID_CC1]->XferHalfCpltCallback = TIM_DMADelayPulseHalfCplt;
 2152              		.loc 1 905 52 view .LVU639
 2153 0050 D163     		str	r1, [r2, #60]
 906:Drivers/STM32F4xx_HAL_Driver/Src/stm32f4xx_hal_tim_ex.c **** 
 2154              		.loc 1 906 7 is_stmt 1 view .LVU640
 906:Drivers/STM32F4xx_HAL_Driver/Src/stm32f4xx_hal_tim_ex.c **** 
 2155              		.loc 1 906 17 is_stmt 0 view .LVU641
 2156 0052 626A     		ldr	r2, [r4, #36]
 906:Drivers/STM32F4xx_HAL_Driver/Src/stm32f4xx_hal_tim_ex.c **** 
 2157              		.loc 1 906 56 view .LVU642
 2158 0054 6C49     		ldr	r1, .L184+4
 2159 0056 1164     		str	r1, [r2, #64]
 909:Drivers/STM32F4xx_HAL_Driver/Src/stm32f4xx_hal_tim_ex.c **** 
 2160              		.loc 1 909 7 is_stmt 1 view .LVU643
 909:Drivers/STM32F4xx_HAL_Driver/Src/stm32f4xx_hal_tim_ex.c **** 
 2161              		.loc 1 909 17 is_stmt 0 view .LVU644
 2162 0058 626A     		ldr	r2, [r4, #36]
 909:Drivers/STM32F4xx_HAL_Driver/Src/stm32f4xx_hal_tim_ex.c **** 
 2163              		.loc 1 909 53 view .LVU645
 2164 005a 6C49     		ldr	r1, .L184+8
 2165 005c D164     		str	r1, [r2, #76]
 912:Drivers/STM32F4xx_HAL_Driver/Src/stm32f4xx_hal_tim_ex.c ****                            Length) != HAL_OK)
 2166              		.loc 1 912 7 is_stmt 1 view .LVU646
 912:Drivers/STM32F4xx_HAL_Driver/Src/stm32f4xx_hal_tim_ex.c ****                            Length) != HAL_OK)
 2167              		.loc 1 912 88 is_stmt 0 view .LVU647
 2168 005e 2268     		ldr	r2, [r4]
 912:Drivers/STM32F4xx_HAL_Driver/Src/stm32f4xx_hal_tim_ex.c ****                            Length) != HAL_OK)
 2169              		.loc 1 912 11 view .LVU648
 2170 0060 3432     		adds	r2, r2, #52
 2171 0062 3146     		mov	r1, r6
 2172 0064 606A     		ldr	r0, [r4, #36]
 2173 0066 FFF7FEFF 		bl	HAL_DMA_Start_IT
 2174              	.LVL138:
 912:Drivers/STM32F4xx_HAL_Driver/Src/stm32f4xx_hal_tim_ex.c ****                            Length) != HAL_OK)
 2175              		.loc 1 912 10 discriminator 1 view .LVU649
 2176 006a 0028     		cmp	r0, #0
 2177 006c 40F0C280 		bne	.L173
 919:Drivers/STM32F4xx_HAL_Driver/Src/stm32f4xx_hal_tim_ex.c ****       break;
 2178              		.loc 1 919 7 is_stmt 1 view .LVU650
 2179 0070 2268     		ldr	r2, [r4]
 2180 0072 D368     		ldr	r3, [r2, #12]
 2181 0074 43F40073 		orr	r3, r3, #512
 2182 0078 D360     		str	r3, [r2, #12]
 920:Drivers/STM32F4xx_HAL_Driver/Src/stm32f4xx_hal_tim_ex.c ****     }
 2183              		.loc 1 920 7 view .LVU651
 970:Drivers/STM32F4xx_HAL_Driver/Src/stm32f4xx_hal_tim_ex.c ****   {
 2184              		.loc 1 970 3 view .LVU652
ARM GAS  C:\Users\10369\AppData\Local\Temp\ccUaxGpI.s 			page 92


 2185              	.L165:
 973:Drivers/STM32F4xx_HAL_Driver/Src/stm32f4xx_hal_tim_ex.c **** 
 2186              		.loc 1 973 5 view .LVU653
 2187 007a 0422     		movs	r2, #4
 2188 007c 2946     		mov	r1, r5
 2189 007e 2068     		ldr	r0, [r4]
 2190 0080 FFF7FEFF 		bl	TIM_CCxNChannelCmd
 2191              	.LVL139:
 976:Drivers/STM32F4xx_HAL_Driver/Src/stm32f4xx_hal_tim_ex.c **** 
 2192              		.loc 1 976 5 view .LVU654
 2193 0084 2268     		ldr	r2, [r4]
 2194 0086 536C     		ldr	r3, [r2, #68]
 2195 0088 43F40043 		orr	r3, r3, #32768
 2196 008c 5364     		str	r3, [r2, #68]
 979:Drivers/STM32F4xx_HAL_Driver/Src/stm32f4xx_hal_tim_ex.c ****     {
 2197              		.loc 1 979 5 view .LVU655
 979:Drivers/STM32F4xx_HAL_Driver/Src/stm32f4xx_hal_tim_ex.c ****     {
 2198              		.loc 1 979 9 is_stmt 0 view .LVU656
 2199 008e 2368     		ldr	r3, [r4]
 979:Drivers/STM32F4xx_HAL_Driver/Src/stm32f4xx_hal_tim_ex.c ****     {
 2200              		.loc 1 979 8 view .LVU657
 2201 0090 5F4A     		ldr	r2, .L184+12
 2202 0092 9342     		cmp	r3, r2
 2203 0094 00F09B80 		beq	.L166
 979:Drivers/STM32F4xx_HAL_Driver/Src/stm32f4xx_hal_tim_ex.c ****     {
 2204              		.loc 1 979 9 discriminator 1 view .LVU658
 2205 0098 B3F1804F 		cmp	r3, #1073741824
 2206 009c 00F09780 		beq	.L166
 979:Drivers/STM32F4xx_HAL_Driver/Src/stm32f4xx_hal_tim_ex.c ****     {
 2207              		.loc 1 979 9 discriminator 2 view .LVU659
 2208 00a0 A2F57C42 		sub	r2, r2, #64512
 2209 00a4 9342     		cmp	r3, r2
 2210 00a6 00F09280 		beq	.L166
 979:Drivers/STM32F4xx_HAL_Driver/Src/stm32f4xx_hal_tim_ex.c ****     {
 2211              		.loc 1 979 9 discriminator 3 view .LVU660
 2212 00aa 02F58062 		add	r2, r2, #1024
 2213 00ae 9342     		cmp	r3, r2
 2214 00b0 00F08D80 		beq	.L166
 979:Drivers/STM32F4xx_HAL_Driver/Src/stm32f4xx_hal_tim_ex.c ****     {
 2215              		.loc 1 979 9 discriminator 4 view .LVU661
 2216 00b4 02F58062 		add	r2, r2, #1024
 2217 00b8 9342     		cmp	r3, r2
 2218 00ba 00F08880 		beq	.L166
 979:Drivers/STM32F4xx_HAL_Driver/Src/stm32f4xx_hal_tim_ex.c ****     {
 2219              		.loc 1 979 9 discriminator 5 view .LVU662
 2220 00be 02F57842 		add	r2, r2, #63488
 2221 00c2 9342     		cmp	r3, r2
 2222 00c4 00F08380 		beq	.L166
 979:Drivers/STM32F4xx_HAL_Driver/Src/stm32f4xx_hal_tim_ex.c ****     {
 2223              		.loc 1 979 9 discriminator 6 view .LVU663
 2224 00c8 02F57052 		add	r2, r2, #15360
 2225 00cc 9342     		cmp	r3, r2
 2226 00ce 7ED0     		beq	.L166
 979:Drivers/STM32F4xx_HAL_Driver/Src/stm32f4xx_hal_tim_ex.c ****     {
 2227              		.loc 1 979 9 discriminator 7 view .LVU664
 2228 00d0 A2F59432 		sub	r2, r2, #75776
 2229 00d4 9342     		cmp	r3, r2
ARM GAS  C:\Users\10369\AppData\Local\Temp\ccUaxGpI.s 			page 93


 2230 00d6 7AD0     		beq	.L166
 989:Drivers/STM32F4xx_HAL_Driver/Src/stm32f4xx_hal_tim_ex.c ****     }
 2231              		.loc 1 989 7 is_stmt 1 view .LVU665
 2232 00d8 1A68     		ldr	r2, [r3]
 2233 00da 42F00102 		orr	r2, r2, #1
 2234 00de 1A60     		str	r2, [r3]
 2235 00e0 0020     		movs	r0, #0
 2236 00e2 82E0     		b	.L154
 2237              	.LVL140:
 2238              	.L150:
 880:Drivers/STM32F4xx_HAL_Driver/Src/stm32f4xx_hal_tim_ex.c ****   {
 2239              		.loc 1 880 46 is_stmt 0 discriminator 2 view .LVU666
 2240 00e4 0429     		cmp	r1, #4
 2241 00e6 08D0     		beq	.L178
 880:Drivers/STM32F4xx_HAL_Driver/Src/stm32f4xx_hal_tim_ex.c ****   {
 2242              		.loc 1 880 46 discriminator 5 view .LVU667
 2243 00e8 0829     		cmp	r1, #8
 2244 00ea 0DD0     		beq	.L179
 880:Drivers/STM32F4xx_HAL_Driver/Src/stm32f4xx_hal_tim_ex.c ****   {
 2245              		.loc 1 880 7 discriminator 8 view .LVU668
 2246 00ec 90F84500 		ldrb	r0, [r0, #69]	@ zero_extendqisi2
 2247              	.LVL141:
 880:Drivers/STM32F4xx_HAL_Driver/Src/stm32f4xx_hal_tim_ex.c ****   {
 2248              		.loc 1 880 46 discriminator 8 view .LVU669
 2249 00f0 0228     		cmp	r0, #2
 2250 00f2 14BF     		ite	ne
 2251 00f4 0020     		movne	r0, #0
 2252 00f6 0120     		moveq	r0, #1
 2253 00f8 8EE7     		b	.L151
 2254              	.LVL142:
 2255              	.L178:
 880:Drivers/STM32F4xx_HAL_Driver/Src/stm32f4xx_hal_tim_ex.c ****   {
 2256              		.loc 1 880 7 discriminator 4 view .LVU670
 2257 00fa 90F84300 		ldrb	r0, [r0, #67]	@ zero_extendqisi2
 2258              	.LVL143:
 880:Drivers/STM32F4xx_HAL_Driver/Src/stm32f4xx_hal_tim_ex.c ****   {
 2259              		.loc 1 880 46 discriminator 4 view .LVU671
 2260 00fe 0228     		cmp	r0, #2
 2261 0100 14BF     		ite	ne
 2262 0102 0020     		movne	r0, #0
 2263 0104 0120     		moveq	r0, #1
 2264 0106 87E7     		b	.L151
 2265              	.LVL144:
 2266              	.L179:
 880:Drivers/STM32F4xx_HAL_Driver/Src/stm32f4xx_hal_tim_ex.c ****   {
 2267              		.loc 1 880 7 discriminator 7 view .LVU672
 2268 0108 90F84400 		ldrb	r0, [r0, #68]	@ zero_extendqisi2
 2269              	.LVL145:
 880:Drivers/STM32F4xx_HAL_Driver/Src/stm32f4xx_hal_tim_ex.c ****   {
 2270              		.loc 1 880 46 discriminator 7 view .LVU673
 2271 010c 0228     		cmp	r0, #2
 2272 010e 14BF     		ite	ne
 2273 0110 0020     		movne	r0, #0
 2274 0112 0120     		moveq	r0, #1
 2275 0114 80E7     		b	.L151
 2276              	.L155:
 884:Drivers/STM32F4xx_HAL_Driver/Src/stm32f4xx_hal_tim_ex.c ****   {
ARM GAS  C:\Users\10369\AppData\Local\Temp\ccUaxGpI.s 			page 94


 2277              		.loc 1 884 51 discriminator 2 view .LVU674
 2278 0116 042D     		cmp	r5, #4
 2279 0118 08D0     		beq	.L180
 884:Drivers/STM32F4xx_HAL_Driver/Src/stm32f4xx_hal_tim_ex.c ****   {
 2280              		.loc 1 884 51 discriminator 5 view .LVU675
 2281 011a 082D     		cmp	r5, #8
 2282 011c 0DD0     		beq	.L181
 884:Drivers/STM32F4xx_HAL_Driver/Src/stm32f4xx_hal_tim_ex.c ****   {
 2283              		.loc 1 884 12 discriminator 8 view .LVU676
 2284 011e 94F84520 		ldrb	r2, [r4, #69]	@ zero_extendqisi2
 2285              	.LVL146:
 884:Drivers/STM32F4xx_HAL_Driver/Src/stm32f4xx_hal_tim_ex.c ****   {
 2286              		.loc 1 884 51 discriminator 8 view .LVU677
 2287 0122 012A     		cmp	r2, #1
 2288 0124 14BF     		ite	ne
 2289 0126 0022     		movne	r2, #0
 2290 0128 0122     		moveq	r2, #1
 2291 012a 80E7     		b	.L156
 2292              	.LVL147:
 2293              	.L180:
 884:Drivers/STM32F4xx_HAL_Driver/Src/stm32f4xx_hal_tim_ex.c ****   {
 2294              		.loc 1 884 12 discriminator 4 view .LVU678
 2295 012c 94F84320 		ldrb	r2, [r4, #67]	@ zero_extendqisi2
 2296              	.LVL148:
 884:Drivers/STM32F4xx_HAL_Driver/Src/stm32f4xx_hal_tim_ex.c ****   {
 2297              		.loc 1 884 51 discriminator 4 view .LVU679
 2298 0130 012A     		cmp	r2, #1
 2299 0132 14BF     		ite	ne
 2300 0134 0022     		movne	r2, #0
 2301 0136 0122     		moveq	r2, #1
 2302 0138 79E7     		b	.L156
 2303              	.LVL149:
 2304              	.L181:
 884:Drivers/STM32F4xx_HAL_Driver/Src/stm32f4xx_hal_tim_ex.c ****   {
 2305              		.loc 1 884 12 discriminator 7 view .LVU680
 2306 013a 94F84420 		ldrb	r2, [r4, #68]	@ zero_extendqisi2
 2307              	.LVL150:
 884:Drivers/STM32F4xx_HAL_Driver/Src/stm32f4xx_hal_tim_ex.c ****   {
 2308              		.loc 1 884 51 discriminator 7 view .LVU681
 2309 013e 012A     		cmp	r2, #1
 2310 0140 14BF     		ite	ne
 2311 0142 0022     		movne	r2, #0
 2312 0144 0122     		moveq	r2, #1
 2313 0146 72E7     		b	.L156
 2314              	.L159:
 892:Drivers/STM32F4xx_HAL_Driver/Src/stm32f4xx_hal_tim_ex.c ****     }
 2315              		.loc 1 892 7 discriminator 2 view .LVU682
 2316 0148 042D     		cmp	r5, #4
 2317 014a 0DD0     		beq	.L182
 892:Drivers/STM32F4xx_HAL_Driver/Src/stm32f4xx_hal_tim_ex.c ****     }
 2318              		.loc 1 892 7 discriminator 4 view .LVU683
 2319 014c 082D     		cmp	r5, #8
 2320 014e 25D0     		beq	.L183
 892:Drivers/STM32F4xx_HAL_Driver/Src/stm32f4xx_hal_tim_ex.c ****     }
 2321              		.loc 1 892 7 discriminator 7 view .LVU684
 2322 0150 0222     		movs	r2, #2
 2323 0152 84F84520 		strb	r2, [r4, #69]
ARM GAS  C:\Users\10369\AppData\Local\Temp\ccUaxGpI.s 			page 95


 900:Drivers/STM32F4xx_HAL_Driver/Src/stm32f4xx_hal_tim_ex.c ****   {
 2324              		.loc 1 900 3 is_stmt 1 view .LVU685
 2325 0156 042D     		cmp	r5, #4
 2326 0158 09D0     		beq	.L162
 2327 015a 082D     		cmp	r5, #8
 2328 015c 21D0     		beq	.L164
 2329 015e 002D     		cmp	r5, #0
 2330 0160 3FF474AF 		beq	.L160
 2331 0164 0120     		movs	r0, #1
 2332 0166 40E0     		b	.L154
 2333              	.L182:
 892:Drivers/STM32F4xx_HAL_Driver/Src/stm32f4xx_hal_tim_ex.c ****     }
 2334              		.loc 1 892 7 is_stmt 0 discriminator 3 view .LVU686
 2335 0168 0222     		movs	r2, #2
 2336 016a 84F84320 		strb	r2, [r4, #67]
 900:Drivers/STM32F4xx_HAL_Driver/Src/stm32f4xx_hal_tim_ex.c ****   {
 2337              		.loc 1 900 3 is_stmt 1 view .LVU687
 2338              	.L162:
 926:Drivers/STM32F4xx_HAL_Driver/Src/stm32f4xx_hal_tim_ex.c ****       htim->hdma[TIM_DMA_ID_CC2]->XferHalfCpltCallback = TIM_DMADelayPulseHalfCplt;
 2339              		.loc 1 926 7 view .LVU688
 926:Drivers/STM32F4xx_HAL_Driver/Src/stm32f4xx_hal_tim_ex.c ****       htim->hdma[TIM_DMA_ID_CC2]->XferHalfCpltCallback = TIM_DMADelayPulseHalfCplt;
 2340              		.loc 1 926 17 is_stmt 0 view .LVU689
 2341 016e A26A     		ldr	r2, [r4, #40]
 926:Drivers/STM32F4xx_HAL_Driver/Src/stm32f4xx_hal_tim_ex.c ****       htim->hdma[TIM_DMA_ID_CC2]->XferHalfCpltCallback = TIM_DMADelayPulseHalfCplt;
 2342              		.loc 1 926 52 view .LVU690
 2343 0170 2449     		ldr	r1, .L184
 2344              	.LVL151:
 926:Drivers/STM32F4xx_HAL_Driver/Src/stm32f4xx_hal_tim_ex.c ****       htim->hdma[TIM_DMA_ID_CC2]->XferHalfCpltCallback = TIM_DMADelayPulseHalfCplt;
 2345              		.loc 1 926 52 view .LVU691
 2346 0172 D163     		str	r1, [r2, #60]
 927:Drivers/STM32F4xx_HAL_Driver/Src/stm32f4xx_hal_tim_ex.c **** 
 2347              		.loc 1 927 7 is_stmt 1 view .LVU692
 927:Drivers/STM32F4xx_HAL_Driver/Src/stm32f4xx_hal_tim_ex.c **** 
 2348              		.loc 1 927 17 is_stmt 0 view .LVU693
 2349 0174 A26A     		ldr	r2, [r4, #40]
 927:Drivers/STM32F4xx_HAL_Driver/Src/stm32f4xx_hal_tim_ex.c **** 
 2350              		.loc 1 927 56 view .LVU694
 2351 0176 2449     		ldr	r1, .L184+4
 2352 0178 1164     		str	r1, [r2, #64]
 930:Drivers/STM32F4xx_HAL_Driver/Src/stm32f4xx_hal_tim_ex.c **** 
 2353              		.loc 1 930 7 is_stmt 1 view .LVU695
 930:Drivers/STM32F4xx_HAL_Driver/Src/stm32f4xx_hal_tim_ex.c **** 
 2354              		.loc 1 930 17 is_stmt 0 view .LVU696
 2355 017a A26A     		ldr	r2, [r4, #40]
 930:Drivers/STM32F4xx_HAL_Driver/Src/stm32f4xx_hal_tim_ex.c **** 
 2356              		.loc 1 930 53 view .LVU697
 2357 017c 2349     		ldr	r1, .L184+8
 2358 017e D164     		str	r1, [r2, #76]
 933:Drivers/STM32F4xx_HAL_Driver/Src/stm32f4xx_hal_tim_ex.c ****                            Length) != HAL_OK)
 2359              		.loc 1 933 7 is_stmt 1 view .LVU698
 933:Drivers/STM32F4xx_HAL_Driver/Src/stm32f4xx_hal_tim_ex.c ****                            Length) != HAL_OK)
 2360              		.loc 1 933 88 is_stmt 0 view .LVU699
 2361 0180 2268     		ldr	r2, [r4]
 933:Drivers/STM32F4xx_HAL_Driver/Src/stm32f4xx_hal_tim_ex.c ****                            Length) != HAL_OK)
 2362              		.loc 1 933 11 view .LVU700
 2363 0182 3832     		adds	r2, r2, #56
 2364 0184 3146     		mov	r1, r6
ARM GAS  C:\Users\10369\AppData\Local\Temp\ccUaxGpI.s 			page 96


 2365 0186 A06A     		ldr	r0, [r4, #40]
 2366 0188 FFF7FEFF 		bl	HAL_DMA_Start_IT
 2367              	.LVL152:
 933:Drivers/STM32F4xx_HAL_Driver/Src/stm32f4xx_hal_tim_ex.c ****                            Length) != HAL_OK)
 2368              		.loc 1 933 10 discriminator 1 view .LVU701
 2369 018c 0028     		cmp	r0, #0
 2370 018e 33D1     		bne	.L174
 940:Drivers/STM32F4xx_HAL_Driver/Src/stm32f4xx_hal_tim_ex.c ****       break;
 2371              		.loc 1 940 7 is_stmt 1 view .LVU702
 2372 0190 2268     		ldr	r2, [r4]
 2373 0192 D368     		ldr	r3, [r2, #12]
 2374 0194 43F48063 		orr	r3, r3, #1024
 2375 0198 D360     		str	r3, [r2, #12]
 941:Drivers/STM32F4xx_HAL_Driver/Src/stm32f4xx_hal_tim_ex.c ****     }
 2376              		.loc 1 941 7 view .LVU703
 970:Drivers/STM32F4xx_HAL_Driver/Src/stm32f4xx_hal_tim_ex.c ****   {
 2377              		.loc 1 970 3 view .LVU704
 2378 019a 6EE7     		b	.L165
 2379              	.LVL153:
 2380              	.L183:
 892:Drivers/STM32F4xx_HAL_Driver/Src/stm32f4xx_hal_tim_ex.c ****     }
 2381              		.loc 1 892 7 is_stmt 0 discriminator 6 view .LVU705
 2382 019c 0222     		movs	r2, #2
 2383 019e 84F84420 		strb	r2, [r4, #68]
 900:Drivers/STM32F4xx_HAL_Driver/Src/stm32f4xx_hal_tim_ex.c ****   {
 2384              		.loc 1 900 3 is_stmt 1 view .LVU706
 2385              	.L164:
 947:Drivers/STM32F4xx_HAL_Driver/Src/stm32f4xx_hal_tim_ex.c ****       htim->hdma[TIM_DMA_ID_CC3]->XferHalfCpltCallback = TIM_DMADelayPulseHalfCplt;
 2386              		.loc 1 947 7 view .LVU707
 947:Drivers/STM32F4xx_HAL_Driver/Src/stm32f4xx_hal_tim_ex.c ****       htim->hdma[TIM_DMA_ID_CC3]->XferHalfCpltCallback = TIM_DMADelayPulseHalfCplt;
 2387              		.loc 1 947 17 is_stmt 0 view .LVU708
 2388 01a2 E26A     		ldr	r2, [r4, #44]
 947:Drivers/STM32F4xx_HAL_Driver/Src/stm32f4xx_hal_tim_ex.c ****       htim->hdma[TIM_DMA_ID_CC3]->XferHalfCpltCallback = TIM_DMADelayPulseHalfCplt;
 2389              		.loc 1 947 52 view .LVU709
 2390 01a4 1749     		ldr	r1, .L184
 2391              	.LVL154:
 947:Drivers/STM32F4xx_HAL_Driver/Src/stm32f4xx_hal_tim_ex.c ****       htim->hdma[TIM_DMA_ID_CC3]->XferHalfCpltCallback = TIM_DMADelayPulseHalfCplt;
 2392              		.loc 1 947 52 view .LVU710
 2393 01a6 D163     		str	r1, [r2, #60]
 948:Drivers/STM32F4xx_HAL_Driver/Src/stm32f4xx_hal_tim_ex.c **** 
 2394              		.loc 1 948 7 is_stmt 1 view .LVU711
 948:Drivers/STM32F4xx_HAL_Driver/Src/stm32f4xx_hal_tim_ex.c **** 
 2395              		.loc 1 948 17 is_stmt 0 view .LVU712
 2396 01a8 E26A     		ldr	r2, [r4, #44]
 948:Drivers/STM32F4xx_HAL_Driver/Src/stm32f4xx_hal_tim_ex.c **** 
 2397              		.loc 1 948 56 view .LVU713
 2398 01aa 1749     		ldr	r1, .L184+4
 2399 01ac 1164     		str	r1, [r2, #64]
 951:Drivers/STM32F4xx_HAL_Driver/Src/stm32f4xx_hal_tim_ex.c **** 
 2400              		.loc 1 951 7 is_stmt 1 view .LVU714
 951:Drivers/STM32F4xx_HAL_Driver/Src/stm32f4xx_hal_tim_ex.c **** 
 2401              		.loc 1 951 17 is_stmt 0 view .LVU715
 2402 01ae E26A     		ldr	r2, [r4, #44]
 951:Drivers/STM32F4xx_HAL_Driver/Src/stm32f4xx_hal_tim_ex.c **** 
 2403              		.loc 1 951 53 view .LVU716
 2404 01b0 1649     		ldr	r1, .L184+8
 2405 01b2 D164     		str	r1, [r2, #76]
ARM GAS  C:\Users\10369\AppData\Local\Temp\ccUaxGpI.s 			page 97


 954:Drivers/STM32F4xx_HAL_Driver/Src/stm32f4xx_hal_tim_ex.c ****                            Length) != HAL_OK)
 2406              		.loc 1 954 7 is_stmt 1 view .LVU717
 954:Drivers/STM32F4xx_HAL_Driver/Src/stm32f4xx_hal_tim_ex.c ****                            Length) != HAL_OK)
 2407              		.loc 1 954 88 is_stmt 0 view .LVU718
 2408 01b4 2268     		ldr	r2, [r4]
 954:Drivers/STM32F4xx_HAL_Driver/Src/stm32f4xx_hal_tim_ex.c ****                            Length) != HAL_OK)
 2409              		.loc 1 954 11 view .LVU719
 2410 01b6 3C32     		adds	r2, r2, #60
 2411 01b8 3146     		mov	r1, r6
 2412 01ba E06A     		ldr	r0, [r4, #44]
 2413 01bc FFF7FEFF 		bl	HAL_DMA_Start_IT
 2414              	.LVL155:
 954:Drivers/STM32F4xx_HAL_Driver/Src/stm32f4xx_hal_tim_ex.c ****                            Length) != HAL_OK)
 2415              		.loc 1 954 10 discriminator 1 view .LVU720
 2416 01c0 E0B9     		cbnz	r0, .L175
 961:Drivers/STM32F4xx_HAL_Driver/Src/stm32f4xx_hal_tim_ex.c ****       break;
 2417              		.loc 1 961 7 is_stmt 1 view .LVU721
 2418 01c2 2268     		ldr	r2, [r4]
 2419 01c4 D368     		ldr	r3, [r2, #12]
 2420 01c6 43F40063 		orr	r3, r3, #2048
 2421 01ca D360     		str	r3, [r2, #12]
 962:Drivers/STM32F4xx_HAL_Driver/Src/stm32f4xx_hal_tim_ex.c ****     }
 2422              		.loc 1 962 7 view .LVU722
 970:Drivers/STM32F4xx_HAL_Driver/Src/stm32f4xx_hal_tim_ex.c ****   {
 2423              		.loc 1 970 3 view .LVU723
 2424 01cc 55E7     		b	.L165
 2425              	.L166:
 981:Drivers/STM32F4xx_HAL_Driver/Src/stm32f4xx_hal_tim_ex.c ****       if (!IS_TIM_SLAVEMODE_TRIGGER_ENABLED(tmpsmcr))
 2426              		.loc 1 981 7 view .LVU724
 981:Drivers/STM32F4xx_HAL_Driver/Src/stm32f4xx_hal_tim_ex.c ****       if (!IS_TIM_SLAVEMODE_TRIGGER_ENABLED(tmpsmcr))
 2427              		.loc 1 981 31 is_stmt 0 view .LVU725
 2428 01ce 9A68     		ldr	r2, [r3, #8]
 981:Drivers/STM32F4xx_HAL_Driver/Src/stm32f4xx_hal_tim_ex.c ****       if (!IS_TIM_SLAVEMODE_TRIGGER_ENABLED(tmpsmcr))
 2429              		.loc 1 981 15 view .LVU726
 2430 01d0 02F00702 		and	r2, r2, #7
 2431              	.LVL156:
 982:Drivers/STM32F4xx_HAL_Driver/Src/stm32f4xx_hal_tim_ex.c ****       {
 2432              		.loc 1 982 7 is_stmt 1 view .LVU727
 982:Drivers/STM32F4xx_HAL_Driver/Src/stm32f4xx_hal_tim_ex.c ****       {
 2433              		.loc 1 982 10 is_stmt 0 view .LVU728
 2434 01d4 062A     		cmp	r2, #6
 2435 01d6 13D0     		beq	.L176
 984:Drivers/STM32F4xx_HAL_Driver/Src/stm32f4xx_hal_tim_ex.c ****       }
 2436              		.loc 1 984 9 is_stmt 1 view .LVU729
 2437 01d8 1A68     		ldr	r2, [r3]
 2438              	.LVL157:
 984:Drivers/STM32F4xx_HAL_Driver/Src/stm32f4xx_hal_tim_ex.c ****       }
 2439              		.loc 1 984 9 is_stmt 0 view .LVU730
 2440 01da 42F00102 		orr	r2, r2, #1
 2441 01de 1A60     		str	r2, [r3]
 2442 01e0 0020     		movs	r0, #0
 2443 01e2 02E0     		b	.L154
 2444              	.LVL158:
 2445              	.L168:
 882:Drivers/STM32F4xx_HAL_Driver/Src/stm32f4xx_hal_tim_ex.c ****   }
 2446              		.loc 1 882 12 view .LVU731
 2447 01e4 0220     		movs	r0, #2
ARM GAS  C:\Users\10369\AppData\Local\Temp\ccUaxGpI.s 			page 98


 2448 01e6 00E0     		b	.L154
 2449              	.LVL159:
 2450              	.L169:
 897:Drivers/STM32F4xx_HAL_Driver/Src/stm32f4xx_hal_tim_ex.c ****   }
 2451              		.loc 1 897 12 view .LVU732
 2452 01e8 0120     		movs	r0, #1
 2453              	.LVL160:
 2454              	.L154:
 995:Drivers/STM32F4xx_HAL_Driver/Src/stm32f4xx_hal_tim_ex.c **** 
 2455              		.loc 1 995 1 view .LVU733
 2456 01ea 70BD     		pop	{r4, r5, r6, pc}
 2457              	.LVL161:
 2458              	.L170:
 888:Drivers/STM32F4xx_HAL_Driver/Src/stm32f4xx_hal_tim_ex.c ****     }
 2459              		.loc 1 888 14 view .LVU734
 2460 01ec 0120     		movs	r0, #1
 2461 01ee FCE7     		b	.L154
 2462              	.L171:
 2463 01f0 0120     		movs	r0, #1
 2464 01f2 FAE7     		b	.L154
 2465              	.LVL162:
 2466              	.L173:
 916:Drivers/STM32F4xx_HAL_Driver/Src/stm32f4xx_hal_tim_ex.c ****       }
 2467              		.loc 1 916 16 view .LVU735
 2468 01f4 0120     		movs	r0, #1
 2469 01f6 F8E7     		b	.L154
 2470              	.L174:
 937:Drivers/STM32F4xx_HAL_Driver/Src/stm32f4xx_hal_tim_ex.c ****       }
 2471              		.loc 1 937 16 view .LVU736
 2472 01f8 0120     		movs	r0, #1
 2473 01fa F6E7     		b	.L154
 2474              	.L175:
 958:Drivers/STM32F4xx_HAL_Driver/Src/stm32f4xx_hal_tim_ex.c ****       }
 2475              		.loc 1 958 16 view .LVU737
 2476 01fc 0120     		movs	r0, #1
 2477 01fe F4E7     		b	.L154
 2478              	.LVL163:
 2479              	.L176:
 958:Drivers/STM32F4xx_HAL_Driver/Src/stm32f4xx_hal_tim_ex.c ****       }
 2480              		.loc 1 958 16 view .LVU738
 2481 0200 0020     		movs	r0, #0
 2482 0202 F2E7     		b	.L154
 2483              	.L185:
 2484              		.align	2
 2485              	.L184:
 2486 0204 00000000 		.word	TIM_DMADelayPulseNCplt
 2487 0208 00000000 		.word	TIM_DMADelayPulseHalfCplt
 2488 020c 00000000 		.word	TIM_DMAErrorCCxN
 2489 0210 00000140 		.word	1073807360
 2490              		.cfi_endproc
 2491              	.LFE148:
 2493              		.section	.text.HAL_TIMEx_OCN_Stop_DMA,"ax",%progbits
 2494              		.align	1
 2495              		.global	HAL_TIMEx_OCN_Stop_DMA
 2496              		.syntax unified
 2497              		.thumb
 2498              		.thumb_func
ARM GAS  C:\Users\10369\AppData\Local\Temp\ccUaxGpI.s 			page 99


 2500              	HAL_TIMEx_OCN_Stop_DMA:
 2501              	.LVL164:
 2502              	.LFB149:
1009:Drivers/STM32F4xx_HAL_Driver/Src/stm32f4xx_hal_tim_ex.c ****   HAL_StatusTypeDef status = HAL_OK;
 2503              		.loc 1 1009 1 is_stmt 1 view -0
 2504              		.cfi_startproc
 2505              		@ args = 0, pretend = 0, frame = 0
 2506              		@ frame_needed = 0, uses_anonymous_args = 0
1009:Drivers/STM32F4xx_HAL_Driver/Src/stm32f4xx_hal_tim_ex.c ****   HAL_StatusTypeDef status = HAL_OK;
 2507              		.loc 1 1009 1 is_stmt 0 view .LVU740
 2508 0000 38B5     		push	{r3, r4, r5, lr}
 2509              	.LCFI19:
 2510              		.cfi_def_cfa_offset 16
 2511              		.cfi_offset 3, -16
 2512              		.cfi_offset 4, -12
 2513              		.cfi_offset 5, -8
 2514              		.cfi_offset 14, -4
 2515 0002 0446     		mov	r4, r0
 2516 0004 0D46     		mov	r5, r1
1010:Drivers/STM32F4xx_HAL_Driver/Src/stm32f4xx_hal_tim_ex.c **** 
 2517              		.loc 1 1010 3 is_stmt 1 view .LVU741
 2518              	.LVL165:
1013:Drivers/STM32F4xx_HAL_Driver/Src/stm32f4xx_hal_tim_ex.c **** 
 2519              		.loc 1 1013 3 view .LVU742
1015:Drivers/STM32F4xx_HAL_Driver/Src/stm32f4xx_hal_tim_ex.c ****   {
 2520              		.loc 1 1015 3 view .LVU743
 2521 0006 0429     		cmp	r1, #4
 2522 0008 34D0     		beq	.L187
 2523 000a 0829     		cmp	r1, #8
 2524 000c 3BD0     		beq	.L188
 2525 000e 0029     		cmp	r1, #0
 2526 0010 55D1     		bne	.L196
1020:Drivers/STM32F4xx_HAL_Driver/Src/stm32f4xx_hal_tim_ex.c ****       (void)HAL_DMA_Abort_IT(htim->hdma[TIM_DMA_ID_CC1]);
 2527              		.loc 1 1020 7 view .LVU744
 2528 0012 0268     		ldr	r2, [r0]
 2529 0014 D368     		ldr	r3, [r2, #12]
 2530 0016 23F40073 		bic	r3, r3, #512
 2531 001a D360     		str	r3, [r2, #12]
1021:Drivers/STM32F4xx_HAL_Driver/Src/stm32f4xx_hal_tim_ex.c ****       break;
 2532              		.loc 1 1021 7 view .LVU745
1021:Drivers/STM32F4xx_HAL_Driver/Src/stm32f4xx_hal_tim_ex.c ****       break;
 2533              		.loc 1 1021 13 is_stmt 0 view .LVU746
 2534 001c 406A     		ldr	r0, [r0, #36]
 2535              	.LVL166:
1021:Drivers/STM32F4xx_HAL_Driver/Src/stm32f4xx_hal_tim_ex.c ****       break;
 2536              		.loc 1 1021 13 view .LVU747
 2537 001e FFF7FEFF 		bl	HAL_DMA_Abort_IT
 2538              	.LVL167:
1022:Drivers/STM32F4xx_HAL_Driver/Src/stm32f4xx_hal_tim_ex.c ****     }
 2539              		.loc 1 1022 7 is_stmt 1 view .LVU748
1046:Drivers/STM32F4xx_HAL_Driver/Src/stm32f4xx_hal_tim_ex.c ****   {
 2540              		.loc 1 1046 3 view .LVU749
 2541              	.L190:
1049:Drivers/STM32F4xx_HAL_Driver/Src/stm32f4xx_hal_tim_ex.c **** 
 2542              		.loc 1 1049 5 view .LVU750
 2543 0022 0022     		movs	r2, #0
 2544 0024 2946     		mov	r1, r5
ARM GAS  C:\Users\10369\AppData\Local\Temp\ccUaxGpI.s 			page 100


 2545 0026 2068     		ldr	r0, [r4]
 2546 0028 FFF7FEFF 		bl	TIM_CCxNChannelCmd
 2547              	.LVL168:
1052:Drivers/STM32F4xx_HAL_Driver/Src/stm32f4xx_hal_tim_ex.c **** 
 2548              		.loc 1 1052 5 view .LVU751
1052:Drivers/STM32F4xx_HAL_Driver/Src/stm32f4xx_hal_tim_ex.c **** 
 2549              		.loc 1 1052 5 view .LVU752
 2550 002c 2368     		ldr	r3, [r4]
 2551 002e 196A     		ldr	r1, [r3, #32]
 2552 0030 41F21112 		movw	r2, #4369
 2553 0034 1142     		tst	r1, r2
 2554 0036 08D1     		bne	.L191
1052:Drivers/STM32F4xx_HAL_Driver/Src/stm32f4xx_hal_tim_ex.c **** 
 2555              		.loc 1 1052 5 discriminator 1 view .LVU753
 2556 0038 196A     		ldr	r1, [r3, #32]
 2557 003a 40F24442 		movw	r2, #1092
 2558 003e 1142     		tst	r1, r2
 2559 0040 03D1     		bne	.L191
1052:Drivers/STM32F4xx_HAL_Driver/Src/stm32f4xx_hal_tim_ex.c **** 
 2560              		.loc 1 1052 5 discriminator 3 view .LVU754
 2561 0042 5A6C     		ldr	r2, [r3, #68]
 2562 0044 22F40042 		bic	r2, r2, #32768
 2563 0048 5A64     		str	r2, [r3, #68]
 2564              	.L191:
1052:Drivers/STM32F4xx_HAL_Driver/Src/stm32f4xx_hal_tim_ex.c **** 
 2565              		.loc 1 1052 5 discriminator 5 view .LVU755
1055:Drivers/STM32F4xx_HAL_Driver/Src/stm32f4xx_hal_tim_ex.c **** 
 2566              		.loc 1 1055 5 view .LVU756
1055:Drivers/STM32F4xx_HAL_Driver/Src/stm32f4xx_hal_tim_ex.c **** 
 2567              		.loc 1 1055 5 view .LVU757
 2568 004a 2368     		ldr	r3, [r4]
 2569 004c 196A     		ldr	r1, [r3, #32]
 2570 004e 41F21112 		movw	r2, #4369
 2571 0052 1142     		tst	r1, r2
 2572 0054 08D1     		bne	.L192
1055:Drivers/STM32F4xx_HAL_Driver/Src/stm32f4xx_hal_tim_ex.c **** 
 2573              		.loc 1 1055 5 discriminator 1 view .LVU758
 2574 0056 196A     		ldr	r1, [r3, #32]
 2575 0058 40F24442 		movw	r2, #1092
 2576 005c 1142     		tst	r1, r2
 2577 005e 03D1     		bne	.L192
1055:Drivers/STM32F4xx_HAL_Driver/Src/stm32f4xx_hal_tim_ex.c **** 
 2578              		.loc 1 1055 5 discriminator 3 view .LVU759
 2579 0060 1A68     		ldr	r2, [r3]
 2580 0062 22F00102 		bic	r2, r2, #1
 2581 0066 1A60     		str	r2, [r3]
 2582              	.L192:
1055:Drivers/STM32F4xx_HAL_Driver/Src/stm32f4xx_hal_tim_ex.c **** 
 2583              		.loc 1 1055 5 discriminator 5 view .LVU760
1058:Drivers/STM32F4xx_HAL_Driver/Src/stm32f4xx_hal_tim_ex.c ****   }
 2584              		.loc 1 1058 5 view .LVU761
 2585 0068 B5B9     		cbnz	r5, .L193
1058:Drivers/STM32F4xx_HAL_Driver/Src/stm32f4xx_hal_tim_ex.c ****   }
 2586              		.loc 1 1058 5 is_stmt 0 discriminator 1 view .LVU762
 2587 006a 0123     		movs	r3, #1
 2588 006c 84F84230 		strb	r3, [r4, #66]
 2589 0070 0020     		movs	r0, #0
ARM GAS  C:\Users\10369\AppData\Local\Temp\ccUaxGpI.s 			page 101


 2590              	.L189:
 2591              	.LVL169:
1062:Drivers/STM32F4xx_HAL_Driver/Src/stm32f4xx_hal_tim_ex.c **** }
 2592              		.loc 1 1062 3 is_stmt 1 view .LVU763
1063:Drivers/STM32F4xx_HAL_Driver/Src/stm32f4xx_hal_tim_ex.c **** 
 2593              		.loc 1 1063 1 is_stmt 0 view .LVU764
 2594 0072 38BD     		pop	{r3, r4, r5, pc}
 2595              	.LVL170:
 2596              	.L187:
1028:Drivers/STM32F4xx_HAL_Driver/Src/stm32f4xx_hal_tim_ex.c ****       (void)HAL_DMA_Abort_IT(htim->hdma[TIM_DMA_ID_CC2]);
 2597              		.loc 1 1028 7 is_stmt 1 view .LVU765
 2598 0074 0268     		ldr	r2, [r0]
 2599 0076 D368     		ldr	r3, [r2, #12]
 2600 0078 23F48063 		bic	r3, r3, #1024
 2601 007c D360     		str	r3, [r2, #12]
1029:Drivers/STM32F4xx_HAL_Driver/Src/stm32f4xx_hal_tim_ex.c ****       break;
 2602              		.loc 1 1029 7 view .LVU766
1029:Drivers/STM32F4xx_HAL_Driver/Src/stm32f4xx_hal_tim_ex.c ****       break;
 2603              		.loc 1 1029 13 is_stmt 0 view .LVU767
 2604 007e 806A     		ldr	r0, [r0, #40]
 2605              	.LVL171:
1029:Drivers/STM32F4xx_HAL_Driver/Src/stm32f4xx_hal_tim_ex.c ****       break;
 2606              		.loc 1 1029 13 view .LVU768
 2607 0080 FFF7FEFF 		bl	HAL_DMA_Abort_IT
 2608              	.LVL172:
1030:Drivers/STM32F4xx_HAL_Driver/Src/stm32f4xx_hal_tim_ex.c ****     }
 2609              		.loc 1 1030 7 is_stmt 1 view .LVU769
1046:Drivers/STM32F4xx_HAL_Driver/Src/stm32f4xx_hal_tim_ex.c ****   {
 2610              		.loc 1 1046 3 view .LVU770
 2611 0084 CDE7     		b	.L190
 2612              	.LVL173:
 2613              	.L188:
1036:Drivers/STM32F4xx_HAL_Driver/Src/stm32f4xx_hal_tim_ex.c ****       (void)HAL_DMA_Abort_IT(htim->hdma[TIM_DMA_ID_CC3]);
 2614              		.loc 1 1036 7 view .LVU771
 2615 0086 0268     		ldr	r2, [r0]
 2616 0088 D368     		ldr	r3, [r2, #12]
 2617 008a 23F40063 		bic	r3, r3, #2048
 2618 008e D360     		str	r3, [r2, #12]
1037:Drivers/STM32F4xx_HAL_Driver/Src/stm32f4xx_hal_tim_ex.c ****       break;
 2619              		.loc 1 1037 7 view .LVU772
1037:Drivers/STM32F4xx_HAL_Driver/Src/stm32f4xx_hal_tim_ex.c ****       break;
 2620              		.loc 1 1037 13 is_stmt 0 view .LVU773
 2621 0090 C06A     		ldr	r0, [r0, #44]
 2622              	.LVL174:
1037:Drivers/STM32F4xx_HAL_Driver/Src/stm32f4xx_hal_tim_ex.c ****       break;
 2623              		.loc 1 1037 13 view .LVU774
 2624 0092 FFF7FEFF 		bl	HAL_DMA_Abort_IT
 2625              	.LVL175:
1038:Drivers/STM32F4xx_HAL_Driver/Src/stm32f4xx_hal_tim_ex.c ****     }
 2626              		.loc 1 1038 7 is_stmt 1 view .LVU775
1046:Drivers/STM32F4xx_HAL_Driver/Src/stm32f4xx_hal_tim_ex.c ****   {
 2627              		.loc 1 1046 3 view .LVU776
 2628 0096 C4E7     		b	.L190
 2629              	.L193:
1058:Drivers/STM32F4xx_HAL_Driver/Src/stm32f4xx_hal_tim_ex.c ****   }
 2630              		.loc 1 1058 5 is_stmt 0 discriminator 2 view .LVU777
 2631 0098 042D     		cmp	r5, #4
ARM GAS  C:\Users\10369\AppData\Local\Temp\ccUaxGpI.s 			page 102


 2632 009a 06D0     		beq	.L198
1058:Drivers/STM32F4xx_HAL_Driver/Src/stm32f4xx_hal_tim_ex.c ****   }
 2633              		.loc 1 1058 5 discriminator 4 view .LVU778
 2634 009c 082D     		cmp	r5, #8
 2635 009e 09D0     		beq	.L199
1058:Drivers/STM32F4xx_HAL_Driver/Src/stm32f4xx_hal_tim_ex.c ****   }
 2636              		.loc 1 1058 5 discriminator 7 view .LVU779
 2637 00a0 0123     		movs	r3, #1
 2638 00a2 84F84530 		strb	r3, [r4, #69]
 2639 00a6 0020     		movs	r0, #0
 2640 00a8 E3E7     		b	.L189
 2641              	.L198:
1058:Drivers/STM32F4xx_HAL_Driver/Src/stm32f4xx_hal_tim_ex.c ****   }
 2642              		.loc 1 1058 5 discriminator 3 view .LVU780
 2643 00aa 0123     		movs	r3, #1
 2644 00ac 84F84330 		strb	r3, [r4, #67]
 2645 00b0 0020     		movs	r0, #0
 2646 00b2 DEE7     		b	.L189
 2647              	.L199:
1058:Drivers/STM32F4xx_HAL_Driver/Src/stm32f4xx_hal_tim_ex.c ****   }
 2648              		.loc 1 1058 5 discriminator 6 view .LVU781
 2649 00b4 0123     		movs	r3, #1
 2650 00b6 84F84430 		strb	r3, [r4, #68]
 2651 00ba 0020     		movs	r0, #0
 2652 00bc D9E7     		b	.L189
 2653              	.LVL176:
 2654              	.L196:
1015:Drivers/STM32F4xx_HAL_Driver/Src/stm32f4xx_hal_tim_ex.c ****   {
 2655              		.loc 1 1015 3 view .LVU782
 2656 00be 0120     		movs	r0, #1
 2657              	.LVL177:
1015:Drivers/STM32F4xx_HAL_Driver/Src/stm32f4xx_hal_tim_ex.c ****   {
 2658              		.loc 1 1015 3 view .LVU783
 2659 00c0 D7E7     		b	.L189
 2660              		.cfi_endproc
 2661              	.LFE149:
 2663              		.section	.text.HAL_TIMEx_PWMN_Start,"ax",%progbits
 2664              		.align	1
 2665              		.global	HAL_TIMEx_PWMN_Start
 2666              		.syntax unified
 2667              		.thumb
 2668              		.thumb_func
 2670              	HAL_TIMEx_PWMN_Start:
 2671              	.LVL178:
 2672              	.LFB150:
1099:Drivers/STM32F4xx_HAL_Driver/Src/stm32f4xx_hal_tim_ex.c ****   uint32_t tmpsmcr;
 2673              		.loc 1 1099 1 is_stmt 1 view -0
 2674              		.cfi_startproc
 2675              		@ args = 0, pretend = 0, frame = 0
 2676              		@ frame_needed = 0, uses_anonymous_args = 0
1099:Drivers/STM32F4xx_HAL_Driver/Src/stm32f4xx_hal_tim_ex.c ****   uint32_t tmpsmcr;
 2677              		.loc 1 1099 1 is_stmt 0 view .LVU785
 2678 0000 10B5     		push	{r4, lr}
 2679              	.LCFI20:
 2680              		.cfi_def_cfa_offset 8
 2681              		.cfi_offset 4, -8
 2682              		.cfi_offset 14, -4
ARM GAS  C:\Users\10369\AppData\Local\Temp\ccUaxGpI.s 			page 103


 2683 0002 0446     		mov	r4, r0
1100:Drivers/STM32F4xx_HAL_Driver/Src/stm32f4xx_hal_tim_ex.c **** 
 2684              		.loc 1 1100 3 is_stmt 1 view .LVU786
1103:Drivers/STM32F4xx_HAL_Driver/Src/stm32f4xx_hal_tim_ex.c **** 
 2685              		.loc 1 1103 3 view .LVU787
1106:Drivers/STM32F4xx_HAL_Driver/Src/stm32f4xx_hal_tim_ex.c ****   {
 2686              		.loc 1 1106 3 view .LVU788
1106:Drivers/STM32F4xx_HAL_Driver/Src/stm32f4xx_hal_tim_ex.c ****   {
 2687              		.loc 1 1106 46 is_stmt 0 view .LVU789
 2688 0004 0846     		mov	r0, r1
 2689              	.LVL179:
1106:Drivers/STM32F4xx_HAL_Driver/Src/stm32f4xx_hal_tim_ex.c ****   {
 2690              		.loc 1 1106 46 view .LVU790
 2691 0006 0029     		cmp	r1, #0
 2692 0008 3AD1     		bne	.L201
1106:Drivers/STM32F4xx_HAL_Driver/Src/stm32f4xx_hal_tim_ex.c ****   {
 2693              		.loc 1 1106 7 discriminator 1 view .LVU791
 2694 000a 94F84230 		ldrb	r3, [r4, #66]	@ zero_extendqisi2
1106:Drivers/STM32F4xx_HAL_Driver/Src/stm32f4xx_hal_tim_ex.c ****   {
 2695              		.loc 1 1106 46 discriminator 1 view .LVU792
 2696 000e 013B     		subs	r3, r3, #1
 2697 0010 18BF     		it	ne
 2698 0012 0123     		movne	r3, #1
 2699              	.L202:
1106:Drivers/STM32F4xx_HAL_Driver/Src/stm32f4xx_hal_tim_ex.c ****   {
 2700              		.loc 1 1106 6 discriminator 12 view .LVU793
 2701 0014 002B     		cmp	r3, #0
 2702 0016 64D1     		bne	.L212
1112:Drivers/STM32F4xx_HAL_Driver/Src/stm32f4xx_hal_tim_ex.c **** 
 2703              		.loc 1 1112 3 is_stmt 1 view .LVU794
 2704 0018 0028     		cmp	r0, #0
 2705 001a 47D1     		bne	.L206
1112:Drivers/STM32F4xx_HAL_Driver/Src/stm32f4xx_hal_tim_ex.c **** 
 2706              		.loc 1 1112 3 is_stmt 0 discriminator 1 view .LVU795
 2707 001c 0223     		movs	r3, #2
 2708 001e 84F84230 		strb	r3, [r4, #66]
 2709              	.L207:
1115:Drivers/STM32F4xx_HAL_Driver/Src/stm32f4xx_hal_tim_ex.c **** 
 2710              		.loc 1 1115 3 is_stmt 1 view .LVU796
 2711 0022 0422     		movs	r2, #4
 2712 0024 0146     		mov	r1, r0
 2713              	.LVL180:
1115:Drivers/STM32F4xx_HAL_Driver/Src/stm32f4xx_hal_tim_ex.c **** 
 2714              		.loc 1 1115 3 is_stmt 0 view .LVU797
 2715 0026 2068     		ldr	r0, [r4]
 2716              	.LVL181:
1115:Drivers/STM32F4xx_HAL_Driver/Src/stm32f4xx_hal_tim_ex.c **** 
 2717              		.loc 1 1115 3 view .LVU798
 2718 0028 FFF7FEFF 		bl	TIM_CCxNChannelCmd
 2719              	.LVL182:
1118:Drivers/STM32F4xx_HAL_Driver/Src/stm32f4xx_hal_tim_ex.c **** 
 2720              		.loc 1 1118 3 is_stmt 1 view .LVU799
 2721 002c 2268     		ldr	r2, [r4]
 2722 002e 536C     		ldr	r3, [r2, #68]
 2723 0030 43F40043 		orr	r3, r3, #32768
 2724 0034 5364     		str	r3, [r2, #68]
1121:Drivers/STM32F4xx_HAL_Driver/Src/stm32f4xx_hal_tim_ex.c ****   {
ARM GAS  C:\Users\10369\AppData\Local\Temp\ccUaxGpI.s 			page 104


 2725              		.loc 1 1121 3 view .LVU800
1121:Drivers/STM32F4xx_HAL_Driver/Src/stm32f4xx_hal_tim_ex.c ****   {
 2726              		.loc 1 1121 7 is_stmt 0 view .LVU801
 2727 0036 2368     		ldr	r3, [r4]
1121:Drivers/STM32F4xx_HAL_Driver/Src/stm32f4xx_hal_tim_ex.c ****   {
 2728              		.loc 1 1121 6 view .LVU802
 2729 0038 2C4A     		ldr	r2, .L219
 2730 003a 9342     		cmp	r3, r2
 2731 003c 46D0     		beq	.L210
1121:Drivers/STM32F4xx_HAL_Driver/Src/stm32f4xx_hal_tim_ex.c ****   {
 2732              		.loc 1 1121 7 discriminator 1 view .LVU803
 2733 003e B3F1804F 		cmp	r3, #1073741824
 2734 0042 43D0     		beq	.L210
1121:Drivers/STM32F4xx_HAL_Driver/Src/stm32f4xx_hal_tim_ex.c ****   {
 2735              		.loc 1 1121 7 discriminator 2 view .LVU804
 2736 0044 A2F57C42 		sub	r2, r2, #64512
 2737 0048 9342     		cmp	r3, r2
 2738 004a 3FD0     		beq	.L210
1121:Drivers/STM32F4xx_HAL_Driver/Src/stm32f4xx_hal_tim_ex.c ****   {
 2739              		.loc 1 1121 7 discriminator 3 view .LVU805
 2740 004c 02F58062 		add	r2, r2, #1024
 2741 0050 9342     		cmp	r3, r2
 2742 0052 3BD0     		beq	.L210
1121:Drivers/STM32F4xx_HAL_Driver/Src/stm32f4xx_hal_tim_ex.c ****   {
 2743              		.loc 1 1121 7 discriminator 4 view .LVU806
 2744 0054 02F58062 		add	r2, r2, #1024
 2745 0058 9342     		cmp	r3, r2
 2746 005a 37D0     		beq	.L210
1121:Drivers/STM32F4xx_HAL_Driver/Src/stm32f4xx_hal_tim_ex.c ****   {
 2747              		.loc 1 1121 7 discriminator 5 view .LVU807
 2748 005c 02F57842 		add	r2, r2, #63488
 2749 0060 9342     		cmp	r3, r2
 2750 0062 33D0     		beq	.L210
1121:Drivers/STM32F4xx_HAL_Driver/Src/stm32f4xx_hal_tim_ex.c ****   {
 2751              		.loc 1 1121 7 discriminator 6 view .LVU808
 2752 0064 02F57052 		add	r2, r2, #15360
 2753 0068 9342     		cmp	r3, r2
 2754 006a 2FD0     		beq	.L210
1121:Drivers/STM32F4xx_HAL_Driver/Src/stm32f4xx_hal_tim_ex.c ****   {
 2755              		.loc 1 1121 7 discriminator 7 view .LVU809
 2756 006c A2F59432 		sub	r2, r2, #75776
 2757 0070 9342     		cmp	r3, r2
 2758 0072 2BD0     		beq	.L210
1131:Drivers/STM32F4xx_HAL_Driver/Src/stm32f4xx_hal_tim_ex.c ****   }
 2759              		.loc 1 1131 5 is_stmt 1 view .LVU810
 2760 0074 1A68     		ldr	r2, [r3]
 2761 0076 42F00102 		orr	r2, r2, #1
 2762 007a 1A60     		str	r2, [r3]
1135:Drivers/STM32F4xx_HAL_Driver/Src/stm32f4xx_hal_tim_ex.c **** }
 2763              		.loc 1 1135 10 is_stmt 0 view .LVU811
 2764 007c 0020     		movs	r0, #0
 2765 007e 2FE0     		b	.L205
 2766              	.LVL183:
 2767              	.L201:
1106:Drivers/STM32F4xx_HAL_Driver/Src/stm32f4xx_hal_tim_ex.c ****   {
 2768              		.loc 1 1106 46 discriminator 2 view .LVU812
 2769 0080 0429     		cmp	r1, #4
ARM GAS  C:\Users\10369\AppData\Local\Temp\ccUaxGpI.s 			page 105


 2770 0082 07D0     		beq	.L215
1106:Drivers/STM32F4xx_HAL_Driver/Src/stm32f4xx_hal_tim_ex.c ****   {
 2771              		.loc 1 1106 46 discriminator 5 view .LVU813
 2772 0084 0829     		cmp	r1, #8
 2773 0086 0BD0     		beq	.L216
1106:Drivers/STM32F4xx_HAL_Driver/Src/stm32f4xx_hal_tim_ex.c ****   {
 2774              		.loc 1 1106 7 discriminator 8 view .LVU814
 2775 0088 94F84530 		ldrb	r3, [r4, #69]	@ zero_extendqisi2
1106:Drivers/STM32F4xx_HAL_Driver/Src/stm32f4xx_hal_tim_ex.c ****   {
 2776              		.loc 1 1106 46 discriminator 8 view .LVU815
 2777 008c 013B     		subs	r3, r3, #1
 2778 008e 18BF     		it	ne
 2779 0090 0123     		movne	r3, #1
 2780 0092 BFE7     		b	.L202
 2781              	.L215:
1106:Drivers/STM32F4xx_HAL_Driver/Src/stm32f4xx_hal_tim_ex.c ****   {
 2782              		.loc 1 1106 7 discriminator 4 view .LVU816
 2783 0094 94F84330 		ldrb	r3, [r4, #67]	@ zero_extendqisi2
1106:Drivers/STM32F4xx_HAL_Driver/Src/stm32f4xx_hal_tim_ex.c ****   {
 2784              		.loc 1 1106 46 discriminator 4 view .LVU817
 2785 0098 013B     		subs	r3, r3, #1
 2786 009a 18BF     		it	ne
 2787 009c 0123     		movne	r3, #1
 2788 009e B9E7     		b	.L202
 2789              	.L216:
1106:Drivers/STM32F4xx_HAL_Driver/Src/stm32f4xx_hal_tim_ex.c ****   {
 2790              		.loc 1 1106 7 discriminator 7 view .LVU818
 2791 00a0 94F84430 		ldrb	r3, [r4, #68]	@ zero_extendqisi2
1106:Drivers/STM32F4xx_HAL_Driver/Src/stm32f4xx_hal_tim_ex.c ****   {
 2792              		.loc 1 1106 46 discriminator 7 view .LVU819
 2793 00a4 013B     		subs	r3, r3, #1
 2794 00a6 18BF     		it	ne
 2795 00a8 0123     		movne	r3, #1
 2796 00aa B3E7     		b	.L202
 2797              	.L206:
1112:Drivers/STM32F4xx_HAL_Driver/Src/stm32f4xx_hal_tim_ex.c **** 
 2798              		.loc 1 1112 3 discriminator 2 view .LVU820
 2799 00ac 0428     		cmp	r0, #4
 2800 00ae 05D0     		beq	.L217
1112:Drivers/STM32F4xx_HAL_Driver/Src/stm32f4xx_hal_tim_ex.c **** 
 2801              		.loc 1 1112 3 discriminator 4 view .LVU821
 2802 00b0 0828     		cmp	r0, #8
 2803 00b2 07D0     		beq	.L218
1112:Drivers/STM32F4xx_HAL_Driver/Src/stm32f4xx_hal_tim_ex.c **** 
 2804              		.loc 1 1112 3 discriminator 7 view .LVU822
 2805 00b4 0223     		movs	r3, #2
 2806 00b6 84F84530 		strb	r3, [r4, #69]
 2807 00ba B2E7     		b	.L207
 2808              	.L217:
1112:Drivers/STM32F4xx_HAL_Driver/Src/stm32f4xx_hal_tim_ex.c **** 
 2809              		.loc 1 1112 3 discriminator 3 view .LVU823
 2810 00bc 0223     		movs	r3, #2
 2811 00be 84F84330 		strb	r3, [r4, #67]
 2812 00c2 AEE7     		b	.L207
 2813              	.L218:
1112:Drivers/STM32F4xx_HAL_Driver/Src/stm32f4xx_hal_tim_ex.c **** 
 2814              		.loc 1 1112 3 discriminator 6 view .LVU824
ARM GAS  C:\Users\10369\AppData\Local\Temp\ccUaxGpI.s 			page 106


 2815 00c4 0223     		movs	r3, #2
 2816 00c6 84F84430 		strb	r3, [r4, #68]
 2817 00ca AAE7     		b	.L207
 2818              	.LVL184:
 2819              	.L210:
1123:Drivers/STM32F4xx_HAL_Driver/Src/stm32f4xx_hal_tim_ex.c ****     if (!IS_TIM_SLAVEMODE_TRIGGER_ENABLED(tmpsmcr))
 2820              		.loc 1 1123 5 is_stmt 1 view .LVU825
1123:Drivers/STM32F4xx_HAL_Driver/Src/stm32f4xx_hal_tim_ex.c ****     if (!IS_TIM_SLAVEMODE_TRIGGER_ENABLED(tmpsmcr))
 2821              		.loc 1 1123 29 is_stmt 0 view .LVU826
 2822 00cc 9A68     		ldr	r2, [r3, #8]
1123:Drivers/STM32F4xx_HAL_Driver/Src/stm32f4xx_hal_tim_ex.c ****     if (!IS_TIM_SLAVEMODE_TRIGGER_ENABLED(tmpsmcr))
 2823              		.loc 1 1123 13 view .LVU827
 2824 00ce 02F00702 		and	r2, r2, #7
 2825              	.LVL185:
1124:Drivers/STM32F4xx_HAL_Driver/Src/stm32f4xx_hal_tim_ex.c ****     {
 2826              		.loc 1 1124 5 is_stmt 1 view .LVU828
1124:Drivers/STM32F4xx_HAL_Driver/Src/stm32f4xx_hal_tim_ex.c ****     {
 2827              		.loc 1 1124 8 is_stmt 0 view .LVU829
 2828 00d2 062A     		cmp	r2, #6
 2829 00d4 07D0     		beq	.L213
1126:Drivers/STM32F4xx_HAL_Driver/Src/stm32f4xx_hal_tim_ex.c ****     }
 2830              		.loc 1 1126 7 is_stmt 1 view .LVU830
 2831 00d6 1A68     		ldr	r2, [r3]
 2832              	.LVL186:
1126:Drivers/STM32F4xx_HAL_Driver/Src/stm32f4xx_hal_tim_ex.c ****     }
 2833              		.loc 1 1126 7 is_stmt 0 view .LVU831
 2834 00d8 42F00102 		orr	r2, r2, #1
 2835 00dc 1A60     		str	r2, [r3]
1135:Drivers/STM32F4xx_HAL_Driver/Src/stm32f4xx_hal_tim_ex.c **** }
 2836              		.loc 1 1135 10 view .LVU832
 2837 00de 0020     		movs	r0, #0
 2838              	.LVL187:
 2839              	.L205:
1136:Drivers/STM32F4xx_HAL_Driver/Src/stm32f4xx_hal_tim_ex.c **** 
 2840              		.loc 1 1136 1 view .LVU833
 2841 00e0 10BD     		pop	{r4, pc}
 2842              	.LVL188:
 2843              	.L212:
1108:Drivers/STM32F4xx_HAL_Driver/Src/stm32f4xx_hal_tim_ex.c ****   }
 2844              		.loc 1 1108 12 view .LVU834
 2845 00e2 0120     		movs	r0, #1
 2846              	.LVL189:
1108:Drivers/STM32F4xx_HAL_Driver/Src/stm32f4xx_hal_tim_ex.c ****   }
 2847              		.loc 1 1108 12 view .LVU835
 2848 00e4 FCE7     		b	.L205
 2849              	.LVL190:
 2850              	.L213:
1135:Drivers/STM32F4xx_HAL_Driver/Src/stm32f4xx_hal_tim_ex.c **** }
 2851              		.loc 1 1135 10 view .LVU836
 2852 00e6 0020     		movs	r0, #0
 2853 00e8 FAE7     		b	.L205
 2854              	.L220:
 2855 00ea 00BF     		.align	2
 2856              	.L219:
 2857 00ec 00000140 		.word	1073807360
 2858              		.cfi_endproc
 2859              	.LFE150:
ARM GAS  C:\Users\10369\AppData\Local\Temp\ccUaxGpI.s 			page 107


 2861              		.section	.text.HAL_TIMEx_PWMN_Stop,"ax",%progbits
 2862              		.align	1
 2863              		.global	HAL_TIMEx_PWMN_Stop
 2864              		.syntax unified
 2865              		.thumb
 2866              		.thumb_func
 2868              	HAL_TIMEx_PWMN_Stop:
 2869              	.LVL191:
 2870              	.LFB151:
1149:Drivers/STM32F4xx_HAL_Driver/Src/stm32f4xx_hal_tim_ex.c ****   /* Check the parameters */
 2871              		.loc 1 1149 1 is_stmt 1 view -0
 2872              		.cfi_startproc
 2873              		@ args = 0, pretend = 0, frame = 0
 2874              		@ frame_needed = 0, uses_anonymous_args = 0
1149:Drivers/STM32F4xx_HAL_Driver/Src/stm32f4xx_hal_tim_ex.c ****   /* Check the parameters */
 2875              		.loc 1 1149 1 is_stmt 0 view .LVU838
 2876 0000 38B5     		push	{r3, r4, r5, lr}
 2877              	.LCFI21:
 2878              		.cfi_def_cfa_offset 16
 2879              		.cfi_offset 3, -16
 2880              		.cfi_offset 4, -12
 2881              		.cfi_offset 5, -8
 2882              		.cfi_offset 14, -4
 2883 0002 0446     		mov	r4, r0
 2884 0004 0D46     		mov	r5, r1
1151:Drivers/STM32F4xx_HAL_Driver/Src/stm32f4xx_hal_tim_ex.c **** 
 2885              		.loc 1 1151 3 is_stmt 1 view .LVU839
1154:Drivers/STM32F4xx_HAL_Driver/Src/stm32f4xx_hal_tim_ex.c **** 
 2886              		.loc 1 1154 3 view .LVU840
 2887 0006 0022     		movs	r2, #0
 2888 0008 0068     		ldr	r0, [r0]
 2889              	.LVL192:
1154:Drivers/STM32F4xx_HAL_Driver/Src/stm32f4xx_hal_tim_ex.c **** 
 2890              		.loc 1 1154 3 is_stmt 0 view .LVU841
 2891 000a FFF7FEFF 		bl	TIM_CCxNChannelCmd
 2892              	.LVL193:
1157:Drivers/STM32F4xx_HAL_Driver/Src/stm32f4xx_hal_tim_ex.c **** 
 2893              		.loc 1 1157 3 is_stmt 1 view .LVU842
1157:Drivers/STM32F4xx_HAL_Driver/Src/stm32f4xx_hal_tim_ex.c **** 
 2894              		.loc 1 1157 3 view .LVU843
 2895 000e 2368     		ldr	r3, [r4]
 2896 0010 196A     		ldr	r1, [r3, #32]
 2897 0012 41F21112 		movw	r2, #4369
 2898 0016 1142     		tst	r1, r2
 2899 0018 08D1     		bne	.L222
1157:Drivers/STM32F4xx_HAL_Driver/Src/stm32f4xx_hal_tim_ex.c **** 
 2900              		.loc 1 1157 3 discriminator 1 view .LVU844
 2901 001a 196A     		ldr	r1, [r3, #32]
 2902 001c 40F24442 		movw	r2, #1092
 2903 0020 1142     		tst	r1, r2
 2904 0022 03D1     		bne	.L222
1157:Drivers/STM32F4xx_HAL_Driver/Src/stm32f4xx_hal_tim_ex.c **** 
 2905              		.loc 1 1157 3 discriminator 3 view .LVU845
 2906 0024 5A6C     		ldr	r2, [r3, #68]
 2907 0026 22F40042 		bic	r2, r2, #32768
 2908 002a 5A64     		str	r2, [r3, #68]
 2909              	.L222:
ARM GAS  C:\Users\10369\AppData\Local\Temp\ccUaxGpI.s 			page 108


1157:Drivers/STM32F4xx_HAL_Driver/Src/stm32f4xx_hal_tim_ex.c **** 
 2910              		.loc 1 1157 3 discriminator 5 view .LVU846
1160:Drivers/STM32F4xx_HAL_Driver/Src/stm32f4xx_hal_tim_ex.c **** 
 2911              		.loc 1 1160 3 view .LVU847
1160:Drivers/STM32F4xx_HAL_Driver/Src/stm32f4xx_hal_tim_ex.c **** 
 2912              		.loc 1 1160 3 view .LVU848
 2913 002c 2368     		ldr	r3, [r4]
 2914 002e 196A     		ldr	r1, [r3, #32]
 2915 0030 41F21112 		movw	r2, #4369
 2916 0034 1142     		tst	r1, r2
 2917 0036 08D1     		bne	.L223
1160:Drivers/STM32F4xx_HAL_Driver/Src/stm32f4xx_hal_tim_ex.c **** 
 2918              		.loc 1 1160 3 discriminator 1 view .LVU849
 2919 0038 196A     		ldr	r1, [r3, #32]
 2920 003a 40F24442 		movw	r2, #1092
 2921 003e 1142     		tst	r1, r2
 2922 0040 03D1     		bne	.L223
1160:Drivers/STM32F4xx_HAL_Driver/Src/stm32f4xx_hal_tim_ex.c **** 
 2923              		.loc 1 1160 3 discriminator 3 view .LVU850
 2924 0042 1A68     		ldr	r2, [r3]
 2925 0044 22F00102 		bic	r2, r2, #1
 2926 0048 1A60     		str	r2, [r3]
 2927              	.L223:
1160:Drivers/STM32F4xx_HAL_Driver/Src/stm32f4xx_hal_tim_ex.c **** 
 2928              		.loc 1 1160 3 discriminator 5 view .LVU851
1163:Drivers/STM32F4xx_HAL_Driver/Src/stm32f4xx_hal_tim_ex.c **** 
 2929              		.loc 1 1163 3 view .LVU852
 2930 004a 25B9     		cbnz	r5, .L224
1163:Drivers/STM32F4xx_HAL_Driver/Src/stm32f4xx_hal_tim_ex.c **** 
 2931              		.loc 1 1163 3 is_stmt 0 discriminator 1 view .LVU853
 2932 004c 0123     		movs	r3, #1
 2933 004e 84F84230 		strb	r3, [r4, #66]
 2934              	.L225:
1166:Drivers/STM32F4xx_HAL_Driver/Src/stm32f4xx_hal_tim_ex.c **** }
 2935              		.loc 1 1166 3 is_stmt 1 view .LVU854
1167:Drivers/STM32F4xx_HAL_Driver/Src/stm32f4xx_hal_tim_ex.c **** 
 2936              		.loc 1 1167 1 is_stmt 0 view .LVU855
 2937 0052 0020     		movs	r0, #0
 2938 0054 38BD     		pop	{r3, r4, r5, pc}
 2939              	.LVL194:
 2940              	.L224:
1163:Drivers/STM32F4xx_HAL_Driver/Src/stm32f4xx_hal_tim_ex.c **** 
 2941              		.loc 1 1163 3 discriminator 2 view .LVU856
 2942 0056 042D     		cmp	r5, #4
 2943 0058 05D0     		beq	.L229
1163:Drivers/STM32F4xx_HAL_Driver/Src/stm32f4xx_hal_tim_ex.c **** 
 2944              		.loc 1 1163 3 discriminator 4 view .LVU857
 2945 005a 082D     		cmp	r5, #8
 2946 005c 07D0     		beq	.L230
1163:Drivers/STM32F4xx_HAL_Driver/Src/stm32f4xx_hal_tim_ex.c **** 
 2947              		.loc 1 1163 3 discriminator 7 view .LVU858
 2948 005e 0123     		movs	r3, #1
 2949 0060 84F84530 		strb	r3, [r4, #69]
 2950 0064 F5E7     		b	.L225
 2951              	.L229:
1163:Drivers/STM32F4xx_HAL_Driver/Src/stm32f4xx_hal_tim_ex.c **** 
 2952              		.loc 1 1163 3 discriminator 3 view .LVU859
ARM GAS  C:\Users\10369\AppData\Local\Temp\ccUaxGpI.s 			page 109


 2953 0066 0123     		movs	r3, #1
 2954 0068 84F84330 		strb	r3, [r4, #67]
 2955 006c F1E7     		b	.L225
 2956              	.L230:
1163:Drivers/STM32F4xx_HAL_Driver/Src/stm32f4xx_hal_tim_ex.c **** 
 2957              		.loc 1 1163 3 discriminator 6 view .LVU860
 2958 006e 0123     		movs	r3, #1
 2959 0070 84F84430 		strb	r3, [r4, #68]
 2960 0074 EDE7     		b	.L225
 2961              		.cfi_endproc
 2962              	.LFE151:
 2964              		.section	.text.HAL_TIMEx_PWMN_Start_IT,"ax",%progbits
 2965              		.align	1
 2966              		.global	HAL_TIMEx_PWMN_Start_IT
 2967              		.syntax unified
 2968              		.thumb
 2969              		.thumb_func
 2971              	HAL_TIMEx_PWMN_Start_IT:
 2972              	.LVL195:
 2973              	.LFB152:
1181:Drivers/STM32F4xx_HAL_Driver/Src/stm32f4xx_hal_tim_ex.c ****   HAL_StatusTypeDef status = HAL_OK;
 2974              		.loc 1 1181 1 is_stmt 1 view -0
 2975              		.cfi_startproc
 2976              		@ args = 0, pretend = 0, frame = 0
 2977              		@ frame_needed = 0, uses_anonymous_args = 0
1181:Drivers/STM32F4xx_HAL_Driver/Src/stm32f4xx_hal_tim_ex.c ****   HAL_StatusTypeDef status = HAL_OK;
 2978              		.loc 1 1181 1 is_stmt 0 view .LVU862
 2979 0000 10B5     		push	{r4, lr}
 2980              	.LCFI22:
 2981              		.cfi_def_cfa_offset 8
 2982              		.cfi_offset 4, -8
 2983              		.cfi_offset 14, -4
 2984 0002 0446     		mov	r4, r0
1182:Drivers/STM32F4xx_HAL_Driver/Src/stm32f4xx_hal_tim_ex.c ****   uint32_t tmpsmcr;
 2985              		.loc 1 1182 3 is_stmt 1 view .LVU863
 2986              	.LVL196:
1183:Drivers/STM32F4xx_HAL_Driver/Src/stm32f4xx_hal_tim_ex.c **** 
 2987              		.loc 1 1183 3 view .LVU864
1186:Drivers/STM32F4xx_HAL_Driver/Src/stm32f4xx_hal_tim_ex.c **** 
 2988              		.loc 1 1186 3 view .LVU865
1189:Drivers/STM32F4xx_HAL_Driver/Src/stm32f4xx_hal_tim_ex.c ****   {
 2989              		.loc 1 1189 3 view .LVU866
1189:Drivers/STM32F4xx_HAL_Driver/Src/stm32f4xx_hal_tim_ex.c ****   {
 2990              		.loc 1 1189 46 is_stmt 0 view .LVU867
 2991 0004 0846     		mov	r0, r1
 2992              	.LVL197:
1189:Drivers/STM32F4xx_HAL_Driver/Src/stm32f4xx_hal_tim_ex.c ****   {
 2993              		.loc 1 1189 46 view .LVU868
 2994 0006 0029     		cmp	r1, #0
 2995 0008 44D1     		bne	.L232
1189:Drivers/STM32F4xx_HAL_Driver/Src/stm32f4xx_hal_tim_ex.c ****   {
 2996              		.loc 1 1189 7 discriminator 1 view .LVU869
 2997 000a 94F84230 		ldrb	r3, [r4, #66]	@ zero_extendqisi2
1189:Drivers/STM32F4xx_HAL_Driver/Src/stm32f4xx_hal_tim_ex.c ****   {
 2998              		.loc 1 1189 46 discriminator 1 view .LVU870
 2999 000e 013B     		subs	r3, r3, #1
 3000 0010 18BF     		it	ne
ARM GAS  C:\Users\10369\AppData\Local\Temp\ccUaxGpI.s 			page 110


 3001 0012 0123     		movne	r3, #1
 3002              	.L233:
1189:Drivers/STM32F4xx_HAL_Driver/Src/stm32f4xx_hal_tim_ex.c ****   {
 3003              		.loc 1 1189 6 discriminator 12 view .LVU871
 3004 0014 002B     		cmp	r3, #0
 3005 0016 7FD1     		bne	.L246
1195:Drivers/STM32F4xx_HAL_Driver/Src/stm32f4xx_hal_tim_ex.c **** 
 3006              		.loc 1 1195 3 is_stmt 1 view .LVU872
 3007 0018 0028     		cmp	r0, #0
 3008 001a 51D1     		bne	.L237
1195:Drivers/STM32F4xx_HAL_Driver/Src/stm32f4xx_hal_tim_ex.c **** 
 3009              		.loc 1 1195 3 is_stmt 0 discriminator 1 view .LVU873
 3010 001c 0223     		movs	r3, #2
 3011 001e 84F84230 		strb	r3, [r4, #66]
1197:Drivers/STM32F4xx_HAL_Driver/Src/stm32f4xx_hal_tim_ex.c ****   {
 3012              		.loc 1 1197 3 is_stmt 1 view .LVU874
 3013              	.L238:
1202:Drivers/STM32F4xx_HAL_Driver/Src/stm32f4xx_hal_tim_ex.c ****       break;
 3014              		.loc 1 1202 7 view .LVU875
 3015 0022 2268     		ldr	r2, [r4]
 3016 0024 D368     		ldr	r3, [r2, #12]
 3017 0026 43F00203 		orr	r3, r3, #2
 3018 002a D360     		str	r3, [r2, #12]
1203:Drivers/STM32F4xx_HAL_Driver/Src/stm32f4xx_hal_tim_ex.c ****     }
 3019              		.loc 1 1203 7 view .LVU876
1225:Drivers/STM32F4xx_HAL_Driver/Src/stm32f4xx_hal_tim_ex.c ****   {
 3020              		.loc 1 1225 3 view .LVU877
 3021              	.L243:
1228:Drivers/STM32F4xx_HAL_Driver/Src/stm32f4xx_hal_tim_ex.c **** 
 3022              		.loc 1 1228 5 view .LVU878
 3023 002c 2268     		ldr	r2, [r4]
 3024 002e D368     		ldr	r3, [r2, #12]
 3025 0030 43F08003 		orr	r3, r3, #128
 3026 0034 D360     		str	r3, [r2, #12]
1231:Drivers/STM32F4xx_HAL_Driver/Src/stm32f4xx_hal_tim_ex.c **** 
 3027              		.loc 1 1231 5 view .LVU879
 3028 0036 0422     		movs	r2, #4
 3029 0038 0146     		mov	r1, r0
 3030              	.LVL198:
1231:Drivers/STM32F4xx_HAL_Driver/Src/stm32f4xx_hal_tim_ex.c **** 
 3031              		.loc 1 1231 5 is_stmt 0 view .LVU880
 3032 003a 2068     		ldr	r0, [r4]
 3033              	.LVL199:
1231:Drivers/STM32F4xx_HAL_Driver/Src/stm32f4xx_hal_tim_ex.c **** 
 3034              		.loc 1 1231 5 view .LVU881
 3035 003c FFF7FEFF 		bl	TIM_CCxNChannelCmd
 3036              	.LVL200:
1234:Drivers/STM32F4xx_HAL_Driver/Src/stm32f4xx_hal_tim_ex.c **** 
 3037              		.loc 1 1234 5 is_stmt 1 view .LVU882
 3038 0040 2268     		ldr	r2, [r4]
 3039 0042 536C     		ldr	r3, [r2, #68]
 3040 0044 43F40043 		orr	r3, r3, #32768
 3041 0048 5364     		str	r3, [r2, #68]
1237:Drivers/STM32F4xx_HAL_Driver/Src/stm32f4xx_hal_tim_ex.c ****     {
 3042              		.loc 1 1237 5 view .LVU883
1237:Drivers/STM32F4xx_HAL_Driver/Src/stm32f4xx_hal_tim_ex.c ****     {
 3043              		.loc 1 1237 9 is_stmt 0 view .LVU884
ARM GAS  C:\Users\10369\AppData\Local\Temp\ccUaxGpI.s 			page 111


 3044 004a 2368     		ldr	r3, [r4]
1237:Drivers/STM32F4xx_HAL_Driver/Src/stm32f4xx_hal_tim_ex.c ****     {
 3045              		.loc 1 1237 8 view .LVU885
 3046 004c 344A     		ldr	r2, .L254
 3047 004e 9342     		cmp	r3, r2
 3048 0050 57D0     		beq	.L244
1237:Drivers/STM32F4xx_HAL_Driver/Src/stm32f4xx_hal_tim_ex.c ****     {
 3049              		.loc 1 1237 9 discriminator 1 view .LVU886
 3050 0052 B3F1804F 		cmp	r3, #1073741824
 3051 0056 54D0     		beq	.L244
1237:Drivers/STM32F4xx_HAL_Driver/Src/stm32f4xx_hal_tim_ex.c ****     {
 3052              		.loc 1 1237 9 discriminator 2 view .LVU887
 3053 0058 A2F57C42 		sub	r2, r2, #64512
 3054 005c 9342     		cmp	r3, r2
 3055 005e 50D0     		beq	.L244
1237:Drivers/STM32F4xx_HAL_Driver/Src/stm32f4xx_hal_tim_ex.c ****     {
 3056              		.loc 1 1237 9 discriminator 3 view .LVU888
 3057 0060 02F58062 		add	r2, r2, #1024
 3058 0064 9342     		cmp	r3, r2
 3059 0066 4CD0     		beq	.L244
1237:Drivers/STM32F4xx_HAL_Driver/Src/stm32f4xx_hal_tim_ex.c ****     {
 3060              		.loc 1 1237 9 discriminator 4 view .LVU889
 3061 0068 02F58062 		add	r2, r2, #1024
 3062 006c 9342     		cmp	r3, r2
 3063 006e 48D0     		beq	.L244
1237:Drivers/STM32F4xx_HAL_Driver/Src/stm32f4xx_hal_tim_ex.c ****     {
 3064              		.loc 1 1237 9 discriminator 5 view .LVU890
 3065 0070 02F57842 		add	r2, r2, #63488
 3066 0074 9342     		cmp	r3, r2
 3067 0076 44D0     		beq	.L244
1237:Drivers/STM32F4xx_HAL_Driver/Src/stm32f4xx_hal_tim_ex.c ****     {
 3068              		.loc 1 1237 9 discriminator 6 view .LVU891
 3069 0078 02F57052 		add	r2, r2, #15360
 3070 007c 9342     		cmp	r3, r2
 3071 007e 40D0     		beq	.L244
1237:Drivers/STM32F4xx_HAL_Driver/Src/stm32f4xx_hal_tim_ex.c ****     {
 3072              		.loc 1 1237 9 discriminator 7 view .LVU892
 3073 0080 A2F59432 		sub	r2, r2, #75776
 3074 0084 9342     		cmp	r3, r2
 3075 0086 3CD0     		beq	.L244
1247:Drivers/STM32F4xx_HAL_Driver/Src/stm32f4xx_hal_tim_ex.c ****     }
 3076              		.loc 1 1247 7 is_stmt 1 view .LVU893
 3077 0088 1A68     		ldr	r2, [r3]
 3078 008a 42F00102 		orr	r2, r2, #1
 3079 008e 1A60     		str	r2, [r3]
 3080 0090 0020     		movs	r0, #0
 3081 0092 40E0     		b	.L236
 3082              	.LVL201:
 3083              	.L232:
1189:Drivers/STM32F4xx_HAL_Driver/Src/stm32f4xx_hal_tim_ex.c ****   {
 3084              		.loc 1 1189 46 is_stmt 0 discriminator 2 view .LVU894
 3085 0094 0429     		cmp	r1, #4
 3086 0096 07D0     		beq	.L250
1189:Drivers/STM32F4xx_HAL_Driver/Src/stm32f4xx_hal_tim_ex.c ****   {
 3087              		.loc 1 1189 46 discriminator 5 view .LVU895
 3088 0098 0829     		cmp	r1, #8
 3089 009a 0BD0     		beq	.L251
ARM GAS  C:\Users\10369\AppData\Local\Temp\ccUaxGpI.s 			page 112


1189:Drivers/STM32F4xx_HAL_Driver/Src/stm32f4xx_hal_tim_ex.c ****   {
 3090              		.loc 1 1189 7 discriminator 8 view .LVU896
 3091 009c 94F84530 		ldrb	r3, [r4, #69]	@ zero_extendqisi2
1189:Drivers/STM32F4xx_HAL_Driver/Src/stm32f4xx_hal_tim_ex.c ****   {
 3092              		.loc 1 1189 46 discriminator 8 view .LVU897
 3093 00a0 013B     		subs	r3, r3, #1
 3094 00a2 18BF     		it	ne
 3095 00a4 0123     		movne	r3, #1
 3096 00a6 B5E7     		b	.L233
 3097              	.L250:
1189:Drivers/STM32F4xx_HAL_Driver/Src/stm32f4xx_hal_tim_ex.c ****   {
 3098              		.loc 1 1189 7 discriminator 4 view .LVU898
 3099 00a8 94F84330 		ldrb	r3, [r4, #67]	@ zero_extendqisi2
1189:Drivers/STM32F4xx_HAL_Driver/Src/stm32f4xx_hal_tim_ex.c ****   {
 3100              		.loc 1 1189 46 discriminator 4 view .LVU899
 3101 00ac 013B     		subs	r3, r3, #1
 3102 00ae 18BF     		it	ne
 3103 00b0 0123     		movne	r3, #1
 3104 00b2 AFE7     		b	.L233
 3105              	.L251:
1189:Drivers/STM32F4xx_HAL_Driver/Src/stm32f4xx_hal_tim_ex.c ****   {
 3106              		.loc 1 1189 7 discriminator 7 view .LVU900
 3107 00b4 94F84430 		ldrb	r3, [r4, #68]	@ zero_extendqisi2
1189:Drivers/STM32F4xx_HAL_Driver/Src/stm32f4xx_hal_tim_ex.c ****   {
 3108              		.loc 1 1189 46 discriminator 7 view .LVU901
 3109 00b8 013B     		subs	r3, r3, #1
 3110 00ba 18BF     		it	ne
 3111 00bc 0123     		movne	r3, #1
 3112 00be A9E7     		b	.L233
 3113              	.L237:
1195:Drivers/STM32F4xx_HAL_Driver/Src/stm32f4xx_hal_tim_ex.c **** 
 3114              		.loc 1 1195 3 discriminator 2 view .LVU902
 3115 00c0 0428     		cmp	r0, #4
 3116 00c2 0CD0     		beq	.L252
1195:Drivers/STM32F4xx_HAL_Driver/Src/stm32f4xx_hal_tim_ex.c **** 
 3117              		.loc 1 1195 3 discriminator 4 view .LVU903
 3118 00c4 0828     		cmp	r0, #8
 3119 00c6 13D0     		beq	.L253
1195:Drivers/STM32F4xx_HAL_Driver/Src/stm32f4xx_hal_tim_ex.c **** 
 3120              		.loc 1 1195 3 discriminator 7 view .LVU904
 3121 00c8 0223     		movs	r3, #2
 3122 00ca 84F84530 		strb	r3, [r4, #69]
1197:Drivers/STM32F4xx_HAL_Driver/Src/stm32f4xx_hal_tim_ex.c ****   {
 3123              		.loc 1 1197 3 is_stmt 1 view .LVU905
 3124 00ce 0428     		cmp	r0, #4
 3125 00d0 08D0     		beq	.L240
 3126 00d2 0828     		cmp	r0, #8
 3127 00d4 0FD0     		beq	.L242
 3128 00d6 0028     		cmp	r0, #0
 3129 00d8 A3D0     		beq	.L238
 3130 00da 0120     		movs	r0, #1
 3131              	.LVL202:
1197:Drivers/STM32F4xx_HAL_Driver/Src/stm32f4xx_hal_tim_ex.c ****   {
 3132              		.loc 1 1197 3 is_stmt 0 view .LVU906
 3133 00dc 1BE0     		b	.L236
 3134              	.LVL203:
 3135              	.L252:
ARM GAS  C:\Users\10369\AppData\Local\Temp\ccUaxGpI.s 			page 113


1195:Drivers/STM32F4xx_HAL_Driver/Src/stm32f4xx_hal_tim_ex.c **** 
 3136              		.loc 1 1195 3 discriminator 3 view .LVU907
 3137 00de 0223     		movs	r3, #2
 3138 00e0 84F84330 		strb	r3, [r4, #67]
1197:Drivers/STM32F4xx_HAL_Driver/Src/stm32f4xx_hal_tim_ex.c ****   {
 3139              		.loc 1 1197 3 is_stmt 1 view .LVU908
 3140              	.L240:
1209:Drivers/STM32F4xx_HAL_Driver/Src/stm32f4xx_hal_tim_ex.c ****       break;
 3141              		.loc 1 1209 7 view .LVU909
 3142 00e4 2268     		ldr	r2, [r4]
 3143 00e6 D368     		ldr	r3, [r2, #12]
 3144 00e8 43F00403 		orr	r3, r3, #4
 3145 00ec D360     		str	r3, [r2, #12]
1210:Drivers/STM32F4xx_HAL_Driver/Src/stm32f4xx_hal_tim_ex.c ****     }
 3146              		.loc 1 1210 7 view .LVU910
1225:Drivers/STM32F4xx_HAL_Driver/Src/stm32f4xx_hal_tim_ex.c ****   {
 3147              		.loc 1 1225 3 view .LVU911
 3148 00ee 9DE7     		b	.L243
 3149              	.L253:
1195:Drivers/STM32F4xx_HAL_Driver/Src/stm32f4xx_hal_tim_ex.c **** 
 3150              		.loc 1 1195 3 is_stmt 0 discriminator 6 view .LVU912
 3151 00f0 0223     		movs	r3, #2
 3152 00f2 84F84430 		strb	r3, [r4, #68]
1197:Drivers/STM32F4xx_HAL_Driver/Src/stm32f4xx_hal_tim_ex.c ****   {
 3153              		.loc 1 1197 3 is_stmt 1 view .LVU913
 3154              	.L242:
1216:Drivers/STM32F4xx_HAL_Driver/Src/stm32f4xx_hal_tim_ex.c ****       break;
 3155              		.loc 1 1216 7 view .LVU914
 3156 00f6 2268     		ldr	r2, [r4]
 3157 00f8 D368     		ldr	r3, [r2, #12]
 3158 00fa 43F00803 		orr	r3, r3, #8
 3159 00fe D360     		str	r3, [r2, #12]
1217:Drivers/STM32F4xx_HAL_Driver/Src/stm32f4xx_hal_tim_ex.c ****     }
 3160              		.loc 1 1217 7 view .LVU915
1225:Drivers/STM32F4xx_HAL_Driver/Src/stm32f4xx_hal_tim_ex.c ****   {
 3161              		.loc 1 1225 3 view .LVU916
 3162 0100 94E7     		b	.L243
 3163              	.LVL204:
 3164              	.L244:
1239:Drivers/STM32F4xx_HAL_Driver/Src/stm32f4xx_hal_tim_ex.c ****       if (!IS_TIM_SLAVEMODE_TRIGGER_ENABLED(tmpsmcr))
 3165              		.loc 1 1239 7 view .LVU917
1239:Drivers/STM32F4xx_HAL_Driver/Src/stm32f4xx_hal_tim_ex.c ****       if (!IS_TIM_SLAVEMODE_TRIGGER_ENABLED(tmpsmcr))
 3166              		.loc 1 1239 31 is_stmt 0 view .LVU918
 3167 0102 9A68     		ldr	r2, [r3, #8]
1239:Drivers/STM32F4xx_HAL_Driver/Src/stm32f4xx_hal_tim_ex.c ****       if (!IS_TIM_SLAVEMODE_TRIGGER_ENABLED(tmpsmcr))
 3168              		.loc 1 1239 15 view .LVU919
 3169 0104 02F00702 		and	r2, r2, #7
 3170              	.LVL205:
1240:Drivers/STM32F4xx_HAL_Driver/Src/stm32f4xx_hal_tim_ex.c ****       {
 3171              		.loc 1 1240 7 is_stmt 1 view .LVU920
1240:Drivers/STM32F4xx_HAL_Driver/Src/stm32f4xx_hal_tim_ex.c ****       {
 3172              		.loc 1 1240 10 is_stmt 0 view .LVU921
 3173 0108 062A     		cmp	r2, #6
 3174 010a 07D0     		beq	.L248
1242:Drivers/STM32F4xx_HAL_Driver/Src/stm32f4xx_hal_tim_ex.c ****       }
 3175              		.loc 1 1242 9 is_stmt 1 view .LVU922
 3176 010c 1A68     		ldr	r2, [r3]
ARM GAS  C:\Users\10369\AppData\Local\Temp\ccUaxGpI.s 			page 114


 3177              	.LVL206:
1242:Drivers/STM32F4xx_HAL_Driver/Src/stm32f4xx_hal_tim_ex.c ****       }
 3178              		.loc 1 1242 9 is_stmt 0 view .LVU923
 3179 010e 42F00102 		orr	r2, r2, #1
 3180 0112 1A60     		str	r2, [r3]
 3181 0114 0020     		movs	r0, #0
 3182              	.LVL207:
 3183              	.L236:
1253:Drivers/STM32F4xx_HAL_Driver/Src/stm32f4xx_hal_tim_ex.c **** 
 3184              		.loc 1 1253 1 view .LVU924
 3185 0116 10BD     		pop	{r4, pc}
 3186              	.LVL208:
 3187              	.L246:
1191:Drivers/STM32F4xx_HAL_Driver/Src/stm32f4xx_hal_tim_ex.c ****   }
 3188              		.loc 1 1191 12 view .LVU925
 3189 0118 0120     		movs	r0, #1
 3190              	.LVL209:
1191:Drivers/STM32F4xx_HAL_Driver/Src/stm32f4xx_hal_tim_ex.c ****   }
 3191              		.loc 1 1191 12 view .LVU926
 3192 011a FCE7     		b	.L236
 3193              	.LVL210:
 3194              	.L248:
1191:Drivers/STM32F4xx_HAL_Driver/Src/stm32f4xx_hal_tim_ex.c ****   }
 3195              		.loc 1 1191 12 view .LVU927
 3196 011c 0020     		movs	r0, #0
 3197 011e FAE7     		b	.L236
 3198              	.L255:
 3199              		.align	2
 3200              	.L254:
 3201 0120 00000140 		.word	1073807360
 3202              		.cfi_endproc
 3203              	.LFE152:
 3205              		.section	.text.HAL_TIMEx_PWMN_Stop_IT,"ax",%progbits
 3206              		.align	1
 3207              		.global	HAL_TIMEx_PWMN_Stop_IT
 3208              		.syntax unified
 3209              		.thumb
 3210              		.thumb_func
 3212              	HAL_TIMEx_PWMN_Stop_IT:
 3213              	.LVL211:
 3214              	.LFB153:
1267:Drivers/STM32F4xx_HAL_Driver/Src/stm32f4xx_hal_tim_ex.c ****   HAL_StatusTypeDef status = HAL_OK;
 3215              		.loc 1 1267 1 is_stmt 1 view -0
 3216              		.cfi_startproc
 3217              		@ args = 0, pretend = 0, frame = 0
 3218              		@ frame_needed = 0, uses_anonymous_args = 0
1267:Drivers/STM32F4xx_HAL_Driver/Src/stm32f4xx_hal_tim_ex.c ****   HAL_StatusTypeDef status = HAL_OK;
 3219              		.loc 1 1267 1 is_stmt 0 view .LVU929
 3220 0000 38B5     		push	{r3, r4, r5, lr}
 3221              	.LCFI23:
 3222              		.cfi_def_cfa_offset 16
 3223              		.cfi_offset 3, -16
 3224              		.cfi_offset 4, -12
 3225              		.cfi_offset 5, -8
 3226              		.cfi_offset 14, -4
 3227 0002 0446     		mov	r4, r0
 3228 0004 0D46     		mov	r5, r1
ARM GAS  C:\Users\10369\AppData\Local\Temp\ccUaxGpI.s 			page 115


1268:Drivers/STM32F4xx_HAL_Driver/Src/stm32f4xx_hal_tim_ex.c ****   uint32_t tmpccer;
 3229              		.loc 1 1268 3 is_stmt 1 view .LVU930
 3230              	.LVL212:
1269:Drivers/STM32F4xx_HAL_Driver/Src/stm32f4xx_hal_tim_ex.c **** 
 3231              		.loc 1 1269 3 view .LVU931
1272:Drivers/STM32F4xx_HAL_Driver/Src/stm32f4xx_hal_tim_ex.c **** 
 3232              		.loc 1 1272 3 view .LVU932
1274:Drivers/STM32F4xx_HAL_Driver/Src/stm32f4xx_hal_tim_ex.c ****   {
 3233              		.loc 1 1274 3 view .LVU933
 3234 0006 0429     		cmp	r1, #4
 3235 0008 3BD0     		beq	.L257
 3236 000a 0829     		cmp	r1, #8
 3237 000c 3FD0     		beq	.L258
 3238 000e 0029     		cmp	r1, #0
 3239 0010 56D1     		bne	.L267
1279:Drivers/STM32F4xx_HAL_Driver/Src/stm32f4xx_hal_tim_ex.c ****       break;
 3240              		.loc 1 1279 7 view .LVU934
 3241 0012 0268     		ldr	r2, [r0]
 3242 0014 D368     		ldr	r3, [r2, #12]
 3243 0016 23F00203 		bic	r3, r3, #2
 3244 001a D360     		str	r3, [r2, #12]
1280:Drivers/STM32F4xx_HAL_Driver/Src/stm32f4xx_hal_tim_ex.c ****     }
 3245              		.loc 1 1280 7 view .LVU935
1302:Drivers/STM32F4xx_HAL_Driver/Src/stm32f4xx_hal_tim_ex.c ****   {
 3246              		.loc 1 1302 3 view .LVU936
 3247              	.L260:
1305:Drivers/STM32F4xx_HAL_Driver/Src/stm32f4xx_hal_tim_ex.c **** 
 3248              		.loc 1 1305 5 view .LVU937
 3249 001c 0022     		movs	r2, #0
 3250 001e 2946     		mov	r1, r5
 3251              	.LVL213:
1305:Drivers/STM32F4xx_HAL_Driver/Src/stm32f4xx_hal_tim_ex.c **** 
 3252              		.loc 1 1305 5 is_stmt 0 view .LVU938
 3253 0020 2068     		ldr	r0, [r4]
 3254              	.LVL214:
1305:Drivers/STM32F4xx_HAL_Driver/Src/stm32f4xx_hal_tim_ex.c **** 
 3255              		.loc 1 1305 5 view .LVU939
 3256 0022 FFF7FEFF 		bl	TIM_CCxNChannelCmd
 3257              	.LVL215:
1308:Drivers/STM32F4xx_HAL_Driver/Src/stm32f4xx_hal_tim_ex.c ****     if ((tmpccer & TIM_CCER_CCxNE_MASK) == (uint32_t)RESET)
 3258              		.loc 1 1308 5 is_stmt 1 view .LVU940
1308:Drivers/STM32F4xx_HAL_Driver/Src/stm32f4xx_hal_tim_ex.c ****     if ((tmpccer & TIM_CCER_CCxNE_MASK) == (uint32_t)RESET)
 3259              		.loc 1 1308 19 is_stmt 0 view .LVU941
 3260 0026 2368     		ldr	r3, [r4]
1308:Drivers/STM32F4xx_HAL_Driver/Src/stm32f4xx_hal_tim_ex.c ****     if ((tmpccer & TIM_CCER_CCxNE_MASK) == (uint32_t)RESET)
 3261              		.loc 1 1308 13 view .LVU942
 3262 0028 196A     		ldr	r1, [r3, #32]
 3263              	.LVL216:
1309:Drivers/STM32F4xx_HAL_Driver/Src/stm32f4xx_hal_tim_ex.c ****     {
 3264              		.loc 1 1309 5 is_stmt 1 view .LVU943
1309:Drivers/STM32F4xx_HAL_Driver/Src/stm32f4xx_hal_tim_ex.c ****     {
 3265              		.loc 1 1309 8 is_stmt 0 view .LVU944
 3266 002a 40F24442 		movw	r2, #1092
 3267 002e 1142     		tst	r1, r2
 3268 0030 03D1     		bne	.L261
1311:Drivers/STM32F4xx_HAL_Driver/Src/stm32f4xx_hal_tim_ex.c ****     }
 3269              		.loc 1 1311 7 is_stmt 1 view .LVU945
ARM GAS  C:\Users\10369\AppData\Local\Temp\ccUaxGpI.s 			page 116


 3270 0032 DA68     		ldr	r2, [r3, #12]
 3271 0034 22F08002 		bic	r2, r2, #128
 3272 0038 DA60     		str	r2, [r3, #12]
 3273              	.L261:
1315:Drivers/STM32F4xx_HAL_Driver/Src/stm32f4xx_hal_tim_ex.c **** 
 3274              		.loc 1 1315 5 view .LVU946
1315:Drivers/STM32F4xx_HAL_Driver/Src/stm32f4xx_hal_tim_ex.c **** 
 3275              		.loc 1 1315 5 view .LVU947
 3276 003a 2368     		ldr	r3, [r4]
 3277 003c 196A     		ldr	r1, [r3, #32]
 3278              	.LVL217:
1315:Drivers/STM32F4xx_HAL_Driver/Src/stm32f4xx_hal_tim_ex.c **** 
 3279              		.loc 1 1315 5 is_stmt 0 view .LVU948
 3280 003e 41F21112 		movw	r2, #4369
 3281 0042 1142     		tst	r1, r2
 3282 0044 08D1     		bne	.L262
1315:Drivers/STM32F4xx_HAL_Driver/Src/stm32f4xx_hal_tim_ex.c **** 
 3283              		.loc 1 1315 5 is_stmt 1 discriminator 1 view .LVU949
 3284 0046 196A     		ldr	r1, [r3, #32]
 3285 0048 40F24442 		movw	r2, #1092
 3286 004c 1142     		tst	r1, r2
 3287 004e 03D1     		bne	.L262
1315:Drivers/STM32F4xx_HAL_Driver/Src/stm32f4xx_hal_tim_ex.c **** 
 3288              		.loc 1 1315 5 discriminator 3 view .LVU950
 3289 0050 5A6C     		ldr	r2, [r3, #68]
 3290 0052 22F40042 		bic	r2, r2, #32768
 3291 0056 5A64     		str	r2, [r3, #68]
 3292              	.L262:
1315:Drivers/STM32F4xx_HAL_Driver/Src/stm32f4xx_hal_tim_ex.c **** 
 3293              		.loc 1 1315 5 discriminator 5 view .LVU951
1318:Drivers/STM32F4xx_HAL_Driver/Src/stm32f4xx_hal_tim_ex.c **** 
 3294              		.loc 1 1318 5 view .LVU952
1318:Drivers/STM32F4xx_HAL_Driver/Src/stm32f4xx_hal_tim_ex.c **** 
 3295              		.loc 1 1318 5 view .LVU953
 3296 0058 2368     		ldr	r3, [r4]
 3297 005a 196A     		ldr	r1, [r3, #32]
 3298 005c 41F21112 		movw	r2, #4369
 3299 0060 1142     		tst	r1, r2
 3300 0062 08D1     		bne	.L263
1318:Drivers/STM32F4xx_HAL_Driver/Src/stm32f4xx_hal_tim_ex.c **** 
 3301              		.loc 1 1318 5 discriminator 1 view .LVU954
 3302 0064 196A     		ldr	r1, [r3, #32]
 3303 0066 40F24442 		movw	r2, #1092
 3304 006a 1142     		tst	r1, r2
 3305 006c 03D1     		bne	.L263
1318:Drivers/STM32F4xx_HAL_Driver/Src/stm32f4xx_hal_tim_ex.c **** 
 3306              		.loc 1 1318 5 discriminator 3 view .LVU955
 3307 006e 1A68     		ldr	r2, [r3]
 3308 0070 22F00102 		bic	r2, r2, #1
 3309 0074 1A60     		str	r2, [r3]
 3310              	.L263:
1318:Drivers/STM32F4xx_HAL_Driver/Src/stm32f4xx_hal_tim_ex.c **** 
 3311              		.loc 1 1318 5 discriminator 5 view .LVU956
1321:Drivers/STM32F4xx_HAL_Driver/Src/stm32f4xx_hal_tim_ex.c ****   }
 3312              		.loc 1 1321 5 view .LVU957
 3313 0076 85B9     		cbnz	r5, .L264
1321:Drivers/STM32F4xx_HAL_Driver/Src/stm32f4xx_hal_tim_ex.c ****   }
ARM GAS  C:\Users\10369\AppData\Local\Temp\ccUaxGpI.s 			page 117


 3314              		.loc 1 1321 5 is_stmt 0 discriminator 1 view .LVU958
 3315 0078 0123     		movs	r3, #1
 3316 007a 84F84230 		strb	r3, [r4, #66]
 3317 007e 0020     		movs	r0, #0
 3318              	.LVL218:
 3319              	.L259:
1325:Drivers/STM32F4xx_HAL_Driver/Src/stm32f4xx_hal_tim_ex.c **** }
 3320              		.loc 1 1325 3 is_stmt 1 view .LVU959
1326:Drivers/STM32F4xx_HAL_Driver/Src/stm32f4xx_hal_tim_ex.c **** 
 3321              		.loc 1 1326 1 is_stmt 0 view .LVU960
 3322 0080 38BD     		pop	{r3, r4, r5, pc}
 3323              	.LVL219:
 3324              	.L257:
1286:Drivers/STM32F4xx_HAL_Driver/Src/stm32f4xx_hal_tim_ex.c ****       break;
 3325              		.loc 1 1286 7 is_stmt 1 view .LVU961
 3326 0082 0268     		ldr	r2, [r0]
 3327 0084 D368     		ldr	r3, [r2, #12]
 3328 0086 23F00403 		bic	r3, r3, #4
 3329 008a D360     		str	r3, [r2, #12]
1287:Drivers/STM32F4xx_HAL_Driver/Src/stm32f4xx_hal_tim_ex.c ****     }
 3330              		.loc 1 1287 7 view .LVU962
1302:Drivers/STM32F4xx_HAL_Driver/Src/stm32f4xx_hal_tim_ex.c ****   {
 3331              		.loc 1 1302 3 view .LVU963
 3332 008c C6E7     		b	.L260
 3333              	.L258:
1293:Drivers/STM32F4xx_HAL_Driver/Src/stm32f4xx_hal_tim_ex.c ****       break;
 3334              		.loc 1 1293 7 view .LVU964
 3335 008e 0268     		ldr	r2, [r0]
 3336 0090 D368     		ldr	r3, [r2, #12]
 3337 0092 23F00803 		bic	r3, r3, #8
 3338 0096 D360     		str	r3, [r2, #12]
1294:Drivers/STM32F4xx_HAL_Driver/Src/stm32f4xx_hal_tim_ex.c ****     }
 3339              		.loc 1 1294 7 view .LVU965
1302:Drivers/STM32F4xx_HAL_Driver/Src/stm32f4xx_hal_tim_ex.c ****   {
 3340              		.loc 1 1302 3 view .LVU966
 3341 0098 C0E7     		b	.L260
 3342              	.LVL220:
 3343              	.L264:
1321:Drivers/STM32F4xx_HAL_Driver/Src/stm32f4xx_hal_tim_ex.c ****   }
 3344              		.loc 1 1321 5 is_stmt 0 discriminator 2 view .LVU967
 3345 009a 042D     		cmp	r5, #4
 3346 009c 06D0     		beq	.L269
1321:Drivers/STM32F4xx_HAL_Driver/Src/stm32f4xx_hal_tim_ex.c ****   }
 3347              		.loc 1 1321 5 discriminator 4 view .LVU968
 3348 009e 082D     		cmp	r5, #8
 3349 00a0 09D0     		beq	.L270
1321:Drivers/STM32F4xx_HAL_Driver/Src/stm32f4xx_hal_tim_ex.c ****   }
 3350              		.loc 1 1321 5 discriminator 7 view .LVU969
 3351 00a2 0123     		movs	r3, #1
 3352 00a4 84F84530 		strb	r3, [r4, #69]
 3353 00a8 0020     		movs	r0, #0
 3354 00aa E9E7     		b	.L259
 3355              	.L269:
1321:Drivers/STM32F4xx_HAL_Driver/Src/stm32f4xx_hal_tim_ex.c ****   }
 3356              		.loc 1 1321 5 discriminator 3 view .LVU970
 3357 00ac 0123     		movs	r3, #1
 3358 00ae 84F84330 		strb	r3, [r4, #67]
ARM GAS  C:\Users\10369\AppData\Local\Temp\ccUaxGpI.s 			page 118


 3359 00b2 0020     		movs	r0, #0
 3360 00b4 E4E7     		b	.L259
 3361              	.L270:
1321:Drivers/STM32F4xx_HAL_Driver/Src/stm32f4xx_hal_tim_ex.c ****   }
 3362              		.loc 1 1321 5 discriminator 6 view .LVU971
 3363 00b6 0123     		movs	r3, #1
 3364 00b8 84F84430 		strb	r3, [r4, #68]
 3365 00bc 0020     		movs	r0, #0
 3366 00be DFE7     		b	.L259
 3367              	.LVL221:
 3368              	.L267:
1274:Drivers/STM32F4xx_HAL_Driver/Src/stm32f4xx_hal_tim_ex.c ****   {
 3369              		.loc 1 1274 3 view .LVU972
 3370 00c0 0120     		movs	r0, #1
 3371              	.LVL222:
1274:Drivers/STM32F4xx_HAL_Driver/Src/stm32f4xx_hal_tim_ex.c ****   {
 3372              		.loc 1 1274 3 view .LVU973
 3373 00c2 DDE7     		b	.L259
 3374              		.cfi_endproc
 3375              	.LFE153:
 3377              		.section	.text.HAL_TIMEx_PWMN_Start_DMA,"ax",%progbits
 3378              		.align	1
 3379              		.global	HAL_TIMEx_PWMN_Start_DMA
 3380              		.syntax unified
 3381              		.thumb
 3382              		.thumb_func
 3384              	HAL_TIMEx_PWMN_Start_DMA:
 3385              	.LVL223:
 3386              	.LFB154:
1343:Drivers/STM32F4xx_HAL_Driver/Src/stm32f4xx_hal_tim_ex.c ****   HAL_StatusTypeDef status = HAL_OK;
 3387              		.loc 1 1343 1 is_stmt 1 view -0
 3388              		.cfi_startproc
 3389              		@ args = 0, pretend = 0, frame = 0
 3390              		@ frame_needed = 0, uses_anonymous_args = 0
1343:Drivers/STM32F4xx_HAL_Driver/Src/stm32f4xx_hal_tim_ex.c ****   HAL_StatusTypeDef status = HAL_OK;
 3391              		.loc 1 1343 1 is_stmt 0 view .LVU975
 3392 0000 70B5     		push	{r4, r5, r6, lr}
 3393              	.LCFI24:
 3394              		.cfi_def_cfa_offset 16
 3395              		.cfi_offset 4, -16
 3396              		.cfi_offset 5, -12
 3397              		.cfi_offset 6, -8
 3398              		.cfi_offset 14, -4
 3399 0002 0446     		mov	r4, r0
 3400 0004 1646     		mov	r6, r2
1344:Drivers/STM32F4xx_HAL_Driver/Src/stm32f4xx_hal_tim_ex.c ****   uint32_t tmpsmcr;
 3401              		.loc 1 1344 3 is_stmt 1 view .LVU976
 3402              	.LVL224:
1345:Drivers/STM32F4xx_HAL_Driver/Src/stm32f4xx_hal_tim_ex.c **** 
 3403              		.loc 1 1345 3 view .LVU977
1348:Drivers/STM32F4xx_HAL_Driver/Src/stm32f4xx_hal_tim_ex.c **** 
 3404              		.loc 1 1348 3 view .LVU978
1351:Drivers/STM32F4xx_HAL_Driver/Src/stm32f4xx_hal_tim_ex.c ****   {
 3405              		.loc 1 1351 3 view .LVU979
1351:Drivers/STM32F4xx_HAL_Driver/Src/stm32f4xx_hal_tim_ex.c ****   {
 3406              		.loc 1 1351 46 is_stmt 0 view .LVU980
 3407 0006 0D46     		mov	r5, r1
ARM GAS  C:\Users\10369\AppData\Local\Temp\ccUaxGpI.s 			page 119


 3408 0008 0029     		cmp	r1, #0
 3409 000a 6BD1     		bne	.L272
1351:Drivers/STM32F4xx_HAL_Driver/Src/stm32f4xx_hal_tim_ex.c ****   {
 3410              		.loc 1 1351 7 discriminator 1 view .LVU981
 3411 000c 90F84200 		ldrb	r0, [r0, #66]	@ zero_extendqisi2
 3412              	.LVL225:
1351:Drivers/STM32F4xx_HAL_Driver/Src/stm32f4xx_hal_tim_ex.c ****   {
 3413              		.loc 1 1351 46 discriminator 1 view .LVU982
 3414 0010 0228     		cmp	r0, #2
 3415 0012 14BF     		ite	ne
 3416 0014 0020     		movne	r0, #0
 3417 0016 0120     		moveq	r0, #1
 3418              	.L273:
1351:Drivers/STM32F4xx_HAL_Driver/Src/stm32f4xx_hal_tim_ex.c ****   {
 3419              		.loc 1 1351 6 discriminator 12 view .LVU983
 3420 0018 0028     		cmp	r0, #0
 3421 001a 40F0E380 		bne	.L290
1355:Drivers/STM32F4xx_HAL_Driver/Src/stm32f4xx_hal_tim_ex.c ****   {
 3422              		.loc 1 1355 8 is_stmt 1 view .LVU984
1355:Drivers/STM32F4xx_HAL_Driver/Src/stm32f4xx_hal_tim_ex.c ****   {
 3423              		.loc 1 1355 51 is_stmt 0 view .LVU985
 3424 001e 002D     		cmp	r5, #0
 3425 0020 79D1     		bne	.L277
1355:Drivers/STM32F4xx_HAL_Driver/Src/stm32f4xx_hal_tim_ex.c ****   {
 3426              		.loc 1 1355 12 discriminator 1 view .LVU986
 3427 0022 94F84220 		ldrb	r2, [r4, #66]	@ zero_extendqisi2
 3428              	.LVL226:
1355:Drivers/STM32F4xx_HAL_Driver/Src/stm32f4xx_hal_tim_ex.c ****   {
 3429              		.loc 1 1355 51 discriminator 1 view .LVU987
 3430 0026 012A     		cmp	r2, #1
 3431 0028 14BF     		ite	ne
 3432 002a 0022     		movne	r2, #0
 3433 002c 0122     		moveq	r2, #1
 3434              	.L278:
1355:Drivers/STM32F4xx_HAL_Driver/Src/stm32f4xx_hal_tim_ex.c ****   {
 3435              		.loc 1 1355 11 discriminator 12 view .LVU988
 3436 002e 002A     		cmp	r2, #0
 3437 0030 00F0DA80 		beq	.L291
1357:Drivers/STM32F4xx_HAL_Driver/Src/stm32f4xx_hal_tim_ex.c ****     {
 3438              		.loc 1 1357 5 is_stmt 1 view .LVU989
1357:Drivers/STM32F4xx_HAL_Driver/Src/stm32f4xx_hal_tim_ex.c ****     {
 3439              		.loc 1 1357 8 is_stmt 0 view .LVU990
 3440 0034 002E     		cmp	r6, #0
 3441 0036 00F0D980 		beq	.L292
1357:Drivers/STM32F4xx_HAL_Driver/Src/stm32f4xx_hal_tim_ex.c ****     {
 3442              		.loc 1 1357 25 discriminator 1 view .LVU991
 3443 003a 002B     		cmp	r3, #0
 3444 003c 00F0D880 		beq	.L293
1363:Drivers/STM32F4xx_HAL_Driver/Src/stm32f4xx_hal_tim_ex.c ****     }
 3445              		.loc 1 1363 7 is_stmt 1 view .LVU992
 3446 0040 002D     		cmp	r5, #0
 3447 0042 40F08180 		bne	.L281
1363:Drivers/STM32F4xx_HAL_Driver/Src/stm32f4xx_hal_tim_ex.c ****     }
 3448              		.loc 1 1363 7 is_stmt 0 discriminator 1 view .LVU993
 3449 0046 0222     		movs	r2, #2
 3450 0048 84F84220 		strb	r2, [r4, #66]
1371:Drivers/STM32F4xx_HAL_Driver/Src/stm32f4xx_hal_tim_ex.c ****   {
ARM GAS  C:\Users\10369\AppData\Local\Temp\ccUaxGpI.s 			page 120


 3451              		.loc 1 1371 3 is_stmt 1 view .LVU994
 3452              	.L282:
1376:Drivers/STM32F4xx_HAL_Driver/Src/stm32f4xx_hal_tim_ex.c ****       htim->hdma[TIM_DMA_ID_CC1]->XferHalfCpltCallback = TIM_DMADelayPulseHalfCplt;
 3453              		.loc 1 1376 7 view .LVU995
1376:Drivers/STM32F4xx_HAL_Driver/Src/stm32f4xx_hal_tim_ex.c ****       htim->hdma[TIM_DMA_ID_CC1]->XferHalfCpltCallback = TIM_DMADelayPulseHalfCplt;
 3454              		.loc 1 1376 17 is_stmt 0 view .LVU996
 3455 004c 626A     		ldr	r2, [r4, #36]
1376:Drivers/STM32F4xx_HAL_Driver/Src/stm32f4xx_hal_tim_ex.c ****       htim->hdma[TIM_DMA_ID_CC1]->XferHalfCpltCallback = TIM_DMADelayPulseHalfCplt;
 3456              		.loc 1 1376 52 view .LVU997
 3457 004e 6D49     		ldr	r1, .L306
 3458              	.LVL227:
1376:Drivers/STM32F4xx_HAL_Driver/Src/stm32f4xx_hal_tim_ex.c ****       htim->hdma[TIM_DMA_ID_CC1]->XferHalfCpltCallback = TIM_DMADelayPulseHalfCplt;
 3459              		.loc 1 1376 52 view .LVU998
 3460 0050 D163     		str	r1, [r2, #60]
1377:Drivers/STM32F4xx_HAL_Driver/Src/stm32f4xx_hal_tim_ex.c **** 
 3461              		.loc 1 1377 7 is_stmt 1 view .LVU999
1377:Drivers/STM32F4xx_HAL_Driver/Src/stm32f4xx_hal_tim_ex.c **** 
 3462              		.loc 1 1377 17 is_stmt 0 view .LVU1000
 3463 0052 626A     		ldr	r2, [r4, #36]
1377:Drivers/STM32F4xx_HAL_Driver/Src/stm32f4xx_hal_tim_ex.c **** 
 3464              		.loc 1 1377 56 view .LVU1001
 3465 0054 6C49     		ldr	r1, .L306+4
 3466 0056 1164     		str	r1, [r2, #64]
1380:Drivers/STM32F4xx_HAL_Driver/Src/stm32f4xx_hal_tim_ex.c **** 
 3467              		.loc 1 1380 7 is_stmt 1 view .LVU1002
1380:Drivers/STM32F4xx_HAL_Driver/Src/stm32f4xx_hal_tim_ex.c **** 
 3468              		.loc 1 1380 17 is_stmt 0 view .LVU1003
 3469 0058 626A     		ldr	r2, [r4, #36]
1380:Drivers/STM32F4xx_HAL_Driver/Src/stm32f4xx_hal_tim_ex.c **** 
 3470              		.loc 1 1380 53 view .LVU1004
 3471 005a 6C49     		ldr	r1, .L306+8
 3472 005c D164     		str	r1, [r2, #76]
1383:Drivers/STM32F4xx_HAL_Driver/Src/stm32f4xx_hal_tim_ex.c ****                            Length) != HAL_OK)
 3473              		.loc 1 1383 7 is_stmt 1 view .LVU1005
1383:Drivers/STM32F4xx_HAL_Driver/Src/stm32f4xx_hal_tim_ex.c ****                            Length) != HAL_OK)
 3474              		.loc 1 1383 88 is_stmt 0 view .LVU1006
 3475 005e 2268     		ldr	r2, [r4]
1383:Drivers/STM32F4xx_HAL_Driver/Src/stm32f4xx_hal_tim_ex.c ****                            Length) != HAL_OK)
 3476              		.loc 1 1383 11 view .LVU1007
 3477 0060 3432     		adds	r2, r2, #52
 3478 0062 3146     		mov	r1, r6
 3479 0064 606A     		ldr	r0, [r4, #36]
 3480 0066 FFF7FEFF 		bl	HAL_DMA_Start_IT
 3481              	.LVL228:
1383:Drivers/STM32F4xx_HAL_Driver/Src/stm32f4xx_hal_tim_ex.c ****                            Length) != HAL_OK)
 3482              		.loc 1 1383 10 discriminator 1 view .LVU1008
 3483 006a 0028     		cmp	r0, #0
 3484 006c 40F0C280 		bne	.L295
1390:Drivers/STM32F4xx_HAL_Driver/Src/stm32f4xx_hal_tim_ex.c ****       break;
 3485              		.loc 1 1390 7 is_stmt 1 view .LVU1009
 3486 0070 2268     		ldr	r2, [r4]
 3487 0072 D368     		ldr	r3, [r2, #12]
 3488 0074 43F40073 		orr	r3, r3, #512
 3489 0078 D360     		str	r3, [r2, #12]
1391:Drivers/STM32F4xx_HAL_Driver/Src/stm32f4xx_hal_tim_ex.c ****     }
 3490              		.loc 1 1391 7 view .LVU1010
1441:Drivers/STM32F4xx_HAL_Driver/Src/stm32f4xx_hal_tim_ex.c ****   {
ARM GAS  C:\Users\10369\AppData\Local\Temp\ccUaxGpI.s 			page 121


 3491              		.loc 1 1441 3 view .LVU1011
 3492              	.L287:
1444:Drivers/STM32F4xx_HAL_Driver/Src/stm32f4xx_hal_tim_ex.c **** 
 3493              		.loc 1 1444 5 view .LVU1012
 3494 007a 0422     		movs	r2, #4
 3495 007c 2946     		mov	r1, r5
 3496 007e 2068     		ldr	r0, [r4]
 3497 0080 FFF7FEFF 		bl	TIM_CCxNChannelCmd
 3498              	.LVL229:
1447:Drivers/STM32F4xx_HAL_Driver/Src/stm32f4xx_hal_tim_ex.c **** 
 3499              		.loc 1 1447 5 view .LVU1013
 3500 0084 2268     		ldr	r2, [r4]
 3501 0086 536C     		ldr	r3, [r2, #68]
 3502 0088 43F40043 		orr	r3, r3, #32768
 3503 008c 5364     		str	r3, [r2, #68]
1450:Drivers/STM32F4xx_HAL_Driver/Src/stm32f4xx_hal_tim_ex.c ****     {
 3504              		.loc 1 1450 5 view .LVU1014
1450:Drivers/STM32F4xx_HAL_Driver/Src/stm32f4xx_hal_tim_ex.c ****     {
 3505              		.loc 1 1450 9 is_stmt 0 view .LVU1015
 3506 008e 2368     		ldr	r3, [r4]
1450:Drivers/STM32F4xx_HAL_Driver/Src/stm32f4xx_hal_tim_ex.c ****     {
 3507              		.loc 1 1450 8 view .LVU1016
 3508 0090 5F4A     		ldr	r2, .L306+12
 3509 0092 9342     		cmp	r3, r2
 3510 0094 00F09B80 		beq	.L288
1450:Drivers/STM32F4xx_HAL_Driver/Src/stm32f4xx_hal_tim_ex.c ****     {
 3511              		.loc 1 1450 9 discriminator 1 view .LVU1017
 3512 0098 B3F1804F 		cmp	r3, #1073741824
 3513 009c 00F09780 		beq	.L288
1450:Drivers/STM32F4xx_HAL_Driver/Src/stm32f4xx_hal_tim_ex.c ****     {
 3514              		.loc 1 1450 9 discriminator 2 view .LVU1018
 3515 00a0 A2F57C42 		sub	r2, r2, #64512
 3516 00a4 9342     		cmp	r3, r2
 3517 00a6 00F09280 		beq	.L288
1450:Drivers/STM32F4xx_HAL_Driver/Src/stm32f4xx_hal_tim_ex.c ****     {
 3518              		.loc 1 1450 9 discriminator 3 view .LVU1019
 3519 00aa 02F58062 		add	r2, r2, #1024
 3520 00ae 9342     		cmp	r3, r2
 3521 00b0 00F08D80 		beq	.L288
1450:Drivers/STM32F4xx_HAL_Driver/Src/stm32f4xx_hal_tim_ex.c ****     {
 3522              		.loc 1 1450 9 discriminator 4 view .LVU1020
 3523 00b4 02F58062 		add	r2, r2, #1024
 3524 00b8 9342     		cmp	r3, r2
 3525 00ba 00F08880 		beq	.L288
1450:Drivers/STM32F4xx_HAL_Driver/Src/stm32f4xx_hal_tim_ex.c ****     {
 3526              		.loc 1 1450 9 discriminator 5 view .LVU1021
 3527 00be 02F57842 		add	r2, r2, #63488
 3528 00c2 9342     		cmp	r3, r2
 3529 00c4 00F08380 		beq	.L288
1450:Drivers/STM32F4xx_HAL_Driver/Src/stm32f4xx_hal_tim_ex.c ****     {
 3530              		.loc 1 1450 9 discriminator 6 view .LVU1022
 3531 00c8 02F57052 		add	r2, r2, #15360
 3532 00cc 9342     		cmp	r3, r2
 3533 00ce 7ED0     		beq	.L288
1450:Drivers/STM32F4xx_HAL_Driver/Src/stm32f4xx_hal_tim_ex.c ****     {
 3534              		.loc 1 1450 9 discriminator 7 view .LVU1023
 3535 00d0 A2F59432 		sub	r2, r2, #75776
ARM GAS  C:\Users\10369\AppData\Local\Temp\ccUaxGpI.s 			page 122


 3536 00d4 9342     		cmp	r3, r2
 3537 00d6 7AD0     		beq	.L288
1460:Drivers/STM32F4xx_HAL_Driver/Src/stm32f4xx_hal_tim_ex.c ****     }
 3538              		.loc 1 1460 7 is_stmt 1 view .LVU1024
 3539 00d8 1A68     		ldr	r2, [r3]
 3540 00da 42F00102 		orr	r2, r2, #1
 3541 00de 1A60     		str	r2, [r3]
 3542 00e0 0020     		movs	r0, #0
 3543 00e2 82E0     		b	.L276
 3544              	.LVL230:
 3545              	.L272:
1351:Drivers/STM32F4xx_HAL_Driver/Src/stm32f4xx_hal_tim_ex.c ****   {
 3546              		.loc 1 1351 46 is_stmt 0 discriminator 2 view .LVU1025
 3547 00e4 0429     		cmp	r1, #4
 3548 00e6 08D0     		beq	.L300
1351:Drivers/STM32F4xx_HAL_Driver/Src/stm32f4xx_hal_tim_ex.c ****   {
 3549              		.loc 1 1351 46 discriminator 5 view .LVU1026
 3550 00e8 0829     		cmp	r1, #8
 3551 00ea 0DD0     		beq	.L301
1351:Drivers/STM32F4xx_HAL_Driver/Src/stm32f4xx_hal_tim_ex.c ****   {
 3552              		.loc 1 1351 7 discriminator 8 view .LVU1027
 3553 00ec 90F84500 		ldrb	r0, [r0, #69]	@ zero_extendqisi2
 3554              	.LVL231:
1351:Drivers/STM32F4xx_HAL_Driver/Src/stm32f4xx_hal_tim_ex.c ****   {
 3555              		.loc 1 1351 46 discriminator 8 view .LVU1028
 3556 00f0 0228     		cmp	r0, #2
 3557 00f2 14BF     		ite	ne
 3558 00f4 0020     		movne	r0, #0
 3559 00f6 0120     		moveq	r0, #1
 3560 00f8 8EE7     		b	.L273
 3561              	.LVL232:
 3562              	.L300:
1351:Drivers/STM32F4xx_HAL_Driver/Src/stm32f4xx_hal_tim_ex.c ****   {
 3563              		.loc 1 1351 7 discriminator 4 view .LVU1029
 3564 00fa 90F84300 		ldrb	r0, [r0, #67]	@ zero_extendqisi2
 3565              	.LVL233:
1351:Drivers/STM32F4xx_HAL_Driver/Src/stm32f4xx_hal_tim_ex.c ****   {
 3566              		.loc 1 1351 46 discriminator 4 view .LVU1030
 3567 00fe 0228     		cmp	r0, #2
 3568 0100 14BF     		ite	ne
 3569 0102 0020     		movne	r0, #0
 3570 0104 0120     		moveq	r0, #1
 3571 0106 87E7     		b	.L273
 3572              	.LVL234:
 3573              	.L301:
1351:Drivers/STM32F4xx_HAL_Driver/Src/stm32f4xx_hal_tim_ex.c ****   {
 3574              		.loc 1 1351 7 discriminator 7 view .LVU1031
 3575 0108 90F84400 		ldrb	r0, [r0, #68]	@ zero_extendqisi2
 3576              	.LVL235:
1351:Drivers/STM32F4xx_HAL_Driver/Src/stm32f4xx_hal_tim_ex.c ****   {
 3577              		.loc 1 1351 46 discriminator 7 view .LVU1032
 3578 010c 0228     		cmp	r0, #2
 3579 010e 14BF     		ite	ne
 3580 0110 0020     		movne	r0, #0
 3581 0112 0120     		moveq	r0, #1
 3582 0114 80E7     		b	.L273
 3583              	.L277:
ARM GAS  C:\Users\10369\AppData\Local\Temp\ccUaxGpI.s 			page 123


1355:Drivers/STM32F4xx_HAL_Driver/Src/stm32f4xx_hal_tim_ex.c ****   {
 3584              		.loc 1 1355 51 discriminator 2 view .LVU1033
 3585 0116 042D     		cmp	r5, #4
 3586 0118 08D0     		beq	.L302
1355:Drivers/STM32F4xx_HAL_Driver/Src/stm32f4xx_hal_tim_ex.c ****   {
 3587              		.loc 1 1355 51 discriminator 5 view .LVU1034
 3588 011a 082D     		cmp	r5, #8
 3589 011c 0DD0     		beq	.L303
1355:Drivers/STM32F4xx_HAL_Driver/Src/stm32f4xx_hal_tim_ex.c ****   {
 3590              		.loc 1 1355 12 discriminator 8 view .LVU1035
 3591 011e 94F84520 		ldrb	r2, [r4, #69]	@ zero_extendqisi2
 3592              	.LVL236:
1355:Drivers/STM32F4xx_HAL_Driver/Src/stm32f4xx_hal_tim_ex.c ****   {
 3593              		.loc 1 1355 51 discriminator 8 view .LVU1036
 3594 0122 012A     		cmp	r2, #1
 3595 0124 14BF     		ite	ne
 3596 0126 0022     		movne	r2, #0
 3597 0128 0122     		moveq	r2, #1
 3598 012a 80E7     		b	.L278
 3599              	.LVL237:
 3600              	.L302:
1355:Drivers/STM32F4xx_HAL_Driver/Src/stm32f4xx_hal_tim_ex.c ****   {
 3601              		.loc 1 1355 12 discriminator 4 view .LVU1037
 3602 012c 94F84320 		ldrb	r2, [r4, #67]	@ zero_extendqisi2
 3603              	.LVL238:
1355:Drivers/STM32F4xx_HAL_Driver/Src/stm32f4xx_hal_tim_ex.c ****   {
 3604              		.loc 1 1355 51 discriminator 4 view .LVU1038
 3605 0130 012A     		cmp	r2, #1
 3606 0132 14BF     		ite	ne
 3607 0134 0022     		movne	r2, #0
 3608 0136 0122     		moveq	r2, #1
 3609 0138 79E7     		b	.L278
 3610              	.LVL239:
 3611              	.L303:
1355:Drivers/STM32F4xx_HAL_Driver/Src/stm32f4xx_hal_tim_ex.c ****   {
 3612              		.loc 1 1355 12 discriminator 7 view .LVU1039
 3613 013a 94F84420 		ldrb	r2, [r4, #68]	@ zero_extendqisi2
 3614              	.LVL240:
1355:Drivers/STM32F4xx_HAL_Driver/Src/stm32f4xx_hal_tim_ex.c ****   {
 3615              		.loc 1 1355 51 discriminator 7 view .LVU1040
 3616 013e 012A     		cmp	r2, #1
 3617 0140 14BF     		ite	ne
 3618 0142 0022     		movne	r2, #0
 3619 0144 0122     		moveq	r2, #1
 3620 0146 72E7     		b	.L278
 3621              	.L281:
1363:Drivers/STM32F4xx_HAL_Driver/Src/stm32f4xx_hal_tim_ex.c ****     }
 3622              		.loc 1 1363 7 discriminator 2 view .LVU1041
 3623 0148 042D     		cmp	r5, #4
 3624 014a 0DD0     		beq	.L304
1363:Drivers/STM32F4xx_HAL_Driver/Src/stm32f4xx_hal_tim_ex.c ****     }
 3625              		.loc 1 1363 7 discriminator 4 view .LVU1042
 3626 014c 082D     		cmp	r5, #8
 3627 014e 25D0     		beq	.L305
1363:Drivers/STM32F4xx_HAL_Driver/Src/stm32f4xx_hal_tim_ex.c ****     }
 3628              		.loc 1 1363 7 discriminator 7 view .LVU1043
 3629 0150 0222     		movs	r2, #2
ARM GAS  C:\Users\10369\AppData\Local\Temp\ccUaxGpI.s 			page 124


 3630 0152 84F84520 		strb	r2, [r4, #69]
1371:Drivers/STM32F4xx_HAL_Driver/Src/stm32f4xx_hal_tim_ex.c ****   {
 3631              		.loc 1 1371 3 is_stmt 1 view .LVU1044
 3632 0156 042D     		cmp	r5, #4
 3633 0158 09D0     		beq	.L284
 3634 015a 082D     		cmp	r5, #8
 3635 015c 21D0     		beq	.L286
 3636 015e 002D     		cmp	r5, #0
 3637 0160 3FF474AF 		beq	.L282
 3638 0164 0120     		movs	r0, #1
 3639 0166 40E0     		b	.L276
 3640              	.L304:
1363:Drivers/STM32F4xx_HAL_Driver/Src/stm32f4xx_hal_tim_ex.c ****     }
 3641              		.loc 1 1363 7 is_stmt 0 discriminator 3 view .LVU1045
 3642 0168 0222     		movs	r2, #2
 3643 016a 84F84320 		strb	r2, [r4, #67]
1371:Drivers/STM32F4xx_HAL_Driver/Src/stm32f4xx_hal_tim_ex.c ****   {
 3644              		.loc 1 1371 3 is_stmt 1 view .LVU1046
 3645              	.L284:
1397:Drivers/STM32F4xx_HAL_Driver/Src/stm32f4xx_hal_tim_ex.c ****       htim->hdma[TIM_DMA_ID_CC2]->XferHalfCpltCallback = TIM_DMADelayPulseHalfCplt;
 3646              		.loc 1 1397 7 view .LVU1047
1397:Drivers/STM32F4xx_HAL_Driver/Src/stm32f4xx_hal_tim_ex.c ****       htim->hdma[TIM_DMA_ID_CC2]->XferHalfCpltCallback = TIM_DMADelayPulseHalfCplt;
 3647              		.loc 1 1397 17 is_stmt 0 view .LVU1048
 3648 016e A26A     		ldr	r2, [r4, #40]
1397:Drivers/STM32F4xx_HAL_Driver/Src/stm32f4xx_hal_tim_ex.c ****       htim->hdma[TIM_DMA_ID_CC2]->XferHalfCpltCallback = TIM_DMADelayPulseHalfCplt;
 3649              		.loc 1 1397 52 view .LVU1049
 3650 0170 2449     		ldr	r1, .L306
 3651              	.LVL241:
1397:Drivers/STM32F4xx_HAL_Driver/Src/stm32f4xx_hal_tim_ex.c ****       htim->hdma[TIM_DMA_ID_CC2]->XferHalfCpltCallback = TIM_DMADelayPulseHalfCplt;
 3652              		.loc 1 1397 52 view .LVU1050
 3653 0172 D163     		str	r1, [r2, #60]
1398:Drivers/STM32F4xx_HAL_Driver/Src/stm32f4xx_hal_tim_ex.c **** 
 3654              		.loc 1 1398 7 is_stmt 1 view .LVU1051
1398:Drivers/STM32F4xx_HAL_Driver/Src/stm32f4xx_hal_tim_ex.c **** 
 3655              		.loc 1 1398 17 is_stmt 0 view .LVU1052
 3656 0174 A26A     		ldr	r2, [r4, #40]
1398:Drivers/STM32F4xx_HAL_Driver/Src/stm32f4xx_hal_tim_ex.c **** 
 3657              		.loc 1 1398 56 view .LVU1053
 3658 0176 2449     		ldr	r1, .L306+4
 3659 0178 1164     		str	r1, [r2, #64]
1401:Drivers/STM32F4xx_HAL_Driver/Src/stm32f4xx_hal_tim_ex.c **** 
 3660              		.loc 1 1401 7 is_stmt 1 view .LVU1054
1401:Drivers/STM32F4xx_HAL_Driver/Src/stm32f4xx_hal_tim_ex.c **** 
 3661              		.loc 1 1401 17 is_stmt 0 view .LVU1055
 3662 017a A26A     		ldr	r2, [r4, #40]
1401:Drivers/STM32F4xx_HAL_Driver/Src/stm32f4xx_hal_tim_ex.c **** 
 3663              		.loc 1 1401 53 view .LVU1056
 3664 017c 2349     		ldr	r1, .L306+8
 3665 017e D164     		str	r1, [r2, #76]
1404:Drivers/STM32F4xx_HAL_Driver/Src/stm32f4xx_hal_tim_ex.c ****                            Length) != HAL_OK)
 3666              		.loc 1 1404 7 is_stmt 1 view .LVU1057
1404:Drivers/STM32F4xx_HAL_Driver/Src/stm32f4xx_hal_tim_ex.c ****                            Length) != HAL_OK)
 3667              		.loc 1 1404 88 is_stmt 0 view .LVU1058
 3668 0180 2268     		ldr	r2, [r4]
1404:Drivers/STM32F4xx_HAL_Driver/Src/stm32f4xx_hal_tim_ex.c ****                            Length) != HAL_OK)
 3669              		.loc 1 1404 11 view .LVU1059
 3670 0182 3832     		adds	r2, r2, #56
ARM GAS  C:\Users\10369\AppData\Local\Temp\ccUaxGpI.s 			page 125


 3671 0184 3146     		mov	r1, r6
 3672 0186 A06A     		ldr	r0, [r4, #40]
 3673 0188 FFF7FEFF 		bl	HAL_DMA_Start_IT
 3674              	.LVL242:
1404:Drivers/STM32F4xx_HAL_Driver/Src/stm32f4xx_hal_tim_ex.c ****                            Length) != HAL_OK)
 3675              		.loc 1 1404 10 discriminator 1 view .LVU1060
 3676 018c 0028     		cmp	r0, #0
 3677 018e 33D1     		bne	.L296
1411:Drivers/STM32F4xx_HAL_Driver/Src/stm32f4xx_hal_tim_ex.c ****       break;
 3678              		.loc 1 1411 7 is_stmt 1 view .LVU1061
 3679 0190 2268     		ldr	r2, [r4]
 3680 0192 D368     		ldr	r3, [r2, #12]
 3681 0194 43F48063 		orr	r3, r3, #1024
 3682 0198 D360     		str	r3, [r2, #12]
1412:Drivers/STM32F4xx_HAL_Driver/Src/stm32f4xx_hal_tim_ex.c ****     }
 3683              		.loc 1 1412 7 view .LVU1062
1441:Drivers/STM32F4xx_HAL_Driver/Src/stm32f4xx_hal_tim_ex.c ****   {
 3684              		.loc 1 1441 3 view .LVU1063
 3685 019a 6EE7     		b	.L287
 3686              	.LVL243:
 3687              	.L305:
1363:Drivers/STM32F4xx_HAL_Driver/Src/stm32f4xx_hal_tim_ex.c ****     }
 3688              		.loc 1 1363 7 is_stmt 0 discriminator 6 view .LVU1064
 3689 019c 0222     		movs	r2, #2
 3690 019e 84F84420 		strb	r2, [r4, #68]
1371:Drivers/STM32F4xx_HAL_Driver/Src/stm32f4xx_hal_tim_ex.c ****   {
 3691              		.loc 1 1371 3 is_stmt 1 view .LVU1065
 3692              	.L286:
1418:Drivers/STM32F4xx_HAL_Driver/Src/stm32f4xx_hal_tim_ex.c ****       htim->hdma[TIM_DMA_ID_CC3]->XferHalfCpltCallback = TIM_DMADelayPulseHalfCplt;
 3693              		.loc 1 1418 7 view .LVU1066
1418:Drivers/STM32F4xx_HAL_Driver/Src/stm32f4xx_hal_tim_ex.c ****       htim->hdma[TIM_DMA_ID_CC3]->XferHalfCpltCallback = TIM_DMADelayPulseHalfCplt;
 3694              		.loc 1 1418 17 is_stmt 0 view .LVU1067
 3695 01a2 E26A     		ldr	r2, [r4, #44]
1418:Drivers/STM32F4xx_HAL_Driver/Src/stm32f4xx_hal_tim_ex.c ****       htim->hdma[TIM_DMA_ID_CC3]->XferHalfCpltCallback = TIM_DMADelayPulseHalfCplt;
 3696              		.loc 1 1418 52 view .LVU1068
 3697 01a4 1749     		ldr	r1, .L306
 3698              	.LVL244:
1418:Drivers/STM32F4xx_HAL_Driver/Src/stm32f4xx_hal_tim_ex.c ****       htim->hdma[TIM_DMA_ID_CC3]->XferHalfCpltCallback = TIM_DMADelayPulseHalfCplt;
 3699              		.loc 1 1418 52 view .LVU1069
 3700 01a6 D163     		str	r1, [r2, #60]
1419:Drivers/STM32F4xx_HAL_Driver/Src/stm32f4xx_hal_tim_ex.c **** 
 3701              		.loc 1 1419 7 is_stmt 1 view .LVU1070
1419:Drivers/STM32F4xx_HAL_Driver/Src/stm32f4xx_hal_tim_ex.c **** 
 3702              		.loc 1 1419 17 is_stmt 0 view .LVU1071
 3703 01a8 E26A     		ldr	r2, [r4, #44]
1419:Drivers/STM32F4xx_HAL_Driver/Src/stm32f4xx_hal_tim_ex.c **** 
 3704              		.loc 1 1419 56 view .LVU1072
 3705 01aa 1749     		ldr	r1, .L306+4
 3706 01ac 1164     		str	r1, [r2, #64]
1422:Drivers/STM32F4xx_HAL_Driver/Src/stm32f4xx_hal_tim_ex.c **** 
 3707              		.loc 1 1422 7 is_stmt 1 view .LVU1073
1422:Drivers/STM32F4xx_HAL_Driver/Src/stm32f4xx_hal_tim_ex.c **** 
 3708              		.loc 1 1422 17 is_stmt 0 view .LVU1074
 3709 01ae E26A     		ldr	r2, [r4, #44]
1422:Drivers/STM32F4xx_HAL_Driver/Src/stm32f4xx_hal_tim_ex.c **** 
 3710              		.loc 1 1422 53 view .LVU1075
 3711 01b0 1649     		ldr	r1, .L306+8
ARM GAS  C:\Users\10369\AppData\Local\Temp\ccUaxGpI.s 			page 126


 3712 01b2 D164     		str	r1, [r2, #76]
1425:Drivers/STM32F4xx_HAL_Driver/Src/stm32f4xx_hal_tim_ex.c ****                            Length) != HAL_OK)
 3713              		.loc 1 1425 7 is_stmt 1 view .LVU1076
1425:Drivers/STM32F4xx_HAL_Driver/Src/stm32f4xx_hal_tim_ex.c ****                            Length) != HAL_OK)
 3714              		.loc 1 1425 88 is_stmt 0 view .LVU1077
 3715 01b4 2268     		ldr	r2, [r4]
1425:Drivers/STM32F4xx_HAL_Driver/Src/stm32f4xx_hal_tim_ex.c ****                            Length) != HAL_OK)
 3716              		.loc 1 1425 11 view .LVU1078
 3717 01b6 3C32     		adds	r2, r2, #60
 3718 01b8 3146     		mov	r1, r6
 3719 01ba E06A     		ldr	r0, [r4, #44]
 3720 01bc FFF7FEFF 		bl	HAL_DMA_Start_IT
 3721              	.LVL245:
1425:Drivers/STM32F4xx_HAL_Driver/Src/stm32f4xx_hal_tim_ex.c ****                            Length) != HAL_OK)
 3722              		.loc 1 1425 10 discriminator 1 view .LVU1079
 3723 01c0 E0B9     		cbnz	r0, .L297
1432:Drivers/STM32F4xx_HAL_Driver/Src/stm32f4xx_hal_tim_ex.c ****       break;
 3724              		.loc 1 1432 7 is_stmt 1 view .LVU1080
 3725 01c2 2268     		ldr	r2, [r4]
 3726 01c4 D368     		ldr	r3, [r2, #12]
 3727 01c6 43F40063 		orr	r3, r3, #2048
 3728 01ca D360     		str	r3, [r2, #12]
1433:Drivers/STM32F4xx_HAL_Driver/Src/stm32f4xx_hal_tim_ex.c ****     }
 3729              		.loc 1 1433 7 view .LVU1081
1441:Drivers/STM32F4xx_HAL_Driver/Src/stm32f4xx_hal_tim_ex.c ****   {
 3730              		.loc 1 1441 3 view .LVU1082
 3731 01cc 55E7     		b	.L287
 3732              	.L288:
1452:Drivers/STM32F4xx_HAL_Driver/Src/stm32f4xx_hal_tim_ex.c ****       if (!IS_TIM_SLAVEMODE_TRIGGER_ENABLED(tmpsmcr))
 3733              		.loc 1 1452 7 view .LVU1083
1452:Drivers/STM32F4xx_HAL_Driver/Src/stm32f4xx_hal_tim_ex.c ****       if (!IS_TIM_SLAVEMODE_TRIGGER_ENABLED(tmpsmcr))
 3734              		.loc 1 1452 31 is_stmt 0 view .LVU1084
 3735 01ce 9A68     		ldr	r2, [r3, #8]
1452:Drivers/STM32F4xx_HAL_Driver/Src/stm32f4xx_hal_tim_ex.c ****       if (!IS_TIM_SLAVEMODE_TRIGGER_ENABLED(tmpsmcr))
 3736              		.loc 1 1452 15 view .LVU1085
 3737 01d0 02F00702 		and	r2, r2, #7
 3738              	.LVL246:
1453:Drivers/STM32F4xx_HAL_Driver/Src/stm32f4xx_hal_tim_ex.c ****       {
 3739              		.loc 1 1453 7 is_stmt 1 view .LVU1086
1453:Drivers/STM32F4xx_HAL_Driver/Src/stm32f4xx_hal_tim_ex.c ****       {
 3740              		.loc 1 1453 10 is_stmt 0 view .LVU1087
 3741 01d4 062A     		cmp	r2, #6
 3742 01d6 13D0     		beq	.L298
1455:Drivers/STM32F4xx_HAL_Driver/Src/stm32f4xx_hal_tim_ex.c ****       }
 3743              		.loc 1 1455 9 is_stmt 1 view .LVU1088
 3744 01d8 1A68     		ldr	r2, [r3]
 3745              	.LVL247:
1455:Drivers/STM32F4xx_HAL_Driver/Src/stm32f4xx_hal_tim_ex.c ****       }
 3746              		.loc 1 1455 9 is_stmt 0 view .LVU1089
 3747 01da 42F00102 		orr	r2, r2, #1
 3748 01de 1A60     		str	r2, [r3]
 3749 01e0 0020     		movs	r0, #0
 3750 01e2 02E0     		b	.L276
 3751              	.LVL248:
 3752              	.L290:
1353:Drivers/STM32F4xx_HAL_Driver/Src/stm32f4xx_hal_tim_ex.c ****   }
 3753              		.loc 1 1353 12 view .LVU1090
ARM GAS  C:\Users\10369\AppData\Local\Temp\ccUaxGpI.s 			page 127


 3754 01e4 0220     		movs	r0, #2
 3755 01e6 00E0     		b	.L276
 3756              	.LVL249:
 3757              	.L291:
1368:Drivers/STM32F4xx_HAL_Driver/Src/stm32f4xx_hal_tim_ex.c ****   }
 3758              		.loc 1 1368 12 view .LVU1091
 3759 01e8 0120     		movs	r0, #1
 3760              	.LVL250:
 3761              	.L276:
1466:Drivers/STM32F4xx_HAL_Driver/Src/stm32f4xx_hal_tim_ex.c **** 
 3762              		.loc 1 1466 1 view .LVU1092
 3763 01ea 70BD     		pop	{r4, r5, r6, pc}
 3764              	.LVL251:
 3765              	.L292:
1359:Drivers/STM32F4xx_HAL_Driver/Src/stm32f4xx_hal_tim_ex.c ****     }
 3766              		.loc 1 1359 14 view .LVU1093
 3767 01ec 0120     		movs	r0, #1
 3768 01ee FCE7     		b	.L276
 3769              	.L293:
 3770 01f0 0120     		movs	r0, #1
 3771 01f2 FAE7     		b	.L276
 3772              	.LVL252:
 3773              	.L295:
1387:Drivers/STM32F4xx_HAL_Driver/Src/stm32f4xx_hal_tim_ex.c ****       }
 3774              		.loc 1 1387 16 view .LVU1094
 3775 01f4 0120     		movs	r0, #1
 3776 01f6 F8E7     		b	.L276
 3777              	.L296:
1408:Drivers/STM32F4xx_HAL_Driver/Src/stm32f4xx_hal_tim_ex.c ****       }
 3778              		.loc 1 1408 16 view .LVU1095
 3779 01f8 0120     		movs	r0, #1
 3780 01fa F6E7     		b	.L276
 3781              	.L297:
1429:Drivers/STM32F4xx_HAL_Driver/Src/stm32f4xx_hal_tim_ex.c ****       }
 3782              		.loc 1 1429 16 view .LVU1096
 3783 01fc 0120     		movs	r0, #1
 3784 01fe F4E7     		b	.L276
 3785              	.LVL253:
 3786              	.L298:
1429:Drivers/STM32F4xx_HAL_Driver/Src/stm32f4xx_hal_tim_ex.c ****       }
 3787              		.loc 1 1429 16 view .LVU1097
 3788 0200 0020     		movs	r0, #0
 3789 0202 F2E7     		b	.L276
 3790              	.L307:
 3791              		.align	2
 3792              	.L306:
 3793 0204 00000000 		.word	TIM_DMADelayPulseNCplt
 3794 0208 00000000 		.word	TIM_DMADelayPulseHalfCplt
 3795 020c 00000000 		.word	TIM_DMAErrorCCxN
 3796 0210 00000140 		.word	1073807360
 3797              		.cfi_endproc
 3798              	.LFE154:
 3800              		.section	.text.HAL_TIMEx_PWMN_Stop_DMA,"ax",%progbits
 3801              		.align	1
 3802              		.global	HAL_TIMEx_PWMN_Stop_DMA
 3803              		.syntax unified
 3804              		.thumb
ARM GAS  C:\Users\10369\AppData\Local\Temp\ccUaxGpI.s 			page 128


 3805              		.thumb_func
 3807              	HAL_TIMEx_PWMN_Stop_DMA:
 3808              	.LVL254:
 3809              	.LFB155:
1480:Drivers/STM32F4xx_HAL_Driver/Src/stm32f4xx_hal_tim_ex.c ****   HAL_StatusTypeDef status = HAL_OK;
 3810              		.loc 1 1480 1 is_stmt 1 view -0
 3811              		.cfi_startproc
 3812              		@ args = 0, pretend = 0, frame = 0
 3813              		@ frame_needed = 0, uses_anonymous_args = 0
1480:Drivers/STM32F4xx_HAL_Driver/Src/stm32f4xx_hal_tim_ex.c ****   HAL_StatusTypeDef status = HAL_OK;
 3814              		.loc 1 1480 1 is_stmt 0 view .LVU1099
 3815 0000 38B5     		push	{r3, r4, r5, lr}
 3816              	.LCFI25:
 3817              		.cfi_def_cfa_offset 16
 3818              		.cfi_offset 3, -16
 3819              		.cfi_offset 4, -12
 3820              		.cfi_offset 5, -8
 3821              		.cfi_offset 14, -4
 3822 0002 0446     		mov	r4, r0
 3823 0004 0D46     		mov	r5, r1
1481:Drivers/STM32F4xx_HAL_Driver/Src/stm32f4xx_hal_tim_ex.c **** 
 3824              		.loc 1 1481 3 is_stmt 1 view .LVU1100
 3825              	.LVL255:
1484:Drivers/STM32F4xx_HAL_Driver/Src/stm32f4xx_hal_tim_ex.c **** 
 3826              		.loc 1 1484 3 view .LVU1101
1486:Drivers/STM32F4xx_HAL_Driver/Src/stm32f4xx_hal_tim_ex.c ****   {
 3827              		.loc 1 1486 3 view .LVU1102
 3828 0006 0429     		cmp	r1, #4
 3829 0008 34D0     		beq	.L309
 3830 000a 0829     		cmp	r1, #8
 3831 000c 3BD0     		beq	.L310
 3832 000e 0029     		cmp	r1, #0
 3833 0010 55D1     		bne	.L318
1491:Drivers/STM32F4xx_HAL_Driver/Src/stm32f4xx_hal_tim_ex.c ****       (void)HAL_DMA_Abort_IT(htim->hdma[TIM_DMA_ID_CC1]);
 3834              		.loc 1 1491 7 view .LVU1103
 3835 0012 0268     		ldr	r2, [r0]
 3836 0014 D368     		ldr	r3, [r2, #12]
 3837 0016 23F40073 		bic	r3, r3, #512
 3838 001a D360     		str	r3, [r2, #12]
1492:Drivers/STM32F4xx_HAL_Driver/Src/stm32f4xx_hal_tim_ex.c ****       break;
 3839              		.loc 1 1492 7 view .LVU1104
1492:Drivers/STM32F4xx_HAL_Driver/Src/stm32f4xx_hal_tim_ex.c ****       break;
 3840              		.loc 1 1492 13 is_stmt 0 view .LVU1105
 3841 001c 406A     		ldr	r0, [r0, #36]
 3842              	.LVL256:
1492:Drivers/STM32F4xx_HAL_Driver/Src/stm32f4xx_hal_tim_ex.c ****       break;
 3843              		.loc 1 1492 13 view .LVU1106
 3844 001e FFF7FEFF 		bl	HAL_DMA_Abort_IT
 3845              	.LVL257:
1493:Drivers/STM32F4xx_HAL_Driver/Src/stm32f4xx_hal_tim_ex.c ****     }
 3846              		.loc 1 1493 7 is_stmt 1 view .LVU1107
1517:Drivers/STM32F4xx_HAL_Driver/Src/stm32f4xx_hal_tim_ex.c ****   {
 3847              		.loc 1 1517 3 view .LVU1108
 3848              	.L312:
1520:Drivers/STM32F4xx_HAL_Driver/Src/stm32f4xx_hal_tim_ex.c **** 
 3849              		.loc 1 1520 5 view .LVU1109
 3850 0022 0022     		movs	r2, #0
ARM GAS  C:\Users\10369\AppData\Local\Temp\ccUaxGpI.s 			page 129


 3851 0024 2946     		mov	r1, r5
 3852 0026 2068     		ldr	r0, [r4]
 3853 0028 FFF7FEFF 		bl	TIM_CCxNChannelCmd
 3854              	.LVL258:
1523:Drivers/STM32F4xx_HAL_Driver/Src/stm32f4xx_hal_tim_ex.c **** 
 3855              		.loc 1 1523 5 view .LVU1110
1523:Drivers/STM32F4xx_HAL_Driver/Src/stm32f4xx_hal_tim_ex.c **** 
 3856              		.loc 1 1523 5 view .LVU1111
 3857 002c 2368     		ldr	r3, [r4]
 3858 002e 196A     		ldr	r1, [r3, #32]
 3859 0030 41F21112 		movw	r2, #4369
 3860 0034 1142     		tst	r1, r2
 3861 0036 08D1     		bne	.L313
1523:Drivers/STM32F4xx_HAL_Driver/Src/stm32f4xx_hal_tim_ex.c **** 
 3862              		.loc 1 1523 5 discriminator 1 view .LVU1112
 3863 0038 196A     		ldr	r1, [r3, #32]
 3864 003a 40F24442 		movw	r2, #1092
 3865 003e 1142     		tst	r1, r2
 3866 0040 03D1     		bne	.L313
1523:Drivers/STM32F4xx_HAL_Driver/Src/stm32f4xx_hal_tim_ex.c **** 
 3867              		.loc 1 1523 5 discriminator 3 view .LVU1113
 3868 0042 5A6C     		ldr	r2, [r3, #68]
 3869 0044 22F40042 		bic	r2, r2, #32768
 3870 0048 5A64     		str	r2, [r3, #68]
 3871              	.L313:
1523:Drivers/STM32F4xx_HAL_Driver/Src/stm32f4xx_hal_tim_ex.c **** 
 3872              		.loc 1 1523 5 discriminator 5 view .LVU1114
1526:Drivers/STM32F4xx_HAL_Driver/Src/stm32f4xx_hal_tim_ex.c **** 
 3873              		.loc 1 1526 5 view .LVU1115
1526:Drivers/STM32F4xx_HAL_Driver/Src/stm32f4xx_hal_tim_ex.c **** 
 3874              		.loc 1 1526 5 view .LVU1116
 3875 004a 2368     		ldr	r3, [r4]
 3876 004c 196A     		ldr	r1, [r3, #32]
 3877 004e 41F21112 		movw	r2, #4369
 3878 0052 1142     		tst	r1, r2
 3879 0054 08D1     		bne	.L314
1526:Drivers/STM32F4xx_HAL_Driver/Src/stm32f4xx_hal_tim_ex.c **** 
 3880              		.loc 1 1526 5 discriminator 1 view .LVU1117
 3881 0056 196A     		ldr	r1, [r3, #32]
 3882 0058 40F24442 		movw	r2, #1092
 3883 005c 1142     		tst	r1, r2
 3884 005e 03D1     		bne	.L314
1526:Drivers/STM32F4xx_HAL_Driver/Src/stm32f4xx_hal_tim_ex.c **** 
 3885              		.loc 1 1526 5 discriminator 3 view .LVU1118
 3886 0060 1A68     		ldr	r2, [r3]
 3887 0062 22F00102 		bic	r2, r2, #1
 3888 0066 1A60     		str	r2, [r3]
 3889              	.L314:
1526:Drivers/STM32F4xx_HAL_Driver/Src/stm32f4xx_hal_tim_ex.c **** 
 3890              		.loc 1 1526 5 discriminator 5 view .LVU1119
1529:Drivers/STM32F4xx_HAL_Driver/Src/stm32f4xx_hal_tim_ex.c ****   }
 3891              		.loc 1 1529 5 view .LVU1120
 3892 0068 B5B9     		cbnz	r5, .L315
1529:Drivers/STM32F4xx_HAL_Driver/Src/stm32f4xx_hal_tim_ex.c ****   }
 3893              		.loc 1 1529 5 is_stmt 0 discriminator 1 view .LVU1121
 3894 006a 0123     		movs	r3, #1
 3895 006c 84F84230 		strb	r3, [r4, #66]
ARM GAS  C:\Users\10369\AppData\Local\Temp\ccUaxGpI.s 			page 130


 3896 0070 0020     		movs	r0, #0
 3897              	.L311:
 3898              	.LVL259:
1533:Drivers/STM32F4xx_HAL_Driver/Src/stm32f4xx_hal_tim_ex.c **** }
 3899              		.loc 1 1533 3 is_stmt 1 view .LVU1122
1534:Drivers/STM32F4xx_HAL_Driver/Src/stm32f4xx_hal_tim_ex.c **** 
 3900              		.loc 1 1534 1 is_stmt 0 view .LVU1123
 3901 0072 38BD     		pop	{r3, r4, r5, pc}
 3902              	.LVL260:
 3903              	.L309:
1499:Drivers/STM32F4xx_HAL_Driver/Src/stm32f4xx_hal_tim_ex.c ****       (void)HAL_DMA_Abort_IT(htim->hdma[TIM_DMA_ID_CC2]);
 3904              		.loc 1 1499 7 is_stmt 1 view .LVU1124
 3905 0074 0268     		ldr	r2, [r0]
 3906 0076 D368     		ldr	r3, [r2, #12]
 3907 0078 23F48063 		bic	r3, r3, #1024
 3908 007c D360     		str	r3, [r2, #12]
1500:Drivers/STM32F4xx_HAL_Driver/Src/stm32f4xx_hal_tim_ex.c ****       break;
 3909              		.loc 1 1500 7 view .LVU1125
1500:Drivers/STM32F4xx_HAL_Driver/Src/stm32f4xx_hal_tim_ex.c ****       break;
 3910              		.loc 1 1500 13 is_stmt 0 view .LVU1126
 3911 007e 806A     		ldr	r0, [r0, #40]
 3912              	.LVL261:
1500:Drivers/STM32F4xx_HAL_Driver/Src/stm32f4xx_hal_tim_ex.c ****       break;
 3913              		.loc 1 1500 13 view .LVU1127
 3914 0080 FFF7FEFF 		bl	HAL_DMA_Abort_IT
 3915              	.LVL262:
1501:Drivers/STM32F4xx_HAL_Driver/Src/stm32f4xx_hal_tim_ex.c ****     }
 3916              		.loc 1 1501 7 is_stmt 1 view .LVU1128
1517:Drivers/STM32F4xx_HAL_Driver/Src/stm32f4xx_hal_tim_ex.c ****   {
 3917              		.loc 1 1517 3 view .LVU1129
 3918 0084 CDE7     		b	.L312
 3919              	.LVL263:
 3920              	.L310:
1507:Drivers/STM32F4xx_HAL_Driver/Src/stm32f4xx_hal_tim_ex.c ****       (void)HAL_DMA_Abort_IT(htim->hdma[TIM_DMA_ID_CC3]);
 3921              		.loc 1 1507 7 view .LVU1130
 3922 0086 0268     		ldr	r2, [r0]
 3923 0088 D368     		ldr	r3, [r2, #12]
 3924 008a 23F40063 		bic	r3, r3, #2048
 3925 008e D360     		str	r3, [r2, #12]
1508:Drivers/STM32F4xx_HAL_Driver/Src/stm32f4xx_hal_tim_ex.c ****       break;
 3926              		.loc 1 1508 7 view .LVU1131
1508:Drivers/STM32F4xx_HAL_Driver/Src/stm32f4xx_hal_tim_ex.c ****       break;
 3927              		.loc 1 1508 13 is_stmt 0 view .LVU1132
 3928 0090 C06A     		ldr	r0, [r0, #44]
 3929              	.LVL264:
1508:Drivers/STM32F4xx_HAL_Driver/Src/stm32f4xx_hal_tim_ex.c ****       break;
 3930              		.loc 1 1508 13 view .LVU1133
 3931 0092 FFF7FEFF 		bl	HAL_DMA_Abort_IT
 3932              	.LVL265:
1509:Drivers/STM32F4xx_HAL_Driver/Src/stm32f4xx_hal_tim_ex.c ****     }
 3933              		.loc 1 1509 7 is_stmt 1 view .LVU1134
1517:Drivers/STM32F4xx_HAL_Driver/Src/stm32f4xx_hal_tim_ex.c ****   {
 3934              		.loc 1 1517 3 view .LVU1135
 3935 0096 C4E7     		b	.L312
 3936              	.L315:
1529:Drivers/STM32F4xx_HAL_Driver/Src/stm32f4xx_hal_tim_ex.c ****   }
 3937              		.loc 1 1529 5 is_stmt 0 discriminator 2 view .LVU1136
ARM GAS  C:\Users\10369\AppData\Local\Temp\ccUaxGpI.s 			page 131


 3938 0098 042D     		cmp	r5, #4
 3939 009a 06D0     		beq	.L320
1529:Drivers/STM32F4xx_HAL_Driver/Src/stm32f4xx_hal_tim_ex.c ****   }
 3940              		.loc 1 1529 5 discriminator 4 view .LVU1137
 3941 009c 082D     		cmp	r5, #8
 3942 009e 09D0     		beq	.L321
1529:Drivers/STM32F4xx_HAL_Driver/Src/stm32f4xx_hal_tim_ex.c ****   }
 3943              		.loc 1 1529 5 discriminator 7 view .LVU1138
 3944 00a0 0123     		movs	r3, #1
 3945 00a2 84F84530 		strb	r3, [r4, #69]
 3946 00a6 0020     		movs	r0, #0
 3947 00a8 E3E7     		b	.L311
 3948              	.L320:
1529:Drivers/STM32F4xx_HAL_Driver/Src/stm32f4xx_hal_tim_ex.c ****   }
 3949              		.loc 1 1529 5 discriminator 3 view .LVU1139
 3950 00aa 0123     		movs	r3, #1
 3951 00ac 84F84330 		strb	r3, [r4, #67]
 3952 00b0 0020     		movs	r0, #0
 3953 00b2 DEE7     		b	.L311
 3954              	.L321:
1529:Drivers/STM32F4xx_HAL_Driver/Src/stm32f4xx_hal_tim_ex.c ****   }
 3955              		.loc 1 1529 5 discriminator 6 view .LVU1140
 3956 00b4 0123     		movs	r3, #1
 3957 00b6 84F84430 		strb	r3, [r4, #68]
 3958 00ba 0020     		movs	r0, #0
 3959 00bc D9E7     		b	.L311
 3960              	.LVL266:
 3961              	.L318:
1486:Drivers/STM32F4xx_HAL_Driver/Src/stm32f4xx_hal_tim_ex.c ****   {
 3962              		.loc 1 1486 3 view .LVU1141
 3963 00be 0120     		movs	r0, #1
 3964              	.LVL267:
1486:Drivers/STM32F4xx_HAL_Driver/Src/stm32f4xx_hal_tim_ex.c ****   {
 3965              		.loc 1 1486 3 view .LVU1142
 3966 00c0 D7E7     		b	.L311
 3967              		.cfi_endproc
 3968              	.LFE155:
 3970              		.section	.text.HAL_TIMEx_OnePulseN_Start,"ax",%progbits
 3971              		.align	1
 3972              		.global	HAL_TIMEx_OnePulseN_Start
 3973              		.syntax unified
 3974              		.thumb
 3975              		.thumb_func
 3977              	HAL_TIMEx_OnePulseN_Start:
 3978              	.LVL268:
 3979              	.LFB156:
1571:Drivers/STM32F4xx_HAL_Driver/Src/stm32f4xx_hal_tim_ex.c ****   uint32_t input_channel = (OutputChannel == TIM_CHANNEL_1) ? TIM_CHANNEL_2 : TIM_CHANNEL_1;
 3980              		.loc 1 1571 1 is_stmt 1 view -0
 3981              		.cfi_startproc
 3982              		@ args = 0, pretend = 0, frame = 0
 3983              		@ frame_needed = 0, uses_anonymous_args = 0
1571:Drivers/STM32F4xx_HAL_Driver/Src/stm32f4xx_hal_tim_ex.c ****   uint32_t input_channel = (OutputChannel == TIM_CHANNEL_1) ? TIM_CHANNEL_2 : TIM_CHANNEL_1;
 3984              		.loc 1 1571 1 is_stmt 0 view .LVU1144
 3985 0000 70B5     		push	{r4, r5, r6, lr}
 3986              	.LCFI26:
 3987              		.cfi_def_cfa_offset 16
 3988              		.cfi_offset 4, -16
ARM GAS  C:\Users\10369\AppData\Local\Temp\ccUaxGpI.s 			page 132


 3989              		.cfi_offset 5, -12
 3990              		.cfi_offset 6, -8
 3991              		.cfi_offset 14, -4
 3992 0002 0446     		mov	r4, r0
1572:Drivers/STM32F4xx_HAL_Driver/Src/stm32f4xx_hal_tim_ex.c ****   HAL_TIM_ChannelStateTypeDef channel_1_state = TIM_CHANNEL_STATE_GET(htim, TIM_CHANNEL_1);
 3993              		.loc 1 1572 3 is_stmt 1 view .LVU1145
1572:Drivers/STM32F4xx_HAL_Driver/Src/stm32f4xx_hal_tim_ex.c ****   HAL_TIM_ChannelStateTypeDef channel_1_state = TIM_CHANNEL_STATE_GET(htim, TIM_CHANNEL_1);
 3994              		.loc 1 1572 77 is_stmt 0 view .LVU1146
 3995 0004 0E46     		mov	r6, r1
 3996 0006 D1B9     		cbnz	r1, .L325
1572:Drivers/STM32F4xx_HAL_Driver/Src/stm32f4xx_hal_tim_ex.c ****   HAL_TIM_ChannelStateTypeDef channel_1_state = TIM_CHANNEL_STATE_GET(htim, TIM_CHANNEL_1);
 3997              		.loc 1 1572 77 discriminator 1 view .LVU1147
 3998 0008 0425     		movs	r5, #4
 3999              	.L323:
 4000              	.LVL269:
1573:Drivers/STM32F4xx_HAL_Driver/Src/stm32f4xx_hal_tim_ex.c ****   HAL_TIM_ChannelStateTypeDef channel_2_state = TIM_CHANNEL_STATE_GET(htim, TIM_CHANNEL_2);
 4001              		.loc 1 1573 3 is_stmt 1 view .LVU1148
1573:Drivers/STM32F4xx_HAL_Driver/Src/stm32f4xx_hal_tim_ex.c ****   HAL_TIM_ChannelStateTypeDef channel_2_state = TIM_CHANNEL_STATE_GET(htim, TIM_CHANNEL_2);
 4002              		.loc 1 1573 31 is_stmt 0 view .LVU1149
 4003 000a 94F83EE0 		ldrb	lr, [r4, #62]	@ zero_extendqisi2
 4004 000e 5FFA8EF0 		uxtb	r0, lr
 4005              	.LVL270:
1574:Drivers/STM32F4xx_HAL_Driver/Src/stm32f4xx_hal_tim_ex.c ****   HAL_TIM_ChannelStateTypeDef complementary_channel_1_state = TIM_CHANNEL_N_STATE_GET(htim, TIM_CHA
 4006              		.loc 1 1574 3 is_stmt 1 view .LVU1150
1574:Drivers/STM32F4xx_HAL_Driver/Src/stm32f4xx_hal_tim_ex.c ****   HAL_TIM_ChannelStateTypeDef complementary_channel_1_state = TIM_CHANNEL_N_STATE_GET(htim, TIM_CHA
 4007              		.loc 1 1574 31 is_stmt 0 view .LVU1151
 4008 0012 94F83F30 		ldrb	r3, [r4, #63]	@ zero_extendqisi2
 4009 0016 DBB2     		uxtb	r3, r3
 4010              	.LVL271:
1575:Drivers/STM32F4xx_HAL_Driver/Src/stm32f4xx_hal_tim_ex.c ****   HAL_TIM_ChannelStateTypeDef complementary_channel_2_state = TIM_CHANNEL_N_STATE_GET(htim, TIM_CHA
 4011              		.loc 1 1575 3 is_stmt 1 view .LVU1152
1575:Drivers/STM32F4xx_HAL_Driver/Src/stm32f4xx_hal_tim_ex.c ****   HAL_TIM_ChannelStateTypeDef complementary_channel_2_state = TIM_CHANNEL_N_STATE_GET(htim, TIM_CHA
 4012              		.loc 1 1575 31 is_stmt 0 view .LVU1153
 4013 0018 94F84220 		ldrb	r2, [r4, #66]	@ zero_extendqisi2
 4014 001c D2B2     		uxtb	r2, r2
 4015              	.LVL272:
1576:Drivers/STM32F4xx_HAL_Driver/Src/stm32f4xx_hal_tim_ex.c **** 
 4016              		.loc 1 1576 3 is_stmt 1 view .LVU1154
1576:Drivers/STM32F4xx_HAL_Driver/Src/stm32f4xx_hal_tim_ex.c **** 
 4017              		.loc 1 1576 31 is_stmt 0 view .LVU1155
 4018 001e 94F843C0 		ldrb	ip, [r4, #67]	@ zero_extendqisi2
 4019 0022 5FFA8CFC 		uxtb	ip, ip
 4020              	.LVL273:
1579:Drivers/STM32F4xx_HAL_Driver/Src/stm32f4xx_hal_tim_ex.c **** 
 4021              		.loc 1 1579 3 is_stmt 1 view .LVU1156
1582:Drivers/STM32F4xx_HAL_Driver/Src/stm32f4xx_hal_tim_ex.c ****       || (channel_2_state != HAL_TIM_CHANNEL_STATE_READY)
 4022              		.loc 1 1582 3 view .LVU1157
1582:Drivers/STM32F4xx_HAL_Driver/Src/stm32f4xx_hal_tim_ex.c ****       || (channel_2_state != HAL_TIM_CHANNEL_STATE_READY)
 4023              		.loc 1 1582 6 is_stmt 0 view .LVU1158
 4024 0026 BEF1010F 		cmp	lr, #1
 4025 002a 24D1     		bne	.L326
1583:Drivers/STM32F4xx_HAL_Driver/Src/stm32f4xx_hal_tim_ex.c ****       || (complementary_channel_1_state != HAL_TIM_CHANNEL_STATE_READY)
 4026              		.loc 1 1583 7 view .LVU1159
 4027 002c 012B     		cmp	r3, #1
 4028 002e 23D1     		bne	.L324
1584:Drivers/STM32F4xx_HAL_Driver/Src/stm32f4xx_hal_tim_ex.c ****       || (complementary_channel_2_state != HAL_TIM_CHANNEL_STATE_READY))
 4029              		.loc 1 1584 7 view .LVU1160
ARM GAS  C:\Users\10369\AppData\Local\Temp\ccUaxGpI.s 			page 133


 4030 0030 012A     		cmp	r2, #1
 4031 0032 22D1     		bne	.L327
1585:Drivers/STM32F4xx_HAL_Driver/Src/stm32f4xx_hal_tim_ex.c ****   {
 4032              		.loc 1 1585 7 view .LVU1161
 4033 0034 BCF1010F 		cmp	ip, #1
 4034 0038 03D0     		beq	.L330
1587:Drivers/STM32F4xx_HAL_Driver/Src/stm32f4xx_hal_tim_ex.c ****   }
 4035              		.loc 1 1587 12 view .LVU1162
 4036 003a 1046     		mov	r0, r2
 4037              	.LVL274:
1587:Drivers/STM32F4xx_HAL_Driver/Src/stm32f4xx_hal_tim_ex.c ****   }
 4038              		.loc 1 1587 12 view .LVU1163
 4039 003c 1CE0     		b	.L324
 4040              	.LVL275:
 4041              	.L325:
1572:Drivers/STM32F4xx_HAL_Driver/Src/stm32f4xx_hal_tim_ex.c ****   HAL_TIM_ChannelStateTypeDef channel_1_state = TIM_CHANNEL_STATE_GET(htim, TIM_CHANNEL_1);
 4042              		.loc 1 1572 77 discriminator 2 view .LVU1164
 4043 003e 0025     		movs	r5, #0
 4044 0040 E3E7     		b	.L323
 4045              	.LVL276:
 4046              	.L330:
1591:Drivers/STM32F4xx_HAL_Driver/Src/stm32f4xx_hal_tim_ex.c ****   TIM_CHANNEL_STATE_SET(htim, TIM_CHANNEL_2, HAL_TIM_CHANNEL_STATE_BUSY);
 4047              		.loc 1 1591 3 is_stmt 1 view .LVU1165
 4048 0042 0223     		movs	r3, #2
 4049              	.LVL277:
1591:Drivers/STM32F4xx_HAL_Driver/Src/stm32f4xx_hal_tim_ex.c ****   TIM_CHANNEL_STATE_SET(htim, TIM_CHANNEL_2, HAL_TIM_CHANNEL_STATE_BUSY);
 4050              		.loc 1 1591 3 is_stmt 0 view .LVU1166
 4051 0044 84F83E30 		strb	r3, [r4, #62]
1592:Drivers/STM32F4xx_HAL_Driver/Src/stm32f4xx_hal_tim_ex.c ****   TIM_CHANNEL_N_STATE_SET(htim, TIM_CHANNEL_1, HAL_TIM_CHANNEL_STATE_BUSY);
 4052              		.loc 1 1592 3 is_stmt 1 view .LVU1167
 4053 0048 84F83F30 		strb	r3, [r4, #63]
1593:Drivers/STM32F4xx_HAL_Driver/Src/stm32f4xx_hal_tim_ex.c ****   TIM_CHANNEL_N_STATE_SET(htim, TIM_CHANNEL_2, HAL_TIM_CHANNEL_STATE_BUSY);
 4054              		.loc 1 1593 3 view .LVU1168
 4055 004c 84F84230 		strb	r3, [r4, #66]
1594:Drivers/STM32F4xx_HAL_Driver/Src/stm32f4xx_hal_tim_ex.c **** 
 4056              		.loc 1 1594 3 view .LVU1169
 4057 0050 84F84330 		strb	r3, [r4, #67]
1597:Drivers/STM32F4xx_HAL_Driver/Src/stm32f4xx_hal_tim_ex.c ****   TIM_CCxChannelCmd(htim->Instance, input_channel, TIM_CCx_ENABLE);
 4058              		.loc 1 1597 3 view .LVU1170
 4059 0054 0422     		movs	r2, #4
 4060              	.LVL278:
1597:Drivers/STM32F4xx_HAL_Driver/Src/stm32f4xx_hal_tim_ex.c ****   TIM_CCxChannelCmd(htim->Instance, input_channel, TIM_CCx_ENABLE);
 4061              		.loc 1 1597 3 is_stmt 0 view .LVU1171
 4062 0056 3146     		mov	r1, r6
 4063              	.LVL279:
1597:Drivers/STM32F4xx_HAL_Driver/Src/stm32f4xx_hal_tim_ex.c ****   TIM_CCxChannelCmd(htim->Instance, input_channel, TIM_CCx_ENABLE);
 4064              		.loc 1 1597 3 view .LVU1172
 4065 0058 2068     		ldr	r0, [r4]
 4066              	.LVL280:
1597:Drivers/STM32F4xx_HAL_Driver/Src/stm32f4xx_hal_tim_ex.c ****   TIM_CCxChannelCmd(htim->Instance, input_channel, TIM_CCx_ENABLE);
 4067              		.loc 1 1597 3 view .LVU1173
 4068 005a FFF7FEFF 		bl	TIM_CCxNChannelCmd
 4069              	.LVL281:
1598:Drivers/STM32F4xx_HAL_Driver/Src/stm32f4xx_hal_tim_ex.c **** 
 4070              		.loc 1 1598 3 is_stmt 1 view .LVU1174
 4071 005e 0122     		movs	r2, #1
 4072 0060 2946     		mov	r1, r5
ARM GAS  C:\Users\10369\AppData\Local\Temp\ccUaxGpI.s 			page 134


 4073 0062 2068     		ldr	r0, [r4]
 4074 0064 FFF7FEFF 		bl	TIM_CCxChannelCmd
 4075              	.LVL282:
1601:Drivers/STM32F4xx_HAL_Driver/Src/stm32f4xx_hal_tim_ex.c **** 
 4076              		.loc 1 1601 3 view .LVU1175
 4077 0068 2268     		ldr	r2, [r4]
 4078 006a 536C     		ldr	r3, [r2, #68]
 4079 006c 43F40043 		orr	r3, r3, #32768
 4080 0070 5364     		str	r3, [r2, #68]
1604:Drivers/STM32F4xx_HAL_Driver/Src/stm32f4xx_hal_tim_ex.c **** }
 4081              		.loc 1 1604 3 view .LVU1176
1604:Drivers/STM32F4xx_HAL_Driver/Src/stm32f4xx_hal_tim_ex.c **** }
 4082              		.loc 1 1604 10 is_stmt 0 view .LVU1177
 4083 0072 0020     		movs	r0, #0
 4084 0074 00E0     		b	.L324
 4085              	.LVL283:
 4086              	.L326:
1587:Drivers/STM32F4xx_HAL_Driver/Src/stm32f4xx_hal_tim_ex.c ****   }
 4087              		.loc 1 1587 12 view .LVU1178
 4088 0076 0120     		movs	r0, #1
 4089              	.LVL284:
 4090              	.L324:
1605:Drivers/STM32F4xx_HAL_Driver/Src/stm32f4xx_hal_tim_ex.c **** 
 4091              		.loc 1 1605 1 view .LVU1179
 4092 0078 70BD     		pop	{r4, r5, r6, pc}
 4093              	.LVL285:
 4094              	.L327:
1587:Drivers/STM32F4xx_HAL_Driver/Src/stm32f4xx_hal_tim_ex.c ****   }
 4095              		.loc 1 1587 12 view .LVU1180
 4096 007a 1846     		mov	r0, r3
 4097              	.LVL286:
1587:Drivers/STM32F4xx_HAL_Driver/Src/stm32f4xx_hal_tim_ex.c ****   }
 4098              		.loc 1 1587 12 view .LVU1181
 4099 007c FCE7     		b	.L324
 4100              		.cfi_endproc
 4101              	.LFE156:
 4103              		.section	.text.HAL_TIMEx_OnePulseN_Stop,"ax",%progbits
 4104              		.align	1
 4105              		.global	HAL_TIMEx_OnePulseN_Stop
 4106              		.syntax unified
 4107              		.thumb
 4108              		.thumb_func
 4110              	HAL_TIMEx_OnePulseN_Stop:
 4111              	.LVL287:
 4112              	.LFB157:
1620:Drivers/STM32F4xx_HAL_Driver/Src/stm32f4xx_hal_tim_ex.c ****   uint32_t input_channel = (OutputChannel == TIM_CHANNEL_1) ? TIM_CHANNEL_2 : TIM_CHANNEL_1;
 4113              		.loc 1 1620 1 is_stmt 1 view -0
 4114              		.cfi_startproc
 4115              		@ args = 0, pretend = 0, frame = 0
 4116              		@ frame_needed = 0, uses_anonymous_args = 0
1620:Drivers/STM32F4xx_HAL_Driver/Src/stm32f4xx_hal_tim_ex.c ****   uint32_t input_channel = (OutputChannel == TIM_CHANNEL_1) ? TIM_CHANNEL_2 : TIM_CHANNEL_1;
 4117              		.loc 1 1620 1 is_stmt 0 view .LVU1183
 4118 0000 38B5     		push	{r3, r4, r5, lr}
 4119              	.LCFI27:
 4120              		.cfi_def_cfa_offset 16
 4121              		.cfi_offset 3, -16
 4122              		.cfi_offset 4, -12
ARM GAS  C:\Users\10369\AppData\Local\Temp\ccUaxGpI.s 			page 135


 4123              		.cfi_offset 5, -8
 4124              		.cfi_offset 14, -4
 4125 0002 0446     		mov	r4, r0
1621:Drivers/STM32F4xx_HAL_Driver/Src/stm32f4xx_hal_tim_ex.c **** 
 4126              		.loc 1 1621 3 is_stmt 1 view .LVU1184
1621:Drivers/STM32F4xx_HAL_Driver/Src/stm32f4xx_hal_tim_ex.c **** 
 4127              		.loc 1 1621 77 is_stmt 0 view .LVU1185
 4128 0004 0029     		cmp	r1, #0
 4129 0006 32D1     		bne	.L335
1621:Drivers/STM32F4xx_HAL_Driver/Src/stm32f4xx_hal_tim_ex.c **** 
 4130              		.loc 1 1621 77 discriminator 1 view .LVU1186
 4131 0008 0425     		movs	r5, #4
 4132              	.L332:
 4133              	.LVL288:
1624:Drivers/STM32F4xx_HAL_Driver/Src/stm32f4xx_hal_tim_ex.c **** 
 4134              		.loc 1 1624 3 is_stmt 1 view .LVU1187
1627:Drivers/STM32F4xx_HAL_Driver/Src/stm32f4xx_hal_tim_ex.c ****   TIM_CCxChannelCmd(htim->Instance, input_channel, TIM_CCx_DISABLE);
 4135              		.loc 1 1627 3 view .LVU1188
 4136 000a 0022     		movs	r2, #0
 4137 000c 2068     		ldr	r0, [r4]
 4138              	.LVL289:
1627:Drivers/STM32F4xx_HAL_Driver/Src/stm32f4xx_hal_tim_ex.c ****   TIM_CCxChannelCmd(htim->Instance, input_channel, TIM_CCx_DISABLE);
 4139              		.loc 1 1627 3 is_stmt 0 view .LVU1189
 4140 000e FFF7FEFF 		bl	TIM_CCxNChannelCmd
 4141              	.LVL290:
1628:Drivers/STM32F4xx_HAL_Driver/Src/stm32f4xx_hal_tim_ex.c **** 
 4142              		.loc 1 1628 3 is_stmt 1 view .LVU1190
 4143 0012 0022     		movs	r2, #0
 4144 0014 2946     		mov	r1, r5
 4145 0016 2068     		ldr	r0, [r4]
 4146 0018 FFF7FEFF 		bl	TIM_CCxChannelCmd
 4147              	.LVL291:
1631:Drivers/STM32F4xx_HAL_Driver/Src/stm32f4xx_hal_tim_ex.c **** 
 4148              		.loc 1 1631 3 view .LVU1191
1631:Drivers/STM32F4xx_HAL_Driver/Src/stm32f4xx_hal_tim_ex.c **** 
 4149              		.loc 1 1631 3 view .LVU1192
 4150 001c 2368     		ldr	r3, [r4]
 4151 001e 196A     		ldr	r1, [r3, #32]
 4152 0020 41F21112 		movw	r2, #4369
 4153 0024 1142     		tst	r1, r2
 4154 0026 08D1     		bne	.L333
1631:Drivers/STM32F4xx_HAL_Driver/Src/stm32f4xx_hal_tim_ex.c **** 
 4155              		.loc 1 1631 3 discriminator 1 view .LVU1193
 4156 0028 196A     		ldr	r1, [r3, #32]
 4157 002a 40F24442 		movw	r2, #1092
 4158 002e 1142     		tst	r1, r2
 4159 0030 03D1     		bne	.L333
1631:Drivers/STM32F4xx_HAL_Driver/Src/stm32f4xx_hal_tim_ex.c **** 
 4160              		.loc 1 1631 3 discriminator 3 view .LVU1194
 4161 0032 5A6C     		ldr	r2, [r3, #68]
 4162 0034 22F40042 		bic	r2, r2, #32768
 4163 0038 5A64     		str	r2, [r3, #68]
 4164              	.L333:
1631:Drivers/STM32F4xx_HAL_Driver/Src/stm32f4xx_hal_tim_ex.c **** 
 4165              		.loc 1 1631 3 discriminator 5 view .LVU1195
1634:Drivers/STM32F4xx_HAL_Driver/Src/stm32f4xx_hal_tim_ex.c **** 
 4166              		.loc 1 1634 3 view .LVU1196
ARM GAS  C:\Users\10369\AppData\Local\Temp\ccUaxGpI.s 			page 136


1634:Drivers/STM32F4xx_HAL_Driver/Src/stm32f4xx_hal_tim_ex.c **** 
 4167              		.loc 1 1634 3 view .LVU1197
 4168 003a 2368     		ldr	r3, [r4]
 4169 003c 196A     		ldr	r1, [r3, #32]
 4170 003e 41F21112 		movw	r2, #4369
 4171 0042 1142     		tst	r1, r2
 4172 0044 08D1     		bne	.L334
1634:Drivers/STM32F4xx_HAL_Driver/Src/stm32f4xx_hal_tim_ex.c **** 
 4173              		.loc 1 1634 3 discriminator 1 view .LVU1198
 4174 0046 196A     		ldr	r1, [r3, #32]
 4175 0048 40F24442 		movw	r2, #1092
 4176 004c 1142     		tst	r1, r2
 4177 004e 03D1     		bne	.L334
1634:Drivers/STM32F4xx_HAL_Driver/Src/stm32f4xx_hal_tim_ex.c **** 
 4178              		.loc 1 1634 3 discriminator 3 view .LVU1199
 4179 0050 1A68     		ldr	r2, [r3]
 4180 0052 22F00102 		bic	r2, r2, #1
 4181 0056 1A60     		str	r2, [r3]
 4182              	.L334:
1634:Drivers/STM32F4xx_HAL_Driver/Src/stm32f4xx_hal_tim_ex.c **** 
 4183              		.loc 1 1634 3 discriminator 5 view .LVU1200
1637:Drivers/STM32F4xx_HAL_Driver/Src/stm32f4xx_hal_tim_ex.c ****   TIM_CHANNEL_STATE_SET(htim, TIM_CHANNEL_2, HAL_TIM_CHANNEL_STATE_READY);
 4184              		.loc 1 1637 3 view .LVU1201
 4185 0058 0123     		movs	r3, #1
 4186 005a 84F83E30 		strb	r3, [r4, #62]
1638:Drivers/STM32F4xx_HAL_Driver/Src/stm32f4xx_hal_tim_ex.c ****   TIM_CHANNEL_N_STATE_SET(htim, TIM_CHANNEL_1, HAL_TIM_CHANNEL_STATE_READY);
 4187              		.loc 1 1638 3 view .LVU1202
 4188 005e 84F83F30 		strb	r3, [r4, #63]
1639:Drivers/STM32F4xx_HAL_Driver/Src/stm32f4xx_hal_tim_ex.c ****   TIM_CHANNEL_N_STATE_SET(htim, TIM_CHANNEL_2, HAL_TIM_CHANNEL_STATE_READY);
 4189              		.loc 1 1639 3 view .LVU1203
 4190 0062 84F84230 		strb	r3, [r4, #66]
1640:Drivers/STM32F4xx_HAL_Driver/Src/stm32f4xx_hal_tim_ex.c **** 
 4191              		.loc 1 1640 3 view .LVU1204
 4192 0066 84F84330 		strb	r3, [r4, #67]
1643:Drivers/STM32F4xx_HAL_Driver/Src/stm32f4xx_hal_tim_ex.c **** }
 4193              		.loc 1 1643 3 view .LVU1205
1644:Drivers/STM32F4xx_HAL_Driver/Src/stm32f4xx_hal_tim_ex.c **** 
 4194              		.loc 1 1644 1 is_stmt 0 view .LVU1206
 4195 006a 0020     		movs	r0, #0
 4196 006c 38BD     		pop	{r3, r4, r5, pc}
 4197              	.LVL292:
 4198              	.L335:
1621:Drivers/STM32F4xx_HAL_Driver/Src/stm32f4xx_hal_tim_ex.c **** 
 4199              		.loc 1 1621 77 discriminator 2 view .LVU1207
 4200 006e 0025     		movs	r5, #0
 4201 0070 CBE7     		b	.L332
 4202              		.cfi_endproc
 4203              	.LFE157:
 4205              		.section	.text.HAL_TIMEx_OnePulseN_Start_IT,"ax",%progbits
 4206              		.align	1
 4207              		.global	HAL_TIMEx_OnePulseN_Start_IT
 4208              		.syntax unified
 4209              		.thumb
 4210              		.thumb_func
 4212              	HAL_TIMEx_OnePulseN_Start_IT:
 4213              	.LVL293:
 4214              	.LFB158:
ARM GAS  C:\Users\10369\AppData\Local\Temp\ccUaxGpI.s 			page 137


1659:Drivers/STM32F4xx_HAL_Driver/Src/stm32f4xx_hal_tim_ex.c ****   uint32_t input_channel = (OutputChannel == TIM_CHANNEL_1) ? TIM_CHANNEL_2 : TIM_CHANNEL_1;
 4215              		.loc 1 1659 1 is_stmt 1 view -0
 4216              		.cfi_startproc
 4217              		@ args = 0, pretend = 0, frame = 0
 4218              		@ frame_needed = 0, uses_anonymous_args = 0
1659:Drivers/STM32F4xx_HAL_Driver/Src/stm32f4xx_hal_tim_ex.c ****   uint32_t input_channel = (OutputChannel == TIM_CHANNEL_1) ? TIM_CHANNEL_2 : TIM_CHANNEL_1;
 4219              		.loc 1 1659 1 is_stmt 0 view .LVU1209
 4220 0000 70B5     		push	{r4, r5, r6, lr}
 4221              	.LCFI28:
 4222              		.cfi_def_cfa_offset 16
 4223              		.cfi_offset 4, -16
 4224              		.cfi_offset 5, -12
 4225              		.cfi_offset 6, -8
 4226              		.cfi_offset 14, -4
 4227 0002 0446     		mov	r4, r0
1660:Drivers/STM32F4xx_HAL_Driver/Src/stm32f4xx_hal_tim_ex.c ****   HAL_TIM_ChannelStateTypeDef channel_1_state = TIM_CHANNEL_STATE_GET(htim, TIM_CHANNEL_1);
 4228              		.loc 1 1660 3 is_stmt 1 view .LVU1210
1660:Drivers/STM32F4xx_HAL_Driver/Src/stm32f4xx_hal_tim_ex.c ****   HAL_TIM_ChannelStateTypeDef channel_1_state = TIM_CHANNEL_STATE_GET(htim, TIM_CHANNEL_1);
 4229              		.loc 1 1660 77 is_stmt 0 view .LVU1211
 4230 0004 0E46     		mov	r6, r1
 4231 0006 D1B9     		cbnz	r1, .L340
1660:Drivers/STM32F4xx_HAL_Driver/Src/stm32f4xx_hal_tim_ex.c ****   HAL_TIM_ChannelStateTypeDef channel_1_state = TIM_CHANNEL_STATE_GET(htim, TIM_CHANNEL_1);
 4232              		.loc 1 1660 77 discriminator 1 view .LVU1212
 4233 0008 0425     		movs	r5, #4
 4234              	.L338:
 4235              	.LVL294:
1661:Drivers/STM32F4xx_HAL_Driver/Src/stm32f4xx_hal_tim_ex.c ****   HAL_TIM_ChannelStateTypeDef channel_2_state = TIM_CHANNEL_STATE_GET(htim, TIM_CHANNEL_2);
 4236              		.loc 1 1661 3 is_stmt 1 view .LVU1213
1661:Drivers/STM32F4xx_HAL_Driver/Src/stm32f4xx_hal_tim_ex.c ****   HAL_TIM_ChannelStateTypeDef channel_2_state = TIM_CHANNEL_STATE_GET(htim, TIM_CHANNEL_2);
 4237              		.loc 1 1661 31 is_stmt 0 view .LVU1214
 4238 000a 94F83EE0 		ldrb	lr, [r4, #62]	@ zero_extendqisi2
 4239 000e 5FFA8EF0 		uxtb	r0, lr
 4240              	.LVL295:
1662:Drivers/STM32F4xx_HAL_Driver/Src/stm32f4xx_hal_tim_ex.c ****   HAL_TIM_ChannelStateTypeDef complementary_channel_1_state = TIM_CHANNEL_N_STATE_GET(htim, TIM_CHA
 4241              		.loc 1 1662 3 is_stmt 1 view .LVU1215
1662:Drivers/STM32F4xx_HAL_Driver/Src/stm32f4xx_hal_tim_ex.c ****   HAL_TIM_ChannelStateTypeDef complementary_channel_1_state = TIM_CHANNEL_N_STATE_GET(htim, TIM_CHA
 4242              		.loc 1 1662 31 is_stmt 0 view .LVU1216
 4243 0012 94F83F30 		ldrb	r3, [r4, #63]	@ zero_extendqisi2
 4244 0016 DBB2     		uxtb	r3, r3
 4245              	.LVL296:
1663:Drivers/STM32F4xx_HAL_Driver/Src/stm32f4xx_hal_tim_ex.c ****   HAL_TIM_ChannelStateTypeDef complementary_channel_2_state = TIM_CHANNEL_N_STATE_GET(htim, TIM_CHA
 4246              		.loc 1 1663 3 is_stmt 1 view .LVU1217
1663:Drivers/STM32F4xx_HAL_Driver/Src/stm32f4xx_hal_tim_ex.c ****   HAL_TIM_ChannelStateTypeDef complementary_channel_2_state = TIM_CHANNEL_N_STATE_GET(htim, TIM_CHA
 4247              		.loc 1 1663 31 is_stmt 0 view .LVU1218
 4248 0018 94F84220 		ldrb	r2, [r4, #66]	@ zero_extendqisi2
 4249 001c D2B2     		uxtb	r2, r2
 4250              	.LVL297:
1664:Drivers/STM32F4xx_HAL_Driver/Src/stm32f4xx_hal_tim_ex.c **** 
 4251              		.loc 1 1664 3 is_stmt 1 view .LVU1219
1664:Drivers/STM32F4xx_HAL_Driver/Src/stm32f4xx_hal_tim_ex.c **** 
 4252              		.loc 1 1664 31 is_stmt 0 view .LVU1220
 4253 001e 94F843C0 		ldrb	ip, [r4, #67]	@ zero_extendqisi2
 4254 0022 5FFA8CFC 		uxtb	ip, ip
 4255              	.LVL298:
1667:Drivers/STM32F4xx_HAL_Driver/Src/stm32f4xx_hal_tim_ex.c **** 
 4256              		.loc 1 1667 3 is_stmt 1 view .LVU1221
1670:Drivers/STM32F4xx_HAL_Driver/Src/stm32f4xx_hal_tim_ex.c ****       || (channel_2_state != HAL_TIM_CHANNEL_STATE_READY)
ARM GAS  C:\Users\10369\AppData\Local\Temp\ccUaxGpI.s 			page 138


 4257              		.loc 1 1670 3 view .LVU1222
1670:Drivers/STM32F4xx_HAL_Driver/Src/stm32f4xx_hal_tim_ex.c ****       || (channel_2_state != HAL_TIM_CHANNEL_STATE_READY)
 4258              		.loc 1 1670 6 is_stmt 0 view .LVU1223
 4259 0026 BEF1010F 		cmp	lr, #1
 4260 002a 2ED1     		bne	.L341
1671:Drivers/STM32F4xx_HAL_Driver/Src/stm32f4xx_hal_tim_ex.c ****       || (complementary_channel_1_state != HAL_TIM_CHANNEL_STATE_READY)
 4261              		.loc 1 1671 7 view .LVU1224
 4262 002c 012B     		cmp	r3, #1
 4263 002e 2DD1     		bne	.L339
1672:Drivers/STM32F4xx_HAL_Driver/Src/stm32f4xx_hal_tim_ex.c ****       || (complementary_channel_2_state != HAL_TIM_CHANNEL_STATE_READY))
 4264              		.loc 1 1672 7 view .LVU1225
 4265 0030 012A     		cmp	r2, #1
 4266 0032 2CD1     		bne	.L342
1673:Drivers/STM32F4xx_HAL_Driver/Src/stm32f4xx_hal_tim_ex.c ****   {
 4267              		.loc 1 1673 7 view .LVU1226
 4268 0034 BCF1010F 		cmp	ip, #1
 4269 0038 03D0     		beq	.L345
1675:Drivers/STM32F4xx_HAL_Driver/Src/stm32f4xx_hal_tim_ex.c ****   }
 4270              		.loc 1 1675 12 view .LVU1227
 4271 003a 1046     		mov	r0, r2
 4272              	.LVL299:
1675:Drivers/STM32F4xx_HAL_Driver/Src/stm32f4xx_hal_tim_ex.c ****   }
 4273              		.loc 1 1675 12 view .LVU1228
 4274 003c 26E0     		b	.L339
 4275              	.LVL300:
 4276              	.L340:
1660:Drivers/STM32F4xx_HAL_Driver/Src/stm32f4xx_hal_tim_ex.c ****   HAL_TIM_ChannelStateTypeDef channel_1_state = TIM_CHANNEL_STATE_GET(htim, TIM_CHANNEL_1);
 4277              		.loc 1 1660 77 discriminator 2 view .LVU1229
 4278 003e 0025     		movs	r5, #0
 4279 0040 E3E7     		b	.L338
 4280              	.LVL301:
 4281              	.L345:
1679:Drivers/STM32F4xx_HAL_Driver/Src/stm32f4xx_hal_tim_ex.c ****   TIM_CHANNEL_STATE_SET(htim, TIM_CHANNEL_2, HAL_TIM_CHANNEL_STATE_BUSY);
 4282              		.loc 1 1679 3 is_stmt 1 view .LVU1230
 4283 0042 0223     		movs	r3, #2
 4284              	.LVL302:
1679:Drivers/STM32F4xx_HAL_Driver/Src/stm32f4xx_hal_tim_ex.c ****   TIM_CHANNEL_STATE_SET(htim, TIM_CHANNEL_2, HAL_TIM_CHANNEL_STATE_BUSY);
 4285              		.loc 1 1679 3 is_stmt 0 view .LVU1231
 4286 0044 84F83E30 		strb	r3, [r4, #62]
1680:Drivers/STM32F4xx_HAL_Driver/Src/stm32f4xx_hal_tim_ex.c ****   TIM_CHANNEL_N_STATE_SET(htim, TIM_CHANNEL_1, HAL_TIM_CHANNEL_STATE_BUSY);
 4287              		.loc 1 1680 3 is_stmt 1 view .LVU1232
 4288 0048 84F83F30 		strb	r3, [r4, #63]
1681:Drivers/STM32F4xx_HAL_Driver/Src/stm32f4xx_hal_tim_ex.c ****   TIM_CHANNEL_N_STATE_SET(htim, TIM_CHANNEL_2, HAL_TIM_CHANNEL_STATE_BUSY);
 4289              		.loc 1 1681 3 view .LVU1233
 4290 004c 84F84230 		strb	r3, [r4, #66]
1682:Drivers/STM32F4xx_HAL_Driver/Src/stm32f4xx_hal_tim_ex.c **** 
 4291              		.loc 1 1682 3 view .LVU1234
 4292 0050 84F84330 		strb	r3, [r4, #67]
1685:Drivers/STM32F4xx_HAL_Driver/Src/stm32f4xx_hal_tim_ex.c **** 
 4293              		.loc 1 1685 3 view .LVU1235
 4294 0054 2268     		ldr	r2, [r4]
 4295              	.LVL303:
1685:Drivers/STM32F4xx_HAL_Driver/Src/stm32f4xx_hal_tim_ex.c **** 
 4296              		.loc 1 1685 3 is_stmt 0 view .LVU1236
 4297 0056 D368     		ldr	r3, [r2, #12]
 4298 0058 43F00203 		orr	r3, r3, #2
 4299 005c D360     		str	r3, [r2, #12]
ARM GAS  C:\Users\10369\AppData\Local\Temp\ccUaxGpI.s 			page 139


1688:Drivers/STM32F4xx_HAL_Driver/Src/stm32f4xx_hal_tim_ex.c **** 
 4300              		.loc 1 1688 3 is_stmt 1 view .LVU1237
 4301 005e 2268     		ldr	r2, [r4]
 4302 0060 D368     		ldr	r3, [r2, #12]
 4303 0062 43F00403 		orr	r3, r3, #4
 4304 0066 D360     		str	r3, [r2, #12]
1691:Drivers/STM32F4xx_HAL_Driver/Src/stm32f4xx_hal_tim_ex.c ****   TIM_CCxChannelCmd(htim->Instance, input_channel, TIM_CCx_ENABLE);
 4305              		.loc 1 1691 3 view .LVU1238
 4306 0068 0422     		movs	r2, #4
 4307 006a 3146     		mov	r1, r6
 4308              	.LVL304:
1691:Drivers/STM32F4xx_HAL_Driver/Src/stm32f4xx_hal_tim_ex.c ****   TIM_CCxChannelCmd(htim->Instance, input_channel, TIM_CCx_ENABLE);
 4309              		.loc 1 1691 3 is_stmt 0 view .LVU1239
 4310 006c 2068     		ldr	r0, [r4]
 4311              	.LVL305:
1691:Drivers/STM32F4xx_HAL_Driver/Src/stm32f4xx_hal_tim_ex.c ****   TIM_CCxChannelCmd(htim->Instance, input_channel, TIM_CCx_ENABLE);
 4312              		.loc 1 1691 3 view .LVU1240
 4313 006e FFF7FEFF 		bl	TIM_CCxNChannelCmd
 4314              	.LVL306:
1692:Drivers/STM32F4xx_HAL_Driver/Src/stm32f4xx_hal_tim_ex.c **** 
 4315              		.loc 1 1692 3 is_stmt 1 view .LVU1241
 4316 0072 0122     		movs	r2, #1
 4317 0074 2946     		mov	r1, r5
 4318 0076 2068     		ldr	r0, [r4]
 4319 0078 FFF7FEFF 		bl	TIM_CCxChannelCmd
 4320              	.LVL307:
1695:Drivers/STM32F4xx_HAL_Driver/Src/stm32f4xx_hal_tim_ex.c **** 
 4321              		.loc 1 1695 3 view .LVU1242
 4322 007c 2268     		ldr	r2, [r4]
 4323 007e 536C     		ldr	r3, [r2, #68]
 4324 0080 43F40043 		orr	r3, r3, #32768
 4325 0084 5364     		str	r3, [r2, #68]
1698:Drivers/STM32F4xx_HAL_Driver/Src/stm32f4xx_hal_tim_ex.c **** }
 4326              		.loc 1 1698 3 view .LVU1243
1698:Drivers/STM32F4xx_HAL_Driver/Src/stm32f4xx_hal_tim_ex.c **** }
 4327              		.loc 1 1698 10 is_stmt 0 view .LVU1244
 4328 0086 0020     		movs	r0, #0
 4329 0088 00E0     		b	.L339
 4330              	.LVL308:
 4331              	.L341:
1675:Drivers/STM32F4xx_HAL_Driver/Src/stm32f4xx_hal_tim_ex.c ****   }
 4332              		.loc 1 1675 12 view .LVU1245
 4333 008a 0120     		movs	r0, #1
 4334              	.LVL309:
 4335              	.L339:
1699:Drivers/STM32F4xx_HAL_Driver/Src/stm32f4xx_hal_tim_ex.c **** 
 4336              		.loc 1 1699 1 view .LVU1246
 4337 008c 70BD     		pop	{r4, r5, r6, pc}
 4338              	.LVL310:
 4339              	.L342:
1675:Drivers/STM32F4xx_HAL_Driver/Src/stm32f4xx_hal_tim_ex.c ****   }
 4340              		.loc 1 1675 12 view .LVU1247
 4341 008e 1846     		mov	r0, r3
 4342              	.LVL311:
1675:Drivers/STM32F4xx_HAL_Driver/Src/stm32f4xx_hal_tim_ex.c ****   }
 4343              		.loc 1 1675 12 view .LVU1248
 4344 0090 FCE7     		b	.L339
ARM GAS  C:\Users\10369\AppData\Local\Temp\ccUaxGpI.s 			page 140


 4345              		.cfi_endproc
 4346              	.LFE158:
 4348              		.section	.text.HAL_TIMEx_OnePulseN_Stop_IT,"ax",%progbits
 4349              		.align	1
 4350              		.global	HAL_TIMEx_OnePulseN_Stop_IT
 4351              		.syntax unified
 4352              		.thumb
 4353              		.thumb_func
 4355              	HAL_TIMEx_OnePulseN_Stop_IT:
 4356              	.LVL312:
 4357              	.LFB159:
1714:Drivers/STM32F4xx_HAL_Driver/Src/stm32f4xx_hal_tim_ex.c ****   uint32_t input_channel = (OutputChannel == TIM_CHANNEL_1) ? TIM_CHANNEL_2 : TIM_CHANNEL_1;
 4358              		.loc 1 1714 1 is_stmt 1 view -0
 4359              		.cfi_startproc
 4360              		@ args = 0, pretend = 0, frame = 0
 4361              		@ frame_needed = 0, uses_anonymous_args = 0
1714:Drivers/STM32F4xx_HAL_Driver/Src/stm32f4xx_hal_tim_ex.c ****   uint32_t input_channel = (OutputChannel == TIM_CHANNEL_1) ? TIM_CHANNEL_2 : TIM_CHANNEL_1;
 4362              		.loc 1 1714 1 is_stmt 0 view .LVU1250
 4363 0000 38B5     		push	{r3, r4, r5, lr}
 4364              	.LCFI29:
 4365              		.cfi_def_cfa_offset 16
 4366              		.cfi_offset 3, -16
 4367              		.cfi_offset 4, -12
 4368              		.cfi_offset 5, -8
 4369              		.cfi_offset 14, -4
 4370 0002 0446     		mov	r4, r0
1715:Drivers/STM32F4xx_HAL_Driver/Src/stm32f4xx_hal_tim_ex.c **** 
 4371              		.loc 1 1715 3 is_stmt 1 view .LVU1251
1715:Drivers/STM32F4xx_HAL_Driver/Src/stm32f4xx_hal_tim_ex.c **** 
 4372              		.loc 1 1715 77 is_stmt 0 view .LVU1252
 4373 0004 0029     		cmp	r1, #0
 4374 0006 3CD1     		bne	.L350
1715:Drivers/STM32F4xx_HAL_Driver/Src/stm32f4xx_hal_tim_ex.c **** 
 4375              		.loc 1 1715 77 discriminator 1 view .LVU1253
 4376 0008 0425     		movs	r5, #4
 4377              	.L347:
 4378              	.LVL313:
1718:Drivers/STM32F4xx_HAL_Driver/Src/stm32f4xx_hal_tim_ex.c **** 
 4379              		.loc 1 1718 3 is_stmt 1 view .LVU1254
1721:Drivers/STM32F4xx_HAL_Driver/Src/stm32f4xx_hal_tim_ex.c **** 
 4380              		.loc 1 1721 3 view .LVU1255
 4381 000a 2268     		ldr	r2, [r4]
 4382 000c D368     		ldr	r3, [r2, #12]
 4383 000e 23F00203 		bic	r3, r3, #2
 4384 0012 D360     		str	r3, [r2, #12]
1724:Drivers/STM32F4xx_HAL_Driver/Src/stm32f4xx_hal_tim_ex.c **** 
 4385              		.loc 1 1724 3 view .LVU1256
 4386 0014 2268     		ldr	r2, [r4]
 4387 0016 D368     		ldr	r3, [r2, #12]
 4388 0018 23F00403 		bic	r3, r3, #4
 4389 001c D360     		str	r3, [r2, #12]
1727:Drivers/STM32F4xx_HAL_Driver/Src/stm32f4xx_hal_tim_ex.c ****   TIM_CCxChannelCmd(htim->Instance, input_channel, TIM_CCx_DISABLE);
 4390              		.loc 1 1727 3 view .LVU1257
 4391 001e 0022     		movs	r2, #0
 4392 0020 2068     		ldr	r0, [r4]
 4393              	.LVL314:
1727:Drivers/STM32F4xx_HAL_Driver/Src/stm32f4xx_hal_tim_ex.c ****   TIM_CCxChannelCmd(htim->Instance, input_channel, TIM_CCx_DISABLE);
ARM GAS  C:\Users\10369\AppData\Local\Temp\ccUaxGpI.s 			page 141


 4394              		.loc 1 1727 3 is_stmt 0 view .LVU1258
 4395 0022 FFF7FEFF 		bl	TIM_CCxNChannelCmd
 4396              	.LVL315:
1728:Drivers/STM32F4xx_HAL_Driver/Src/stm32f4xx_hal_tim_ex.c **** 
 4397              		.loc 1 1728 3 is_stmt 1 view .LVU1259
 4398 0026 0022     		movs	r2, #0
 4399 0028 2946     		mov	r1, r5
 4400 002a 2068     		ldr	r0, [r4]
 4401 002c FFF7FEFF 		bl	TIM_CCxChannelCmd
 4402              	.LVL316:
1731:Drivers/STM32F4xx_HAL_Driver/Src/stm32f4xx_hal_tim_ex.c **** 
 4403              		.loc 1 1731 3 view .LVU1260
1731:Drivers/STM32F4xx_HAL_Driver/Src/stm32f4xx_hal_tim_ex.c **** 
 4404              		.loc 1 1731 3 view .LVU1261
 4405 0030 2368     		ldr	r3, [r4]
 4406 0032 196A     		ldr	r1, [r3, #32]
 4407 0034 41F21112 		movw	r2, #4369
 4408 0038 1142     		tst	r1, r2
 4409 003a 08D1     		bne	.L348
1731:Drivers/STM32F4xx_HAL_Driver/Src/stm32f4xx_hal_tim_ex.c **** 
 4410              		.loc 1 1731 3 discriminator 1 view .LVU1262
 4411 003c 196A     		ldr	r1, [r3, #32]
 4412 003e 40F24442 		movw	r2, #1092
 4413 0042 1142     		tst	r1, r2
 4414 0044 03D1     		bne	.L348
1731:Drivers/STM32F4xx_HAL_Driver/Src/stm32f4xx_hal_tim_ex.c **** 
 4415              		.loc 1 1731 3 discriminator 3 view .LVU1263
 4416 0046 5A6C     		ldr	r2, [r3, #68]
 4417 0048 22F40042 		bic	r2, r2, #32768
 4418 004c 5A64     		str	r2, [r3, #68]
 4419              	.L348:
1731:Drivers/STM32F4xx_HAL_Driver/Src/stm32f4xx_hal_tim_ex.c **** 
 4420              		.loc 1 1731 3 discriminator 5 view .LVU1264
1734:Drivers/STM32F4xx_HAL_Driver/Src/stm32f4xx_hal_tim_ex.c **** 
 4421              		.loc 1 1734 3 view .LVU1265
1734:Drivers/STM32F4xx_HAL_Driver/Src/stm32f4xx_hal_tim_ex.c **** 
 4422              		.loc 1 1734 3 view .LVU1266
 4423 004e 2368     		ldr	r3, [r4]
 4424 0050 196A     		ldr	r1, [r3, #32]
 4425 0052 41F21112 		movw	r2, #4369
 4426 0056 1142     		tst	r1, r2
 4427 0058 08D1     		bne	.L349
1734:Drivers/STM32F4xx_HAL_Driver/Src/stm32f4xx_hal_tim_ex.c **** 
 4428              		.loc 1 1734 3 discriminator 1 view .LVU1267
 4429 005a 196A     		ldr	r1, [r3, #32]
 4430 005c 40F24442 		movw	r2, #1092
 4431 0060 1142     		tst	r1, r2
 4432 0062 03D1     		bne	.L349
1734:Drivers/STM32F4xx_HAL_Driver/Src/stm32f4xx_hal_tim_ex.c **** 
 4433              		.loc 1 1734 3 discriminator 3 view .LVU1268
 4434 0064 1A68     		ldr	r2, [r3]
 4435 0066 22F00102 		bic	r2, r2, #1
 4436 006a 1A60     		str	r2, [r3]
 4437              	.L349:
1734:Drivers/STM32F4xx_HAL_Driver/Src/stm32f4xx_hal_tim_ex.c **** 
 4438              		.loc 1 1734 3 discriminator 5 view .LVU1269
1737:Drivers/STM32F4xx_HAL_Driver/Src/stm32f4xx_hal_tim_ex.c ****   TIM_CHANNEL_STATE_SET(htim, TIM_CHANNEL_2, HAL_TIM_CHANNEL_STATE_READY);
ARM GAS  C:\Users\10369\AppData\Local\Temp\ccUaxGpI.s 			page 142


 4439              		.loc 1 1737 3 view .LVU1270
 4440 006c 0123     		movs	r3, #1
 4441 006e 84F83E30 		strb	r3, [r4, #62]
1738:Drivers/STM32F4xx_HAL_Driver/Src/stm32f4xx_hal_tim_ex.c ****   TIM_CHANNEL_N_STATE_SET(htim, TIM_CHANNEL_1, HAL_TIM_CHANNEL_STATE_READY);
 4442              		.loc 1 1738 3 view .LVU1271
 4443 0072 84F83F30 		strb	r3, [r4, #63]
1739:Drivers/STM32F4xx_HAL_Driver/Src/stm32f4xx_hal_tim_ex.c ****   TIM_CHANNEL_N_STATE_SET(htim, TIM_CHANNEL_2, HAL_TIM_CHANNEL_STATE_READY);
 4444              		.loc 1 1739 3 view .LVU1272
 4445 0076 84F84230 		strb	r3, [r4, #66]
1740:Drivers/STM32F4xx_HAL_Driver/Src/stm32f4xx_hal_tim_ex.c **** 
 4446              		.loc 1 1740 3 view .LVU1273
 4447 007a 84F84330 		strb	r3, [r4, #67]
1743:Drivers/STM32F4xx_HAL_Driver/Src/stm32f4xx_hal_tim_ex.c **** }
 4448              		.loc 1 1743 3 view .LVU1274
1744:Drivers/STM32F4xx_HAL_Driver/Src/stm32f4xx_hal_tim_ex.c **** 
 4449              		.loc 1 1744 1 is_stmt 0 view .LVU1275
 4450 007e 0020     		movs	r0, #0
 4451 0080 38BD     		pop	{r3, r4, r5, pc}
 4452              	.LVL317:
 4453              	.L350:
1715:Drivers/STM32F4xx_HAL_Driver/Src/stm32f4xx_hal_tim_ex.c **** 
 4454              		.loc 1 1715 77 discriminator 2 view .LVU1276
 4455 0082 0025     		movs	r5, #0
 4456 0084 C1E7     		b	.L347
 4457              		.cfi_endproc
 4458              	.LFE159:
 4460              		.section	.text.HAL_TIMEx_ConfigCommutEvent,"ax",%progbits
 4461              		.align	1
 4462              		.global	HAL_TIMEx_ConfigCommutEvent
 4463              		.syntax unified
 4464              		.thumb
 4465              		.thumb_func
 4467              	HAL_TIMEx_ConfigCommutEvent:
 4468              	.LVL318:
 4469              	.LFB160:
1794:Drivers/STM32F4xx_HAL_Driver/Src/stm32f4xx_hal_tim_ex.c ****   /* Check the parameters */
 4470              		.loc 1 1794 1 is_stmt 1 view -0
 4471              		.cfi_startproc
 4472              		@ args = 0, pretend = 0, frame = 0
 4473              		@ frame_needed = 0, uses_anonymous_args = 0
 4474              		@ link register save eliminated.
1794:Drivers/STM32F4xx_HAL_Driver/Src/stm32f4xx_hal_tim_ex.c ****   /* Check the parameters */
 4475              		.loc 1 1794 1 is_stmt 0 view .LVU1278
 4476 0000 0346     		mov	r3, r0
1796:Drivers/STM32F4xx_HAL_Driver/Src/stm32f4xx_hal_tim_ex.c ****   assert_param(IS_TIM_INTERNAL_TRIGGEREVENT_SELECTION(InputTrigger));
 4477              		.loc 1 1796 3 is_stmt 1 view .LVU1279
1797:Drivers/STM32F4xx_HAL_Driver/Src/stm32f4xx_hal_tim_ex.c **** 
 4478              		.loc 1 1797 3 view .LVU1280
1799:Drivers/STM32F4xx_HAL_Driver/Src/stm32f4xx_hal_tim_ex.c **** 
 4479              		.loc 1 1799 3 view .LVU1281
1799:Drivers/STM32F4xx_HAL_Driver/Src/stm32f4xx_hal_tim_ex.c **** 
 4480              		.loc 1 1799 3 view .LVU1282
 4481 0002 90F83C00 		ldrb	r0, [r0, #60]	@ zero_extendqisi2
 4482              	.LVL319:
1799:Drivers/STM32F4xx_HAL_Driver/Src/stm32f4xx_hal_tim_ex.c **** 
 4483              		.loc 1 1799 3 is_stmt 0 view .LVU1283
 4484 0006 0128     		cmp	r0, #1
ARM GAS  C:\Users\10369\AppData\Local\Temp\ccUaxGpI.s 			page 143


 4485 0008 33D0     		beq	.L357
1794:Drivers/STM32F4xx_HAL_Driver/Src/stm32f4xx_hal_tim_ex.c ****   /* Check the parameters */
 4486              		.loc 1 1794 1 view .LVU1284
 4487 000a 10B4     		push	{r4}
 4488              	.LCFI30:
 4489              		.cfi_def_cfa_offset 4
 4490              		.cfi_offset 4, -4
1799:Drivers/STM32F4xx_HAL_Driver/Src/stm32f4xx_hal_tim_ex.c **** 
 4491              		.loc 1 1799 3 is_stmt 1 discriminator 2 view .LVU1285
 4492 000c 0120     		movs	r0, #1
 4493 000e 83F83C00 		strb	r0, [r3, #60]
1799:Drivers/STM32F4xx_HAL_Driver/Src/stm32f4xx_hal_tim_ex.c **** 
 4494              		.loc 1 1799 3 view .LVU1286
1801:Drivers/STM32F4xx_HAL_Driver/Src/stm32f4xx_hal_tim_ex.c ****       (InputTrigger == TIM_TS_ITR2) || (InputTrigger == TIM_TS_ITR3))
 4495              		.loc 1 1801 3 view .LVU1287
 4496 0012 2029     		cmp	r1, #32
 4497 0014 03D0     		beq	.L354
 4498 0016 29D8     		bhi	.L355
 4499 0018 09B1     		cbz	r1, .L354
 4500 001a 1029     		cmp	r1, #16
 4501 001c 08D1     		bne	.L356
 4502              	.L354:
1805:Drivers/STM32F4xx_HAL_Driver/Src/stm32f4xx_hal_tim_ex.c ****     htim->Instance->SMCR |= InputTrigger;
 4503              		.loc 1 1805 5 view .LVU1288
1805:Drivers/STM32F4xx_HAL_Driver/Src/stm32f4xx_hal_tim_ex.c ****     htim->Instance->SMCR |= InputTrigger;
 4504              		.loc 1 1805 9 is_stmt 0 view .LVU1289
 4505 001e 1C68     		ldr	r4, [r3]
1805:Drivers/STM32F4xx_HAL_Driver/Src/stm32f4xx_hal_tim_ex.c ****     htim->Instance->SMCR |= InputTrigger;
 4506              		.loc 1 1805 19 view .LVU1290
 4507 0020 A068     		ldr	r0, [r4, #8]
1805:Drivers/STM32F4xx_HAL_Driver/Src/stm32f4xx_hal_tim_ex.c ****     htim->Instance->SMCR |= InputTrigger;
 4508              		.loc 1 1805 26 view .LVU1291
 4509 0022 20F07000 		bic	r0, r0, #112
 4510 0026 A060     		str	r0, [r4, #8]
1806:Drivers/STM32F4xx_HAL_Driver/Src/stm32f4xx_hal_tim_ex.c ****   }
 4511              		.loc 1 1806 5 is_stmt 1 view .LVU1292
1806:Drivers/STM32F4xx_HAL_Driver/Src/stm32f4xx_hal_tim_ex.c ****   }
 4512              		.loc 1 1806 9 is_stmt 0 view .LVU1293
 4513 0028 1C68     		ldr	r4, [r3]
1806:Drivers/STM32F4xx_HAL_Driver/Src/stm32f4xx_hal_tim_ex.c ****   }
 4514              		.loc 1 1806 19 view .LVU1294
 4515 002a A068     		ldr	r0, [r4, #8]
1806:Drivers/STM32F4xx_HAL_Driver/Src/stm32f4xx_hal_tim_ex.c ****   }
 4516              		.loc 1 1806 26 view .LVU1295
 4517 002c 0143     		orrs	r1, r1, r0
 4518              	.LVL320:
1806:Drivers/STM32F4xx_HAL_Driver/Src/stm32f4xx_hal_tim_ex.c ****   }
 4519              		.loc 1 1806 26 view .LVU1296
 4520 002e A160     		str	r1, [r4, #8]
 4521              	.L356:
1810:Drivers/STM32F4xx_HAL_Driver/Src/stm32f4xx_hal_tim_ex.c ****   /* Select the Commutation event source */
 4522              		.loc 1 1810 3 is_stmt 1 view .LVU1297
1810:Drivers/STM32F4xx_HAL_Driver/Src/stm32f4xx_hal_tim_ex.c ****   /* Select the Commutation event source */
 4523              		.loc 1 1810 7 is_stmt 0 view .LVU1298
 4524 0030 1868     		ldr	r0, [r3]
1810:Drivers/STM32F4xx_HAL_Driver/Src/stm32f4xx_hal_tim_ex.c ****   /* Select the Commutation event source */
 4525              		.loc 1 1810 17 view .LVU1299
ARM GAS  C:\Users\10369\AppData\Local\Temp\ccUaxGpI.s 			page 144


 4526 0032 4168     		ldr	r1, [r0, #4]
1810:Drivers/STM32F4xx_HAL_Driver/Src/stm32f4xx_hal_tim_ex.c ****   /* Select the Commutation event source */
 4527              		.loc 1 1810 23 view .LVU1300
 4528 0034 41F00101 		orr	r1, r1, #1
 4529 0038 4160     		str	r1, [r0, #4]
1812:Drivers/STM32F4xx_HAL_Driver/Src/stm32f4xx_hal_tim_ex.c ****   htim->Instance->CR2 |= CommutationSource;
 4530              		.loc 1 1812 3 is_stmt 1 view .LVU1301
1812:Drivers/STM32F4xx_HAL_Driver/Src/stm32f4xx_hal_tim_ex.c ****   htim->Instance->CR2 |= CommutationSource;
 4531              		.loc 1 1812 7 is_stmt 0 view .LVU1302
 4532 003a 1868     		ldr	r0, [r3]
1812:Drivers/STM32F4xx_HAL_Driver/Src/stm32f4xx_hal_tim_ex.c ****   htim->Instance->CR2 |= CommutationSource;
 4533              		.loc 1 1812 17 view .LVU1303
 4534 003c 4168     		ldr	r1, [r0, #4]
1812:Drivers/STM32F4xx_HAL_Driver/Src/stm32f4xx_hal_tim_ex.c ****   htim->Instance->CR2 |= CommutationSource;
 4535              		.loc 1 1812 23 view .LVU1304
 4536 003e 21F00401 		bic	r1, r1, #4
 4537 0042 4160     		str	r1, [r0, #4]
1813:Drivers/STM32F4xx_HAL_Driver/Src/stm32f4xx_hal_tim_ex.c **** 
 4538              		.loc 1 1813 3 is_stmt 1 view .LVU1305
1813:Drivers/STM32F4xx_HAL_Driver/Src/stm32f4xx_hal_tim_ex.c **** 
 4539              		.loc 1 1813 7 is_stmt 0 view .LVU1306
 4540 0044 1868     		ldr	r0, [r3]
1813:Drivers/STM32F4xx_HAL_Driver/Src/stm32f4xx_hal_tim_ex.c **** 
 4541              		.loc 1 1813 17 view .LVU1307
 4542 0046 4168     		ldr	r1, [r0, #4]
1813:Drivers/STM32F4xx_HAL_Driver/Src/stm32f4xx_hal_tim_ex.c **** 
 4543              		.loc 1 1813 23 view .LVU1308
 4544 0048 0A43     		orrs	r2, r2, r1
 4545              	.LVL321:
1813:Drivers/STM32F4xx_HAL_Driver/Src/stm32f4xx_hal_tim_ex.c **** 
 4546              		.loc 1 1813 23 view .LVU1309
 4547 004a 4260     		str	r2, [r0, #4]
1816:Drivers/STM32F4xx_HAL_Driver/Src/stm32f4xx_hal_tim_ex.c **** 
 4548              		.loc 1 1816 3 is_stmt 1 view .LVU1310
 4549 004c 1968     		ldr	r1, [r3]
 4550 004e CA68     		ldr	r2, [r1, #12]
 4551 0050 22F02002 		bic	r2, r2, #32
 4552 0054 CA60     		str	r2, [r1, #12]
1819:Drivers/STM32F4xx_HAL_Driver/Src/stm32f4xx_hal_tim_ex.c **** 
 4553              		.loc 1 1819 3 view .LVU1311
 4554 0056 1968     		ldr	r1, [r3]
 4555 0058 CA68     		ldr	r2, [r1, #12]
 4556 005a 22F40052 		bic	r2, r2, #8192
 4557 005e CA60     		str	r2, [r1, #12]
1821:Drivers/STM32F4xx_HAL_Driver/Src/stm32f4xx_hal_tim_ex.c **** 
 4558              		.loc 1 1821 3 view .LVU1312
1821:Drivers/STM32F4xx_HAL_Driver/Src/stm32f4xx_hal_tim_ex.c **** 
 4559              		.loc 1 1821 3 view .LVU1313
 4560 0060 0020     		movs	r0, #0
 4561 0062 83F83C00 		strb	r0, [r3, #60]
1821:Drivers/STM32F4xx_HAL_Driver/Src/stm32f4xx_hal_tim_ex.c **** 
 4562              		.loc 1 1821 3 view .LVU1314
1823:Drivers/STM32F4xx_HAL_Driver/Src/stm32f4xx_hal_tim_ex.c **** }
 4563              		.loc 1 1823 3 view .LVU1315
1824:Drivers/STM32F4xx_HAL_Driver/Src/stm32f4xx_hal_tim_ex.c **** 
 4564              		.loc 1 1824 1 is_stmt 0 view .LVU1316
 4565 0066 5DF8044B 		ldr	r4, [sp], #4
ARM GAS  C:\Users\10369\AppData\Local\Temp\ccUaxGpI.s 			page 145


 4566              	.LCFI31:
 4567              		.cfi_remember_state
 4568              		.cfi_restore 4
 4569              		.cfi_def_cfa_offset 0
 4570 006a 7047     		bx	lr
 4571              	.LVL322:
 4572              	.L355:
 4573              	.LCFI32:
 4574              		.cfi_restore_state
1824:Drivers/STM32F4xx_HAL_Driver/Src/stm32f4xx_hal_tim_ex.c **** 
 4575              		.loc 1 1824 1 view .LVU1317
 4576 006c 3029     		cmp	r1, #48
 4577 006e DFD1     		bne	.L356
 4578 0070 D5E7     		b	.L354
 4579              	.L357:
 4580              	.LCFI33:
 4581              		.cfi_def_cfa_offset 0
 4582              		.cfi_restore 4
1799:Drivers/STM32F4xx_HAL_Driver/Src/stm32f4xx_hal_tim_ex.c **** 
 4583              		.loc 1 1799 3 discriminator 1 view .LVU1318
 4584 0072 0220     		movs	r0, #2
1824:Drivers/STM32F4xx_HAL_Driver/Src/stm32f4xx_hal_tim_ex.c **** 
 4585              		.loc 1 1824 1 view .LVU1319
 4586 0074 7047     		bx	lr
 4587              		.cfi_endproc
 4588              	.LFE160:
 4590              		.section	.text.HAL_TIMEx_ConfigCommutEvent_IT,"ax",%progbits
 4591              		.align	1
 4592              		.global	HAL_TIMEx_ConfigCommutEvent_IT
 4593              		.syntax unified
 4594              		.thumb
 4595              		.thumb_func
 4597              	HAL_TIMEx_ConfigCommutEvent_IT:
 4598              	.LVL323:
 4599              	.LFB161:
1850:Drivers/STM32F4xx_HAL_Driver/Src/stm32f4xx_hal_tim_ex.c ****   /* Check the parameters */
 4600              		.loc 1 1850 1 is_stmt 1 view -0
 4601              		.cfi_startproc
 4602              		@ args = 0, pretend = 0, frame = 0
 4603              		@ frame_needed = 0, uses_anonymous_args = 0
 4604              		@ link register save eliminated.
1850:Drivers/STM32F4xx_HAL_Driver/Src/stm32f4xx_hal_tim_ex.c ****   /* Check the parameters */
 4605              		.loc 1 1850 1 is_stmt 0 view .LVU1321
 4606 0000 0346     		mov	r3, r0
1852:Drivers/STM32F4xx_HAL_Driver/Src/stm32f4xx_hal_tim_ex.c ****   assert_param(IS_TIM_INTERNAL_TRIGGEREVENT_SELECTION(InputTrigger));
 4607              		.loc 1 1852 3 is_stmt 1 view .LVU1322
1853:Drivers/STM32F4xx_HAL_Driver/Src/stm32f4xx_hal_tim_ex.c **** 
 4608              		.loc 1 1853 3 view .LVU1323
1855:Drivers/STM32F4xx_HAL_Driver/Src/stm32f4xx_hal_tim_ex.c **** 
 4609              		.loc 1 1855 3 view .LVU1324
1855:Drivers/STM32F4xx_HAL_Driver/Src/stm32f4xx_hal_tim_ex.c **** 
 4610              		.loc 1 1855 3 view .LVU1325
 4611 0002 90F83C00 		ldrb	r0, [r0, #60]	@ zero_extendqisi2
 4612              	.LVL324:
1855:Drivers/STM32F4xx_HAL_Driver/Src/stm32f4xx_hal_tim_ex.c **** 
 4613              		.loc 1 1855 3 is_stmt 0 view .LVU1326
 4614 0006 0128     		cmp	r0, #1
ARM GAS  C:\Users\10369\AppData\Local\Temp\ccUaxGpI.s 			page 146


 4615 0008 33D0     		beq	.L367
1850:Drivers/STM32F4xx_HAL_Driver/Src/stm32f4xx_hal_tim_ex.c ****   /* Check the parameters */
 4616              		.loc 1 1850 1 view .LVU1327
 4617 000a 10B4     		push	{r4}
 4618              	.LCFI34:
 4619              		.cfi_def_cfa_offset 4
 4620              		.cfi_offset 4, -4
1855:Drivers/STM32F4xx_HAL_Driver/Src/stm32f4xx_hal_tim_ex.c **** 
 4621              		.loc 1 1855 3 is_stmt 1 discriminator 2 view .LVU1328
 4622 000c 0120     		movs	r0, #1
 4623 000e 83F83C00 		strb	r0, [r3, #60]
1855:Drivers/STM32F4xx_HAL_Driver/Src/stm32f4xx_hal_tim_ex.c **** 
 4624              		.loc 1 1855 3 view .LVU1329
1857:Drivers/STM32F4xx_HAL_Driver/Src/stm32f4xx_hal_tim_ex.c ****       (InputTrigger == TIM_TS_ITR2) || (InputTrigger == TIM_TS_ITR3))
 4625              		.loc 1 1857 3 view .LVU1330
 4626 0012 2029     		cmp	r1, #32
 4627 0014 03D0     		beq	.L364
 4628 0016 29D8     		bhi	.L365
 4629 0018 09B1     		cbz	r1, .L364
 4630 001a 1029     		cmp	r1, #16
 4631 001c 08D1     		bne	.L366
 4632              	.L364:
1861:Drivers/STM32F4xx_HAL_Driver/Src/stm32f4xx_hal_tim_ex.c ****     htim->Instance->SMCR |= InputTrigger;
 4633              		.loc 1 1861 5 view .LVU1331
1861:Drivers/STM32F4xx_HAL_Driver/Src/stm32f4xx_hal_tim_ex.c ****     htim->Instance->SMCR |= InputTrigger;
 4634              		.loc 1 1861 9 is_stmt 0 view .LVU1332
 4635 001e 1C68     		ldr	r4, [r3]
1861:Drivers/STM32F4xx_HAL_Driver/Src/stm32f4xx_hal_tim_ex.c ****     htim->Instance->SMCR |= InputTrigger;
 4636              		.loc 1 1861 19 view .LVU1333
 4637 0020 A068     		ldr	r0, [r4, #8]
1861:Drivers/STM32F4xx_HAL_Driver/Src/stm32f4xx_hal_tim_ex.c ****     htim->Instance->SMCR |= InputTrigger;
 4638              		.loc 1 1861 26 view .LVU1334
 4639 0022 20F07000 		bic	r0, r0, #112
 4640 0026 A060     		str	r0, [r4, #8]
1862:Drivers/STM32F4xx_HAL_Driver/Src/stm32f4xx_hal_tim_ex.c ****   }
 4641              		.loc 1 1862 5 is_stmt 1 view .LVU1335
1862:Drivers/STM32F4xx_HAL_Driver/Src/stm32f4xx_hal_tim_ex.c ****   }
 4642              		.loc 1 1862 9 is_stmt 0 view .LVU1336
 4643 0028 1C68     		ldr	r4, [r3]
1862:Drivers/STM32F4xx_HAL_Driver/Src/stm32f4xx_hal_tim_ex.c ****   }
 4644              		.loc 1 1862 19 view .LVU1337
 4645 002a A068     		ldr	r0, [r4, #8]
1862:Drivers/STM32F4xx_HAL_Driver/Src/stm32f4xx_hal_tim_ex.c ****   }
 4646              		.loc 1 1862 26 view .LVU1338
 4647 002c 0143     		orrs	r1, r1, r0
 4648              	.LVL325:
1862:Drivers/STM32F4xx_HAL_Driver/Src/stm32f4xx_hal_tim_ex.c ****   }
 4649              		.loc 1 1862 26 view .LVU1339
 4650 002e A160     		str	r1, [r4, #8]
 4651              	.L366:
1866:Drivers/STM32F4xx_HAL_Driver/Src/stm32f4xx_hal_tim_ex.c ****   /* Select the Commutation event source */
 4652              		.loc 1 1866 3 is_stmt 1 view .LVU1340
1866:Drivers/STM32F4xx_HAL_Driver/Src/stm32f4xx_hal_tim_ex.c ****   /* Select the Commutation event source */
 4653              		.loc 1 1866 7 is_stmt 0 view .LVU1341
 4654 0030 1868     		ldr	r0, [r3]
1866:Drivers/STM32F4xx_HAL_Driver/Src/stm32f4xx_hal_tim_ex.c ****   /* Select the Commutation event source */
 4655              		.loc 1 1866 17 view .LVU1342
ARM GAS  C:\Users\10369\AppData\Local\Temp\ccUaxGpI.s 			page 147


 4656 0032 4168     		ldr	r1, [r0, #4]
1866:Drivers/STM32F4xx_HAL_Driver/Src/stm32f4xx_hal_tim_ex.c ****   /* Select the Commutation event source */
 4657              		.loc 1 1866 23 view .LVU1343
 4658 0034 41F00101 		orr	r1, r1, #1
 4659 0038 4160     		str	r1, [r0, #4]
1868:Drivers/STM32F4xx_HAL_Driver/Src/stm32f4xx_hal_tim_ex.c ****   htim->Instance->CR2 |= CommutationSource;
 4660              		.loc 1 1868 3 is_stmt 1 view .LVU1344
1868:Drivers/STM32F4xx_HAL_Driver/Src/stm32f4xx_hal_tim_ex.c ****   htim->Instance->CR2 |= CommutationSource;
 4661              		.loc 1 1868 7 is_stmt 0 view .LVU1345
 4662 003a 1868     		ldr	r0, [r3]
1868:Drivers/STM32F4xx_HAL_Driver/Src/stm32f4xx_hal_tim_ex.c ****   htim->Instance->CR2 |= CommutationSource;
 4663              		.loc 1 1868 17 view .LVU1346
 4664 003c 4168     		ldr	r1, [r0, #4]
1868:Drivers/STM32F4xx_HAL_Driver/Src/stm32f4xx_hal_tim_ex.c ****   htim->Instance->CR2 |= CommutationSource;
 4665              		.loc 1 1868 23 view .LVU1347
 4666 003e 21F00401 		bic	r1, r1, #4
 4667 0042 4160     		str	r1, [r0, #4]
1869:Drivers/STM32F4xx_HAL_Driver/Src/stm32f4xx_hal_tim_ex.c **** 
 4668              		.loc 1 1869 3 is_stmt 1 view .LVU1348
1869:Drivers/STM32F4xx_HAL_Driver/Src/stm32f4xx_hal_tim_ex.c **** 
 4669              		.loc 1 1869 7 is_stmt 0 view .LVU1349
 4670 0044 1868     		ldr	r0, [r3]
1869:Drivers/STM32F4xx_HAL_Driver/Src/stm32f4xx_hal_tim_ex.c **** 
 4671              		.loc 1 1869 17 view .LVU1350
 4672 0046 4168     		ldr	r1, [r0, #4]
1869:Drivers/STM32F4xx_HAL_Driver/Src/stm32f4xx_hal_tim_ex.c **** 
 4673              		.loc 1 1869 23 view .LVU1351
 4674 0048 0A43     		orrs	r2, r2, r1
 4675              	.LVL326:
1869:Drivers/STM32F4xx_HAL_Driver/Src/stm32f4xx_hal_tim_ex.c **** 
 4676              		.loc 1 1869 23 view .LVU1352
 4677 004a 4260     		str	r2, [r0, #4]
1872:Drivers/STM32F4xx_HAL_Driver/Src/stm32f4xx_hal_tim_ex.c **** 
 4678              		.loc 1 1872 3 is_stmt 1 view .LVU1353
 4679 004c 1968     		ldr	r1, [r3]
 4680 004e CA68     		ldr	r2, [r1, #12]
 4681 0050 22F40052 		bic	r2, r2, #8192
 4682 0054 CA60     		str	r2, [r1, #12]
1875:Drivers/STM32F4xx_HAL_Driver/Src/stm32f4xx_hal_tim_ex.c **** 
 4683              		.loc 1 1875 3 view .LVU1354
 4684 0056 1968     		ldr	r1, [r3]
 4685 0058 CA68     		ldr	r2, [r1, #12]
 4686 005a 42F02002 		orr	r2, r2, #32
 4687 005e CA60     		str	r2, [r1, #12]
1877:Drivers/STM32F4xx_HAL_Driver/Src/stm32f4xx_hal_tim_ex.c **** 
 4688              		.loc 1 1877 3 view .LVU1355
1877:Drivers/STM32F4xx_HAL_Driver/Src/stm32f4xx_hal_tim_ex.c **** 
 4689              		.loc 1 1877 3 view .LVU1356
 4690 0060 0020     		movs	r0, #0
 4691 0062 83F83C00 		strb	r0, [r3, #60]
1877:Drivers/STM32F4xx_HAL_Driver/Src/stm32f4xx_hal_tim_ex.c **** 
 4692              		.loc 1 1877 3 view .LVU1357
1879:Drivers/STM32F4xx_HAL_Driver/Src/stm32f4xx_hal_tim_ex.c **** }
 4693              		.loc 1 1879 3 view .LVU1358
1880:Drivers/STM32F4xx_HAL_Driver/Src/stm32f4xx_hal_tim_ex.c **** 
 4694              		.loc 1 1880 1 is_stmt 0 view .LVU1359
 4695 0066 5DF8044B 		ldr	r4, [sp], #4
ARM GAS  C:\Users\10369\AppData\Local\Temp\ccUaxGpI.s 			page 148


 4696              	.LCFI35:
 4697              		.cfi_remember_state
 4698              		.cfi_restore 4
 4699              		.cfi_def_cfa_offset 0
 4700 006a 7047     		bx	lr
 4701              	.LVL327:
 4702              	.L365:
 4703              	.LCFI36:
 4704              		.cfi_restore_state
1880:Drivers/STM32F4xx_HAL_Driver/Src/stm32f4xx_hal_tim_ex.c **** 
 4705              		.loc 1 1880 1 view .LVU1360
 4706 006c 3029     		cmp	r1, #48
 4707 006e DFD1     		bne	.L366
 4708 0070 D5E7     		b	.L364
 4709              	.L367:
 4710              	.LCFI37:
 4711              		.cfi_def_cfa_offset 0
 4712              		.cfi_restore 4
1855:Drivers/STM32F4xx_HAL_Driver/Src/stm32f4xx_hal_tim_ex.c **** 
 4713              		.loc 1 1855 3 discriminator 1 view .LVU1361
 4714 0072 0220     		movs	r0, #2
1880:Drivers/STM32F4xx_HAL_Driver/Src/stm32f4xx_hal_tim_ex.c **** 
 4715              		.loc 1 1880 1 view .LVU1362
 4716 0074 7047     		bx	lr
 4717              		.cfi_endproc
 4718              	.LFE161:
 4720              		.section	.text.HAL_TIMEx_ConfigCommutEvent_DMA,"ax",%progbits
 4721              		.align	1
 4722              		.global	HAL_TIMEx_ConfigCommutEvent_DMA
 4723              		.syntax unified
 4724              		.thumb
 4725              		.thumb_func
 4727              	HAL_TIMEx_ConfigCommutEvent_DMA:
 4728              	.LVL328:
 4729              	.LFB162:
1907:Drivers/STM32F4xx_HAL_Driver/Src/stm32f4xx_hal_tim_ex.c ****   /* Check the parameters */
 4730              		.loc 1 1907 1 is_stmt 1 view -0
 4731              		.cfi_startproc
 4732              		@ args = 0, pretend = 0, frame = 0
 4733              		@ frame_needed = 0, uses_anonymous_args = 0
 4734              		@ link register save eliminated.
1907:Drivers/STM32F4xx_HAL_Driver/Src/stm32f4xx_hal_tim_ex.c ****   /* Check the parameters */
 4735              		.loc 1 1907 1 is_stmt 0 view .LVU1364
 4736 0000 0346     		mov	r3, r0
1909:Drivers/STM32F4xx_HAL_Driver/Src/stm32f4xx_hal_tim_ex.c ****   assert_param(IS_TIM_INTERNAL_TRIGGEREVENT_SELECTION(InputTrigger));
 4737              		.loc 1 1909 3 is_stmt 1 view .LVU1365
1910:Drivers/STM32F4xx_HAL_Driver/Src/stm32f4xx_hal_tim_ex.c **** 
 4738              		.loc 1 1910 3 view .LVU1366
1912:Drivers/STM32F4xx_HAL_Driver/Src/stm32f4xx_hal_tim_ex.c **** 
 4739              		.loc 1 1912 3 view .LVU1367
1912:Drivers/STM32F4xx_HAL_Driver/Src/stm32f4xx_hal_tim_ex.c **** 
 4740              		.loc 1 1912 3 view .LVU1368
 4741 0002 90F83C00 		ldrb	r0, [r0, #60]	@ zero_extendqisi2
 4742              	.LVL329:
1912:Drivers/STM32F4xx_HAL_Driver/Src/stm32f4xx_hal_tim_ex.c **** 
 4743              		.loc 1 1912 3 is_stmt 0 view .LVU1369
 4744 0006 0128     		cmp	r0, #1
ARM GAS  C:\Users\10369\AppData\Local\Temp\ccUaxGpI.s 			page 149


 4745 0008 3CD0     		beq	.L377
1907:Drivers/STM32F4xx_HAL_Driver/Src/stm32f4xx_hal_tim_ex.c ****   /* Check the parameters */
 4746              		.loc 1 1907 1 view .LVU1370
 4747 000a 10B4     		push	{r4}
 4748              	.LCFI38:
 4749              		.cfi_def_cfa_offset 4
 4750              		.cfi_offset 4, -4
1912:Drivers/STM32F4xx_HAL_Driver/Src/stm32f4xx_hal_tim_ex.c **** 
 4751              		.loc 1 1912 3 is_stmt 1 discriminator 2 view .LVU1371
 4752 000c 0120     		movs	r0, #1
 4753 000e 83F83C00 		strb	r0, [r3, #60]
1912:Drivers/STM32F4xx_HAL_Driver/Src/stm32f4xx_hal_tim_ex.c **** 
 4754              		.loc 1 1912 3 view .LVU1372
1914:Drivers/STM32F4xx_HAL_Driver/Src/stm32f4xx_hal_tim_ex.c ****       (InputTrigger == TIM_TS_ITR2) || (InputTrigger == TIM_TS_ITR3))
 4755              		.loc 1 1914 3 view .LVU1373
 4756 0012 2029     		cmp	r1, #32
 4757 0014 03D0     		beq	.L374
 4758 0016 32D8     		bhi	.L375
 4759 0018 09B1     		cbz	r1, .L374
 4760 001a 1029     		cmp	r1, #16
 4761 001c 08D1     		bne	.L376
 4762              	.L374:
1918:Drivers/STM32F4xx_HAL_Driver/Src/stm32f4xx_hal_tim_ex.c ****     htim->Instance->SMCR |= InputTrigger;
 4763              		.loc 1 1918 5 view .LVU1374
1918:Drivers/STM32F4xx_HAL_Driver/Src/stm32f4xx_hal_tim_ex.c ****     htim->Instance->SMCR |= InputTrigger;
 4764              		.loc 1 1918 9 is_stmt 0 view .LVU1375
 4765 001e 1C68     		ldr	r4, [r3]
1918:Drivers/STM32F4xx_HAL_Driver/Src/stm32f4xx_hal_tim_ex.c ****     htim->Instance->SMCR |= InputTrigger;
 4766              		.loc 1 1918 19 view .LVU1376
 4767 0020 A068     		ldr	r0, [r4, #8]
1918:Drivers/STM32F4xx_HAL_Driver/Src/stm32f4xx_hal_tim_ex.c ****     htim->Instance->SMCR |= InputTrigger;
 4768              		.loc 1 1918 26 view .LVU1377
 4769 0022 20F07000 		bic	r0, r0, #112
 4770 0026 A060     		str	r0, [r4, #8]
1919:Drivers/STM32F4xx_HAL_Driver/Src/stm32f4xx_hal_tim_ex.c ****   }
 4771              		.loc 1 1919 5 is_stmt 1 view .LVU1378
1919:Drivers/STM32F4xx_HAL_Driver/Src/stm32f4xx_hal_tim_ex.c ****   }
 4772              		.loc 1 1919 9 is_stmt 0 view .LVU1379
 4773 0028 1C68     		ldr	r4, [r3]
1919:Drivers/STM32F4xx_HAL_Driver/Src/stm32f4xx_hal_tim_ex.c ****   }
 4774              		.loc 1 1919 19 view .LVU1380
 4775 002a A068     		ldr	r0, [r4, #8]
1919:Drivers/STM32F4xx_HAL_Driver/Src/stm32f4xx_hal_tim_ex.c ****   }
 4776              		.loc 1 1919 26 view .LVU1381
 4777 002c 0143     		orrs	r1, r1, r0
 4778              	.LVL330:
1919:Drivers/STM32F4xx_HAL_Driver/Src/stm32f4xx_hal_tim_ex.c ****   }
 4779              		.loc 1 1919 26 view .LVU1382
 4780 002e A160     		str	r1, [r4, #8]
 4781              	.L376:
1923:Drivers/STM32F4xx_HAL_Driver/Src/stm32f4xx_hal_tim_ex.c ****   /* Select the Commutation event source */
 4782              		.loc 1 1923 3 is_stmt 1 view .LVU1383
1923:Drivers/STM32F4xx_HAL_Driver/Src/stm32f4xx_hal_tim_ex.c ****   /* Select the Commutation event source */
 4783              		.loc 1 1923 7 is_stmt 0 view .LVU1384
 4784 0030 1868     		ldr	r0, [r3]
1923:Drivers/STM32F4xx_HAL_Driver/Src/stm32f4xx_hal_tim_ex.c ****   /* Select the Commutation event source */
 4785              		.loc 1 1923 17 view .LVU1385
ARM GAS  C:\Users\10369\AppData\Local\Temp\ccUaxGpI.s 			page 150


 4786 0032 4168     		ldr	r1, [r0, #4]
1923:Drivers/STM32F4xx_HAL_Driver/Src/stm32f4xx_hal_tim_ex.c ****   /* Select the Commutation event source */
 4787              		.loc 1 1923 23 view .LVU1386
 4788 0034 41F00101 		orr	r1, r1, #1
 4789 0038 4160     		str	r1, [r0, #4]
1925:Drivers/STM32F4xx_HAL_Driver/Src/stm32f4xx_hal_tim_ex.c ****   htim->Instance->CR2 |= CommutationSource;
 4790              		.loc 1 1925 3 is_stmt 1 view .LVU1387
1925:Drivers/STM32F4xx_HAL_Driver/Src/stm32f4xx_hal_tim_ex.c ****   htim->Instance->CR2 |= CommutationSource;
 4791              		.loc 1 1925 7 is_stmt 0 view .LVU1388
 4792 003a 1868     		ldr	r0, [r3]
1925:Drivers/STM32F4xx_HAL_Driver/Src/stm32f4xx_hal_tim_ex.c ****   htim->Instance->CR2 |= CommutationSource;
 4793              		.loc 1 1925 17 view .LVU1389
 4794 003c 4168     		ldr	r1, [r0, #4]
1925:Drivers/STM32F4xx_HAL_Driver/Src/stm32f4xx_hal_tim_ex.c ****   htim->Instance->CR2 |= CommutationSource;
 4795              		.loc 1 1925 23 view .LVU1390
 4796 003e 21F00401 		bic	r1, r1, #4
 4797 0042 4160     		str	r1, [r0, #4]
1926:Drivers/STM32F4xx_HAL_Driver/Src/stm32f4xx_hal_tim_ex.c **** 
 4798              		.loc 1 1926 3 is_stmt 1 view .LVU1391
1926:Drivers/STM32F4xx_HAL_Driver/Src/stm32f4xx_hal_tim_ex.c **** 
 4799              		.loc 1 1926 7 is_stmt 0 view .LVU1392
 4800 0044 1868     		ldr	r0, [r3]
1926:Drivers/STM32F4xx_HAL_Driver/Src/stm32f4xx_hal_tim_ex.c **** 
 4801              		.loc 1 1926 17 view .LVU1393
 4802 0046 4168     		ldr	r1, [r0, #4]
1926:Drivers/STM32F4xx_HAL_Driver/Src/stm32f4xx_hal_tim_ex.c **** 
 4803              		.loc 1 1926 23 view .LVU1394
 4804 0048 0A43     		orrs	r2, r2, r1
 4805              	.LVL331:
1926:Drivers/STM32F4xx_HAL_Driver/Src/stm32f4xx_hal_tim_ex.c **** 
 4806              		.loc 1 1926 23 view .LVU1395
 4807 004a 4260     		str	r2, [r0, #4]
1930:Drivers/STM32F4xx_HAL_Driver/Src/stm32f4xx_hal_tim_ex.c ****   htim->hdma[TIM_DMA_ID_COMMUTATION]->XferHalfCpltCallback = TIMEx_DMACommutationHalfCplt;
 4808              		.loc 1 1930 3 is_stmt 1 view .LVU1396
1930:Drivers/STM32F4xx_HAL_Driver/Src/stm32f4xx_hal_tim_ex.c ****   htim->hdma[TIM_DMA_ID_COMMUTATION]->XferHalfCpltCallback = TIMEx_DMACommutationHalfCplt;
 4809              		.loc 1 1930 13 is_stmt 0 view .LVU1397
 4810 004c 5A6B     		ldr	r2, [r3, #52]
1930:Drivers/STM32F4xx_HAL_Driver/Src/stm32f4xx_hal_tim_ex.c ****   htim->hdma[TIM_DMA_ID_COMMUTATION]->XferHalfCpltCallback = TIMEx_DMACommutationHalfCplt;
 4811              		.loc 1 1930 56 view .LVU1398
 4812 004e 0E49     		ldr	r1, .L382
 4813 0050 D163     		str	r1, [r2, #60]
1931:Drivers/STM32F4xx_HAL_Driver/Src/stm32f4xx_hal_tim_ex.c ****   /* Set the DMA error callback */
 4814              		.loc 1 1931 3 is_stmt 1 view .LVU1399
1931:Drivers/STM32F4xx_HAL_Driver/Src/stm32f4xx_hal_tim_ex.c ****   /* Set the DMA error callback */
 4815              		.loc 1 1931 13 is_stmt 0 view .LVU1400
 4816 0052 5A6B     		ldr	r2, [r3, #52]
1931:Drivers/STM32F4xx_HAL_Driver/Src/stm32f4xx_hal_tim_ex.c ****   /* Set the DMA error callback */
 4817              		.loc 1 1931 60 view .LVU1401
 4818 0054 0D49     		ldr	r1, .L382+4
 4819 0056 1164     		str	r1, [r2, #64]
1933:Drivers/STM32F4xx_HAL_Driver/Src/stm32f4xx_hal_tim_ex.c **** 
 4820              		.loc 1 1933 3 is_stmt 1 view .LVU1402
1933:Drivers/STM32F4xx_HAL_Driver/Src/stm32f4xx_hal_tim_ex.c **** 
 4821              		.loc 1 1933 13 is_stmt 0 view .LVU1403
 4822 0058 5A6B     		ldr	r2, [r3, #52]
1933:Drivers/STM32F4xx_HAL_Driver/Src/stm32f4xx_hal_tim_ex.c **** 
 4823              		.loc 1 1933 57 view .LVU1404
ARM GAS  C:\Users\10369\AppData\Local\Temp\ccUaxGpI.s 			page 151


 4824 005a 0D49     		ldr	r1, .L382+8
 4825 005c D164     		str	r1, [r2, #76]
1936:Drivers/STM32F4xx_HAL_Driver/Src/stm32f4xx_hal_tim_ex.c **** 
 4826              		.loc 1 1936 3 is_stmt 1 view .LVU1405
 4827 005e 1968     		ldr	r1, [r3]
 4828 0060 CA68     		ldr	r2, [r1, #12]
 4829 0062 22F02002 		bic	r2, r2, #32
 4830 0066 CA60     		str	r2, [r1, #12]
1939:Drivers/STM32F4xx_HAL_Driver/Src/stm32f4xx_hal_tim_ex.c **** 
 4831              		.loc 1 1939 3 view .LVU1406
 4832 0068 1968     		ldr	r1, [r3]
 4833 006a CA68     		ldr	r2, [r1, #12]
 4834 006c 42F40052 		orr	r2, r2, #8192
 4835 0070 CA60     		str	r2, [r1, #12]
1941:Drivers/STM32F4xx_HAL_Driver/Src/stm32f4xx_hal_tim_ex.c **** 
 4836              		.loc 1 1941 3 view .LVU1407
1941:Drivers/STM32F4xx_HAL_Driver/Src/stm32f4xx_hal_tim_ex.c **** 
 4837              		.loc 1 1941 3 view .LVU1408
 4838 0072 0020     		movs	r0, #0
 4839 0074 83F83C00 		strb	r0, [r3, #60]
1941:Drivers/STM32F4xx_HAL_Driver/Src/stm32f4xx_hal_tim_ex.c **** 
 4840              		.loc 1 1941 3 view .LVU1409
1943:Drivers/STM32F4xx_HAL_Driver/Src/stm32f4xx_hal_tim_ex.c **** }
 4841              		.loc 1 1943 3 view .LVU1410
1944:Drivers/STM32F4xx_HAL_Driver/Src/stm32f4xx_hal_tim_ex.c **** 
 4842              		.loc 1 1944 1 is_stmt 0 view .LVU1411
 4843 0078 5DF8044B 		ldr	r4, [sp], #4
 4844              	.LCFI39:
 4845              		.cfi_remember_state
 4846              		.cfi_restore 4
 4847              		.cfi_def_cfa_offset 0
 4848 007c 7047     		bx	lr
 4849              	.LVL332:
 4850              	.L375:
 4851              	.LCFI40:
 4852              		.cfi_restore_state
1944:Drivers/STM32F4xx_HAL_Driver/Src/stm32f4xx_hal_tim_ex.c **** 
 4853              		.loc 1 1944 1 view .LVU1412
 4854 007e 3029     		cmp	r1, #48
 4855 0080 D6D1     		bne	.L376
 4856 0082 CCE7     		b	.L374
 4857              	.L377:
 4858              	.LCFI41:
 4859              		.cfi_def_cfa_offset 0
 4860              		.cfi_restore 4
1912:Drivers/STM32F4xx_HAL_Driver/Src/stm32f4xx_hal_tim_ex.c **** 
 4861              		.loc 1 1912 3 discriminator 1 view .LVU1413
 4862 0084 0220     		movs	r0, #2
1944:Drivers/STM32F4xx_HAL_Driver/Src/stm32f4xx_hal_tim_ex.c **** 
 4863              		.loc 1 1944 1 view .LVU1414
 4864 0086 7047     		bx	lr
 4865              	.L383:
 4866              		.align	2
 4867              	.L382:
 4868 0088 00000000 		.word	TIMEx_DMACommutationCplt
 4869 008c 00000000 		.word	TIMEx_DMACommutationHalfCplt
 4870 0090 00000000 		.word	TIM_DMAError
ARM GAS  C:\Users\10369\AppData\Local\Temp\ccUaxGpI.s 			page 152


 4871              		.cfi_endproc
 4872              	.LFE162:
 4874              		.section	.text.HAL_TIMEx_MasterConfigSynchronization,"ax",%progbits
 4875              		.align	1
 4876              		.global	HAL_TIMEx_MasterConfigSynchronization
 4877              		.syntax unified
 4878              		.thumb
 4879              		.thumb_func
 4881              	HAL_TIMEx_MasterConfigSynchronization:
 4882              	.LVL333:
 4883              	.LFB163:
1956:Drivers/STM32F4xx_HAL_Driver/Src/stm32f4xx_hal_tim_ex.c ****   uint32_t tmpcr2;
 4884              		.loc 1 1956 1 is_stmt 1 view -0
 4885              		.cfi_startproc
 4886              		@ args = 0, pretend = 0, frame = 0
 4887              		@ frame_needed = 0, uses_anonymous_args = 0
 4888              		@ link register save eliminated.
1957:Drivers/STM32F4xx_HAL_Driver/Src/stm32f4xx_hal_tim_ex.c ****   uint32_t tmpsmcr;
 4889              		.loc 1 1957 3 view .LVU1416
1958:Drivers/STM32F4xx_HAL_Driver/Src/stm32f4xx_hal_tim_ex.c **** 
 4890              		.loc 1 1958 3 view .LVU1417
1961:Drivers/STM32F4xx_HAL_Driver/Src/stm32f4xx_hal_tim_ex.c ****   assert_param(IS_TIM_TRGO_SOURCE(sMasterConfig->MasterOutputTrigger));
 4891              		.loc 1 1961 3 view .LVU1418
1962:Drivers/STM32F4xx_HAL_Driver/Src/stm32f4xx_hal_tim_ex.c ****   assert_param(IS_TIM_MSM_STATE(sMasterConfig->MasterSlaveMode));
 4892              		.loc 1 1962 3 view .LVU1419
1963:Drivers/STM32F4xx_HAL_Driver/Src/stm32f4xx_hal_tim_ex.c **** 
 4893              		.loc 1 1963 3 view .LVU1420
1966:Drivers/STM32F4xx_HAL_Driver/Src/stm32f4xx_hal_tim_ex.c **** 
 4894              		.loc 1 1966 3 view .LVU1421
1966:Drivers/STM32F4xx_HAL_Driver/Src/stm32f4xx_hal_tim_ex.c **** 
 4895              		.loc 1 1966 3 view .LVU1422
 4896 0000 90F83C20 		ldrb	r2, [r0, #60]	@ zero_extendqisi2
 4897 0004 012A     		cmp	r2, #1
 4898 0006 3DD0     		beq	.L388
1956:Drivers/STM32F4xx_HAL_Driver/Src/stm32f4xx_hal_tim_ex.c ****   uint32_t tmpcr2;
 4899              		.loc 1 1956 1 is_stmt 0 view .LVU1423
 4900 0008 10B4     		push	{r4}
 4901              	.LCFI42:
 4902              		.cfi_def_cfa_offset 4
 4903              		.cfi_offset 4, -4
 4904 000a 0346     		mov	r3, r0
1966:Drivers/STM32F4xx_HAL_Driver/Src/stm32f4xx_hal_tim_ex.c **** 
 4905              		.loc 1 1966 3 is_stmt 1 discriminator 2 view .LVU1424
 4906 000c 0122     		movs	r2, #1
 4907 000e 80F83C20 		strb	r2, [r0, #60]
1966:Drivers/STM32F4xx_HAL_Driver/Src/stm32f4xx_hal_tim_ex.c **** 
 4908              		.loc 1 1966 3 view .LVU1425
1969:Drivers/STM32F4xx_HAL_Driver/Src/stm32f4xx_hal_tim_ex.c **** 
 4909              		.loc 1 1969 3 view .LVU1426
1969:Drivers/STM32F4xx_HAL_Driver/Src/stm32f4xx_hal_tim_ex.c **** 
 4910              		.loc 1 1969 15 is_stmt 0 view .LVU1427
 4911 0012 0222     		movs	r2, #2
 4912 0014 80F83D20 		strb	r2, [r0, #61]
1972:Drivers/STM32F4xx_HAL_Driver/Src/stm32f4xx_hal_tim_ex.c **** 
 4913              		.loc 1 1972 3 is_stmt 1 view .LVU1428
1972:Drivers/STM32F4xx_HAL_Driver/Src/stm32f4xx_hal_tim_ex.c **** 
 4914              		.loc 1 1972 16 is_stmt 0 view .LVU1429
ARM GAS  C:\Users\10369\AppData\Local\Temp\ccUaxGpI.s 			page 153


 4915 0018 0268     		ldr	r2, [r0]
1972:Drivers/STM32F4xx_HAL_Driver/Src/stm32f4xx_hal_tim_ex.c **** 
 4916              		.loc 1 1972 10 view .LVU1430
 4917 001a 5068     		ldr	r0, [r2, #4]
 4918              	.LVL334:
1975:Drivers/STM32F4xx_HAL_Driver/Src/stm32f4xx_hal_tim_ex.c **** 
 4919              		.loc 1 1975 3 is_stmt 1 view .LVU1431
1975:Drivers/STM32F4xx_HAL_Driver/Src/stm32f4xx_hal_tim_ex.c **** 
 4920              		.loc 1 1975 11 is_stmt 0 view .LVU1432
 4921 001c 9468     		ldr	r4, [r2, #8]
 4922              	.LVL335:
1978:Drivers/STM32F4xx_HAL_Driver/Src/stm32f4xx_hal_tim_ex.c ****   /* Select the TRGO source */
 4923              		.loc 1 1978 3 is_stmt 1 view .LVU1433
1978:Drivers/STM32F4xx_HAL_Driver/Src/stm32f4xx_hal_tim_ex.c ****   /* Select the TRGO source */
 4924              		.loc 1 1978 10 is_stmt 0 view .LVU1434
 4925 001e 20F0700C 		bic	ip, r0, #112
 4926              	.LVL336:
1980:Drivers/STM32F4xx_HAL_Driver/Src/stm32f4xx_hal_tim_ex.c **** 
 4927              		.loc 1 1980 3 is_stmt 1 view .LVU1435
1980:Drivers/STM32F4xx_HAL_Driver/Src/stm32f4xx_hal_tim_ex.c **** 
 4928              		.loc 1 1980 27 is_stmt 0 view .LVU1436
 4929 0022 0868     		ldr	r0, [r1]
1980:Drivers/STM32F4xx_HAL_Driver/Src/stm32f4xx_hal_tim_ex.c **** 
 4930              		.loc 1 1980 10 view .LVU1437
 4931 0024 40EA0C00 		orr	r0, r0, ip
 4932              	.LVL337:
1983:Drivers/STM32F4xx_HAL_Driver/Src/stm32f4xx_hal_tim_ex.c **** 
 4933              		.loc 1 1983 3 is_stmt 1 view .LVU1438
1983:Drivers/STM32F4xx_HAL_Driver/Src/stm32f4xx_hal_tim_ex.c **** 
 4934              		.loc 1 1983 23 is_stmt 0 view .LVU1439
 4935 0028 5060     		str	r0, [r2, #4]
1985:Drivers/STM32F4xx_HAL_Driver/Src/stm32f4xx_hal_tim_ex.c ****   {
 4936              		.loc 1 1985 3 is_stmt 1 view .LVU1440
1985:Drivers/STM32F4xx_HAL_Driver/Src/stm32f4xx_hal_tim_ex.c ****   {
 4937              		.loc 1 1985 7 is_stmt 0 view .LVU1441
 4938 002a 1A68     		ldr	r2, [r3]
1985:Drivers/STM32F4xx_HAL_Driver/Src/stm32f4xx_hal_tim_ex.c ****   {
 4939              		.loc 1 1985 6 view .LVU1442
 4940 002c 1648     		ldr	r0, .L393
 4941              	.LVL338:
1985:Drivers/STM32F4xx_HAL_Driver/Src/stm32f4xx_hal_tim_ex.c ****   {
 4942              		.loc 1 1985 6 view .LVU1443
 4943 002e 8242     		cmp	r2, r0
 4944 0030 1AD0     		beq	.L386
1985:Drivers/STM32F4xx_HAL_Driver/Src/stm32f4xx_hal_tim_ex.c ****   {
 4945              		.loc 1 1985 7 discriminator 1 view .LVU1444
 4946 0032 B2F1804F 		cmp	r2, #1073741824
 4947 0036 17D0     		beq	.L386
1985:Drivers/STM32F4xx_HAL_Driver/Src/stm32f4xx_hal_tim_ex.c ****   {
 4948              		.loc 1 1985 7 discriminator 2 view .LVU1445
 4949 0038 A0F57C40 		sub	r0, r0, #64512
 4950 003c 8242     		cmp	r2, r0
 4951 003e 13D0     		beq	.L386
1985:Drivers/STM32F4xx_HAL_Driver/Src/stm32f4xx_hal_tim_ex.c ****   {
 4952              		.loc 1 1985 7 discriminator 3 view .LVU1446
 4953 0040 00F58060 		add	r0, r0, #1024
 4954 0044 8242     		cmp	r2, r0
ARM GAS  C:\Users\10369\AppData\Local\Temp\ccUaxGpI.s 			page 154


 4955 0046 0FD0     		beq	.L386
1985:Drivers/STM32F4xx_HAL_Driver/Src/stm32f4xx_hal_tim_ex.c ****   {
 4956              		.loc 1 1985 7 discriminator 4 view .LVU1447
 4957 0048 00F58060 		add	r0, r0, #1024
 4958 004c 8242     		cmp	r2, r0
 4959 004e 0BD0     		beq	.L386
1985:Drivers/STM32F4xx_HAL_Driver/Src/stm32f4xx_hal_tim_ex.c ****   {
 4960              		.loc 1 1985 7 discriminator 5 view .LVU1448
 4961 0050 00F57840 		add	r0, r0, #63488
 4962 0054 8242     		cmp	r2, r0
 4963 0056 07D0     		beq	.L386
1985:Drivers/STM32F4xx_HAL_Driver/Src/stm32f4xx_hal_tim_ex.c ****   {
 4964              		.loc 1 1985 7 discriminator 6 view .LVU1449
 4965 0058 00F57050 		add	r0, r0, #15360
 4966 005c 8242     		cmp	r2, r0
 4967 005e 03D0     		beq	.L386
1985:Drivers/STM32F4xx_HAL_Driver/Src/stm32f4xx_hal_tim_ex.c ****   {
 4968              		.loc 1 1985 7 discriminator 7 view .LVU1450
 4969 0060 A0F59430 		sub	r0, r0, #75776
 4970 0064 8242     		cmp	r2, r0
 4971 0066 04D1     		bne	.L387
 4972              	.L386:
1988:Drivers/STM32F4xx_HAL_Driver/Src/stm32f4xx_hal_tim_ex.c ****     /* Set master mode */
 4973              		.loc 1 1988 5 is_stmt 1 view .LVU1451
1988:Drivers/STM32F4xx_HAL_Driver/Src/stm32f4xx_hal_tim_ex.c ****     /* Set master mode */
 4974              		.loc 1 1988 13 is_stmt 0 view .LVU1452
 4975 0068 24F08004 		bic	r4, r4, #128
 4976              	.LVL339:
1990:Drivers/STM32F4xx_HAL_Driver/Src/stm32f4xx_hal_tim_ex.c **** 
 4977              		.loc 1 1990 5 is_stmt 1 view .LVU1453
1990:Drivers/STM32F4xx_HAL_Driver/Src/stm32f4xx_hal_tim_ex.c **** 
 4978              		.loc 1 1990 29 is_stmt 0 view .LVU1454
 4979 006c 4968     		ldr	r1, [r1, #4]
 4980              	.LVL340:
1990:Drivers/STM32F4xx_HAL_Driver/Src/stm32f4xx_hal_tim_ex.c **** 
 4981              		.loc 1 1990 13 view .LVU1455
 4982 006e 2143     		orrs	r1, r1, r4
 4983              	.LVL341:
1993:Drivers/STM32F4xx_HAL_Driver/Src/stm32f4xx_hal_tim_ex.c ****   }
 4984              		.loc 1 1993 5 is_stmt 1 view .LVU1456
1993:Drivers/STM32F4xx_HAL_Driver/Src/stm32f4xx_hal_tim_ex.c ****   }
 4985              		.loc 1 1993 26 is_stmt 0 view .LVU1457
 4986 0070 9160     		str	r1, [r2, #8]
 4987              	.LVL342:
 4988              	.L387:
1997:Drivers/STM32F4xx_HAL_Driver/Src/stm32f4xx_hal_tim_ex.c **** 
 4989              		.loc 1 1997 3 is_stmt 1 view .LVU1458
1997:Drivers/STM32F4xx_HAL_Driver/Src/stm32f4xx_hal_tim_ex.c **** 
 4990              		.loc 1 1997 15 is_stmt 0 view .LVU1459
 4991 0072 0122     		movs	r2, #1
 4992 0074 83F83D20 		strb	r2, [r3, #61]
1999:Drivers/STM32F4xx_HAL_Driver/Src/stm32f4xx_hal_tim_ex.c **** 
 4993              		.loc 1 1999 3 is_stmt 1 view .LVU1460
1999:Drivers/STM32F4xx_HAL_Driver/Src/stm32f4xx_hal_tim_ex.c **** 
 4994              		.loc 1 1999 3 view .LVU1461
 4995 0078 0020     		movs	r0, #0
 4996 007a 83F83C00 		strb	r0, [r3, #60]
ARM GAS  C:\Users\10369\AppData\Local\Temp\ccUaxGpI.s 			page 155


1999:Drivers/STM32F4xx_HAL_Driver/Src/stm32f4xx_hal_tim_ex.c **** 
 4997              		.loc 1 1999 3 view .LVU1462
2001:Drivers/STM32F4xx_HAL_Driver/Src/stm32f4xx_hal_tim_ex.c **** }
 4998              		.loc 1 2001 3 view .LVU1463
2002:Drivers/STM32F4xx_HAL_Driver/Src/stm32f4xx_hal_tim_ex.c **** 
 4999              		.loc 1 2002 1 is_stmt 0 view .LVU1464
 5000 007e 5DF8044B 		ldr	r4, [sp], #4
 5001              	.LCFI43:
 5002              		.cfi_restore 4
 5003              		.cfi_def_cfa_offset 0
 5004 0082 7047     		bx	lr
 5005              	.LVL343:
 5006              	.L388:
1966:Drivers/STM32F4xx_HAL_Driver/Src/stm32f4xx_hal_tim_ex.c **** 
 5007              		.loc 1 1966 3 discriminator 1 view .LVU1465
 5008 0084 0220     		movs	r0, #2
 5009              	.LVL344:
2002:Drivers/STM32F4xx_HAL_Driver/Src/stm32f4xx_hal_tim_ex.c **** 
 5010              		.loc 1 2002 1 view .LVU1466
 5011 0086 7047     		bx	lr
 5012              	.L394:
 5013              		.align	2
 5014              	.L393:
 5015 0088 00000140 		.word	1073807360
 5016              		.cfi_endproc
 5017              	.LFE163:
 5019              		.section	.text.HAL_TIMEx_ConfigBreakDeadTime,"ax",%progbits
 5020              		.align	1
 5021              		.global	HAL_TIMEx_ConfigBreakDeadTime
 5022              		.syntax unified
 5023              		.thumb
 5024              		.thumb_func
 5026              	HAL_TIMEx_ConfigBreakDeadTime:
 5027              	.LVL345:
 5028              	.LFB164:
2017:Drivers/STM32F4xx_HAL_Driver/Src/stm32f4xx_hal_tim_ex.c ****   /* Keep this variable initialized to 0 as it is used to configure BDTR register */
 5029              		.loc 1 2017 1 is_stmt 1 view -0
 5030              		.cfi_startproc
 5031              		@ args = 0, pretend = 0, frame = 0
 5032              		@ frame_needed = 0, uses_anonymous_args = 0
 5033              		@ link register save eliminated.
2017:Drivers/STM32F4xx_HAL_Driver/Src/stm32f4xx_hal_tim_ex.c ****   /* Keep this variable initialized to 0 as it is used to configure BDTR register */
 5034              		.loc 1 2017 1 is_stmt 0 view .LVU1468
 5035 0000 0246     		mov	r2, r0
2019:Drivers/STM32F4xx_HAL_Driver/Src/stm32f4xx_hal_tim_ex.c **** 
 5036              		.loc 1 2019 3 is_stmt 1 view .LVU1469
 5037              	.LVL346:
2022:Drivers/STM32F4xx_HAL_Driver/Src/stm32f4xx_hal_tim_ex.c ****   assert_param(IS_TIM_OSSR_STATE(sBreakDeadTimeConfig->OffStateRunMode));
 5038              		.loc 1 2022 3 view .LVU1470
2023:Drivers/STM32F4xx_HAL_Driver/Src/stm32f4xx_hal_tim_ex.c ****   assert_param(IS_TIM_OSSI_STATE(sBreakDeadTimeConfig->OffStateIDLEMode));
 5039              		.loc 1 2023 3 view .LVU1471
2024:Drivers/STM32F4xx_HAL_Driver/Src/stm32f4xx_hal_tim_ex.c ****   assert_param(IS_TIM_LOCK_LEVEL(sBreakDeadTimeConfig->LockLevel));
 5040              		.loc 1 2024 3 view .LVU1472
2025:Drivers/STM32F4xx_HAL_Driver/Src/stm32f4xx_hal_tim_ex.c ****   assert_param(IS_TIM_DEADTIME(sBreakDeadTimeConfig->DeadTime));
 5041              		.loc 1 2025 3 view .LVU1473
2026:Drivers/STM32F4xx_HAL_Driver/Src/stm32f4xx_hal_tim_ex.c ****   assert_param(IS_TIM_BREAK_STATE(sBreakDeadTimeConfig->BreakState));
 5042              		.loc 1 2026 3 view .LVU1474
ARM GAS  C:\Users\10369\AppData\Local\Temp\ccUaxGpI.s 			page 156


2027:Drivers/STM32F4xx_HAL_Driver/Src/stm32f4xx_hal_tim_ex.c ****   assert_param(IS_TIM_BREAK_POLARITY(sBreakDeadTimeConfig->BreakPolarity));
 5043              		.loc 1 2027 3 view .LVU1475
2028:Drivers/STM32F4xx_HAL_Driver/Src/stm32f4xx_hal_tim_ex.c ****   assert_param(IS_TIM_AUTOMATIC_OUTPUT_STATE(sBreakDeadTimeConfig->AutomaticOutput));
 5044              		.loc 1 2028 3 view .LVU1476
2029:Drivers/STM32F4xx_HAL_Driver/Src/stm32f4xx_hal_tim_ex.c **** 
 5045              		.loc 1 2029 3 view .LVU1477
2032:Drivers/STM32F4xx_HAL_Driver/Src/stm32f4xx_hal_tim_ex.c **** 
 5046              		.loc 1 2032 3 view .LVU1478
2032:Drivers/STM32F4xx_HAL_Driver/Src/stm32f4xx_hal_tim_ex.c **** 
 5047              		.loc 1 2032 3 view .LVU1479
 5048 0002 90F83C30 		ldrb	r3, [r0, #60]	@ zero_extendqisi2
 5049 0006 012B     		cmp	r3, #1
 5050 0008 21D0     		beq	.L397
2032:Drivers/STM32F4xx_HAL_Driver/Src/stm32f4xx_hal_tim_ex.c **** 
 5051              		.loc 1 2032 3 discriminator 2 view .LVU1480
 5052 000a 0123     		movs	r3, #1
 5053 000c 80F83C30 		strb	r3, [r0, #60]
2032:Drivers/STM32F4xx_HAL_Driver/Src/stm32f4xx_hal_tim_ex.c **** 
 5054              		.loc 1 2032 3 view .LVU1481
2038:Drivers/STM32F4xx_HAL_Driver/Src/stm32f4xx_hal_tim_ex.c ****   MODIFY_REG(tmpbdtr, TIM_BDTR_LOCK, sBreakDeadTimeConfig->LockLevel);
 5055              		.loc 1 2038 3 view .LVU1482
 5056 0010 CB68     		ldr	r3, [r1, #12]
 5057              	.LVL347:
2039:Drivers/STM32F4xx_HAL_Driver/Src/stm32f4xx_hal_tim_ex.c ****   MODIFY_REG(tmpbdtr, TIM_BDTR_OSSI, sBreakDeadTimeConfig->OffStateIDLEMode);
 5058              		.loc 1 2039 3 view .LVU1483
 5059 0012 23F44073 		bic	r3, r3, #768
 5060              	.LVL348:
2039:Drivers/STM32F4xx_HAL_Driver/Src/stm32f4xx_hal_tim_ex.c ****   MODIFY_REG(tmpbdtr, TIM_BDTR_OSSI, sBreakDeadTimeConfig->OffStateIDLEMode);
 5061              		.loc 1 2039 3 is_stmt 0 view .LVU1484
 5062 0016 8868     		ldr	r0, [r1, #8]
 5063              	.LVL349:
2039:Drivers/STM32F4xx_HAL_Driver/Src/stm32f4xx_hal_tim_ex.c ****   MODIFY_REG(tmpbdtr, TIM_BDTR_OSSI, sBreakDeadTimeConfig->OffStateIDLEMode);
 5064              		.loc 1 2039 3 view .LVU1485
 5065 0018 0343     		orrs	r3, r3, r0
 5066              	.LVL350:
2040:Drivers/STM32F4xx_HAL_Driver/Src/stm32f4xx_hal_tim_ex.c ****   MODIFY_REG(tmpbdtr, TIM_BDTR_OSSR, sBreakDeadTimeConfig->OffStateRunMode);
 5067              		.loc 1 2040 3 is_stmt 1 view .LVU1486
 5068 001a 23F48063 		bic	r3, r3, #1024
 5069              	.LVL351:
2040:Drivers/STM32F4xx_HAL_Driver/Src/stm32f4xx_hal_tim_ex.c ****   MODIFY_REG(tmpbdtr, TIM_BDTR_OSSR, sBreakDeadTimeConfig->OffStateRunMode);
 5070              		.loc 1 2040 3 is_stmt 0 view .LVU1487
 5071 001e 4868     		ldr	r0, [r1, #4]
 5072              	.LVL352:
2040:Drivers/STM32F4xx_HAL_Driver/Src/stm32f4xx_hal_tim_ex.c ****   MODIFY_REG(tmpbdtr, TIM_BDTR_OSSR, sBreakDeadTimeConfig->OffStateRunMode);
 5073              		.loc 1 2040 3 view .LVU1488
 5074 0020 0343     		orrs	r3, r3, r0
 5075              	.LVL353:
2041:Drivers/STM32F4xx_HAL_Driver/Src/stm32f4xx_hal_tim_ex.c ****   MODIFY_REG(tmpbdtr, TIM_BDTR_BKE, sBreakDeadTimeConfig->BreakState);
 5076              		.loc 1 2041 3 is_stmt 1 view .LVU1489
 5077 0022 23F40063 		bic	r3, r3, #2048
 5078              	.LVL354:
2041:Drivers/STM32F4xx_HAL_Driver/Src/stm32f4xx_hal_tim_ex.c ****   MODIFY_REG(tmpbdtr, TIM_BDTR_BKE, sBreakDeadTimeConfig->BreakState);
 5079              		.loc 1 2041 3 is_stmt 0 view .LVU1490
 5080 0026 0868     		ldr	r0, [r1]
 5081              	.LVL355:
2041:Drivers/STM32F4xx_HAL_Driver/Src/stm32f4xx_hal_tim_ex.c ****   MODIFY_REG(tmpbdtr, TIM_BDTR_BKE, sBreakDeadTimeConfig->BreakState);
 5082              		.loc 1 2041 3 view .LVU1491
ARM GAS  C:\Users\10369\AppData\Local\Temp\ccUaxGpI.s 			page 157


 5083 0028 0343     		orrs	r3, r3, r0
 5084              	.LVL356:
2042:Drivers/STM32F4xx_HAL_Driver/Src/stm32f4xx_hal_tim_ex.c ****   MODIFY_REG(tmpbdtr, TIM_BDTR_BKP, sBreakDeadTimeConfig->BreakPolarity);
 5085              		.loc 1 2042 3 is_stmt 1 view .LVU1492
 5086 002a 23F48053 		bic	r3, r3, #4096
 5087              	.LVL357:
2042:Drivers/STM32F4xx_HAL_Driver/Src/stm32f4xx_hal_tim_ex.c ****   MODIFY_REG(tmpbdtr, TIM_BDTR_BKP, sBreakDeadTimeConfig->BreakPolarity);
 5088              		.loc 1 2042 3 is_stmt 0 view .LVU1493
 5089 002e 0869     		ldr	r0, [r1, #16]
 5090              	.LVL358:
2042:Drivers/STM32F4xx_HAL_Driver/Src/stm32f4xx_hal_tim_ex.c ****   MODIFY_REG(tmpbdtr, TIM_BDTR_BKP, sBreakDeadTimeConfig->BreakPolarity);
 5091              		.loc 1 2042 3 view .LVU1494
 5092 0030 0343     		orrs	r3, r3, r0
 5093              	.LVL359:
2043:Drivers/STM32F4xx_HAL_Driver/Src/stm32f4xx_hal_tim_ex.c ****   MODIFY_REG(tmpbdtr, TIM_BDTR_AOE, sBreakDeadTimeConfig->AutomaticOutput);
 5094              		.loc 1 2043 3 is_stmt 1 view .LVU1495
 5095 0032 23F40053 		bic	r3, r3, #8192
 5096              	.LVL360:
2043:Drivers/STM32F4xx_HAL_Driver/Src/stm32f4xx_hal_tim_ex.c ****   MODIFY_REG(tmpbdtr, TIM_BDTR_AOE, sBreakDeadTimeConfig->AutomaticOutput);
 5097              		.loc 1 2043 3 is_stmt 0 view .LVU1496
 5098 0036 4869     		ldr	r0, [r1, #20]
 5099              	.LVL361:
2043:Drivers/STM32F4xx_HAL_Driver/Src/stm32f4xx_hal_tim_ex.c ****   MODIFY_REG(tmpbdtr, TIM_BDTR_AOE, sBreakDeadTimeConfig->AutomaticOutput);
 5100              		.loc 1 2043 3 view .LVU1497
 5101 0038 0343     		orrs	r3, r3, r0
 5102              	.LVL362:
2044:Drivers/STM32F4xx_HAL_Driver/Src/stm32f4xx_hal_tim_ex.c **** 
 5103              		.loc 1 2044 3 is_stmt 1 view .LVU1498
 5104 003a 23F48043 		bic	r3, r3, #16384
 5105              	.LVL363:
2044:Drivers/STM32F4xx_HAL_Driver/Src/stm32f4xx_hal_tim_ex.c **** 
 5106              		.loc 1 2044 3 is_stmt 0 view .LVU1499
 5107 003e C969     		ldr	r1, [r1, #28]
 5108              	.LVL364:
2044:Drivers/STM32F4xx_HAL_Driver/Src/stm32f4xx_hal_tim_ex.c **** 
 5109              		.loc 1 2044 3 view .LVU1500
 5110 0040 0B43     		orrs	r3, r3, r1
 5111              	.LVL365:
2048:Drivers/STM32F4xx_HAL_Driver/Src/stm32f4xx_hal_tim_ex.c **** 
 5112              		.loc 1 2048 3 is_stmt 1 view .LVU1501
2048:Drivers/STM32F4xx_HAL_Driver/Src/stm32f4xx_hal_tim_ex.c **** 
 5113              		.loc 1 2048 7 is_stmt 0 view .LVU1502
 5114 0042 1168     		ldr	r1, [r2]
2048:Drivers/STM32F4xx_HAL_Driver/Src/stm32f4xx_hal_tim_ex.c **** 
 5115              		.loc 1 2048 24 view .LVU1503
 5116 0044 4B64     		str	r3, [r1, #68]
2050:Drivers/STM32F4xx_HAL_Driver/Src/stm32f4xx_hal_tim_ex.c **** 
 5117              		.loc 1 2050 3 is_stmt 1 view .LVU1504
2050:Drivers/STM32F4xx_HAL_Driver/Src/stm32f4xx_hal_tim_ex.c **** 
 5118              		.loc 1 2050 3 view .LVU1505
 5119 0046 0020     		movs	r0, #0
 5120 0048 82F83C00 		strb	r0, [r2, #60]
2050:Drivers/STM32F4xx_HAL_Driver/Src/stm32f4xx_hal_tim_ex.c **** 
 5121              		.loc 1 2050 3 view .LVU1506
2052:Drivers/STM32F4xx_HAL_Driver/Src/stm32f4xx_hal_tim_ex.c **** }
 5122              		.loc 1 2052 3 view .LVU1507
2052:Drivers/STM32F4xx_HAL_Driver/Src/stm32f4xx_hal_tim_ex.c **** }
ARM GAS  C:\Users\10369\AppData\Local\Temp\ccUaxGpI.s 			page 158


 5123              		.loc 1 2052 10 is_stmt 0 view .LVU1508
 5124 004c 7047     		bx	lr
 5125              	.LVL366:
 5126              	.L397:
2032:Drivers/STM32F4xx_HAL_Driver/Src/stm32f4xx_hal_tim_ex.c **** 
 5127              		.loc 1 2032 3 discriminator 1 view .LVU1509
 5128 004e 0220     		movs	r0, #2
 5129              	.LVL367:
2053:Drivers/STM32F4xx_HAL_Driver/Src/stm32f4xx_hal_tim_ex.c **** 
 5130              		.loc 1 2053 1 view .LVU1510
 5131 0050 7047     		bx	lr
 5132              		.cfi_endproc
 5133              	.LFE164:
 5135              		.section	.text.HAL_TIMEx_RemapConfig,"ax",%progbits
 5136              		.align	1
 5137              		.global	HAL_TIMEx_RemapConfig
 5138              		.syntax unified
 5139              		.thumb
 5140              		.thumb_func
 5142              	HAL_TIMEx_RemapConfig:
 5143              	.LVL368:
 5144              	.LFB165:
2092:Drivers/STM32F4xx_HAL_Driver/Src/stm32f4xx_hal_tim_ex.c ****   /* Check parameters */
 5145              		.loc 1 2092 1 is_stmt 1 view -0
 5146              		.cfi_startproc
 5147              		@ args = 0, pretend = 0, frame = 0
 5148              		@ frame_needed = 0, uses_anonymous_args = 0
 5149              		@ link register save eliminated.
2094:Drivers/STM32F4xx_HAL_Driver/Src/stm32f4xx_hal_tim_ex.c **** 
 5150              		.loc 1 2094 3 view .LVU1512
2096:Drivers/STM32F4xx_HAL_Driver/Src/stm32f4xx_hal_tim_ex.c **** 
 5151              		.loc 1 2096 3 view .LVU1513
2096:Drivers/STM32F4xx_HAL_Driver/Src/stm32f4xx_hal_tim_ex.c **** 
 5152              		.loc 1 2096 3 view .LVU1514
 5153 0000 90F83C30 		ldrb	r3, [r0, #60]	@ zero_extendqisi2
 5154 0004 012B     		cmp	r3, #1
 5155 0006 09D0     		beq	.L400
2096:Drivers/STM32F4xx_HAL_Driver/Src/stm32f4xx_hal_tim_ex.c **** 
 5156              		.loc 1 2096 3 discriminator 2 view .LVU1515
 5157 0008 0123     		movs	r3, #1
 5158 000a 80F83C30 		strb	r3, [r0, #60]
2096:Drivers/STM32F4xx_HAL_Driver/Src/stm32f4xx_hal_tim_ex.c **** 
 5159              		.loc 1 2096 3 view .LVU1516
2114:Drivers/STM32F4xx_HAL_Driver/Src/stm32f4xx_hal_tim_ex.c **** #endif /* LPTIM_OR_TIM1_ITR2_RMP &&  LPTIM_OR_TIM5_ITR1_RMP && LPTIM_OR_TIM9_ITR1_RMP */
 5160              		.loc 1 2114 3 view .LVU1517
 5161 000e 0368     		ldr	r3, [r0]
 5162 0010 1965     		str	r1, [r3, #80]
2117:Drivers/STM32F4xx_HAL_Driver/Src/stm32f4xx_hal_tim_ex.c **** 
 5163              		.loc 1 2117 3 view .LVU1518
2117:Drivers/STM32F4xx_HAL_Driver/Src/stm32f4xx_hal_tim_ex.c **** 
 5164              		.loc 1 2117 3 view .LVU1519
 5165 0012 0023     		movs	r3, #0
 5166 0014 80F83C30 		strb	r3, [r0, #60]
2117:Drivers/STM32F4xx_HAL_Driver/Src/stm32f4xx_hal_tim_ex.c **** 
 5167              		.loc 1 2117 3 view .LVU1520
2119:Drivers/STM32F4xx_HAL_Driver/Src/stm32f4xx_hal_tim_ex.c **** }
 5168              		.loc 1 2119 3 view .LVU1521
ARM GAS  C:\Users\10369\AppData\Local\Temp\ccUaxGpI.s 			page 159


2119:Drivers/STM32F4xx_HAL_Driver/Src/stm32f4xx_hal_tim_ex.c **** }
 5169              		.loc 1 2119 10 is_stmt 0 view .LVU1522
 5170 0018 1846     		mov	r0, r3
 5171              	.LVL369:
2119:Drivers/STM32F4xx_HAL_Driver/Src/stm32f4xx_hal_tim_ex.c **** }
 5172              		.loc 1 2119 10 view .LVU1523
 5173 001a 7047     		bx	lr
 5174              	.LVL370:
 5175              	.L400:
2096:Drivers/STM32F4xx_HAL_Driver/Src/stm32f4xx_hal_tim_ex.c **** 
 5176              		.loc 1 2096 3 discriminator 1 view .LVU1524
 5177 001c 0220     		movs	r0, #2
 5178              	.LVL371:
2120:Drivers/STM32F4xx_HAL_Driver/Src/stm32f4xx_hal_tim_ex.c **** 
 5179              		.loc 1 2120 1 view .LVU1525
 5180 001e 7047     		bx	lr
 5181              		.cfi_endproc
 5182              	.LFE165:
 5184              		.section	.text.HAL_TIMEx_CommutCallback,"ax",%progbits
 5185              		.align	1
 5186              		.weak	HAL_TIMEx_CommutCallback
 5187              		.syntax unified
 5188              		.thumb
 5189              		.thumb_func
 5191              	HAL_TIMEx_CommutCallback:
 5192              	.LVL372:
 5193              	.LFB166:
2148:Drivers/STM32F4xx_HAL_Driver/Src/stm32f4xx_hal_tim_ex.c ****   /* Prevent unused argument(s) compilation warning */
 5194              		.loc 1 2148 1 is_stmt 1 view -0
 5195              		.cfi_startproc
 5196              		@ args = 0, pretend = 0, frame = 0
 5197              		@ frame_needed = 0, uses_anonymous_args = 0
 5198              		@ link register save eliminated.
2150:Drivers/STM32F4xx_HAL_Driver/Src/stm32f4xx_hal_tim_ex.c **** 
 5199              		.loc 1 2150 3 view .LVU1527
2155:Drivers/STM32F4xx_HAL_Driver/Src/stm32f4xx_hal_tim_ex.c **** /**
 5200              		.loc 1 2155 1 is_stmt 0 view .LVU1528
 5201 0000 7047     		bx	lr
 5202              		.cfi_endproc
 5203              	.LFE166:
 5205              		.section	.text.TIMEx_DMACommutationCplt,"ax",%progbits
 5206              		.align	1
 5207              		.global	TIMEx_DMACommutationCplt
 5208              		.syntax unified
 5209              		.thumb
 5210              		.thumb_func
 5212              	TIMEx_DMACommutationCplt:
 5213              	.LVL373:
 5214              	.LFB171:
2254:Drivers/STM32F4xx_HAL_Driver/Src/stm32f4xx_hal_tim_ex.c ****   TIM_HandleTypeDef *htim = (TIM_HandleTypeDef *)((DMA_HandleTypeDef *)hdma)->Parent;
 5215              		.loc 1 2254 1 is_stmt 1 view -0
 5216              		.cfi_startproc
 5217              		@ args = 0, pretend = 0, frame = 0
 5218              		@ frame_needed = 0, uses_anonymous_args = 0
2254:Drivers/STM32F4xx_HAL_Driver/Src/stm32f4xx_hal_tim_ex.c ****   TIM_HandleTypeDef *htim = (TIM_HandleTypeDef *)((DMA_HandleTypeDef *)hdma)->Parent;
 5219              		.loc 1 2254 1 is_stmt 0 view .LVU1530
 5220 0000 08B5     		push	{r3, lr}
ARM GAS  C:\Users\10369\AppData\Local\Temp\ccUaxGpI.s 			page 160


 5221              	.LCFI44:
 5222              		.cfi_def_cfa_offset 8
 5223              		.cfi_offset 3, -8
 5224              		.cfi_offset 14, -4
2255:Drivers/STM32F4xx_HAL_Driver/Src/stm32f4xx_hal_tim_ex.c **** 
 5225              		.loc 1 2255 3 is_stmt 1 view .LVU1531
2255:Drivers/STM32F4xx_HAL_Driver/Src/stm32f4xx_hal_tim_ex.c **** 
 5226              		.loc 1 2255 22 is_stmt 0 view .LVU1532
 5227 0002 806B     		ldr	r0, [r0, #56]
 5228              	.LVL374:
2258:Drivers/STM32F4xx_HAL_Driver/Src/stm32f4xx_hal_tim_ex.c **** 
 5229              		.loc 1 2258 3 is_stmt 1 view .LVU1533
2258:Drivers/STM32F4xx_HAL_Driver/Src/stm32f4xx_hal_tim_ex.c **** 
 5230              		.loc 1 2258 15 is_stmt 0 view .LVU1534
 5231 0004 0123     		movs	r3, #1
 5232 0006 80F83D30 		strb	r3, [r0, #61]
2263:Drivers/STM32F4xx_HAL_Driver/Src/stm32f4xx_hal_tim_ex.c **** #endif /* USE_HAL_TIM_REGISTER_CALLBACKS */
 5233              		.loc 1 2263 3 is_stmt 1 view .LVU1535
 5234 000a FFF7FEFF 		bl	HAL_TIMEx_CommutCallback
 5235              	.LVL375:
2265:Drivers/STM32F4xx_HAL_Driver/Src/stm32f4xx_hal_tim_ex.c **** 
 5236              		.loc 1 2265 1 is_stmt 0 view .LVU1536
 5237 000e 08BD     		pop	{r3, pc}
 5238              		.cfi_endproc
 5239              	.LFE171:
 5241              		.section	.text.HAL_TIMEx_CommutHalfCpltCallback,"ax",%progbits
 5242              		.align	1
 5243              		.weak	HAL_TIMEx_CommutHalfCpltCallback
 5244              		.syntax unified
 5245              		.thumb
 5246              		.thumb_func
 5248              	HAL_TIMEx_CommutHalfCpltCallback:
 5249              	.LVL376:
 5250              	.LFB167:
2162:Drivers/STM32F4xx_HAL_Driver/Src/stm32f4xx_hal_tim_ex.c ****   /* Prevent unused argument(s) compilation warning */
 5251              		.loc 1 2162 1 is_stmt 1 view -0
 5252              		.cfi_startproc
 5253              		@ args = 0, pretend = 0, frame = 0
 5254              		@ frame_needed = 0, uses_anonymous_args = 0
 5255              		@ link register save eliminated.
2164:Drivers/STM32F4xx_HAL_Driver/Src/stm32f4xx_hal_tim_ex.c **** 
 5256              		.loc 1 2164 3 view .LVU1538
2169:Drivers/STM32F4xx_HAL_Driver/Src/stm32f4xx_hal_tim_ex.c **** 
 5257              		.loc 1 2169 1 is_stmt 0 view .LVU1539
 5258 0000 7047     		bx	lr
 5259              		.cfi_endproc
 5260              	.LFE167:
 5262              		.section	.text.TIMEx_DMACommutationHalfCplt,"ax",%progbits
 5263              		.align	1
 5264              		.global	TIMEx_DMACommutationHalfCplt
 5265              		.syntax unified
 5266              		.thumb
 5267              		.thumb_func
 5269              	TIMEx_DMACommutationHalfCplt:
 5270              	.LVL377:
 5271              	.LFB172:
2273:Drivers/STM32F4xx_HAL_Driver/Src/stm32f4xx_hal_tim_ex.c ****   TIM_HandleTypeDef *htim = (TIM_HandleTypeDef *)((DMA_HandleTypeDef *)hdma)->Parent;
ARM GAS  C:\Users\10369\AppData\Local\Temp\ccUaxGpI.s 			page 161


 5272              		.loc 1 2273 1 is_stmt 1 view -0
 5273              		.cfi_startproc
 5274              		@ args = 0, pretend = 0, frame = 0
 5275              		@ frame_needed = 0, uses_anonymous_args = 0
2273:Drivers/STM32F4xx_HAL_Driver/Src/stm32f4xx_hal_tim_ex.c ****   TIM_HandleTypeDef *htim = (TIM_HandleTypeDef *)((DMA_HandleTypeDef *)hdma)->Parent;
 5276              		.loc 1 2273 1 is_stmt 0 view .LVU1541
 5277 0000 08B5     		push	{r3, lr}
 5278              	.LCFI45:
 5279              		.cfi_def_cfa_offset 8
 5280              		.cfi_offset 3, -8
 5281              		.cfi_offset 14, -4
2274:Drivers/STM32F4xx_HAL_Driver/Src/stm32f4xx_hal_tim_ex.c **** 
 5282              		.loc 1 2274 3 is_stmt 1 view .LVU1542
2274:Drivers/STM32F4xx_HAL_Driver/Src/stm32f4xx_hal_tim_ex.c **** 
 5283              		.loc 1 2274 22 is_stmt 0 view .LVU1543
 5284 0002 806B     		ldr	r0, [r0, #56]
 5285              	.LVL378:
2277:Drivers/STM32F4xx_HAL_Driver/Src/stm32f4xx_hal_tim_ex.c **** 
 5286              		.loc 1 2277 3 is_stmt 1 view .LVU1544
2277:Drivers/STM32F4xx_HAL_Driver/Src/stm32f4xx_hal_tim_ex.c **** 
 5287              		.loc 1 2277 15 is_stmt 0 view .LVU1545
 5288 0004 0123     		movs	r3, #1
 5289 0006 80F83D30 		strb	r3, [r0, #61]
2282:Drivers/STM32F4xx_HAL_Driver/Src/stm32f4xx_hal_tim_ex.c **** #endif /* USE_HAL_TIM_REGISTER_CALLBACKS */
 5290              		.loc 1 2282 3 is_stmt 1 view .LVU1546
 5291 000a FFF7FEFF 		bl	HAL_TIMEx_CommutHalfCpltCallback
 5292              	.LVL379:
2284:Drivers/STM32F4xx_HAL_Driver/Src/stm32f4xx_hal_tim_ex.c **** 
 5293              		.loc 1 2284 1 is_stmt 0 view .LVU1547
 5294 000e 08BD     		pop	{r3, pc}
 5295              		.cfi_endproc
 5296              	.LFE172:
 5298              		.section	.text.HAL_TIMEx_BreakCallback,"ax",%progbits
 5299              		.align	1
 5300              		.weak	HAL_TIMEx_BreakCallback
 5301              		.syntax unified
 5302              		.thumb
 5303              		.thumb_func
 5305              	HAL_TIMEx_BreakCallback:
 5306              	.LVL380:
 5307              	.LFB168:
2177:Drivers/STM32F4xx_HAL_Driver/Src/stm32f4xx_hal_tim_ex.c ****   /* Prevent unused argument(s) compilation warning */
 5308              		.loc 1 2177 1 is_stmt 1 view -0
 5309              		.cfi_startproc
 5310              		@ args = 0, pretend = 0, frame = 0
 5311              		@ frame_needed = 0, uses_anonymous_args = 0
 5312              		@ link register save eliminated.
2179:Drivers/STM32F4xx_HAL_Driver/Src/stm32f4xx_hal_tim_ex.c **** 
 5313              		.loc 1 2179 3 view .LVU1549
2184:Drivers/STM32F4xx_HAL_Driver/Src/stm32f4xx_hal_tim_ex.c **** /**
 5314              		.loc 1 2184 1 is_stmt 0 view .LVU1550
 5315 0000 7047     		bx	lr
 5316              		.cfi_endproc
 5317              	.LFE168:
 5319              		.section	.text.HAL_TIMEx_HallSensor_GetState,"ax",%progbits
 5320              		.align	1
 5321              		.global	HAL_TIMEx_HallSensor_GetState
ARM GAS  C:\Users\10369\AppData\Local\Temp\ccUaxGpI.s 			page 162


 5322              		.syntax unified
 5323              		.thumb
 5324              		.thumb_func
 5326              	HAL_TIMEx_HallSensor_GetState:
 5327              	.LVL381:
 5328              	.LFB169:
2210:Drivers/STM32F4xx_HAL_Driver/Src/stm32f4xx_hal_tim_ex.c ****   return htim->State;
 5329              		.loc 1 2210 1 is_stmt 1 view -0
 5330              		.cfi_startproc
 5331              		@ args = 0, pretend = 0, frame = 0
 5332              		@ frame_needed = 0, uses_anonymous_args = 0
 5333              		@ link register save eliminated.
2211:Drivers/STM32F4xx_HAL_Driver/Src/stm32f4xx_hal_tim_ex.c **** }
 5334              		.loc 1 2211 3 view .LVU1552
2211:Drivers/STM32F4xx_HAL_Driver/Src/stm32f4xx_hal_tim_ex.c **** }
 5335              		.loc 1 2211 14 is_stmt 0 view .LVU1553
 5336 0000 90F83D00 		ldrb	r0, [r0, #61]	@ zero_extendqisi2
 5337              	.LVL382:
2212:Drivers/STM32F4xx_HAL_Driver/Src/stm32f4xx_hal_tim_ex.c **** 
 5338              		.loc 1 2212 1 view .LVU1554
 5339 0004 7047     		bx	lr
 5340              		.cfi_endproc
 5341              	.LFE169:
 5343              		.section	.text.HAL_TIMEx_GetChannelNState,"ax",%progbits
 5344              		.align	1
 5345              		.global	HAL_TIMEx_GetChannelNState
 5346              		.syntax unified
 5347              		.thumb
 5348              		.thumb_func
 5350              	HAL_TIMEx_GetChannelNState:
 5351              	.LVL383:
 5352              	.LFB170:
2225:Drivers/STM32F4xx_HAL_Driver/Src/stm32f4xx_hal_tim_ex.c ****   HAL_TIM_ChannelStateTypeDef channel_state;
 5353              		.loc 1 2225 1 is_stmt 1 view -0
 5354              		.cfi_startproc
 5355              		@ args = 0, pretend = 0, frame = 0
 5356              		@ frame_needed = 0, uses_anonymous_args = 0
 5357              		@ link register save eliminated.
2226:Drivers/STM32F4xx_HAL_Driver/Src/stm32f4xx_hal_tim_ex.c **** 
 5358              		.loc 1 2226 3 view .LVU1556
2229:Drivers/STM32F4xx_HAL_Driver/Src/stm32f4xx_hal_tim_ex.c **** 
 5359              		.loc 1 2229 3 view .LVU1557
2231:Drivers/STM32F4xx_HAL_Driver/Src/stm32f4xx_hal_tim_ex.c **** 
 5360              		.loc 1 2231 3 view .LVU1558
2231:Drivers/STM32F4xx_HAL_Driver/Src/stm32f4xx_hal_tim_ex.c **** 
 5361              		.loc 1 2231 19 is_stmt 0 view .LVU1559
 5362 0000 19B9     		cbnz	r1, .L410
2231:Drivers/STM32F4xx_HAL_Driver/Src/stm32f4xx_hal_tim_ex.c **** 
 5363              		.loc 1 2231 19 discriminator 1 view .LVU1560
 5364 0002 90F84200 		ldrb	r0, [r0, #66]	@ zero_extendqisi2
 5365              	.LVL384:
2231:Drivers/STM32F4xx_HAL_Driver/Src/stm32f4xx_hal_tim_ex.c **** 
 5366              		.loc 1 2231 19 discriminator 1 view .LVU1561
 5367 0006 C0B2     		uxtb	r0, r0
 5368 0008 7047     		bx	lr
 5369              	.LVL385:
 5370              	.L410:
ARM GAS  C:\Users\10369\AppData\Local\Temp\ccUaxGpI.s 			page 163


2231:Drivers/STM32F4xx_HAL_Driver/Src/stm32f4xx_hal_tim_ex.c **** 
 5371              		.loc 1 2231 19 discriminator 2 view .LVU1562
 5372 000a 0429     		cmp	r1, #4
 5373 000c 05D0     		beq	.L414
2231:Drivers/STM32F4xx_HAL_Driver/Src/stm32f4xx_hal_tim_ex.c **** 
 5374              		.loc 1 2231 19 discriminator 5 view .LVU1563
 5375 000e 0829     		cmp	r1, #8
 5376 0010 07D0     		beq	.L415
2231:Drivers/STM32F4xx_HAL_Driver/Src/stm32f4xx_hal_tim_ex.c **** 
 5377              		.loc 1 2231 19 discriminator 8 view .LVU1564
 5378 0012 90F84500 		ldrb	r0, [r0, #69]	@ zero_extendqisi2
 5379              	.LVL386:
2231:Drivers/STM32F4xx_HAL_Driver/Src/stm32f4xx_hal_tim_ex.c **** 
 5380              		.loc 1 2231 19 discriminator 8 view .LVU1565
 5381 0016 C0B2     		uxtb	r0, r0
 5382              	.LVL387:
2233:Drivers/STM32F4xx_HAL_Driver/Src/stm32f4xx_hal_tim_ex.c **** }
 5383              		.loc 1 2233 3 is_stmt 1 view .LVU1566
2234:Drivers/STM32F4xx_HAL_Driver/Src/stm32f4xx_hal_tim_ex.c **** /**
 5384              		.loc 1 2234 1 is_stmt 0 view .LVU1567
 5385 0018 7047     		bx	lr
 5386              	.LVL388:
 5387              	.L414:
2231:Drivers/STM32F4xx_HAL_Driver/Src/stm32f4xx_hal_tim_ex.c **** 
 5388              		.loc 1 2231 19 discriminator 4 view .LVU1568
 5389 001a 90F84300 		ldrb	r0, [r0, #67]	@ zero_extendqisi2
 5390              	.LVL389:
2231:Drivers/STM32F4xx_HAL_Driver/Src/stm32f4xx_hal_tim_ex.c **** 
 5391              		.loc 1 2231 19 discriminator 4 view .LVU1569
 5392 001e C0B2     		uxtb	r0, r0
 5393 0020 7047     		bx	lr
 5394              	.LVL390:
 5395              	.L415:
2231:Drivers/STM32F4xx_HAL_Driver/Src/stm32f4xx_hal_tim_ex.c **** 
 5396              		.loc 1 2231 19 discriminator 7 view .LVU1570
 5397 0022 90F84400 		ldrb	r0, [r0, #68]	@ zero_extendqisi2
 5398              	.LVL391:
2231:Drivers/STM32F4xx_HAL_Driver/Src/stm32f4xx_hal_tim_ex.c **** 
 5399              		.loc 1 2231 19 discriminator 7 view .LVU1571
 5400 0026 C0B2     		uxtb	r0, r0
 5401 0028 7047     		bx	lr
 5402              		.cfi_endproc
 5403              	.LFE170:
 5405              		.text
 5406              	.Letext0:
 5407              		.file 2 "C:/Program Files (x86)/Arm GNU Toolchain arm-none-eabi/14.2 rel1/arm-none-eabi/include/ma
 5408              		.file 3 "C:/Program Files (x86)/Arm GNU Toolchain arm-none-eabi/14.2 rel1/arm-none-eabi/include/sy
 5409              		.file 4 "Drivers/CMSIS/Device/ST/STM32F4xx/Include/stm32f407xx.h"
 5410              		.file 5 "Drivers/CMSIS/Device/ST/STM32F4xx/Include/stm32f4xx.h"
 5411              		.file 6 "Drivers/STM32F4xx_HAL_Driver/Inc/stm32f4xx_hal_def.h"
 5412              		.file 7 "Drivers/STM32F4xx_HAL_Driver/Inc/stm32f4xx_hal_dma.h"
 5413              		.file 8 "Drivers/STM32F4xx_HAL_Driver/Inc/stm32f4xx_hal_tim.h"
 5414              		.file 9 "Drivers/STM32F4xx_HAL_Driver/Inc/stm32f4xx_hal_tim_ex.h"
ARM GAS  C:\Users\10369\AppData\Local\Temp\ccUaxGpI.s 			page 164


DEFINED SYMBOLS
                            *ABS*:00000000 stm32f4xx_hal_tim_ex.c
C:\Users\10369\AppData\Local\Temp\ccUaxGpI.s:21     .text.TIM_CCxNChannelCmd:00000000 $t
C:\Users\10369\AppData\Local\Temp\ccUaxGpI.s:26     .text.TIM_CCxNChannelCmd:00000000 TIM_CCxNChannelCmd
C:\Users\10369\AppData\Local\Temp\ccUaxGpI.s:64     .text.TIM_DMAErrorCCxN:00000000 $t
C:\Users\10369\AppData\Local\Temp\ccUaxGpI.s:69     .text.TIM_DMAErrorCCxN:00000000 TIM_DMAErrorCCxN
C:\Users\10369\AppData\Local\Temp\ccUaxGpI.s:149    .text.TIM_DMADelayPulseNCplt:00000000 $t
C:\Users\10369\AppData\Local\Temp\ccUaxGpI.s:154    .text.TIM_DMADelayPulseNCplt:00000000 TIM_DMADelayPulseNCplt
C:\Users\10369\AppData\Local\Temp\ccUaxGpI.s:253    .text.HAL_TIMEx_HallSensor_MspInit:00000000 $t
C:\Users\10369\AppData\Local\Temp\ccUaxGpI.s:259    .text.HAL_TIMEx_HallSensor_MspInit:00000000 HAL_TIMEx_HallSensor_MspInit
C:\Users\10369\AppData\Local\Temp\ccUaxGpI.s:274    .text.HAL_TIMEx_HallSensor_Init:00000000 $t
C:\Users\10369\AppData\Local\Temp\ccUaxGpI.s:280    .text.HAL_TIMEx_HallSensor_Init:00000000 HAL_TIMEx_HallSensor_Init
C:\Users\10369\AppData\Local\Temp\ccUaxGpI.s:497    .text.HAL_TIMEx_HallSensor_MspDeInit:00000000 $t
C:\Users\10369\AppData\Local\Temp\ccUaxGpI.s:503    .text.HAL_TIMEx_HallSensor_MspDeInit:00000000 HAL_TIMEx_HallSensor_MspDeInit
C:\Users\10369\AppData\Local\Temp\ccUaxGpI.s:518    .text.HAL_TIMEx_HallSensor_DeInit:00000000 $t
C:\Users\10369\AppData\Local\Temp\ccUaxGpI.s:524    .text.HAL_TIMEx_HallSensor_DeInit:00000000 HAL_TIMEx_HallSensor_DeInit
C:\Users\10369\AppData\Local\Temp\ccUaxGpI.s:594    .text.HAL_TIMEx_HallSensor_Start:00000000 $t
C:\Users\10369\AppData\Local\Temp\ccUaxGpI.s:600    .text.HAL_TIMEx_HallSensor_Start:00000000 HAL_TIMEx_HallSensor_Start
C:\Users\10369\AppData\Local\Temp\ccUaxGpI.s:757    .text.HAL_TIMEx_HallSensor_Start:000000bc $d
C:\Users\10369\AppData\Local\Temp\ccUaxGpI.s:762    .text.HAL_TIMEx_HallSensor_Stop:00000000 $t
C:\Users\10369\AppData\Local\Temp\ccUaxGpI.s:768    .text.HAL_TIMEx_HallSensor_Stop:00000000 HAL_TIMEx_HallSensor_Stop
C:\Users\10369\AppData\Local\Temp\ccUaxGpI.s:827    .text.HAL_TIMEx_HallSensor_Start_IT:00000000 $t
C:\Users\10369\AppData\Local\Temp\ccUaxGpI.s:833    .text.HAL_TIMEx_HallSensor_Start_IT:00000000 HAL_TIMEx_HallSensor_Start_IT
C:\Users\10369\AppData\Local\Temp\ccUaxGpI.s:998    .text.HAL_TIMEx_HallSensor_Start_IT:000000c8 $d
C:\Users\10369\AppData\Local\Temp\ccUaxGpI.s:1003   .text.HAL_TIMEx_HallSensor_Stop_IT:00000000 $t
C:\Users\10369\AppData\Local\Temp\ccUaxGpI.s:1009   .text.HAL_TIMEx_HallSensor_Stop_IT:00000000 HAL_TIMEx_HallSensor_Stop_IT
C:\Users\10369\AppData\Local\Temp\ccUaxGpI.s:1073   .text.HAL_TIMEx_HallSensor_Start_DMA:00000000 $t
C:\Users\10369\AppData\Local\Temp\ccUaxGpI.s:1079   .text.HAL_TIMEx_HallSensor_Start_DMA:00000000 HAL_TIMEx_HallSensor_Start_DMA
C:\Users\10369\AppData\Local\Temp\ccUaxGpI.s:1278   .text.HAL_TIMEx_HallSensor_Start_DMA:000000e0 $d
C:\Users\10369\AppData\Local\Temp\ccUaxGpI.s:1286   .text.HAL_TIMEx_HallSensor_Stop_DMA:00000000 $t
C:\Users\10369\AppData\Local\Temp\ccUaxGpI.s:1292   .text.HAL_TIMEx_HallSensor_Stop_DMA:00000000 HAL_TIMEx_HallSensor_Stop_DMA
C:\Users\10369\AppData\Local\Temp\ccUaxGpI.s:1357   .text.HAL_TIMEx_OCN_Start:00000000 $t
C:\Users\10369\AppData\Local\Temp\ccUaxGpI.s:1363   .text.HAL_TIMEx_OCN_Start:00000000 HAL_TIMEx_OCN_Start
C:\Users\10369\AppData\Local\Temp\ccUaxGpI.s:1550   .text.HAL_TIMEx_OCN_Start:000000ec $d
C:\Users\10369\AppData\Local\Temp\ccUaxGpI.s:1555   .text.HAL_TIMEx_OCN_Stop:00000000 $t
C:\Users\10369\AppData\Local\Temp\ccUaxGpI.s:1561   .text.HAL_TIMEx_OCN_Stop:00000000 HAL_TIMEx_OCN_Stop
C:\Users\10369\AppData\Local\Temp\ccUaxGpI.s:1658   .text.HAL_TIMEx_OCN_Start_IT:00000000 $t
C:\Users\10369\AppData\Local\Temp\ccUaxGpI.s:1664   .text.HAL_TIMEx_OCN_Start_IT:00000000 HAL_TIMEx_OCN_Start_IT
C:\Users\10369\AppData\Local\Temp\ccUaxGpI.s:1894   .text.HAL_TIMEx_OCN_Start_IT:00000120 $d
C:\Users\10369\AppData\Local\Temp\ccUaxGpI.s:1899   .text.HAL_TIMEx_OCN_Stop_IT:00000000 $t
C:\Users\10369\AppData\Local\Temp\ccUaxGpI.s:1905   .text.HAL_TIMEx_OCN_Stop_IT:00000000 HAL_TIMEx_OCN_Stop_IT
C:\Users\10369\AppData\Local\Temp\ccUaxGpI.s:2071   .text.HAL_TIMEx_OCN_Start_DMA:00000000 $t
C:\Users\10369\AppData\Local\Temp\ccUaxGpI.s:2077   .text.HAL_TIMEx_OCN_Start_DMA:00000000 HAL_TIMEx_OCN_Start_DMA
C:\Users\10369\AppData\Local\Temp\ccUaxGpI.s:2486   .text.HAL_TIMEx_OCN_Start_DMA:00000204 $d
C:\Users\10369\AppData\Local\Temp\ccUaxGpI.s:2494   .text.HAL_TIMEx_OCN_Stop_DMA:00000000 $t
C:\Users\10369\AppData\Local\Temp\ccUaxGpI.s:2500   .text.HAL_TIMEx_OCN_Stop_DMA:00000000 HAL_TIMEx_OCN_Stop_DMA
C:\Users\10369\AppData\Local\Temp\ccUaxGpI.s:2664   .text.HAL_TIMEx_PWMN_Start:00000000 $t
C:\Users\10369\AppData\Local\Temp\ccUaxGpI.s:2670   .text.HAL_TIMEx_PWMN_Start:00000000 HAL_TIMEx_PWMN_Start
C:\Users\10369\AppData\Local\Temp\ccUaxGpI.s:2857   .text.HAL_TIMEx_PWMN_Start:000000ec $d
C:\Users\10369\AppData\Local\Temp\ccUaxGpI.s:2862   .text.HAL_TIMEx_PWMN_Stop:00000000 $t
C:\Users\10369\AppData\Local\Temp\ccUaxGpI.s:2868   .text.HAL_TIMEx_PWMN_Stop:00000000 HAL_TIMEx_PWMN_Stop
C:\Users\10369\AppData\Local\Temp\ccUaxGpI.s:2965   .text.HAL_TIMEx_PWMN_Start_IT:00000000 $t
C:\Users\10369\AppData\Local\Temp\ccUaxGpI.s:2971   .text.HAL_TIMEx_PWMN_Start_IT:00000000 HAL_TIMEx_PWMN_Start_IT
C:\Users\10369\AppData\Local\Temp\ccUaxGpI.s:3201   .text.HAL_TIMEx_PWMN_Start_IT:00000120 $d
C:\Users\10369\AppData\Local\Temp\ccUaxGpI.s:3206   .text.HAL_TIMEx_PWMN_Stop_IT:00000000 $t
C:\Users\10369\AppData\Local\Temp\ccUaxGpI.s:3212   .text.HAL_TIMEx_PWMN_Stop_IT:00000000 HAL_TIMEx_PWMN_Stop_IT
C:\Users\10369\AppData\Local\Temp\ccUaxGpI.s:3378   .text.HAL_TIMEx_PWMN_Start_DMA:00000000 $t
ARM GAS  C:\Users\10369\AppData\Local\Temp\ccUaxGpI.s 			page 165


C:\Users\10369\AppData\Local\Temp\ccUaxGpI.s:3384   .text.HAL_TIMEx_PWMN_Start_DMA:00000000 HAL_TIMEx_PWMN_Start_DMA
C:\Users\10369\AppData\Local\Temp\ccUaxGpI.s:3793   .text.HAL_TIMEx_PWMN_Start_DMA:00000204 $d
C:\Users\10369\AppData\Local\Temp\ccUaxGpI.s:3801   .text.HAL_TIMEx_PWMN_Stop_DMA:00000000 $t
C:\Users\10369\AppData\Local\Temp\ccUaxGpI.s:3807   .text.HAL_TIMEx_PWMN_Stop_DMA:00000000 HAL_TIMEx_PWMN_Stop_DMA
C:\Users\10369\AppData\Local\Temp\ccUaxGpI.s:3971   .text.HAL_TIMEx_OnePulseN_Start:00000000 $t
C:\Users\10369\AppData\Local\Temp\ccUaxGpI.s:3977   .text.HAL_TIMEx_OnePulseN_Start:00000000 HAL_TIMEx_OnePulseN_Start
C:\Users\10369\AppData\Local\Temp\ccUaxGpI.s:4104   .text.HAL_TIMEx_OnePulseN_Stop:00000000 $t
C:\Users\10369\AppData\Local\Temp\ccUaxGpI.s:4110   .text.HAL_TIMEx_OnePulseN_Stop:00000000 HAL_TIMEx_OnePulseN_Stop
C:\Users\10369\AppData\Local\Temp\ccUaxGpI.s:4206   .text.HAL_TIMEx_OnePulseN_Start_IT:00000000 $t
C:\Users\10369\AppData\Local\Temp\ccUaxGpI.s:4212   .text.HAL_TIMEx_OnePulseN_Start_IT:00000000 HAL_TIMEx_OnePulseN_Start_IT
C:\Users\10369\AppData\Local\Temp\ccUaxGpI.s:4349   .text.HAL_TIMEx_OnePulseN_Stop_IT:00000000 $t
C:\Users\10369\AppData\Local\Temp\ccUaxGpI.s:4355   .text.HAL_TIMEx_OnePulseN_Stop_IT:00000000 HAL_TIMEx_OnePulseN_Stop_IT
C:\Users\10369\AppData\Local\Temp\ccUaxGpI.s:4461   .text.HAL_TIMEx_ConfigCommutEvent:00000000 $t
C:\Users\10369\AppData\Local\Temp\ccUaxGpI.s:4467   .text.HAL_TIMEx_ConfigCommutEvent:00000000 HAL_TIMEx_ConfigCommutEvent
C:\Users\10369\AppData\Local\Temp\ccUaxGpI.s:4591   .text.HAL_TIMEx_ConfigCommutEvent_IT:00000000 $t
C:\Users\10369\AppData\Local\Temp\ccUaxGpI.s:4597   .text.HAL_TIMEx_ConfigCommutEvent_IT:00000000 HAL_TIMEx_ConfigCommutEvent_IT
C:\Users\10369\AppData\Local\Temp\ccUaxGpI.s:4721   .text.HAL_TIMEx_ConfigCommutEvent_DMA:00000000 $t
C:\Users\10369\AppData\Local\Temp\ccUaxGpI.s:4727   .text.HAL_TIMEx_ConfigCommutEvent_DMA:00000000 HAL_TIMEx_ConfigCommutEvent_DMA
C:\Users\10369\AppData\Local\Temp\ccUaxGpI.s:4868   .text.HAL_TIMEx_ConfigCommutEvent_DMA:00000088 $d
C:\Users\10369\AppData\Local\Temp\ccUaxGpI.s:5212   .text.TIMEx_DMACommutationCplt:00000000 TIMEx_DMACommutationCplt
C:\Users\10369\AppData\Local\Temp\ccUaxGpI.s:5269   .text.TIMEx_DMACommutationHalfCplt:00000000 TIMEx_DMACommutationHalfCplt
C:\Users\10369\AppData\Local\Temp\ccUaxGpI.s:4875   .text.HAL_TIMEx_MasterConfigSynchronization:00000000 $t
C:\Users\10369\AppData\Local\Temp\ccUaxGpI.s:4881   .text.HAL_TIMEx_MasterConfigSynchronization:00000000 HAL_TIMEx_MasterConfigSynchronization
C:\Users\10369\AppData\Local\Temp\ccUaxGpI.s:5015   .text.HAL_TIMEx_MasterConfigSynchronization:00000088 $d
C:\Users\10369\AppData\Local\Temp\ccUaxGpI.s:5020   .text.HAL_TIMEx_ConfigBreakDeadTime:00000000 $t
C:\Users\10369\AppData\Local\Temp\ccUaxGpI.s:5026   .text.HAL_TIMEx_ConfigBreakDeadTime:00000000 HAL_TIMEx_ConfigBreakDeadTime
C:\Users\10369\AppData\Local\Temp\ccUaxGpI.s:5136   .text.HAL_TIMEx_RemapConfig:00000000 $t
C:\Users\10369\AppData\Local\Temp\ccUaxGpI.s:5142   .text.HAL_TIMEx_RemapConfig:00000000 HAL_TIMEx_RemapConfig
C:\Users\10369\AppData\Local\Temp\ccUaxGpI.s:5185   .text.HAL_TIMEx_CommutCallback:00000000 $t
C:\Users\10369\AppData\Local\Temp\ccUaxGpI.s:5191   .text.HAL_TIMEx_CommutCallback:00000000 HAL_TIMEx_CommutCallback
C:\Users\10369\AppData\Local\Temp\ccUaxGpI.s:5206   .text.TIMEx_DMACommutationCplt:00000000 $t
C:\Users\10369\AppData\Local\Temp\ccUaxGpI.s:5242   .text.HAL_TIMEx_CommutHalfCpltCallback:00000000 $t
C:\Users\10369\AppData\Local\Temp\ccUaxGpI.s:5248   .text.HAL_TIMEx_CommutHalfCpltCallback:00000000 HAL_TIMEx_CommutHalfCpltCallback
C:\Users\10369\AppData\Local\Temp\ccUaxGpI.s:5263   .text.TIMEx_DMACommutationHalfCplt:00000000 $t
C:\Users\10369\AppData\Local\Temp\ccUaxGpI.s:5299   .text.HAL_TIMEx_BreakCallback:00000000 $t
C:\Users\10369\AppData\Local\Temp\ccUaxGpI.s:5305   .text.HAL_TIMEx_BreakCallback:00000000 HAL_TIMEx_BreakCallback
C:\Users\10369\AppData\Local\Temp\ccUaxGpI.s:5320   .text.HAL_TIMEx_HallSensor_GetState:00000000 $t
C:\Users\10369\AppData\Local\Temp\ccUaxGpI.s:5326   .text.HAL_TIMEx_HallSensor_GetState:00000000 HAL_TIMEx_HallSensor_GetState
C:\Users\10369\AppData\Local\Temp\ccUaxGpI.s:5344   .text.HAL_TIMEx_GetChannelNState:00000000 $t
C:\Users\10369\AppData\Local\Temp\ccUaxGpI.s:5350   .text.HAL_TIMEx_GetChannelNState:00000000 HAL_TIMEx_GetChannelNState

UNDEFINED SYMBOLS
HAL_TIM_ErrorCallback
HAL_TIM_PWM_PulseFinishedCallback
TIM_Base_SetConfig
TIM_TI1_SetConfig
TIM_OC2_SetConfig
TIM_CCxChannelCmd
HAL_DMA_Start_IT
TIM_DMACaptureCplt
TIM_DMACaptureHalfCplt
TIM_DMAError
HAL_DMA_Abort_IT
TIM_DMADelayPulseHalfCplt
